{"Image number":39659,"Image shape":7,"Path":"[9.737104, 12.253302, 0.0], [10.489029, 12.019265, 52.0], [11.511757, 11.739303, 68.0], [12.924172, 11.362425, 85.0], [14.271535, 10.801712, 101.0], [15.682063, 10.237322, 118.0], [16.874731, 9.778722, 134.0], [17.896772, 9.266251, 151.0], [18.64606, 8.9859, 167.0], [19.104803, 8.802013, 184.0], [19.19419, 9.320547, 217.0], [18.863464, 10.263136, 234.0], [18.350468, 11.615395, 250.0], [17.554295, 13.299659, 267.0], [16.767813, 15.060044, 283.0], [15.873865, 16.706253, 300.0], [15.0467615, 18.130135, 316.0], [13.318745, 20.652931, 349.0], [12.575793, 21.909348, 366.0], [11.874495, 22.984917, 382.0], [11.318319, 24.006987, 399.0], [10.89884, 24.753086, 415.0], [10.557545, 25.387592, 432.0], [10.477602, 25.69744, 449.0]"}