{"Image number":38745,"Image shape":8,"Path":"[15.980032, 4.5141926, 0.0], [15.560732, 4.6074347, 52.0], [14.80476, 4.796558, 69.0], [13.779406, 5.17087, 86.0], [12.856262, 5.494043, 102.0], [12.063995, 6.0077267, 119.0], [10.99078, 6.943663, 152.0], [10.760667, 7.454398, 168.0], [11.182046, 8.8514185, 201.0], [11.838518, 9.554537, 218.0], [12.62648, 10.34269, 234.0], [13.651598, 11.181847, 251.0], [14.683769, 12.026934, 268.0], [15.703664, 12.815201, 284.0], [16.40617, 13.613068, 301.0], [16.9133, 14.400169, 317.0], [17.285837, 15.802633, 350.0], [17.284527, 16.546253, 367.0], [17.237886, 17.289188, 383.0], [17.048779, 18.092857, 400.0], [16.725168, 18.78088, 417.0], [15.458238, 20.28146, 449.0], [14.672245, 21.021181, 466.0], [13.642907, 21.581718, 483.0], [12.564711, 22.238949, 499.0], [11.407574, 22.65224, 516.0], [10.090973, 22.933582, 532.0], [8.973985, 22.9769, 549.0], [7.996015, 22.88127, 565.0], [7.5938087, 22.416487, 582.0], [7.2199593, 21.66809, 598.0], [7.36279, 20.726837, 615.0], [8.341976, 18.916208, 648.0], [9.093408, 17.929853, 664.0], [9.983904, 16.852009, 682.0], [11.983969, 14.853487, 714.0], [13.045219, 13.97804, 731.0], [14.082722, 13.175796, 748.0], [15.102195, 12.528343, 764.0], [16.169155, 12.112354, 780.0], [17.102894, 11.644862, 797.0], [17.943798, 11.365155, 813.0], [18.730568, 10.9936905, 830.0], [19.434242, 10.570966, 847.0], [20.360086, 9.688374, 880.0], [20.59304, 9.315057, 896.0], [20.780191, 8.84623, 913.0], [20.825823, 8.472734, 929.0], [20.825008, 7.729087, 962.0], [20.684456, 7.496162, 979.0], [20.265398, 7.2643805, 995.0], [19.608969, 6.8890057, 1012.0], [18.585554, 6.5176406, 1029.0], [17.41362, 6.2836595, 1045.0], [16.288416, 6.1437135, 1062.0], [15.123706, 6.098602, 1078.0]"}