{"Image number":30620,"Image shape":9,"Path":"[16.970875, 10.909259, 0.0], [17.058582, 10.74378, 54.0], [17.356613, 10.331608, 89.0], [17.461842, 10.096061, 107.0], [17.514563, 9.781509, 142.0], [17.490204, 9.568286, 160.0], [17.36784, 9.402395, 178.0], [17.23943, 9.154045, 196.0], [17.03189, 8.871953, 213.0], [16.845737, 8.685685, 231.0], [16.732115, 8.491402, 249.0], [16.601004, 8.333473, 267.0], [16.296606, 8.102058, 302.0], [15.930921, 7.93297, 320.0], [15.539655, 7.7451262, 338.0], [15.14858, 7.5554557, 355.0], [14.899014, 7.392065, 373.0], [14.63792, 7.2752724, 391.0], [14.329532, 7.2098136, 409.0], [13.89002, 7.1788406, 426.0], [13.376909, 7.278631, 444.0], [12.952108, 7.3923445, 462.0], [12.595895, 7.5620756, 480.0], [12.335699, 7.6520557, 497.0], [12.1208935, 7.8350434, 515.0], [11.963323, 7.9538503, 533.0], [11.719912, 8.211305, 551.0], [11.446907, 8.572432, 568.0], [11.10569, 9.0456, 587.0], [10.806881, 9.474766, 604.0], [10.546303, 9.918648, 622.0], [10.287164, 10.372415, 640.0], [10.1580925, 10.737221, 657.0], [10.027291, 11.118776, 675.0], [9.897333, 11.547745, 693.0], [9.834644, 11.86314, 711.0], [9.825243, 12.086913, 728.0], [9.825243, 12.363211, 746.0], [9.8640785, 12.627475, 764.0], [10.035269, 12.943387, 782.0], [10.278487, 13.234505, 799.0], [10.540043, 13.52856, 817.0], [10.741256, 13.809873, 835.0], [10.937076, 14.089424, 853.0], [11.20469, 14.387904, 870.0], [11.465383, 14.687614, 888.0], [11.822745, 14.948883, 906.0], [12.213709, 15.060685, 924.0], [12.566875, 15.144839, 941.0], [12.959432, 15.144839, 959.0], [13.653326, 15.0312805, 977.0], [14.233702, 14.899892, 995.0], [14.784195, 14.6131315, 1012.0], [15.26686, 14.246367, 1030.0], [15.695309, 13.790753, 1048.0], [16.085907, 13.387965, 1066.0], [16.437412, 13.034199, 1084.0], [16.662512, 12.757652, 1101.0], [16.922207, 12.47344, 1119.0], [17.137405, 12.176661, 1137.0], [17.302382, 11.877899, 1155.0], [17.432564, 11.561256, 1172.0], [17.480759, 11.272684, 1190.0], [17.475729, 11.009786, 1208.0], [17.475729, 10.662336, 1243.0], [17.475729, 10.49952, 1261.0], [17.436893, 10.278934, 1297.0], [17.398058, 10.775644, 1439.0], [17.346771, 11.280932, 1457.0], [17.24205, 11.926266, 1474.0], [17.072311, 12.53898, 1492.0], [16.941278, 13.140877, 1510.0], [16.810745, 13.886464, 1528.0], [16.681744, 14.531861, 1545.0], [16.549896, 15.136323, 1563.0], [16.461979, 15.72525, 1581.0], [16.397003, 16.241312, 1599.0], [16.332018, 16.761536, 1616.0], [16.31068, 17.369734, 1634.0], [16.239843, 17.958843, 1652.0], [16.23301, 18.365923, 1670.0], [16.194174, 18.847826, 1687.0], [16.15534, 19.418083, 1705.0], [16.134253, 19.895607, 1723.0], [16.116505, 20.337994, 1741.0], [16.081114, 20.79407, 1758.0], [16.077671, 21.124577, 1776.0], [16.077671, 21.60092, 1794.0], [16.038836, 22.080215, 1812.0], [16.038836, 22.63971, 1829.0], [16.038836, 23.113024, 1847.0], [16.038836, 23.45661, 1865.0], [16.038836, 23.749142, 1883.0], [16.038836, 24.023052, 1900.0], [16.038836, 24.311094, 1936.0], [15.997237, 24.554134, 1972.0]"}