{"Image number":37455,"Image shape":1,"Path":"[17.61065, 7.544566, 0.0], [17.281242, 8.296136, 68.0], [16.815414, 9.135486, 85.0], [16.162426, 10.06777, 102.0], [15.505072, 11.0075, 118.0], [14.812365, 12.071335, 135.0], [14.112137, 13.239573, 151.0], [13.407869, 14.603253, 168.0], [12.763776, 15.986456, 184.0], [12.156623, 17.43567, 201.0], [11.643778, 18.789433, 217.0], [11.227634, 20.039986, 234.0], [10.85257, 21.165956, 250.0], [10.571609, 22.151335, 267.0], [10.434537, 22.937498, 284.0], [10.340698, 23.644348, 300.0]"}