{"Image number":39431,"Image shape":6,"Path":"[20.079865, 4.0479803, 0.0], [19.371506, 4.567413, 53.0], [18.3041, 5.3104978, 69.0], [16.858612, 6.3839483, 86.0], [15.398768, 7.704492, 102.0], [13.804771, 9.206602, 119.0], [12.081053, 10.885913, 135.0], [10.268123, 12.606279, 152.0], [8.923391, 14.048119, 168.0], [7.7600355, 15.305647, 185.0], [7.167512, 16.227177, 201.0], [6.704496, 16.921902, 218.0], [8.758736, 20.551865, 0.0], [9.084858, 20.598486, 38.0], [9.653758, 20.788248, 54.0], [10.716555, 20.924974, 71.0], [11.84988, 21.066732, 87.0], [13.04928, 20.92433, 104.0], [15.474684, 19.942352, 137.0], [16.744263, 19.09406, 154.0], [17.901337, 18.165257, 170.0], [18.878174, 17.279673, 187.0], [19.66776, 16.629757, 203.0], [20.22502, 16.117916, 220.0], [20.643703, 15.839947, 236.0], [20.87486, 15.559822, 253.0], [20.965057, 15.329466, 286.0], [20.730238, 15.09594, 352.0], [20.120932, 15.050144, 369.0], [19.463793, 15.05057, 385.0], [18.537046, 15.14435, 402.0], [17.702053, 15.330691, 418.0], [16.723433, 15.657319, 435.0], [15.878376, 16.033384, 451.0], [14.992528, 16.40643, 468.0], [14.298542, 16.824745, 484.0], [13.507169, 17.196861, 504.0], [12.856345, 17.522604, 518.0], [21.38436, 3.441906, 0.0], [20.63271, 3.9119508, 65.0], [19.701433, 4.5648212, 81.0], [18.534164, 5.4529004, 98.0], [17.418789, 6.383625, 114.0], [16.20071, 7.462185, 131.0], [15.03459, 8.630525, 147.0], [13.878056, 9.787856, 164.0], [12.800432, 10.960468, 180.0], [11.774224, 12.175194, 197.0], [10.986011, 13.385977, 213.0], [10.240289, 14.505068, 230.0], [9.682212, 15.579329, 247.0], [9.174972, 16.548302, 263.0], [8.801748, 17.342607, 280.0], [8.711, 18.042917, 296.0], [8.853121, 18.692657, 313.0], [9.228212, 19.345997, 329.0], [9.841938, 20.052488, 346.0], [10.624604, 20.646873, 362.0], [11.474132, 21.21339, 379.0], [13.619907, 21.578976, 412.0], [14.722226, 21.484278, 429.0], [15.850018, 21.061035, 449.0], [16.824709, 20.361038, 462.0], [17.755684, 19.380798, 478.0], [18.456963, 18.34935, 495.0], [19.015749, 17.368614, 511.0], [19.430904, 16.582859, 528.0], [19.84847, 15.6535425, 561.0], [19.612919, 15.470159, 611.0], [19.281939, 15.517627, 627.0], [18.725842, 15.657379, 644.0], [18.0171, 16.08395, 664.0], [17.139448, 16.685944, 677.0], [16.343357, 17.389915, 693.0], [15.552958, 17.993649, 710.0], [14.807762, 18.458632, 727.0], [14.114132, 18.921684, 743.0], [13.361559, 19.39227, 759.0], [12.666561, 19.903313, 776.0], [11.969386, 20.508703, 793.0], [11.406503, 21.025236, 809.0], [10.846593, 21.34947, 826.0], [10.429754, 21.628277, 842.0], [10.24662, 21.908325, 859.0], [10.249584, 22.151016, 875.0]"}