{"Image number":39150,"Image shape":7,"Path":"[8.292845, 12.439786, 0.0], [8.292845, 12.066816, 37.0], [8.292845, 11.307074, 53.0], [8.292845, 10.322653, 70.0], [8.34017, 9.678831, 87.0], [8.339434, 9.455423, 120.0], [8.573454, 9.409197, 136.0], [9.043751, 9.362242, 153.0], [9.7401, 9.36279, 169.0], [10.676493, 9.36279, 186.0], [13.052553, 9.596713, 219.0], [14.456906, 9.878487, 236.0], [15.892717, 10.109674, 252.0], [17.287474, 10.295606, 269.0], [18.544321, 10.435288, 285.0], [19.522549, 10.5751915, 302.0], [20.126894, 10.7615595, 318.0], [20.40764, 10.808321, 335.0], [20.499168, 11.042057, 368.0], [20.452044, 11.418392, 384.0], [20.123993, 12.071744, 401.0], [19.608027, 13.104388, 417.0], [19.049812, 14.503863, 434.0], [18.678116, 16.140713, 451.0], [18.397884, 17.877312, 467.0], [18.261354, 19.59183, 484.0], [18.21566, 21.179886, 500.0], [18.216305, 22.69909, 517.0], [18.216305, 24.19849, 533.0], [18.262989, 25.542994, 550.0], [18.31035, 26.585083, 566.0], [18.356764, 27.322994, 583.0], [18.208132, 27.756054, 599.0], [18.018913, 28.027807, 616.0]"}