{"Image number":35422,"Image shape":3,"Path":"[10.249584, 6.3324165, 0.0], [10.8605585, 6.1920204, 52.0], [11.746526, 6.098669, 68.0], [12.914809, 6.146318, 85.0], [13.981572, 6.2864304, 101.0], [15.107359, 6.66294, 118.0], [16.033072, 7.22209, 134.0], [16.874023, 7.971985, 151.0], [17.287016, 8.761423, 167.0], [17.426079, 9.701059, 184.0], [17.189568, 10.816598, 201.0], [16.436808, 12.035019, 217.0], [15.368781, 13.09808, 234.0], [14.061292, 13.890262, 250.0], [12.855511, 14.445907, 267.0], [11.319811, 14.864416, 300.0], [11.652637, 14.770303, 333.0], [13.749053, 14.443905, 366.0], [16.5565, 14.445618, 399.0], [17.847767, 14.771885, 416.0], [18.963701, 15.331284, 432.0], [19.857327, 16.085005, 449.0], [20.453514, 16.776628, 465.0], [20.73489, 17.48182, 482.0], [20.732111, 18.082895, 498.0], [20.358467, 18.78201, 515.0], [19.561447, 19.531792, 531.0], [18.296305, 20.374172, 548.0], [16.76336, 21.162416, 564.0], [14.946205, 21.579576, 581.0], [13.172327, 21.765314, 598.0], [11.450486, 21.576403, 614.0], [10.150287, 20.968613, 631.0], [9.127352, 19.794579, 647.0], [8.737097, 18.872004, 664.0]"}