{"Image number":36435,"Image shape":4,"Path":"[12.998336, 7.8709145, 0.0], [12.436403, 8.6679325, 53.0], [11.783895, 9.881433, 69.0], [10.056569, 13.105415, 102.0], [9.36264, 14.447884, 119.0], [9.084372, 15.425241, 135.0], [8.991357, 16.12529, 152.0], [9.1325865, 16.45186, 169.0], [9.552298, 16.589584, 185.0], [10.254457, 16.495174, 202.0], [11.378846, 16.213314, 218.0], [12.497665, 15.697847, 235.0], [13.759656, 14.806271, 251.0], [15.009426, 13.691651, 268.0], [16.215088, 12.484296, 284.0], [17.29721, 11.448599, 301.0], [17.991278, 10.753502, 317.0], [18.406502, 10.4791355, 334.0], [18.448872, 10.764076, 384.0], [18.119644, 11.515332, 400.0], [17.558493, 12.684498, 417.0], [16.85664, 14.135898, 433.0], [16.059254, 15.873528, 450.0], [15.371101, 17.623035, 466.0], [14.665436, 19.459246, 483.0], [14.109328, 21.227198, 499.0], [13.641211, 22.774006, 516.0], [13.403481, 24.226685, 532.0], [13.319099, 25.02914, 549.0]"}