{"Image number":36102,"Image shape":9,"Path":"[11.274542, 8.849957, 0.0], [11.181364, 9.222927, 36.0], [10.758717, 10.444752, 53.0], [10.292822, 12.125514, 69.0], [10.108325, 13.946221, 86.0], [10.48527, 15.152725, 102.0], [11.185854, 15.847622, 119.0], [12.078677, 16.079426, 135.0], [13.195705, 15.887912, 152.0], [14.272339, 15.4165325, 168.0], [15.288025, 14.484902, 185.0], [16.032017, 13.176275, 201.0], [16.594017, 11.387737, 218.0], [16.821999, 9.475048, 234.0], [16.865387, 7.771689, 251.0], [16.631042, 6.7934337, 267.0], [16.116022, 6.422909, 284.0], [15.556765, 6.6134663, 301.0], [15.092655, 7.174221, 317.0], [14.907566, 8.202321, 334.0], [15.3752, 10.904037, 367.0], [16.036493, 12.463071, 383.0], [16.962294, 14.07834, 400.0], [17.661797, 15.854687, 416.0], [18.21865, 17.622168, 433.0], [18.45169, 19.404882, 449.0], [18.543894, 20.996384, 466.0], [18.589447, 22.571182, 483.0], [18.636147, 24.11291, 499.0], [18.684654, 25.665697, 516.0], [18.731157, 26.517868, 532.0]"}