{"Image number":37227,"Image shape":4,"Path":"[10.296173, 8.989822, 0.0], [10.202994, 9.31617, 53.0], [9.871948, 10.073368, 70.0], [9.402169, 11.154676, 86.0], [8.891067, 12.269535, 103.0], [8.566575, 13.297218, 120.0], [8.478047, 14.31733, 136.0], [8.432063, 15.200887, 153.0], [8.432612, 15.9952755, 169.0], [8.432612, 16.684053, 186.0], [8.622304, 17.109411, 202.0], [9.138951, 17.385723, 219.0], [9.742925, 17.475767, 235.0], [10.587779, 17.616747, 252.0], [11.281461, 17.708899, 268.0], [12.219215, 17.75524, 285.0], [13.00569, 17.754595, 301.0], [13.752391, 17.565952, 318.0], [14.691153, 17.378502, 335.0], [15.428099, 17.09922, 351.0], [16.41281, 16.676529, 368.0], [17.105597, 16.164024, 384.0], [18.0384, 15.463817, 401.0], [18.689983, 14.715313, 417.0], [19.389093, 13.686725, 434.0], [20.086866, 12.615526, 450.0], [20.74046, 11.729131, 467.0], [21.250164, 10.797906, 483.0], [21.47989, 9.913293, 500.0], [21.664148, 9.128597, 517.0], [21.897211, 8.522638, 533.0], [22.085062, 8.193992, 550.0], [21.800945, 8.575665, 616.0], [21.522715, 9.085652, 632.0], [21.051245, 9.840195, 649.0], [20.401003, 10.580645, 665.0], [19.648363, 11.522623, 682.0], [18.902664, 12.597596, 699.0], [18.256027, 13.663226, 715.0], [17.269506, 14.835356, 732.0], [16.625587, 16.042046, 748.0], [15.590427, 17.309135, 765.0], [14.807459, 18.465464, 781.0], [13.82032, 19.449587, 798.0], [13.028327, 20.384918, 814.0], [12.387385, 21.39937, 831.0], [11.73164, 22.430534, 847.0], [11.1258745, 23.410143, 864.0], [10.571983, 24.193592, 881.0], [10.340702, 24.940845, 897.0], [10.248198, 25.596659, 914.0]"}