{"Image number":36209,"Image shape":2,"Path":"[12.811979, 6.518901, 0.0], [13.514322, 6.2849855, 52.0], [14.501794, 6.1913514, 68.0], [15.666989, 6.428276, 85.0], [16.639374, 6.9891677, 101.0], [17.524958, 7.8313894, 118.0], [18.22776, 8.772, 135.0], [18.543364, 9.832073, 151.0], [18.636135, 11.094904, 168.0], [18.259104, 12.500634, 184.0], [17.610111, 13.979512, 201.0], [16.435255, 15.483824, 217.0], [14.990494, 16.832626, 234.0], [11.693441, 18.920343, 267.0], [8.896211, 20.086475, 300.0], [8.007401, 20.367249, 317.0], [7.54639, 20.458828, 333.0], [7.7356944, 20.317608, 366.0], [8.3401575, 19.945343, 383.0], [9.458828, 19.479052, 399.0], [10.76213, 19.013342, 416.0], [12.114239, 18.686752, 432.0], [13.464731, 18.407185, 449.0], [14.908814, 18.360659, 465.0], [16.46627, 18.36067, 482.0], [17.760601, 18.595596, 498.0], [18.91768, 18.920835, 515.0], [19.863222, 19.441927, 532.0], [20.65487, 20.098785, 549.0], [21.17923, 20.921234, 565.0], [21.445704, 21.418114, 581.0]"}