{"Image number":10723,"Image shape":2,"Path":"[10.344444, 9.333334, 0.0], [10.657353, 9.421282, 66.0], [11.028177, 9.411111, 83.0], [11.405245, 9.370679, 100.0], [11.893851, 9.205753, 117.0], [12.709927, 8.526793, 133.0], [13.809866, 7.505154, 150.0], [15.066351, 6.3005333, 167.0], [15.914078, 5.725724, 183.0], [16.527779, 5.288889, 193.0], [17.226934, 4.8933125, 217.0], [17.791424, 4.618178, 233.0], [18.224947, 4.4768696, 250.0], [18.55426, 4.3678083, 267.0], [18.8795, 4.3136024, 283.0], [19.152779, 4.3166666, 300.0], [19.355389, 4.3517957, 317.0], [19.518335, 4.4566684, 334.0], [19.6649, 4.6537876, 350.0], [20.082321, 5.2015133, 384.0], [20.29492, 5.506152, 400.0], [20.516403, 5.7386274, 417.0], [20.669445, 5.9500003, 434.0], [20.739014, 6.267171, 467.0], [20.742197, 6.622477, 484.0], [20.654205, 7.208102, 500.0], [20.494232, 7.9083276, 517.0], [20.07458, 9.075455, 534.0], [19.17947, 11.093153, 551.0], [17.618177, 13.903372, 567.0], [15.516021, 16.43193, 584.0], [14.101362, 17.969194, 601.0], [13.066475, 18.705683, 617.0], [11.814347, 19.465242, 634.0], [10.553662, 20.231829, 651.0], [9.532208, 20.80223, 667.0], [8.790459, 21.503986, 684.0], [8.341667, 22.244444, 701.0], [7.9457984, 22.882704, 718.0], [7.7063236, 23.132565, 734.0], [7.4639883, 23.640953, 751.0], [7.272064, 23.955818, 768.0], [7.0560513, 24.225769, 784.0], [6.8424516, 24.364885, 801.0], [6.621976, 24.42923, 818.0], [6.192182, 24.422222, 835.0], [5.865057, 24.389679, 851.0], [5.074161, 24.146093, 868.0], [4.7910905, 24.037212, 885.0], [4.473062, 23.8007, 901.0], [4.2573037, 23.531353, 918.0], [4.13709, 22.994762, 935.0], [4.2632036, 22.34163, 951.0], [4.5305557, 21.855555, 968.0], [5.153075, 20.962475, 985.0], [5.9458847, 20.197544, 1001.0], [6.975437, 19.568787, 1019.0], [8.248543, 18.958075, 1035.0], [9.810335, 18.258392, 1051.0], [11.187326, 17.838501, 1068.0], [12.279508, 17.632475, 1085.0], [12.917794, 17.655556, 1102.0], [13.523127, 18.306461, 1118.0], [14.045023, 18.970198, 1135.0], [14.402139, 19.431822, 1151.0], [14.836124, 19.933346, 1168.0], [15.498898, 20.53649, 1185.0], [16.21662, 20.961086, 1202.0], [17.238861, 21.257568, 1218.0], [18.783333, 21.35, 1235.0], [21.797398, 20.733881, 1252.0], [23.98303, 19.67765, 1268.0]"}