{"Image number":35439,"Image shape":6,"Path":"[17.09817, 4.654056, 0.0], [16.111221, 5.5479355, 52.0], [14.754879, 6.811522, 69.0], [12.984378, 8.584198, 85.0], [9.875578, 12.581486, 118.0], [8.801994, 14.684119, 135.0], [8.106003, 18.229317, 168.0], [8.57773, 19.588346, 185.0], [9.599887, 20.41409, 201.0], [11.097355, 20.88108, 218.0], [12.877478, 20.925331, 234.0], [14.724723, 20.551346, 251.0], [18.13253, 18.633755, 284.0], [19.434898, 17.421486, 300.0], [20.18283, 16.15295, 317.0], [20.452385, 13.927423, 350.0], [19.891335, 13.370031, 367.0], [18.763514, 13.183744, 383.0], [17.079031, 13.515797, 400.0], [15.22661, 14.261211, 416.0], [13.503049, 15.428789, 433.0], [12.102366, 16.738995, 449.0], [11.228392, 18.15535, 466.0], [10.883364, 18.9617, 482.0]"}