{"Image number":10009,"Image shape":2,"Path":"[12.366667, 7.116667, 0.0], [12.366667, 6.912245, 31.0], [12.699844, 6.6509056, 48.0], [12.933288, 6.433379, 65.0], [13.582241, 6.169735, 82.0], [14.304756, 5.900266, 98.0], [15.131076, 5.686675, 115.0], [16.208656, 5.538179, 132.0], [17.302818, 5.48347, 148.0], [18.286545, 5.4833336, 165.0], [19.062696, 5.6382008, 181.0], [19.480896, 5.767706, 198.0], [20.086111, 6.1055555, 215.0], [20.363619, 6.3636193, 232.0], [20.692795, 6.830859, 248.0], [20.812983, 7.2630386, 265.0], [20.844444, 7.789109, 282.0], [20.844444, 8.289291, 298.0], [20.631336, 8.7958765, 315.0], [20.43354, 9.221808, 332.0], [20.149368, 9.63706, 349.0], [19.84795, 10.117551, 365.0], [19.472319, 10.5570345, 382.0], [19.115705, 11.080737, 399.0], [18.876976, 11.557158, 416.0], [18.65181, 12.007495, 432.0], [18.35072, 12.55621, 449.0], [18.015915, 13.0518675, 466.0], [17.624176, 13.55701, 482.0], [17.183193, 14.035573, 499.0], [16.66605, 14.561727, 516.0], [16.080555, 15.1472225, 532.0], [15.249811, 15.830709, 549.0], [14.543344, 16.37606, 566.0], [13.798626, 16.90619, 583.0], [13.04344, 17.412155, 599.0], [12.550349, 17.687462, 616.0], [11.790459, 18.285992, 633.0], [11.226646, 18.661865, 649.0], [10.636111, 19.036112, 666.0], [10.193415, 19.410675, 683.0], [9.740711, 19.80257, 699.0], [9.365293, 20.067734, 716.0], [8.892337, 20.471626, 733.0], [8.50473, 20.804676, 749.0], [8.150571, 21.132761, 766.0], [7.825336, 21.414074, 783.0], [7.622772, 21.621672, 800.0], [7.3769155, 21.867529, 833.0], [7.659809, 21.778427, 933.0], [8.15874, 21.409992, 950.0], [8.687508, 20.995548, 967.0], [9.275001, 20.455555, 984.0], [9.96471, 19.89655, 1000.0], [10.536037, 19.478336, 1017.0], [11.195694, 19.116041, 1033.0], [11.779846, 18.802914, 1050.0], [12.263798, 18.533693, 1067.0], [12.785458, 18.180063, 1084.0], [13.2773, 17.942188, 1101.0], [13.630556, 17.791668, 1117.0], [14.192608, 17.737408, 1134.0], [14.688883, 17.733334, 1151.0], [15.11221, 17.733334, 1167.0], [15.528095, 17.733334, 1184.0], [15.922212, 17.733334, 1201.0], [16.35971, 17.762188, 1217.0], [16.663864, 17.857769, 1234.0], [17.052778, 17.908333, 1251.0], [17.440948, 18.037724, 1267.0], [17.7638, 18.14534, 1284.0], [18.120167, 18.225582, 1301.0], [18.420639, 18.312435, 1318.0], [18.797699, 18.472822, 1334.0], [19.14051, 18.592478, 1351.0], [19.512852, 18.757095, 1368.0], [19.833332, 18.919445, 1384.0], [20.11681, 19.005613, 1401.0], [20.344004, 19.066559, 1418.0], [20.533333, 19.172222, 1435.0], [20.712412, 19.207268, 1451.0], [20.932339, 19.262253, 1468.0], [21.20116, 19.25, 1484.0], [21.530916, 19.163769, 1501.0]"}