{"Image number":36660,"Image shape":6,"Path":"[14.908485, 3.5817692, 0.0], [14.013719, 4.524337, 101.0], [12.849109, 5.783186, 118.0], [11.639035, 7.3688345, 134.0], [10.709618, 8.812419, 151.0], [9.961865, 10.3587265, 167.0], [9.355337, 12.092609, 184.0], [9.130498, 13.845646, 200.0], [9.226229, 17.354263, 233.0], [9.647821, 18.840742, 250.0], [10.582349, 20.047672, 266.0], [11.650039, 21.067364, 283.0], [12.971066, 21.679745, 300.0], [14.282854, 21.861061, 316.0], [15.865206, 21.667833, 333.0], [17.564922, 21.204325, 349.0], [19.071066, 20.497663, 366.0], [21.065142, 18.866184, 399.0], [21.906864, 17.882755, 415.0], [22.462963, 16.808636, 432.0], [22.926733, 15.879868, 448.0], [23.109158, 15.327278, 465.0], [22.826162, 14.907019, 482.0], [22.219683, 14.441971, 498.0], [21.193197, 13.976097, 515.0], [20.028465, 13.55696, 531.0], [18.626669, 13.371016, 548.0], [17.183363, 13.419088, 564.0], [15.684355, 13.842963, 581.0], [14.2994375, 14.586166, 597.0], [12.989324, 15.523222, 614.0], [12.012842, 16.643835, 630.0], [11.448872, 17.873913, 647.0], [11.26409, 19.177212, 664.0], [11.225374, 19.94304, 680.0]"}