{"Image number":10858,"Image shape":4,"Path":"[10.849999, 5.4055557, 0.0], [11.210949, 6.205232, 54.0], [11.336111, 6.6305556, 71.0], [11.747919, 7.704521, 87.0], [12.02697, 8.88867, 104.0], [12.078694, 10.199764, 121.0], [11.977801, 11.472037, 138.0], [11.538096, 12.626385, 154.0], [10.955849, 13.574213, 171.0], [10.398315, 14.53453, 188.0], [9.761111, 15.4777775, 205.0], [9.220154, 16.355911, 221.0], [8.781028, 17.115147, 238.0], [8.565026, 17.558836, 255.0], [8.440509, 17.76979, 271.0], [8.90685, 17.88889, 305.0], [9.683926, 17.933002, 322.0], [10.630249, 17.927778, 338.0], [12.056332, 17.76124, 355.0], [13.435099, 17.504093, 372.0], [14.427778, 17.305557, 389.0], [15.3451805, 16.90035, 405.0], [16.280884, 16.411428, 422.0], [17.201069, 15.80088, 439.0], [17.864664, 15.264942, 455.0], [18.47963, 14.6, 472.0], [18.736244, 14.045872, 489.0], [19.081059, 13.408194, 505.0], [19.288889, 12.813889, 522.0], [19.511751, 12.168237, 539.0], [19.624325, 11.775973, 555.0], [19.763142, 11.449462, 572.0], [19.830904, 11.246176, 589.0], [19.790699, 11.859685, 639.0], [19.678549, 12.749387, 656.0], [19.398489, 14.106743, 672.0], [19.123882, 15.63182, 689.0], [18.887192, 17.185312, 706.0], [18.61313, 18.87606, 723.0], [18.39027, 20.258032, 739.0], [18.367638, 21.326958, 756.0], [18.355555, 22.17338, 773.0], [18.246267, 22.674221, 790.0]"}