{"Image number":37757,"Image shape":9,"Path":"[20.079865, 9.222927, 0.0], [19.702827, 8.892868, 51.0], [19.238499, 8.4276, 68.0], [18.491253, 7.820563, 84.0], [17.792454, 7.4488945, 101.0], [16.906162, 7.216729, 117.0], [16.07107, 7.1247377, 134.0], [15.2265415, 7.0779057, 150.0], [13.832344, 7.2188735, 183.0], [13.08707, 7.3589134, 200.0], [12.387421, 7.733856, 216.0], [11.592812, 8.201884, 233.0], [10.849523, 8.714027, 250.0], [10.287488, 9.136204, 266.0], [9.874284, 9.551865, 283.0], [9.596452, 9.876656, 299.0], [9.409185, 10.205115, 316.0], [9.222288, 10.579618, 332.0], [9.083472, 11.045775, 349.0], [8.991217, 11.509686, 365.0], [8.897981, 12.023062, 382.0], [8.851913, 12.905579, 415.0], [8.993019, 13.282538, 432.0], [9.226465, 13.560902, 448.0], [9.551424, 13.792282, 465.0], [10.580556, 14.213254, 498.0], [11.421939, 14.352523, 514.0], [12.443664, 14.398071, 531.0], [13.516525, 14.304134, 547.0], [15.517595, 13.650522, 580.0], [16.458094, 13.274093, 597.0], [17.341259, 12.760257, 614.0], [18.08555, 12.105547, 630.0], [18.6827, 11.2735615, 647.0], [19.104294, 10.335613, 663.0], [19.43135, 9.540209, 680.0], [19.663235, 8.936254, 696.0], [19.802162, 8.5653515, 713.0], [19.519018, 8.572012, 779.0], [19.286528, 8.9922085, 796.0], [19.1004, 9.693251, 812.0], [18.774403, 10.577576, 829.0], [18.303242, 11.614345, 845.0], [17.605537, 12.774656, 862.0], [16.67862, 14.025241, 878.0], [15.789779, 15.336043, 895.0], [14.945073, 16.651257, 911.0], [14.300291, 17.992962, 928.0], [13.320545, 20.047253, 961.0], [12.947915, 20.698437, 978.0], [12.530319, 21.300875, 994.0], [12.109436, 21.909237, 1011.0], [11.735066, 22.518675, 1027.0], [11.414265, 23.162737, 1044.0], [11.132096, 23.680393, 1060.0], [10.806492, 24.191708, 1077.0], [10.572849, 24.61305, 1093.0], [10.387447, 25.03178, 1110.0], [10.295051, 25.357773, 1126.0], [10.249026, 25.589735, 1143.0]"}