{"Image number":35277,"Image shape":7,"Path":"[10.948419, 9.642517, 0.0], [11.274542, 9.642517, 52.0], [12.220057, 9.642517, 68.0], [13.659233, 9.595617, 85.0], [15.348591, 9.5486965, 101.0], [16.9407, 9.264447, 118.0], [19.533707, 8.425717, 151.0], [20.225294, 8.195374, 168.0], [20.548187, 8.056356, 184.0], [20.219633, 8.243883, 217.0], [19.658785, 8.711578, 234.0], [18.86123, 9.651137, 250.0], [17.930176, 11.004098, 267.0], [16.810163, 12.732582, 283.0], [15.549495, 14.506941, 300.0], [14.302273, 16.310139, 316.0], [13.182408, 17.897694, 333.0], [12.146669, 19.546997, 350.0], [11.218685, 21.127087, 366.0], [10.339992, 22.841696, 383.0], [9.540631, 24.34723, 399.0], [8.865726, 25.699165, 416.0], [8.507669, 26.464659, 432.0]"}