{"Image number":30295,"Image shape":6,"Path":"[9.320389, 5.3524895, 0.0], [9.203884, 5.66652, 103.0], [9.203884, 6.117846, 121.0], [9.165049, 6.738554, 138.0], [9.114063, 7.4680033, 156.0], [9.126213, 8.890443, 174.0], [9.126213, 9.9316635, 192.0], [9.126213, 10.924348, 209.0], [9.126213, 11.987604, 227.0], [9.126213, 13.042814, 245.0], [9.397911, 14.219475, 263.0], [9.765999, 15.310579, 280.0], [10.193283, 16.250227, 298.0], [10.585978, 17.055817, 316.0], [10.813118, 17.717424, 334.0], [11.013252, 18.189993, 351.0], [11.143411, 18.596584, 369.0], [11.442226, 19.02898, 387.0], [11.949695, 19.530666, 405.0], [12.49033, 19.947363, 423.0], [12.996042, 20.27533, 440.0], [13.516843, 20.562172, 458.0], [13.9949665, 20.706406, 476.0], [14.483643, 20.885515, 494.0], [14.81834, 20.857042, 511.0], [15.095321, 20.834967, 529.0], [15.552389, 20.665556, 547.0], [16.335129, 20.396278, 565.0], [17.026958, 20.110102, 582.0], [17.723862, 19.786852, 600.0], [18.486387, 19.302095, 618.0], [19.107779, 18.926304, 636.0], [19.70142, 18.51746, 653.0], [20.047718, 18.165138, 671.0], [20.345016, 17.735682, 689.0], [20.604965, 17.074587, 707.0], [20.867477, 16.472092, 724.0], [21.127651, 15.752911, 742.0], [21.387772, 15.037133, 760.0], [21.402939, 14.318837, 778.0], [21.436893, 13.798912, 796.0], [21.436893, 13.399601, 813.0], [21.436893, 13.0987015, 831.0], [21.406187, 12.837729, 849.0], [21.377897, 12.558512, 867.0], [21.312557, 12.315672, 884.0], [21.260048, 12.031976, 920.0], [20.87045, 11.734941, 955.0], [20.420206, 11.624369, 973.0], [19.9136, 11.559048, 991.0], [19.275616, 11.530994, 1009.0], [18.584835, 11.530994, 1026.0], [17.981045, 11.530994, 1044.0], [17.591831, 11.569855, 1062.0], [17.19968, 11.59646, 1080.0], [16.75921, 11.608713, 1097.0], [16.17874, 11.688359, 1115.0], [15.658109, 11.78167, 1133.0], [15.246591, 11.911812, 1151.0], [14.895383, 12.004198, 1169.0], [14.57818, 12.293083, 1186.0], [14.188689, 12.962629, 1204.0], [13.96031, 13.573634, 1222.0], [13.809679, 14.437776, 1240.0], [13.672861, 15.357271, 1257.0], [13.669904, 16.59147, 1275.0], [13.669904, 17.940395, 1293.0], [13.729552, 19.133549, 1311.0], [13.794784, 20.166729, 1328.0], [13.859947, 20.928162, 1346.0], [13.924841, 21.460022, 1364.0]"}