{"Image number":38038,"Image shape":5,"Path":"[21.33777, 9.456033, 0.0], [20.586632, 9.456033, 54.0], [19.514866, 9.409154, 71.0], [16.84773, 9.268251, 104.0], [15.696599, 9.175995, 120.0], [14.6646595, 9.176307, 137.0], [13.77715, 9.12899, 153.0], [13.133392, 9.129684, 171.0], [12.716803, 9.129684, 187.0], [12.373965, 9.060671, 220.0], [12.485857, 9.36279, 269.0], [12.485857, 10.443955, 286.0], [12.3915415, 11.662033, 302.0], [12.252011, 13.007944, 319.0], [11.690718, 14.7791815, 352.0], [11.458931, 15.335022, 368.0], [11.320311, 15.564771, 385.0], [11.55576, 15.703265, 451.0], [12.349935, 15.516011, 484.0], [12.958354, 15.516781, 501.0], [13.511891, 15.610202, 517.0], [14.443023, 16.30982, 550.0], [14.818915, 16.96835, 567.0], [15.0507145, 17.715858, 584.0], [15.142469, 18.509363, 600.0], [15.141432, 19.25763, 617.0], [14.904905, 20.051208, 633.0], [14.531713, 20.887358, 650.0], [14.066452, 21.770538, 666.0], [13.503121, 22.61474, 683.0], [12.90419, 23.303629, 699.0], [11.825602, 24.382084, 732.0], [11.314195, 24.752813, 749.0], [10.756613, 24.983143, 765.0], [9.8722515, 25.074627, 799.0], [9.265036, 24.885727, 815.0]"}