{"Image number":37234,"Image shape":2,"Path":"[12.206323, 3.1621788, 0.0], [12.628754, 3.397075, 68.0], [13.097582, 3.8203406, 84.0], [14.071482, 4.7022777, 118.0], [14.685997, 5.12751, 134.0], [15.236208, 5.634566, 150.0], [16.216705, 6.569668, 184.0], [16.635801, 7.0356483, 200.0], [17.103273, 7.5030537, 217.0], [17.520872, 8.061938, 233.0], [17.892265, 8.619979, 250.0], [18.218985, 9.133901, 266.0], [18.638332, 9.739697, 285.0], [18.963833, 10.158055, 299.0], [19.197334, 10.674039, 316.0], [19.336376, 11.093583, 332.0], [19.428318, 11.463534, 349.0], [19.521187, 11.928893, 366.0], [19.754051, 12.580366, 399.0], [19.848038, 12.909905, 415.0], [19.940115, 13.18577, 432.0], [20.033173, 13.65151, 465.0], [20.079758, 14.117081, 481.0], [20.079865, 14.48844, 498.0], [20.033289, 14.863994, 514.0], [20.033278, 15.145836, 531.0], [19.98649, 15.424726, 548.0], [19.89331, 15.750578, 564.0], [19.800112, 16.03028, 581.0], [19.658936, 16.454096, 597.0], [19.567019, 16.730034, 614.0], [19.473202, 17.10593, 630.0], [19.333614, 17.43018, 647.0], [19.194496, 17.755013, 663.0], [18.961695, 18.080994, 680.0], [18.727997, 18.408398, 697.0], [18.494368, 18.7357, 713.0], [18.212982, 19.016691, 730.0], [17.981163, 19.201607, 746.0], [17.796238, 19.433912, 763.0], [17.374311, 19.761341, 796.0], [17.097483, 19.899511, 812.0], [16.720613, 20.040848, 829.0], [16.35183, 20.179237, 845.0], [15.9788265, 20.27244, 862.0], [15.697242, 20.366467, 878.0], [15.32243, 20.36538, 895.0], [14.855502, 20.4599, 912.0], [14.393298, 20.505514, 928.0], [14.021332, 20.598976, 945.0], [13.648907, 20.645317, 961.0], [13.180365, 20.739214, 978.0], [12.716093, 20.879025, 994.0], [12.295998, 21.066256, 1011.0], [11.924339, 21.158552, 1027.0], [11.456651, 21.25203, 1044.0], [10.940368, 21.25118, 1060.0], [10.525079, 21.298252, 1077.0], [10.152879, 21.297802, 1094.0], [9.637648, 21.297802, 1110.0], [9.076162, 21.297802, 1127.0], [8.66399, 21.251007, 1143.0], [8.242772, 21.157164, 1160.0], [7.776104, 20.9227, 1176.0], [7.2186456, 20.784306, 1193.0], [6.847301, 20.50428, 1209.0], [6.519998, 20.317348, 1226.0], [6.335235, 20.084562, 1242.0], [6.102467, 19.757217, 1275.0], [6.243302, 19.479202, 1309.0], [6.945952, 19.011269, 1342.0], [8.113396, 18.82635, 1375.0], [8.809441, 18.873775, 1391.0], [10.44689, 18.873503, 1424.0], [11.275164, 18.920158, 1441.0], [12.115302, 18.966864, 1457.0], [13.747439, 19.20026, 1491.0], [14.680044, 19.293543, 1507.0], [15.52396, 19.340261, 1524.0], [16.499678, 19.43364, 1540.0], [17.382927, 19.526747, 1557.0], [18.361599, 19.619967, 1573.0], [19.251564, 19.61944, 1590.0], [20.226686, 19.61944, 1606.0], [21.062428, 19.572586, 1623.0], [22.05238, 19.572819, 1640.0]"}