{"Image number":36266,"Image shape":2,"Path":"[13.184691, 5.5864778, 0.0], [13.79174, 5.446197, 53.0], [15.525304, 5.259623, 86.0], [16.588531, 5.634087, 102.0], [17.753986, 6.2877965, 119.0], [19.753698, 7.824253, 152.0], [20.31235, 8.616196, 169.0], [20.546003, 9.690276, 185.0], [20.451553, 11.056029, 202.0], [20.030865, 12.541613, 218.0], [19.18318, 13.998095, 235.0], [18.018372, 15.343736, 251.0], [16.667696, 16.505463, 268.0], [15.275694, 17.385117, 284.0], [13.872921, 17.945324, 301.0], [11.588203, 18.54999, 334.0], [10.706306, 18.688467, 351.0], [10.292977, 18.733995, 367.0], [10.391074, 18.311636, 400.0], [10.768999, 17.83916, 417.0], [11.602192, 17.38078, 433.0], [12.536775, 17.006924, 450.0], [13.750452, 16.774261, 466.0], [15.00564, 16.72878, 483.0], [16.27373, 16.776075, 500.0], [17.4899, 16.91761, 516.0], [18.554361, 17.151117, 533.0], [19.534092, 17.573812, 549.0], [20.460428, 18.179293, 566.0], [21.166538, 18.93627, 582.0]"}