{"Image number":30429,"Image shape":2,"Path":"[13.941748, 5.702216, 0.0], [13.941748, 5.532114, 154.0], [14.321509, 5.4690647, 189.0], [14.583563, 5.4690647, 207.0], [14.843963, 5.4690647, 225.0], [15.04736, 5.4690647, 243.0], [15.242256, 5.5079236, 260.0], [15.501247, 5.611398, 278.0], [15.670381, 5.6444054, 296.0], [15.911764, 5.919509, 331.0], [16.047966, 6.378769, 367.0], [16.038836, 6.727632, 385.0], [15.930765, 7.2312393, 403.0], [15.685985, 7.8178015, 420.0], [15.253344, 8.387961, 438.0], [14.820439, 8.951696, 456.0], [14.36372, 9.589969, 474.0], [13.907091, 10.242095, 491.0], [13.259582, 10.931246, 509.0], [12.710798, 11.636235, 527.0], [12.3072815, 12.158173, 545.0], [12.010004, 12.742232, 562.0], [11.800213, 13.227971, 580.0], [11.526205, 13.763435, 598.0], [11.170292, 14.523198, 616.0], [10.77653, 15.245536, 634.0], [10.510013, 15.79511, 651.0], [10.249086, 16.356138, 669.0], [10.100874, 16.82192, 687.0], [9.931887, 17.360388, 704.0], [9.8329525, 17.80322, 722.0], [9.825243, 18.210213, 740.0], [9.870068, 18.594357, 758.0], [10.071915, 18.960348, 776.0], [10.333868, 19.267616, 793.0], [10.593373, 19.573711, 811.0], [10.900956, 19.851892, 847.0], [11.19323, 19.933964, 864.0], [11.707748, 19.924438, 882.0], [12.480189, 19.854786, 900.0], [13.540015, 19.609863, 918.0], [14.351962, 19.310421, 935.0], [15.024939, 19.001184, 953.0], [15.996426, 18.507893, 971.0], [17.008202, 18.021072, 989.0], [18.126637, 17.487701, 1006.0], [19.064255, 17.031334, 1024.0], [19.663925, 16.808287, 1042.0], [20.142765, 16.588896, 1060.0], [20.659807, 16.33022, 1078.0], [21.425081, 15.946117, 1095.0], [22.074461, 15.515924, 1113.0], [22.63203, 15.226933, 1131.0], [23.01833, 14.97257, 1149.0], [23.45481, 14.78316, 1166.0], [23.61161, 14.523186, 1184.0], [13.980583, 5.3913484, 0.0], [14.197637, 5.3913484, 105.0], [14.499351, 5.3524895, 122.0], [14.757732, 5.313631, 140.0], [15.018623, 5.313631, 158.0], [15.32319, 5.3569365, 176.0], [15.761616, 5.3830385, 193.0], [16.186295, 5.448322, 211.0], [16.444054, 5.5636606, 229.0], [16.710657, 5.727463, 247.0], [16.854204, 5.915692, 265.0], [16.85437, 6.196579, 282.0], [16.787474, 6.6694145, 300.0], [16.657402, 7.169194, 318.0], [16.527027, 7.6729693, 336.0], [16.25342, 8.338526, 353.0], [15.785345, 8.969958, 371.0], [15.309362, 9.511861, 389.0], [14.889082, 9.997658, 407.0], [14.497679, 10.454572, 424.0], [14.107197, 10.860285, 442.0], [13.562103, 11.367821, 460.0], [13.038887, 11.826032, 478.0], [12.567989, 12.231813, 495.0], [12.269168, 12.623724, 513.0], [12.009393, 12.986156, 531.0], [11.803194, 13.362613, 549.0], [11.566156, 13.835314, 567.0], [11.289172, 14.307661, 584.0], [10.897313, 14.895805, 602.0], [10.586823, 15.482938, 620.0], [10.289153, 16.003948, 637.0], [10.02895, 16.46877, 655.0], [9.849446, 16.883896, 673.0], [9.6852045, 17.415108, 691.0], [9.556746, 17.929256, 709.0], [9.592233, 18.290558, 726.0], [9.696252, 18.753815, 744.0], [9.924712, 19.188984, 762.0], [10.191916, 19.518456, 780.0], [10.465059, 19.787474, 797.0], [10.928751, 19.868168, 815.0], [11.5967655, 19.88558, 833.0], [12.493738, 19.778376, 851.0], [13.676598, 19.396341, 868.0], [14.539343, 19.053553, 886.0], [15.460888, 18.580387, 904.0], [16.429127, 18.109146, 922.0], [17.179329, 17.715837, 940.0], [18.010834, 17.363354, 957.0], [18.805004, 17.063335, 975.0], [19.46962, 16.802656, 993.0], [19.967651, 16.539692, 1010.0], [20.576443, 16.267616, 1028.0], [21.234459, 15.979718, 1046.0], [21.609566, 15.756666, 1064.0], [21.99844, 15.63109, 1082.0], [22.32163, 15.453019, 1099.0], [22.71409, 15.288773, 1117.0], [23.174318, 15.010408, 1135.0], [23.687124, 14.69934, 1153.0], [13.475729, 6.013084, 0.0], [13.847784, 5.716509, 71.0], [14.213118, 5.4693813, 89.0], [14.604288, 5.3387547, 107.0], [14.890686, 5.208029, 125.0], [15.3049345, 5.2359138, 143.0], [15.566341, 5.4075375, 160.0], [15.827697, 5.5382957, 178.0], [16.087318, 5.7434883, 196.0], [16.309458, 5.9341445, 214.0], [16.46012, 6.250907, 231.0], [16.38429, 7.068084, 249.0], [15.751824, 8.12323, 267.0], [14.973765, 9.226147, 285.0], [14.096124, 10.21639, 302.0], [13.221575, 11.085852, 320.0], [12.602624, 11.76339, 338.0], [12.192192, 12.284905, 356.0], [11.697767, 12.87668, 373.0], [11.197409, 13.499832, 391.0], [10.653854, 14.13759, 409.0], [10.243143, 14.711901, 427.0], [9.970386, 15.281818, 445.0], [9.75757, 15.804666, 462.0], [9.599139, 16.247551, 480.0], [9.467827, 16.707424, 498.0], [9.436893, 17.186169, 516.0], [9.54946, 17.814255, 533.0], [9.857985, 18.399809, 551.0], [10.248897, 18.935312, 569.0], [10.514816, 19.286934, 587.0], [11.058789, 19.602127, 604.0], [11.751241, 19.91021, 622.0], [12.518393, 19.925568, 640.0], [13.501896, 19.88558, 658.0], [14.264008, 19.777496, 675.0], [15.025507, 19.608149, 693.0], [16.079693, 19.214386, 711.0], [16.891129, 18.818008, 729.0], [17.841095, 18.420456, 746.0], [18.741638, 18.061054, 764.0], [19.44154, 17.736322, 782.0], [19.88171, 17.494026, 800.0], [20.196371, 17.37444, 817.0], [20.521854, 17.186361, 835.0], [20.895409, 17.074076, 853.0], [21.431526, 16.8712, 871.0], [21.914497, 16.735142, 889.0], [22.449665, 16.503359, 906.0], [23.120773, 16.318058, 924.0], [23.623228, 16.1463, 942.0], [24.035126, 15.847076, 977.0], [24.244995, 15.780009, 995.0]"}