{"Image number":36413,"Image shape":8,"Path":"[17.237936, 6.05269, 0.0], [15.792409, 6.6594324, 69.0], [14.575207, 7.409108, 86.0], [12.809555, 9.412552, 119.0], [12.436003, 10.39703, 135.0], [12.3922, 11.4246645, 152.0], [12.673627, 12.444975, 168.0], [13.284784, 13.382852, 185.0], [14.078782, 14.315107, 202.0], [15.014307, 15.296961, 218.0], [15.75269, 16.317049, 235.0], [16.40778, 17.395514, 251.0], [16.775131, 18.415777, 268.0], [16.961319, 19.306965, 284.0], [16.911423, 20.045267, 301.0], [16.535686, 20.603613, 317.0], [15.784063, 21.117931, 334.0], [14.573019, 21.581123, 350.0], [13.075506, 22.001625, 367.0], [9.959917, 22.417341, 400.0], [8.611196, 22.463596, 417.0], [7.6316934, 22.416285, 433.0], [7.0733685, 22.2275, 450.0], [6.9401956, 21.85307, 466.0], [7.0840254, 21.192907, 483.0], [7.6492205, 20.25776, 499.0], [8.671018, 19.147266, 516.0], [10.08871, 17.824038, 532.0], [11.837815, 16.445883, 549.0], [13.717972, 15.034959, 566.0], [15.626686, 13.637756, 582.0], [17.378036, 12.299667, 599.0], [20.462732, 9.867101, 632.0], [21.944496, 8.009026, 665.0], [22.036827, 7.4967117, 684.0], [21.523497, 7.0311604, 698.0], [20.590439, 6.7047176, 715.0], [19.285898, 6.5653124, 731.0], [17.839764, 6.565522, 748.0], [16.347908, 6.7993836, 764.0], [14.871302, 7.391612, 781.0], [13.92439, 7.9474506, 797.0]"}