{"Image number":35296,"Image shape":9,"Path":"[12.346089, 6.7986274, 0.0], [11.642934, 6.7049923, 52.0], [10.753176, 6.7995634, 68.0], [9.822701, 7.0806303, 85.0], [8.98187, 7.7858534, 101.0], [8.332585, 8.861217, 118.0], [7.8731184, 11.331945, 151.0], [8.249531, 12.496648, 167.0], [8.996746, 13.425166, 184.0], [10.216796, 14.173266, 201.0], [11.558398, 14.632469, 217.0], [13.058279, 14.819133, 234.0], [14.454283, 14.582408, 250.0], [15.519846, 14.021927, 267.0], [16.166773, 13.138579, 283.0], [16.447863, 12.153265, 300.0], [16.445923, 11.085617, 316.0], [16.021881, 10.097658, 333.0], [15.415213, 9.167451, 349.0], [14.533192, 8.428191, 366.0], [13.694497, 7.82236, 383.0], [12.85558, 7.449995, 399.0], [12.203756, 7.1704955, 416.0], [11.786473, 7.078232, 432.0], [12.024151, 7.1255736, 465.0], [12.626537, 7.5452003, 482.0], [13.619338, 8.207499, 498.0], [14.587497, 9.181443, 515.0], [15.701004, 10.295716, 531.0], [16.635056, 11.604494, 552.0], [17.519577, 13.002567, 568.0], [18.548029, 16.096786, 601.0], [18.729094, 17.570576, 615.0], [18.775553, 18.92533, 633.0], [18.728785, 21.25625, 664.0]"}