{"Image number":10718,"Image shape":7,"Path":"[9.8, 8.127778, 0.0], [9.995318, 7.93246, 53.0], [10.455133, 7.8230753, 86.0], [11.034454, 7.719494, 103.0], [11.980057, 7.59077, 120.0], [13.123831, 7.385407, 136.0], [14.097074, 7.2401624, 153.0], [14.850896, 7.0400543, 170.0], [15.384204, 6.9585457, 186.0], [15.591761, 6.903448, 203.0], [15.943224, 6.98854, 220.0], [16.224304, 7.048194, 236.0], [16.434895, 7.167447, 253.0], [16.666882, 7.283442, 287.0], [16.886482, 7.39324, 320.0], [17.066792, 7.427778, 353.0], [17.15, 7.61608, 403.0], [17.15, 7.83083, 420.0], [17.17848, 8.075735, 437.0], [17.188889, 8.385675, 453.0], [17.188889, 8.824104, 470.0], [17.114773, 9.409727, 487.0], [17.008904, 10.012135, 504.0], [16.91959, 10.5033655, 520.0], [16.763435, 11.3015585, 537.0], [16.655144, 12.111418, 554.0], [16.451391, 12.886799, 570.0], [16.233944, 13.780735, 587.0], [16.080555, 14.680556, 604.0], [15.631604, 16.299633, 620.0], [14.828495, 18.438622, 637.0], [14.198389, 20.466661, 654.0], [13.783773, 22.054462, 671.0], [13.444489, 23.309097, 687.0], [13.338859, 23.926472, 704.0], [13.118703, 24.395927, 721.0], [12.852762, 24.493525, 754.0], [12.693243, 24.577778, 787.0], [12.677777, 24.391459, 1405.0], [12.876459, 23.869305, 1439.0], [13.1855545, 23.32889, 1456.0], [13.462269, 22.82347, 1473.0], [13.641818, 22.455252, 1490.0], [13.958855, 22.027084, 1505.0], [14.286871, 21.637539, 1522.0], [14.792234, 21.0169, 1539.0], [15.358988, 20.225311, 1555.0], [15.962787, 19.347057, 1572.0], [16.62571, 18.448278, 1589.0], [17.172407, 17.743706, 1605.0], [17.93871, 16.758165, 1622.0], [18.168015, 16.4234, 1639.0], [18.479883, 15.999041, 1655.0], [18.764702, 15.627457, 1672.0], [18.94254, 15.435238, 1689.0], [19.055557, 15.263889, 1739.0], [18.752258, 15.283334, 1789.0], [18.448326, 15.30897, 1806.0], [18.084026, 15.399803, 1822.0], [17.350046, 15.625627, 1839.0], [16.477028, 15.944708, 1856.0], [15.154773, 16.38915, 1872.0], [13.280556, 16.897223, 1889.0], [11.567211, 17.274317, 1906.0], [10.134668, 17.655197, 1923.0], [9.14097, 18.153147, 1939.0], [8.536178, 18.606113, 1956.0]"}