{"Image number":385,"Image shape":2,"Path":"[12.889467, 8.336153, 0.0], [13.017293, 8.080419, 54.0], [13.16595, 7.8993797, 71.0], [13.370997, 7.625368, 86.0], [13.68969, 7.2807107, 101.0], [14.060584, 6.8690357, 114.0], [14.516799, 6.367035, 124.0], [14.935751, 5.85213, 137.0], [15.355765, 5.4319787, 150.0], [15.762966, 5.1049266, 164.0], [16.16688, 4.7906685, 178.0], [16.59539, 4.552182, 192.0], [17.04687, 4.3859587, 206.0], [17.499117, 4.2888513, 220.0], [17.997738, 4.293227, 234.0], [18.438328, 4.3689537, 248.0], [18.889349, 4.5442243, 262.0], [19.30476, 4.770595, 276.0], [19.709452, 5.0412536, 290.0], [19.989902, 5.386317, 304.0], [20.233715, 5.774473, 318.0], [20.423483, 6.180355, 333.0], [20.559143, 6.585182, 349.0], [20.625072, 7.0806303, 361.0], [20.644993, 7.5610976, 373.0], [20.610538, 8.094151, 387.0], [20.522251, 8.549425, 401.0], [20.38104, 9.100932, 416.0], [20.159508, 9.732373, 429.0], [19.867643, 10.364854, 443.0], [19.551094, 10.998162, 457.0], [19.186098, 11.678001, 471.0], [18.800304, 12.322199, 485.0], [18.39382, 12.968222, 499.0], [17.988054, 13.518915, 513.0], [17.531319, 14.160912, 527.0], [17.080873, 14.712438, 541.0], [16.628052, 15.286313, 555.0], [16.13599, 15.8360615, 569.0], [15.687891, 16.377277, 583.0], [15.16126, 16.841074, 597.0], [14.617564, 17.294302, 611.0], [14.076793, 17.745094, 625.0], [13.493888, 18.100817, 639.0], [12.9370775, 18.465996, 653.0], [12.349349, 18.800238, 667.0], [11.762144, 19.0439, 681.0], [11.129563, 19.36013, 695.0], [10.501999, 19.566982, 709.0], [9.840983, 19.767797, 723.0], [9.19676, 19.879139, 737.0], [8.607144, 19.925909, 751.0], [8.07625, 19.918594, 766.0], [7.5575237, 19.808285, 780.0], [7.1268296, 19.605623, 793.0], [6.804423, 19.379498, 808.0], [6.5910873, 19.001875, 822.0], [6.5307784, 18.474716, 835.0], [6.549614, 17.93116, 851.0], [6.8788185, 16.782185, 863.0], [7.092538, 16.450245, 878.0], [7.5000973, 16.000113, 893.0], [7.9831376, 15.532924, 905.0], [8.544908, 15.168398, 919.0], [9.14402, 14.847596, 933.0], [9.7525625, 14.664897, 947.0], [10.385766, 14.571633, 961.0], [11.020111, 14.602584, 975.0], [11.690858, 14.739865, 989.0], [12.278839, 15.079142, 1003.0], [12.884613, 15.496496, 1016.0], [13.470109, 15.947025, 1030.0], [14.052133, 16.439516, 1043.0], [14.639093, 16.989716, 1057.0], [15.193332, 17.524668, 1071.0], [15.77811, 18.040522, 1085.0], [16.370949, 18.542318, 1100.0], [16.987303, 19.0332, 1115.0], [17.55144, 19.48255, 1129.0], [18.095621, 19.890821, 1142.0], [18.625553, 20.370579, 1157.0], [19.175533, 20.787954, 1173.0], [19.443434, 21.011276, 1193.0]"}