{"Image number":30589,"Image shape":2,"Path":"[12.621361, 8.26688, 0.0], [12.775533, 8.06119, 103.0], [12.971799, 7.8385086, 121.0], [13.298772, 7.5648594, 139.0], [13.622065, 7.265567, 156.0], [13.990039, 7.0139446, 174.0], [14.495419, 6.681234, 192.0], [14.93023, 6.376971, 210.0], [15.156217, 6.239176, 228.0], [15.391096, 6.06954, 246.0], [15.660942, 5.81356, 281.0], [15.921738, 5.644223, 317.0], [16.098167, 5.487415, 334.0], [16.32748, 5.4023724, 352.0], [16.54964, 5.331572, 370.0], [16.811554, 5.2184777, 387.0], [16.998926, 5.1617937, 405.0], [17.249655, 5.158197, 423.0], [17.52235, 5.158197, 441.0], [17.742016, 5.2340603, 458.0], [17.961948, 5.362596, 476.0], [18.174507, 5.443076, 494.0], [18.409374, 5.625704, 512.0], [18.63079, 5.755507, 529.0], [18.892696, 5.8865395, 547.0], [18.955711, 6.136044, 565.0], [19.09639, 6.4377394, 583.0], [19.216972, 6.810113, 601.0], [19.38661, 7.2416167, 618.0], [19.51342, 7.6119967, 636.0], [19.649761, 8.031557, 655.0], [19.778625, 8.4125595, 672.0], [19.876797, 8.699666, 689.0], [19.922333, 8.869959, 707.0], [19.922333, 9.11023, 725.0], [19.854837, 9.474716, 743.0], [19.68215, 9.9733715, 760.0], [19.42083, 10.561697, 778.0], [19.195658, 11.186532, 796.0], [19.037916, 11.675928, 814.0], [18.84196, 12.14932, 831.0], [18.610579, 12.6406145, 850.0], [18.157196, 13.230055, 867.0], [17.647953, 13.870533, 885.0], [17.244162, 14.598173, 903.0], [16.94208, 15.202461, 920.0], [16.733412, 15.726642, 938.0], [16.617126, 16.010319, 956.0], [16.45851, 16.297215, 974.0], [16.262112, 16.624743, 992.0], [15.983977, 17.034098, 1009.0], [15.6145315, 17.387403, 1027.0], [15.345562, 17.608036, 1045.0], [14.843761, 17.96068, 1062.0], [14.590279, 18.233131, 1080.0], [14.331703, 18.466038, 1098.0], [14.064441, 18.760656, 1116.0], [13.696481, 18.974106, 1133.0], [13.320389, 19.283274, 1152.0], [12.946886, 19.461185, 1169.0], [12.578997, 19.640654, 1186.0], [12.310877, 19.877691, 1204.0], [12.083687, 20.024046, 1222.0], [11.926865, 20.193422, 1240.0], [11.732052, 20.362236, 1258.0], [11.484566, 20.59562, 1276.0], [11.261105, 20.819477, 1293.0], [10.830202, 21.10711, 1311.0], [10.439311, 21.326994, 1329.0], [10.08606, 21.645248, 1347.0], [9.788605, 21.82631, 1364.0], [9.473276, 22.032043, 1382.0], [9.101405, 22.233639, 1400.0], [8.717636, 22.356106, 1417.0], [8.31785, 22.486708, 1435.0], [8.014412, 22.656754, 1453.0], [7.785797, 22.67712, 1471.0], [7.58912, 22.683395, 1488.0], [7.393409, 22.683395, 1506.0], [7.1966033, 22.501245, 1524.0], [7.0007296, 22.34411, 1542.0], [6.723324, 21.988821, 1577.0], [6.601942, 21.690115, 1613.0], [6.5668726, 21.52894, 1631.0], [6.563107, 21.260468, 1648.0], [6.563107, 20.94501, 1666.0], [6.6034484, 20.37717, 1684.0], [6.777852, 19.81984, 1702.0], [7.057901, 19.356659, 1719.0], [7.3108573, 18.857944, 1737.0], [7.572499, 18.496784, 1755.0], [7.834254, 18.169394, 1773.0], [8.182447, 17.92457, 1791.0], [8.564085, 17.640682, 1808.0], [9.08087, 17.363033, 1826.0], [9.563983, 17.06304, 1844.0], [9.949818, 16.873085, 1862.0], [10.235691, 16.736252, 1879.0], [10.475676, 16.653048, 1897.0], [10.738337, 16.626204, 1915.0], [11.124361, 16.621464, 1933.0], [11.61433, 16.621464, 1950.0], [12.104764, 16.69771, 1968.0], [12.617078, 16.78554, 1986.0], [13.140777, 16.86615, 2004.0], [13.628523, 17.009094, 2022.0], [14.094904, 17.164389, 2039.0], [14.598082, 17.416132, 2057.0], [15.039099, 17.678959, 2075.0], [15.372815, 17.964508, 2093.0], [15.690283, 18.293344, 2110.0], [15.975637, 18.65659, 2128.0], [16.273806, 18.954937, 2146.0], [16.534746, 19.272089, 2163.0], [16.92531, 19.562626, 2181.0], [17.214104, 19.81809, 2199.0], [17.533504, 20.079489, 2217.0], [17.768112, 20.294716, 2235.0], [18.033932, 20.450207, 2252.0], [18.356668, 20.605894, 2270.0], [18.726974, 20.717405, 2288.0], [19.046425, 20.818186, 2305.0], [19.374208, 20.857042, 2323.0], [19.65242, 20.857042, 2341.0], [19.91052, 20.857042, 2359.0], [20.192207, 20.765356, 2377.0], [20.629858, 20.54808, 2394.0], [21.237728, 20.198666, 2412.0], [21.785841, 19.834084, 2430.0], [22.174759, 19.574713, 2448.0]"}