{"Image number":30510,"Image shape":8,"Path":"[8.854369, 9.199485, 0.0], [8.948357, 9.515414, 86.0], [9.079479, 9.820888, 104.0], [9.37041, 10.143283, 121.0], [9.714619, 10.433927, 139.0], [10.070289, 10.765868, 157.0], [10.2937355, 10.95059, 175.0], [10.751667, 11.378838, 192.0], [11.250824, 11.869402, 210.0], [11.72788, 12.224663, 228.0], [12.296011, 12.727623, 246.0], [12.784769, 13.101105, 263.0], [13.291128, 13.561221, 281.0], [13.822283, 13.875227, 299.0], [14.203234, 14.160421, 317.0], [14.706242, 14.4392805, 334.0], [15.159506, 14.851421, 352.0], [15.557664, 15.223864, 370.0], [15.938596, 15.688326, 388.0], [16.187113, 16.066847, 405.0], [16.397732, 16.455338, 423.0], [16.580704, 16.85097, 441.0], [16.852766, 17.31811, 459.0], [17.087181, 17.799644, 476.0], [17.28397, 18.324738, 494.0], [17.516968, 18.921333, 512.0], [17.685856, 19.483126, 530.0], [17.81781, 20.011263, 548.0], [17.946457, 20.484953, 565.0], [18.00969, 20.876358, 583.0], [18.07551, 21.271515, 601.0], [18.058252, 21.678474, 619.0], [17.956835, 22.086542, 636.0], [17.825756, 22.545584, 654.0], [17.617062, 23.142056, 672.0], [17.380735, 23.578331, 690.0], [17.12508, 23.947716, 707.0], [16.857574, 24.282297, 725.0], [16.527344, 24.646427, 743.0], [16.07489, 25.072803, 761.0], [15.562537, 25.469494, 779.0], [15.15609, 25.707382, 796.0], [14.716353, 25.880032, 814.0], [14.1916, 26.113949, 832.0], [13.669473, 26.141863, 849.0], [13.120422, 26.102943, 867.0], [12.689953, 26.04962, 885.0], [12.266531, 25.867136, 903.0], [11.929979, 25.527721, 921.0], [11.665764, 25.099945, 938.0], [11.528555, 24.687752, 956.0], [11.495146, 24.201122, 974.0], [11.495146, 23.569874, 992.0], [11.70905, 22.531643, 1009.0], [12.068614, 21.48999, 1027.0], [12.515161, 20.564407, 1045.0], [12.853989, 19.730904, 1063.0], [13.238856, 19.024181, 1080.0], [13.631068, 18.428387, 1098.0], [14.028976, 17.87809, 1116.0], [14.450142, 17.506622, 1134.0], [14.826805, 17.212494, 1151.0], [15.154688, 16.932854, 1169.0], [15.405475, 16.633472, 1187.0], [15.708737, 16.27174, 1205.0], [16.29003, 15.76037, 1222.0], [16.757532, 15.317055, 1240.0], [17.187006, 14.889718, 1258.0], [17.593683, 14.534845, 1276.0], [17.825642, 14.172878, 1294.0], [18.191397, 13.768143, 1311.0], [18.567402, 13.444433, 1329.0], [18.88068, 13.117298, 1347.0], [19.101887, 12.885016, 1365.0], [19.306591, 12.5837555, 1382.0], [19.506474, 12.289273, 1400.0], [19.671713, 12.032535, 1418.0], [19.857002, 11.717661, 1436.0], [19.972551, 11.302523, 1453.0], [20.030869, 10.995959, 1471.0], [20.038837, 10.657265, 1489.0], [20.038837, 10.284988, 1507.0], [20.005362, 9.819909, 1524.0], [19.939941, 9.443038, 1542.0], [19.827396, 9.022446, 1560.0], [19.734787, 8.707591, 1578.0], [19.625422, 8.3546095, 1595.0], [19.423935, 7.9689374, 1613.0], [19.26603, 7.730653, 1631.0], [19.135963, 7.557753, 1649.0], [19.005539, 7.3765864, 1666.0], [18.847775, 7.230528, 1702.0], [9.747573, 8.733181, 0.0], [9.669903, 9.080959, 149.0], [9.720545, 9.37513, 167.0], [9.825366, 9.782791, 185.0], [9.984585, 10.245055, 203.0], [10.178846, 10.698606, 220.0], [10.491673, 11.390124, 238.0], [10.684753, 11.879774, 256.0], [10.828834, 12.289801, 274.0], [10.996584, 12.715641, 291.0], [11.266302, 13.180062, 309.0], [11.527515, 13.694132, 327.0], [11.913665, 14.252485, 345.0], [12.30727, 14.62922, 362.0], [12.6950865, 14.966688, 380.0], [13.091074, 15.296879, 398.0], [13.482119, 15.584086, 416.0], [13.980583, 15.786005, 433.0], [14.3921585, 16.0652, 451.0], [14.777338, 16.334421, 469.0], [15.163761, 16.494528, 487.0], [15.40023, 16.681923, 505.0], [15.678685, 16.88549, 522.0], [16.043705, 17.184925, 540.0], [16.320015, 17.44683, 558.0], [16.581596, 17.669716, 576.0], [16.854532, 17.8651, 593.0], [17.103241, 18.11396, 611.0], [17.364729, 18.29651, 629.0], [17.557463, 18.502337, 647.0], [17.755495, 18.688892, 664.0], [18.000381, 18.972786, 700.0], [18.075438, 19.159988, 718.0], [18.174759, 19.321981, 771.0], [18.259495, 19.511137, 789.0], [18.252426, 19.674711, 807.0], [18.23197, 19.928604, 824.0], [18.119957, 20.236385, 842.0], [17.658318, 20.860846, 860.0], [17.311619, 21.29765, 877.0], [17.045975, 21.745575, 895.0], [16.787964, 21.96985, 913.0], [16.502966, 22.335556, 931.0], [16.228296, 22.709896, 949.0], [15.890077, 22.987675, 966.0], [15.628101, 23.210953, 984.0], [15.366919, 23.369282, 1002.0], [15.152556, 23.494804, 1020.0], [14.975513, 23.591928, 1037.0], [14.790943, 23.669535, 1055.0], [14.549105, 23.732574, 1091.0], [14.353975, 23.789375, 1109.0], [14.080389, 23.771433, 1126.0], [13.8279915, 23.771433, 1144.0], [13.445618, 23.771433, 1162.0], [13.048826, 23.648426, 1180.0], [12.724051, 23.5508, 1197.0], [12.483853, 23.420649, 1215.0], [12.164736, 23.12024, 1251.0], [11.952237, 22.764236, 1286.0], [11.847866, 22.505138, 1304.0], [11.786407, 22.314238, 1322.0], [11.805825, 21.966156, 1339.0], [11.805825, 21.609423, 1357.0], [11.932986, 21.125263, 1375.0], [12.115608, 20.600384, 1393.0], [12.427322, 20.040766, 1411.0], [12.728702, 19.593048, 1428.0], [12.988235, 19.126583, 1446.0], [13.25187, 18.747232, 1464.0], [13.578827, 18.316248, 1481.0], [13.960995, 17.978416, 1499.0], [14.23778, 17.525831, 1517.0], [14.628027, 17.147984, 1535.0], [14.958458, 16.752945, 1553.0], [15.205028, 16.357452, 1570.0], [15.466477, 16.028414, 1588.0], [15.609094, 15.714685, 1606.0], [15.784081, 15.427206, 1623.0], [16.014805, 15.103193, 1641.0], [16.275253, 14.751139, 1659.0], [16.581856, 14.314204, 1677.0], [16.983492, 13.923225, 1694.0], [17.33051, 13.580371, 1712.0], [17.595228, 13.266169, 1730.0], [17.855286, 12.979758, 1748.0], [18.15534, 12.6546545, 1766.0], [18.452652, 12.2408, 1783.0], [18.716604, 11.999143, 1801.0], [18.951607, 11.647272, 1819.0], [19.200464, 11.254402, 1837.0], [19.461086, 10.981003, 1854.0], [19.692095, 10.685361, 1872.0], [19.838263, 10.361816, 1890.0], [19.967817, 10.157636, 1908.0], [20.068087, 9.966569, 1926.0], [20.077671, 9.6547785, 1943.0], [20.160435, 9.373383, 1961.0], [20.15534, 9.043271, 1979.0], [20.15534, 8.655464, 1997.0], [20.109598, 8.218498, 2014.0], [19.971163, 7.757868, 2032.0], [19.84466, 7.3731327, 2050.0], [19.56514, 6.9675612, 2068.0], [19.350235, 6.691069, 2085.0], [19.131798, 6.504403, 2103.0], [18.921486, 6.3428183, 2121.0], [18.724653, 6.173176, 2139.0], [18.464027, 6.1048756, 2156.0], [18.150509, 6.0908012, 2174.0], [17.788322, 6.0134673, 2192.0], [17.523878, 5.986271, 2210.0], [17.210613, 5.974226, 2227.0], [16.719051, 5.8529453, 2245.0], [16.132526, 5.8576508, 2263.0], [15.501732, 5.8576508, 2281.0], [14.871764, 5.8576508, 2298.0], [14.090378, 5.94676, 2316.0], [13.468143, 6.0881715, 2334.0], [12.96944, 6.1800303, 2352.0], [12.615615, 6.3495665, 2369.0], [12.174757, 6.537675, 2387.0], [11.5368395, 7.075805, 2405.0], [10.991206, 7.5326242, 2423.0], [10.53521, 7.828492, 2441.0], [10.159187, 8.156809, 2458.0], [9.956953, 8.29813, 2476.0], [9.819254, 8.483598, 2494.0]"}