{"Image number":39442,"Image shape":8,"Path":"[18.309483, 9.129684, 0.0], [18.076538, 9.129684, 35.0], [17.328655, 8.802259, 52.0], [16.05765, 8.331357, 68.0], [14.617048, 7.773061, 85.0], [13.230445, 7.4511294, 101.0], [11.920202, 7.217041, 118.0], [10.803455, 7.030866, 134.0], [9.721287, 6.9371133, 151.0], [8.984656, 6.9855504, 167.0], [8.331942, 7.268051, 184.0], [8.010056, 7.7357054, 201.0], [7.825451, 8.295019, 217.0], [7.920971, 8.85499, 234.0], [8.204806, 9.562132, 250.0], [8.907443, 10.493628, 267.0], [9.889167, 11.473044, 283.0], [11.05638, 12.499425, 300.0], [12.359629, 13.475613, 316.0], [13.807001, 14.691576, 333.0], [15.005856, 15.706815, 349.0], [16.041351, 16.601795, 366.0], [16.820587, 17.243374, 382.0], [17.56935, 17.992994, 399.0], [18.033745, 18.739716, 416.0], [18.266132, 19.44267, 432.0], [18.215826, 20.139454, 449.0], [17.93598, 20.78682, 465.0], [17.46836, 21.394323, 482.0], [16.718567, 21.861565, 498.0], [15.967936, 22.283653, 515.0], [14.952209, 22.604103, 531.0], [13.921816, 22.838186, 548.0], [12.7988615, 22.883467, 564.0], [11.674003, 22.835472, 581.0], [10.707372, 22.695276, 598.0], [9.627484, 22.223068, 615.0], [8.378477, 20.772614, 647.0], [8.292335, 20.034937, 664.0], [8.386413, 18.962265, 680.0], [8.945868, 17.846287, 697.0], [9.886171, 16.71776, 713.0], [11.229716, 15.935336, 730.0], [12.590289, 15.278238, 746.0], [15.38272, 14.44199, 780.0], [16.635277, 14.117369, 796.0], [17.901806, 13.8358345, 813.0], [19.853836, 13.1361885, 846.0], [20.551674, 12.668943, 862.0], [21.339886, 11.268811, 895.0], [21.478142, 10.103685, 912.0], [20.963669, 7.9595923, 945.0], [20.217836, 7.1229515, 962.0], [19.331116, 6.4698257, 978.0], [18.260897, 6.1920323, 995.0], [17.037086, 6.1925535, 1011.0]"}