{"Image number":10804,"Image shape":5,"Path":"[17.772223, 6.727778, 0.0], [17.363888, 6.727778, 17.0], [16.197378, 6.727778, 34.0], [14.937485, 6.8682313, 51.0], [14.054405, 7.0813217, 67.0], [12.878021, 7.310057, 84.0], [11.874111, 7.416176, 101.0], [11.347655, 7.520274, 117.0], [11.157901, 7.584938, 134.0], [11.083334, 8.026268, 167.0], [11.083334, 8.563313, 184.0], [11.205317, 9.442172, 201.0], [11.276788, 10.594887, 218.0], [11.277779, 12.001556, 235.0], [11.277779, 13.203962, 252.0], [11.23968, 14.25798, 268.0], [11.183633, 14.990555, 285.0], [11.1319275, 15.195917, 301.0], [11.167283, 15.379629, 318.0], [11.614916, 15.438889, 352.0], [12.16914, 15.258435, 368.0], [13.150778, 14.97465, 385.0], [14.294621, 14.780026, 402.0], [15.534588, 14.726801, 418.0], [16.83735, 15.053045, 435.0], [18.054148, 15.61874, 452.0], [19.094444, 16.313889, 469.0], [19.831299, 17.061707, 485.0], [20.456179, 17.971167, 502.0], [20.902779, 18.841667, 519.0], [21.029198, 19.778412, 535.0], [21.090462, 20.76166, 552.0], [21.116667, 21.647255, 569.0], [20.951973, 22.475437, 586.0], [20.436111, 23.372223, 602.0], [19.579363, 24.121826, 619.0], [18.465553, 24.864851, 636.0], [17.091667, 25.394445, 653.0], [15.609961, 25.281366, 669.0], [14.34663, 24.718195, 686.0], [13.756084, 23.379364, 703.0], [13.494444, 22.594444, 719.0]"}