{"Image number":35810,"Image shape":6,"Path":"[11.321131, 7.31146, 0.0], [11.227953, 7.6378083, 36.0], [10.711633, 8.71813, 53.0], [10.198425, 10.40342, 69.0], [9.824344, 12.425107, 86.0], [10.113935, 14.285489, 102.0], [10.626758, 16.139093, 119.0], [11.519169, 17.681656, 135.0], [12.4902935, 18.925833, 152.0], [13.750901, 19.717182, 169.0], [15.150482, 20.088068, 185.0], [18.228088, 19.849968, 218.0], [19.534874, 19.145683, 235.0], [20.599705, 17.979698, 251.0], [21.29627, 16.625843, 268.0], [21.714897, 15.363661, 284.0], [21.47621, 14.392294, 301.0], [20.915483, 13.976043, 317.0], [18.289621, 14.30976, 350.0], [16.533302, 14.912691, 367.0], [14.845999, 15.710775, 384.0], [13.639594, 16.550058, 400.0], [12.964314, 17.523504, 417.0], [12.802919, 18.159298, 433.0]"}