{"Image number":15063,"Image shape":9,"Path":"[17.554688, 12.768518, 0.0], [16.752266, 13.260231, 130.0], [16.519932, 13.36209, 147.0], [16.330908, 13.458254, 163.0], [16.031475, 13.636375, 180.0], [15.718994, 13.840133, 197.0], [15.439726, 14.040846, 213.0], [15.179978, 14.2059145, 230.0], [14.905838, 14.361719, 246.0], [14.649094, 14.51134, 264.0], [14.416039, 14.707735, 280.0], [14.153233, 14.863609, 297.0], [13.9305105, 15.0112095, 313.0], [13.723162, 15.12007, 330.0], [13.521484, 15.223379, 347.0], [13.294604, 15.339981, 363.0], [13.089488, 15.470065, 379.0], [12.858833, 15.572579, 396.0], [12.5949135, 15.677722, 413.0], [12.390728, 15.780624, 429.0], [12.165517, 15.832108, 447.0], [11.937464, 15.879629, 464.0], [11.682711, 15.937314, 480.0], [11.445506, 15.92824, 497.0], [11.164606, 15.92824, 513.0], [10.911821, 15.92824, 530.0], [10.687032, 15.92824, 546.0], [10.435254, 15.92824, 563.0], [10.258316, 15.92824, 580.0], [10.083996, 15.92824, 596.0], [9.889737, 15.92824, 613.0], [9.752171, 15.814042, 630.0], [9.570657, 15.717798, 646.0], [9.412392, 15.666338, 663.0], [9.25141, 15.56102, 679.0], [9.035403, 15.428461, 696.0], [8.84111, 15.280061, 713.0], [8.683963, 15.120809, 730.0], [8.514124, 14.96813, 746.0], [8.367592, 14.762296, 763.0], [8.218467, 14.545792, 780.0], [8.101959, 14.338669, 796.0], [7.9887877, 14.137475, 813.0], [7.9140654, 13.928251, 830.0], [7.8602066, 13.73675, 846.0], [7.8312373, 13.53653, 864.0], [7.8203125, 13.369591, 880.0], [7.8203125, 13.1676, 898.0], [7.9051123, 12.959682, 913.0], [7.962642, 12.689982, 930.0], [8.044709, 12.515424, 947.0], [8.220607, 12.174027, 963.0], [8.438491, 11.863979, 980.0], [8.640625, 11.577546, 997.0], [8.894415, 11.279795, 1014.0], [9.166488, 10.943711, 1030.0], [9.404663, 10.680356, 1046.0], [9.631143, 10.429725, 1063.0], [9.862065, 10.167708, 1080.0], [10.202472, 9.8975725, 1097.0], [10.497774, 9.601448, 1113.0], [10.778801, 9.350297, 1130.0], [11.12806, 9.026466, 1146.0], [11.460069, 8.740279, 1163.0], [11.759963, 8.469002, 1180.0], [12.047959, 8.253986, 1197.0], [12.359052, 8.053432, 1213.0], [12.671112, 7.900915, 1230.0], [13.076086, 7.7462187, 1246.0], [13.321604, 7.6041703, 1263.0], [13.691274, 7.4479566, 1280.0], [14.0405035, 7.3444805, 1297.0], [14.343069, 7.2409825, 1313.0], [14.630325, 7.178241, 1330.0], [14.998793, 7.12963, 1347.0], [15.355959, 7.0843444, 1364.0], [15.684707, 7.0810184, 1380.0], [16.03757, 7.0201173, 1397.0], [16.318108, 7.0324073, 1414.0], [16.504726, 7.0324073, 1430.0], [16.766897, 7.11223, 1447.0], [17.014986, 7.254346, 1464.0], [17.263155, 7.4011016, 1480.0], [17.54219, 7.558243, 1497.0], [17.772457, 7.6639156, 1514.0], [17.995264, 7.811552, 1530.0], [18.207754, 7.966757, 1547.0], [18.408934, 8.121961, 1563.0], [18.595823, 8.265117, 1580.0], [18.759745, 8.419541, 1597.0], [18.901505, 8.521245, 1614.0], [19.0178, 8.673228, 1630.0], [19.126255, 8.769634, 1646.0], [19.218367, 8.961601, 1664.0], [19.331165, 9.073305, 1680.0], [19.420692, 9.2258005, 1697.0], [19.502703, 9.389243, 1714.0], [19.61995, 9.475833, 1731.0], [19.673828, 9.706018, 1747.0], [19.770178, 9.852999, 1763.0], [19.839432, 10.05178, 1779.0], [19.924383, 10.256599, 1796.0], [19.983349, 10.514864, 1813.0], [20.067345, 10.759637, 1830.0], [20.12484, 10.96934, 1846.0], [20.184597, 11.181808, 1863.0], [20.242914, 11.437775, 1880.0], [20.265865, 11.721186, 1898.0], [20.301281, 12.055903, 1913.0], [20.316406, 12.392568, 1929.0], [20.316406, 12.719834, 1947.0], [20.316406, 13.024348, 1964.0], [20.272392, 13.323386, 1980.0], [20.234375, 13.678282, 1997.0], [20.174644, 14.116885, 2014.0], [20.11614, 14.532913, 2030.0], [20.033165, 14.977121, 2046.0], [19.90264, 15.388009, 2063.0], [19.716324, 15.876999, 2081.0], [19.536167, 16.31936, 2097.0], [19.300587, 16.81053, 2113.0], [19.098425, 17.211143, 2129.0], [18.899887, 17.571495, 2146.0], [18.702797, 18.019497, 2164.0], [18.436317, 18.44423, 2180.0], [18.171055, 18.8672, 2198.0], [17.852524, 19.302103, 2213.0], [17.541016, 19.719908, 2230.0], [17.212864, 20.125032, 2246.0], [16.912104, 20.53658, 2263.0], [16.594795, 20.996136, 2279.0], [16.283083, 21.445816, 2296.0], [15.986944, 21.975536, 2313.0], [15.649804, 22.46904, 2330.0], [15.353811, 22.97643, 2347.0], [15.152018, 23.479313, 2364.0], [14.96561, 23.926199, 2380.0], [14.777027, 24.440567, 2396.0]"}