{"Image number":10615,"Image shape":1,"Path":"[18.86111, 5.4833336, 0.0], [18.49721, 5.743263, 18.0], [17.32142, 6.804847, 34.0], [16.165129, 8.397187, 51.0], [15.353968, 9.587514, 68.0], [13.889473, 11.888432, 84.0], [12.756495, 13.863991, 101.0], [11.55, 16.23611, 118.0], [10.746634, 18.011322, 135.0], [10.130858, 19.50557, 151.0], [9.746014, 20.606258, 168.0], [9.514075, 21.436848, 185.0], [9.297016, 22.081173, 202.0], [9.2668085, 22.249573, 218.0], [9.166155, 22.417435, 235.0], [9.061111, 22.633333, 252.0], [8.808333, 22.672222, 268.0]"}