{"Image number":37353,"Image shape":7,"Path":"[9.364392, 10.248591, 0.0], [9.785778, 10.248591, 54.0], [10.482811, 10.248591, 70.0], [11.469765, 10.248591, 87.0], [12.533062, 10.248591, 103.0], [13.699255, 10.295297, 120.0], [14.916411, 10.295212, 136.0], [16.080894, 10.342141, 153.0], [17.105377, 10.341834, 169.0], [18.094975, 10.341834, 186.0], [18.830467, 10.341834, 202.0], [19.337513, 10.341834, 219.0], [19.662788, 10.341834, 236.0], [19.988228, 10.248078, 269.0], [20.079128, 10.483174, 368.0], [19.845007, 11.139758, 384.0], [19.46966, 11.889437, 401.0], [19.000431, 12.733718, 418.0], [18.489012, 13.428147, 434.0], [17.979408, 14.2175, 451.0], [17.461712, 15.065585, 467.0], [16.950012, 15.9508705, 484.0], [16.390354, 16.78903, 500.0], [15.926341, 17.627527, 517.0], [15.319658, 18.465174, 534.0], [14.671898, 19.34466, 550.0], [13.972847, 20.183527, 567.0], [13.413174, 20.97778, 583.0], [12.808376, 21.768728, 600.0], [12.342872, 22.562044, 616.0], [11.828945, 23.262257, 633.0], [11.317104, 23.913717, 649.0], [10.75501, 24.427887, 666.0], [10.33957, 24.891178, 682.0], [10.060432, 25.217241, 699.0], [9.82792, 25.590727, 715.0], [9.682769, 25.882175, 732.0]"}