{"Image number":30117,"Image shape":1,"Path":"[20.815535, 5.663357, 0.0], [20.625053, 5.6615095, 89.0], [20.388992, 6.050335, 142.0], [20.19345, 6.4158278, 160.0], [19.944695, 6.84824, 178.0], [19.643192, 7.425129, 195.0], [19.098822, 8.333321, 213.0], [18.654806, 9.0497465, 231.0], [18.238724, 9.766356, 249.0], [17.848145, 10.350298, 266.0], [17.40369, 11.099443, 284.0], [16.98954, 11.758921, 302.0], [16.49957, 12.510389, 320.0], [16.032946, 13.351637, 338.0], [15.448239, 14.163452, 355.0], [14.842972, 15.033375, 373.0], [14.178974, 15.954962, 391.0], [13.614712, 16.7043, 409.0], [12.915176, 17.448282, 426.0], [12.271844, 18.156374, 444.0], [11.61364, 18.873268, 463.0], [10.997944, 19.567055, 480.0], [10.468882, 20.156796, 497.0], [9.992165, 20.699467, 515.0], [9.682033, 21.036165, 533.0], [9.422211, 21.338037, 551.0], [9.259939, 21.550077, 568.0], [9.048544, 21.736765, 604.0]"}