{"Image number":39746,"Image shape":0,"Path":"[10.855241, 10.015486, 0.0], [11.181364, 9.595897, 51.0], [11.793608, 8.983231, 68.0], [12.630125, 8.1930065, 84.0], [13.379743, 7.489789, 101.0], [14.076764, 6.9800615, 117.0], [14.730666, 6.5600305, 134.0], [15.286578, 6.424313, 150.0], [15.798653, 6.378585, 167.0], [16.215189, 6.379038, 184.0], [16.589388, 6.520288, 200.0], [16.961975, 6.848379, 216.0], [17.241924, 7.3653946, 233.0], [17.426893, 7.925344, 250.0], [17.61403, 8.487143, 266.0], [17.751253, 9.086688, 283.0], [17.89136, 9.788266, 299.0], [18.031202, 10.535011, 316.0], [18.124605, 11.3334465, 332.0], [18.2637, 12.1649, 349.0], [18.356636, 12.957407, 366.0], [18.356073, 13.703755, 382.0], [18.356073, 14.409749, 398.0], [18.261848, 14.963612, 415.0], [18.121143, 15.477435, 432.0], [17.93428, 15.989847, 448.0], [17.842546, 16.548733, 465.0], [17.843594, 17.062431, 481.0], [17.843594, 17.523987, 498.0], [17.843594, 17.9441, 514.0], [17.843594, 18.318968, 531.0], [17.890722, 18.64418, 547.0], [17.890182, 18.87801, 564.0], [17.890182, 19.157768, 581.0], [17.890182, 19.438274, 597.0], [17.890182, 19.717487, 614.0], [17.842926, 19.996431, 630.0], [17.843594, 20.32148, 647.0], [17.79626, 20.745049, 663.0], [17.797005, 21.213236, 680.0], [17.797005, 21.53576, 696.0], [17.749876, 21.766722, 713.0], [17.750416, 22.001509, 729.0], [17.655697, 22.281471, 746.0], [17.562708, 22.655224, 762.0], [17.23731, 23.210312, 796.0], [17.049454, 23.350727, 812.0], [16.815222, 23.585653, 829.0], [16.537172, 23.77001, 845.0], [16.349163, 23.863758, 862.0], [16.02447, 23.955925, 895.0], [15.650923, 23.86047, 944.0], [15.225881, 23.71919, 961.0], [14.668438, 23.43882, 978.0], [14.062754, 23.017843, 994.0], [13.501448, 22.501358, 1011.0], [12.894027, 21.987694, 1027.0], [12.387763, 21.66764, 1044.0], [12.015, 21.292831, 1060.0], [11.6861, 20.868248, 1077.0], [11.222204, 20.35905, 1093.0], [10.799801, 19.698904, 1110.0], [10.478066, 18.956535, 1126.0], [10.248614, 18.124073, 1143.0], [9.831632, 16.408995, 1176.0], [9.689398, 15.603682, 1193.0], [9.643758, 14.908185, 1209.0], [9.832299, 13.454689, 1242.0], [10.017897, 12.808348, 1259.0], [10.250058, 12.158727, 1275.0], [10.483272, 11.55205, 1292.0], [10.855525, 10.247599, 1325.0], [11.088676, 9.687959, 1342.0]"}