{"Image number":37567,"Image shape":5,"Path":"[21.80366, 2.6027255, 0.0], [21.195055, 2.743179, 52.0], [20.211203, 2.8366344, 69.0], [18.95559, 2.88268, 85.0], [17.647995, 2.9294038, 102.0], [16.487696, 3.1163287, 118.0], [15.499153, 3.3522348, 135.0], [13.879787, 3.7223816, 168.0], [13.267617, 3.8638644, 185.0], [12.855976, 3.9553146, 201.0], [12.62491, 4.1885567, 218.0], [12.484165, 4.565328, 234.0], [12.439105, 5.215785, 251.0], [12.392304, 5.9184566, 267.0], [12.299316, 6.6602297, 284.0], [12.112798, 7.452794, 300.0], [11.646925, 8.990808, 334.0], [11.3669815, 9.504008, 350.0], [11.087627, 9.876368, 367.0], [10.901455, 10.109199, 383.0], [10.761818, 10.342323, 416.0], [11.700467, 10.435077, 516.0], [12.494621, 10.482213, 532.0], [13.325324, 10.575038, 549.0], [14.024336, 10.855084, 565.0], [14.7284775, 11.372156, 582.0], [15.382719, 11.93411, 598.0], [16.082058, 12.493489, 615.0], [16.68067, 13.0475235, 631.0], [17.98839, 14.402908, 664.0], [18.542568, 15.143995, 681.0], [18.96191, 15.796788, 698.0], [19.243258, 16.406902, 714.0], [19.381308, 17.009857, 731.0], [19.381031, 17.71282, 747.0], [19.240234, 18.412449, 764.0], [18.3005, 19.768293, 797.0], [17.468107, 20.367386, 813.0], [16.34963, 20.879642, 830.0], [15.226425, 21.159986, 846.0], [14.10482, 21.346365, 863.0], [12.146861, 21.203272, 896.0], [11.223868, 20.970432, 913.0], [10.386409, 20.456821, 929.0], [9.543768, 19.753485, 946.0], [8.702755, 18.910727, 962.0], [7.8141956, 17.78509, 979.0], [7.0268497, 16.576681, 995.0]"}