{"Image number":15190,"Image shape":6,"Path":"[16.269531, 3.386574, 0.0], [15.748823, 4.65465, 95.0], [15.496786, 5.373243, 112.0], [15.186069, 6.1816354, 128.0], [14.773758, 7.0647526, 145.0], [14.433072, 7.967827, 162.0], [14.0917225, 8.784004, 178.0], [13.741128, 9.776286, 195.0], [13.486235, 10.54312, 212.0], [13.247859, 11.377775, 228.0], [13.059845, 12.169992, 245.0], [12.8515625, 12.890046, 262.0], [12.6589985, 13.647633, 280.0], [12.46875, 14.251158, 295.0], [12.26723, 14.904967, 311.0], [12.064116, 15.47438, 328.0], [11.924035, 15.92312, 345.0], [11.778703, 16.388687, 361.0], [11.6353, 16.741053, 378.0], [11.556307, 17.166729, 395.0], [11.458488, 17.575838, 411.0], [11.360086, 18.031755, 428.0], [11.260784, 18.444622, 445.0], [11.193311, 18.79308, 462.0], [11.112314, 19.068848, 480.0], [11.049004, 19.368275, 495.0], [10.965923, 19.570236, 512.0], [10.908104, 19.723558, 528.0], [10.878126, 19.87407, 545.0], [10.855469, 20.085922, 562.0], [10.800781, 20.246214, 578.0], [10.7734375, 20.376974, 595.0], [10.746094, 20.57563, 629.0], [10.71875, 20.689152, 662.0], [10.674001, 20.58163, 779.0], [10.6640625, 20.385246, 796.0], [10.613167, 20.170889, 812.0], [10.584029, 19.970064, 829.0], [10.553449, 19.715502, 846.0], [10.522363, 19.507753, 863.0], [10.527344, 19.19888, 880.0], [10.527344, 18.832502, 896.0], [10.527344, 18.492874, 913.0], [10.593754, 18.268505, 929.0], [10.649474, 18.021778, 946.0], [10.708788, 17.859493, 962.0], [10.767494, 17.737415, 980.0], [10.8492155, 17.586578, 996.0], [10.993135, 17.483236, 1012.0], [11.227858, 17.330444, 1029.0], [11.510539, 17.28005, 1045.0], [11.869415, 17.24074, 1061.0], [12.222656, 17.24074, 1079.0], [12.463467, 17.24074, 1096.0], [12.772987, 17.24074, 1113.0], [13.125, 17.24074, 1129.0], [13.494713, 17.417969, 1145.0], [13.785626, 17.465908, 1162.0], [14.079566, 17.57042, 1179.0], [14.315139, 17.67247, 1196.0], [14.520751, 17.726852, 1212.0], [14.725651, 17.832792, 1229.0], [14.930386, 17.937914, 1245.0], [15.092712, 17.985497, 1262.0], [15.264014, 18.038397, 1278.0], [15.440315, 18.136091, 1295.0], [15.628736, 18.189714, 1313.0], [15.78429, 18.261574, 1328.0], [15.951718, 18.310184, 1345.0], [16.095955, 18.358797, 1362.0], [16.211458, 18.404398, 1379.0], [16.322264, 18.407408, 1396.0], [16.434505, 18.45683, 1413.0], [16.548832, 18.456018, 1428.0], [16.754622, 18.571236, 1462.0], [16.893332, 18.57301, 1480.0], [17.004229, 18.601852, 1496.0], [17.162659, 18.68269, 1528.0], [17.352774, 18.699074, 1561.0], [17.523687, 18.747684, 1596.0], [17.701248, 18.796297, 1628.0], [17.939465, 18.844908, 1662.0], [18.198383, 18.91849, 1695.0], [18.36706, 18.969831, 1711.0], [18.535109, 19.069416, 1728.0], [18.682117, 19.124128, 1745.0], [18.806648, 19.185184, 1762.0], [18.949936, 19.233797, 1778.0], [19.065401, 19.282408, 1795.0], [19.20741, 19.331018, 1811.0], [19.368212, 19.37963, 1845.0], [19.509655, 19.452347, 1878.0], [19.674286, 19.525463, 1911.0], [19.816004, 19.622684, 1945.0], [19.93231, 19.671297, 1978.0], [20.046474, 19.768518, 2012.0], [20.187822, 19.928812, 2045.0], [20.367496, 20.129902, 2078.0], [20.440338, 20.257772, 2095.0], [20.49616, 20.37975, 2111.0], [20.5625, 20.52867, 2145.0], [20.589844, 20.64172, 2179.0], [20.538004, 20.835434, 2213.0], [20.422916, 20.889122, 2230.0]"}