{"Image number":334,"Image shape":9,"Path":"[16.421326, 16.494852, 0.0], [16.236076, 16.68016, 54.0], [16.002602, 16.895502, 81.0], [15.865668, 17.142006, 94.0], [15.656929, 17.296011, 107.0], [15.430989, 17.521936, 122.0], [15.096809, 17.657822, 136.0], [14.730698, 17.785286, 150.0], [14.3209, 17.876383, 164.0], [13.912485, 17.967173, 177.0], [13.508313, 18.00439, 192.0], [13.10087, 18.02461, 205.0], [12.69528, 18.058332, 220.0], [12.372726, 18.061033, 233.0], [12.008685, 18.010086, 248.0], [11.70397, 18.000887, 262.0], [11.42237, 17.891798, 275.0], [11.190647, 17.755295, 291.0], [10.968756, 17.572939, 303.0], [10.761182, 17.447714, 316.0], [10.580619, 17.281189, 331.0], [10.360607, 17.061104, 345.0], [10.183738, 16.787458, 359.0], [9.986506, 16.49371, 373.0], [9.821487, 16.1778, 387.0], [9.718034, 15.824508, 401.0], [9.580466, 15.462455, 415.0], [9.517867, 15.084199, 429.0], [9.410509, 14.767873, 443.0], [9.2835455, 14.489119, 457.0], [9.193436, 14.171768, 474.0], [9.085906, 13.875176, 487.0], [8.976615, 13.629868, 504.0], [8.887209, 13.371328, 517.0], [8.840563, 13.100193, 527.0], [8.847855, 12.789628, 543.0], [8.847855, 12.517847, 555.0], [8.8820505, 12.246679, 569.0], [8.9272585, 11.932335, 583.0], [8.986942, 11.6703, 599.0], [9.100797, 11.399536, 612.0], [9.238118, 11.124804, 625.0], [9.373112, 10.813135, 638.0], [9.559841, 10.444725, 652.0], [9.776655, 10.120226, 667.0], [9.987838, 9.791883, 680.0], [10.215044, 9.473692, 694.0], [10.388472, 9.114731, 711.0], [10.628744, 8.828115, 724.0], [10.885495, 8.525937, 737.0], [11.117027, 8.24927, 750.0], [11.343438, 7.9298487, 764.0], [11.570204, 7.6890154, 778.0], [11.794458, 7.464688, 792.0], [12.022999, 7.2360735, 807.0], [12.247333, 7.011667, 821.0], [12.509796, 6.840704, 836.0], [12.762903, 6.660124, 849.0], [12.997231, 6.479769, 863.0], [13.223186, 6.3438582, 877.0], [13.486153, 6.188848, 890.0], [13.712974, 6.09809, 904.0], [13.939003, 6.0076494, 918.0], [14.121605, 5.9169564, 932.0], [14.337301, 5.879769, 947.0], [14.492855, 5.859405, 961.0], [14.694858, 5.859405, 975.0], [15.074719, 5.910517, 1001.0], [15.277913, 6.0760384, 1015.0], [15.458927, 6.1793504, 1030.0], [15.640091, 6.3940883, 1044.0], [15.868939, 6.568311, 1061.0], [15.999677, 6.7488394, 1073.0], [16.150217, 6.961449, 1086.0], [16.285395, 7.226476, 1101.0], [16.421812, 7.450677, 1115.0], [16.557247, 7.712899, 1127.0], [16.692942, 7.9391303, 1142.0], [16.789892, 8.203839, 1155.0], [16.925924, 8.518376, 1170.0], [17.043095, 8.837599, 1184.0], [17.133572, 9.182804, 1198.0], [17.260458, 9.542589, 1213.0], [17.350689, 9.859899, 1226.0], [17.40491, 10.232096, 1240.0], [17.495087, 10.620052, 1252.0], [17.585323, 11.02625, 1266.0], [17.676441, 11.391415, 1281.0], [17.712284, 11.746857, 1296.0], [17.757988, 12.149022, 1308.0], [17.803246, 12.545925, 1323.0], [17.804941, 12.954648, 1337.0], [17.84135, 13.407936, 1353.0], [17.84135, 13.838228, 1370.0], [17.84135, 14.3122835, 1379.0], [17.84135, 14.809146, 1392.0], [17.84135, 15.256386, 1408.0], [17.804941, 15.768169, 1422.0], [17.773212, 16.261219, 1435.0], [17.72739, 16.806572, 1449.0], [17.633186, 17.294127, 1464.0], [17.520548, 17.814915, 1477.0], [17.353943, 18.358204, 1491.0], [17.173407, 18.89999, 1505.0], [16.944393, 19.442272, 1519.0], [16.73886, 20.06345, 1534.0], [16.557924, 20.667349, 1547.0], [16.37687, 21.255968, 1561.0], [16.24497, 21.789776, 1575.0], [16.164223, 22.280111, 1590.0], [16.093628, 22.66851, 1603.0]"}