{"Image number":38911,"Image shape":3,"Path":"[13.324458, 2.5094826, 0.0], [13.792297, 2.743239, 69.0], [14.308216, 2.9781451, 85.0], [14.910492, 3.2563472, 102.0], [15.516105, 3.629598, 118.0], [16.216106, 4.143518, 135.0], [17.429976, 5.1716256, 168.0], [17.799353, 5.5422063, 184.0], [18.03085, 5.9142694, 201.0], [17.982788, 6.3375707, 217.0], [17.70258, 7.034852, 234.0], [17.23484, 7.8295584, 250.0], [15.694346, 9.415206, 284.0], [13.919187, 10.770431, 317.0], [13.083285, 11.326368, 333.0], [12.485072, 11.787693, 350.0], [11.9267025, 12.486579, 383.0], [12.162406, 12.625734, 499.0], [13.608947, 12.62627, 532.0], [14.548355, 12.720771, 548.0], [15.331644, 12.860057, 565.0], [16.307108, 13.046041, 581.0], [17.333216, 13.279444, 598.0], [18.263418, 13.605498, 615.0], [19.755232, 14.258811, 648.0], [20.220734, 14.538397, 664.0], [20.407116, 14.772252, 681.0], [20.499233, 15.190752, 714.0], [20.499168, 15.470646, 730.0], [20.49901, 16.264284, 763.0], [19.890627, 17.479359, 796.0], [19.284813, 18.13084, 813.0], [18.728132, 18.687672, 830.0], [17.566664, 19.757097, 863.0], [17.000992, 20.228853, 879.0], [16.396442, 20.64711, 896.0], [15.741068, 21.021519, 912.0], [14.90794, 21.391285, 929.0], [14.15359, 21.627111, 945.0], [13.17953, 21.811617, 962.0], [12.3426485, 21.904259, 978.0], [11.319968, 21.95055, 995.0], [10.527826, 21.950497, 1012.0], [9.6403475, 21.856878, 1028.0], [8.09313, 21.57517, 1061.0], [7.3123, 21.297033, 1078.0], [6.6512737, 20.91857, 1094.0], [5.904517, 20.450937, 1111.0], [5.3042984, 19.987137, 1127.0], [4.841505, 19.522442, 1144.0], [4.6561995, 18.958633, 1160.0]"}