{"Image number":10464,"Image shape":2,"Path":"[9.177777, 6.4944444, 0.0], [9.586111, 6.2611113, 20.0], [11.318607, 5.631113, 41.0], [12.752558, 5.6, 58.0], [14.47214, 5.6, 75.0], [17.266666, 5.6, 92.0], [18.947554, 5.9475017, 108.0], [20.439476, 6.326824, 124.0], [22.013102, 7.10824, 141.0], [22.887077, 8.214492, 158.0], [23.146873, 9.143655, 175.0], [22.582138, 9.98073, 191.0], [21.353552, 10.984191, 208.0], [19.993061, 11.903385, 225.0], [17.756966, 13.200264, 241.0], [15.850623, 14.378891, 258.0], [14.213888, 15.613889, 275.0], [12.756146, 17.00223, 292.0], [11.276827, 18.37228, 308.0], [10.01893, 19.614403, 325.0], [8.89246, 20.82774, 342.0], [7.881954, 21.887125, 359.0], [7.541244, 22.453012, 375.0], [7.283449, 22.784578, 392.0], [7.1944447, 22.42025, 425.0], [7.455134, 21.774345, 442.0], [8.321826, 20.805952, 459.0], [9.788372, 19.636139, 475.0], [11.750812, 18.444372, 492.0], [15.165973, 17.77331, 509.0], [17.316769, 17.733334, 526.0], [19.18069, 17.733334, 543.0], [20.84585, 17.620682, 559.0], [22.432146, 17.296223, 576.0], [23.294445, 17.033333, 593.0]"}