{"Image number":38500,"Image shape":4,"Path":"[12.113144, 7.358081, 0.0], [11.644493, 8.342375, 102.0], [11.034201, 9.611268, 119.0], [10.47507, 11.107675, 135.0], [10.341552, 12.310421, 152.0], [10.29558, 13.433061, 168.0], [10.249006, 14.315611, 185.0], [10.249584, 14.82444, 201.0], [10.343412, 15.099144, 218.0], [10.624805, 15.378801, 251.0], [10.953301, 15.471556, 267.0], [11.417257, 15.563992, 284.0], [11.885888, 15.563402, 300.0], [12.4930525, 15.516226, 317.0], [13.189964, 15.516781, 334.0], [14.12887, 15.564023, 350.0], [14.919798, 15.563402, 367.0], [15.615822, 15.610589, 383.0], [16.122604, 15.797526, 400.0], [16.542065, 15.984311, 416.0], [17.0084, 15.982991, 433.0], [17.848726, 14.524253, 466.0], [18.22176, 13.260548, 483.0], [18.450552, 12.060046, 499.0], [18.542429, 10.436016, 532.0], [18.542429, 10.059334, 549.0], [18.260996, 10.4874, 598.0], [18.029617, 11.602192, 615.0], [17.841375, 13.393316, 631.0], [17.609564, 15.620449, 648.0], [17.469196, 17.733269, 665.0], [17.42348, 19.605392, 681.0], [17.47345, 21.245285, 698.0], [17.519901, 22.089949, 714.0]"}