{"Image number":36637,"Image shape":6,"Path":"[18.123127, 5.2135086, 0.0], [17.23757, 5.7265377, 52.0], [16.063766, 6.619325, 69.0], [14.570282, 7.9751124, 86.0], [13.07649, 9.65943, 102.0], [11.776314, 11.663681, 119.0], [10.706202, 13.669285, 135.0], [10.059166, 15.575306, 152.0], [9.733296, 16.978367, 168.0], [9.924127, 18.225304, 185.0], [10.53488, 19.1621, 201.0], [11.663513, 19.910013, 218.0], [13.116383, 20.27856, 234.0], [14.643301, 20.178024, 251.0], [16.141483, 19.6586, 268.0], [17.49009, 18.956804, 284.0], [18.599998, 18.213482, 301.0], [19.248913, 17.56046, 317.0], [19.570978, 16.95536, 334.0], [19.661734, 16.395563, 350.0], [19.42273, 15.792429, 383.0], [18.8628, 15.749408, 400.0], [17.884834, 15.984264, 416.0], [16.812418, 16.405016, 433.0], [15.687355, 17.157291, 449.0], [13.829015, 18.600822, 483.0], [13.244156, 19.285831, 499.0], [13.032251, 19.738043, 516.0]"}