{"Image number":39056,"Image shape":7,"Path":"[3.6339433, 9.689137, 0.0], [4.7054906, 9.642517, 35.0], [6.1192117, 9.595361, 52.0], [7.899631, 9.595897, 68.0], [8.910662, 9.595897, 85.0], [11.386565, 9.689812, 118.0], [12.7919655, 9.784153, 134.0], [14.164087, 9.829036, 151.0], [15.522186, 9.8759, 167.0], [16.605541, 9.875623, 184.0], [17.382662, 9.781796, 200.0], [18.123135, 9.595893, 233.0], [17.18233, 11.810058, 349.0], [16.577263, 13.630613, 366.0], [16.166344, 15.610232, 382.0], [15.789745, 17.777222, 399.0], [15.606632, 19.719927, 415.0], [15.466614, 21.49621, 432.0], [15.420678, 23.07912, 449.0], [15.373721, 24.53494, 465.0], [15.029636, 25.943846, 482.0], [14.704264, 26.801003, 498.0]"}