{"Image number":38979,"Image shape":8,"Path":"[20.732111, 7.124975, 0.0], [19.888462, 7.359344, 117.0], [18.864544, 7.6857057, 134.0], [17.824383, 8.111884, 150.0], [17.089006, 8.43438, 167.0], [16.491106, 8.570555, 183.0], [15.928273, 8.617283, 200.0], [15.458937, 8.569369, 216.0], [14.947201, 8.333545, 233.0], [14.436948, 8.00718, 249.0], [14.068478, 7.683199, 266.0], [13.836087, 7.403679, 283.0], [13.695584, 7.2160997, 299.0], [13.461273, 7.0765815, 316.0], [12.858433, 7.031733, 365.0], [12.669886, 7.1733437, 382.0], [12.484111, 7.406885, 398.0], [12.391572, 7.9708023, 415.0], [12.345856, 8.713841, 432.0], [12.487726, 9.418765, 448.0], [12.769736, 10.119598, 465.0], [13.237499, 10.817381, 481.0], [14.076796, 12.263678, 514.0], [14.539621, 12.9113865, 531.0], [15.141664, 13.605581, 547.0], [15.615302, 14.26919, 564.0], [15.887849, 14.913023, 580.0], [16.309406, 16.557886, 613.0], [16.446415, 17.478148, 630.0], [16.49268, 18.27026, 647.0], [16.539532, 18.926144, 663.0], [16.491909, 19.439585, 680.0], [16.30336, 19.906162, 696.0], [16.118753, 20.368002, 713.0], [15.837534, 20.836147, 729.0], [15.23152, 21.34597, 762.0], [14.760834, 21.486652, 779.0], [14.34633, 21.625181, 796.0], [13.922463, 21.908981, 812.0], [13.508475, 22.138283, 829.0], [12.622452, 22.18325, 862.0], [12.344177, 22.136663, 878.0], [12.15736, 22.042553, 895.0], [11.972001, 21.809258, 928.0], [11.926432, 21.436235, 961.0], [11.926788, 21.204082, 977.0], [11.926788, 20.923038, 994.0], [11.926788, 20.54874, 1011.0], [12.49138, 18.999548, 1044.0], [13.095843, 17.839508, 1060.0], [14.453079, 15.452174, 1093.0], [15.009407, 14.52482, 1110.0], [15.472846, 13.830474, 1126.0], [15.934746, 13.230651, 1143.0], [16.403898, 12.714487, 1160.0], [16.819809, 12.158494, 1176.0], [17.241575, 11.548724, 1193.0], [18.219675, 10.197249, 1226.0], [18.589773, 9.734815, 1242.0], [18.823229, 9.3607645, 1259.0], [19.008593, 8.989272, 1275.0], [19.196754, 8.565548, 1294.0], [19.38089, 7.8248568, 1325.0], [19.381031, 7.4493017, 1341.0], [19.287281, 7.029157, 1358.0], [19.147137, 6.7501097, 1375.0], [18.960943, 6.517917, 1391.0], [18.632189, 6.378354, 1424.0], [18.214668, 6.3322344, 1441.0], [17.749523, 6.3324165, 1457.0]"}