{"Image number":38299,"Image shape":6,"Path":"[18.682196, 4.0479803, 0.0], [18.024803, 4.235869, 51.0], [15.968483, 5.266872, 85.0], [14.749251, 6.397019, 101.0], [13.445116, 7.987378, 118.0], [12.236458, 9.759823, 134.0], [11.219438, 11.663107, 151.0], [10.567703, 13.582148, 169.0], [10.151219, 15.588198, 184.0], [10.063073, 17.33794, 200.0], [10.016281, 18.885328, 217.0], [10.110298, 20.185644, 233.0], [10.768966, 22.19742, 266.0], [11.325194, 22.84104, 283.0], [11.933607, 23.307762, 300.0], [13.790903, 23.442352, 333.0], [15.113989, 23.063929, 349.0], [16.507353, 22.221315, 366.0], [17.760105, 21.05572, 382.0], [18.877787, 19.748524, 399.0], [20.268976, 17.422968, 432.0], [20.499048, 15.798546, 465.0], [20.220049, 15.144781, 481.0], [19.614525, 14.584865, 498.0], [18.547253, 14.30589, 515.0], [17.469524, 14.164592, 531.0], [16.34685, 14.399101, 548.0], [15.467154, 14.817652, 564.0], [14.478767, 15.571344, 581.0], [13.506869, 16.499584, 597.0], [12.475322, 17.673334, 614.0], [11.452856, 18.648079, 630.0], [10.708467, 19.675703, 647.0], [10.176604, 20.548458, 663.0], [10.105393, 21.140089, 680.0]"}