{"Image number":25,"Image shape":2,"Path":"[9.503251, 8.263308, 0.0], [9.790794, 8.07155, 98.0], [9.968567, 8.040698, 111.0], [10.280867, 7.9504666, 125.0], [10.605123, 7.822144, 140.0], [11.01067, 7.641691, 153.0], [11.551163, 7.495462, 168.0], [12.094439, 7.314312, 182.0], [12.670394, 7.134389, 196.0], [13.295488, 6.9557185, 210.0], [13.8227625, 6.8279567, 226.0], [14.362371, 6.718665, 238.0], [14.912366, 6.66205, 252.0], [15.442154, 6.6178865, 265.0], [16.00175, 6.5712385, 278.0], [16.518246, 6.6496534, 293.0], [17.014645, 6.6947947, 307.0], [17.513004, 6.7401156, 321.0], [17.896769, 6.7842274, 335.0], [18.288721, 6.854536, 349.0], [18.61747, 6.9449654, 363.0], [18.891813, 7.0352545, 378.0], [19.156391, 7.1234765, 393.0], [19.336096, 7.2737455, 405.0], [19.498753, 7.4080777, 419.0], [19.637371, 7.5871286, 433.0], [19.756233, 7.890797, 461.0], [19.771132, 8.055729, 475.0], [19.810074, 8.2759695, 489.0], [19.807543, 8.498676, 503.0], [19.788357, 8.7235, 519.0], [19.771132, 8.9815445, 531.0], [19.733494, 9.216429, 545.0], [19.688475, 9.487871, 559.0], [19.568819, 9.760748, 573.0], [19.461208, 10.031101, 588.0], [19.334236, 10.2664995, 602.0], [19.155779, 10.534279, 618.0], [18.995907, 10.803764, 636.0], [18.793089, 11.07849, 645.0], [18.543528, 11.348874, 657.0], [18.270597, 11.621891, 671.0], [18.001478, 11.943316, 684.0], [17.583305, 12.223715, 699.0], [17.208202, 12.50808, 714.0], [16.80206, 12.823455, 727.0], [16.402502, 13.134322, 740.0], [15.928718, 13.479898, 755.0], [15.477305, 13.776116, 768.0], [15.030264, 14.126049, 781.0], [14.52444, 14.49085, 796.0], [14.085992, 14.8302145, 810.0], [13.601921, 15.147314, 825.0], [13.187748, 15.501174, 838.0], [12.7299, 15.864956, 852.0], [12.362733, 16.1637, 865.0], [11.962881, 16.457167, 888.0], [11.564167, 16.76225, 901.0], [11.236075, 17.04513, 913.0], [10.894648, 17.341513, 922.0], [10.578296, 17.584276, 936.0], [10.29817, 17.811176, 949.0], [10.030217, 18.034544, 963.0], [9.814724, 18.313616, 977.0], [9.64058, 18.587587, 991.0], [9.505028, 18.858776, 1005.0], [9.415248, 19.082413, 1019.0], [9.394017, 19.318874, 1037.0], [9.394017, 19.554365, 1049.0], [9.498042, 19.902964, 1062.0], [9.631635, 20.218252, 1076.0], [9.82103, 20.538626, 1089.0], [10.0259, 20.854507, 1105.0], [10.252944, 21.139034, 1118.0], [10.518891, 21.36621, 1132.0], [10.875276, 21.577007, 1150.0], [11.215104, 21.735378, 1163.0], [11.572148, 21.869314, 1173.0], [12.019761, 21.966383, 1187.0], [12.422364, 22.056786, 1202.0], [12.929405, 22.089077, 1217.0], [13.443836, 22.103958, 1230.0], [14.014493, 22.06502, 1244.0], [14.601509, 22.01985, 1258.0], [15.245047, 21.86179, 1271.0], [15.909022, 21.696703, 1285.0], [16.548653, 21.516022, 1299.0], [17.22717, 21.288914, 1314.0], [17.922058, 21.081163, 1328.0], [18.618382, 20.80963, 1341.0], [19.286844, 20.506466, 1358.0], [20.004316, 20.160376, 1377.0], [20.67919, 19.873493, 1387.0], [21.358614, 19.582058, 1396.0], [22.001713, 19.310934, 1411.0], [22.551857, 19.081312, 1426.0]"}