{"Image number":38360,"Image shape":5,"Path":"[19.00832, 6.9851117, 0.0], [18.121716, 7.0318213, 54.0], [16.899216, 7.031733, 69.0], [15.263362, 7.1731257, 85.0], [13.727592, 7.3600416, 102.0], [12.335565, 7.592942, 118.0], [11.223617, 7.7783957, 135.0], [10.4332695, 7.918007, 151.0], [9.920434, 8.011328, 168.0], [10.995679, 8.523946, 267.0], [11.325813, 8.901935, 284.0], [11.649509, 9.459902, 300.0], [11.835851, 10.163755, 317.0], [11.927519, 10.90714, 333.0], [11.833119, 11.698018, 350.0], [11.644463, 12.498279, 366.0], [11.318106, 13.145157, 383.0], [10.994112, 13.606596, 400.0], [10.761524, 13.885689, 416.0], [10.575326, 14.306152, 449.0], [11.184305, 14.350958, 598.0], [11.789086, 14.351252, 615.0], [13.235919, 14.351252, 648.0], [14.035321, 14.351252, 664.0], [14.871304, 14.445539, 681.0], [15.759335, 14.633559, 697.0], [16.637564, 14.865477, 714.0], [17.523834, 15.239735, 730.0], [18.31735, 15.613727, 747.0], [18.966633, 16.079737, 763.0], [19.526932, 16.54756, 780.0], [19.894909, 17.057203, 797.0], [20.081167, 17.524746, 813.0], [20.127167, 18.089472, 830.0], [19.892231, 18.690348, 846.0], [19.46586, 19.400257, 863.0], [18.763294, 20.192596, 879.0], [17.974306, 20.933361, 896.0], [17.085983, 21.539253, 912.0], [16.104862, 21.956903, 929.0], [15.08768, 22.279123, 946.0], [13.966397, 22.46505, 962.0], [12.7425785, 22.510828, 979.0], [11.442736, 22.320868, 995.0], [10.132662, 22.086117, 1012.0], [8.829615, 21.647793, 1028.0], [8.06101, 21.42428, 1047.0]"}