{"Image number":10670,"Image shape":4,"Path":"[11.316667, 4.5499997, 0.0], [10.86919, 5.0801783, 29.0], [10.305555, 6.2805557, 46.0], [9.69417, 7.955823, 62.0], [8.908787, 10.121671, 79.0], [8.05, 12.133333, 96.0], [7.6045074, 13.851644, 112.0], [7.2711678, 15.2749405, 129.0], [7.0841694, 16.058186, 146.0], [6.9088826, 16.606686, 162.0], [6.8055553, 16.800001, 179.0], [6.8055553, 16.605555, 213.0], [6.955428, 16.072475, 230.0], [7.3982487, 15.438387, 246.0], [8.177714, 14.757196, 263.0], [9.344002, 14.439494, 279.0], [10.819911, 14.254612, 296.0], [12.196119, 14.118167, 313.0], [14.135399, 13.876236, 329.0], [15.639984, 13.52195, 346.0], [16.955555, 13.047222, 363.0], [18.054417, 12.346041, 379.0], [18.930582, 11.586437, 396.0], [19.750916, 10.573565, 413.0], [20.379925, 9.719179, 430.0], [20.930853, 8.892611, 446.0], [21.299067, 8.45821, 463.0], [21.439926, 8.265114, 480.0], [21.350195, 8.632896, 513.0], [20.818935, 9.589249, 530.0], [19.846672, 11.367826, 546.0], [18.790585, 13.481525, 563.0], [17.541449, 16.256645, 580.0], [16.949371, 18.101883, 597.0], [16.453623, 19.824772, 613.0], [16.387646, 21.010712, 630.0], [16.372223, 22.023726, 646.0], [16.583185, 22.893852, 663.0], [16.669888, 23.406761, 680.0], [16.722816, 23.646229, 697.0]"}