{"Image number":39250,"Image shape":6,"Path":"[11.554076, 3.6750116, 0.0], [11.460898, 4.001359, 53.0], [11.320661, 4.7030325, 70.0], [11.084525, 5.7424583, 86.0], [10.803915, 6.8642097, 103.0], [10.5256815, 8.119492, 119.0], [10.341601, 9.511365, 136.0], [10.199999, 10.978887, 152.0], [10.1082735, 12.464495, 169.0], [10.015719, 13.852229, 186.0], [9.969592, 14.921234, 202.0], [9.97005, 15.662808, 219.0], [9.97005, 16.08289, 235.0], [10.017392, 16.313107, 252.0], [10.347566, 16.496786, 285.0], [10.717432, 16.54269, 301.0], [11.135139, 16.542444, 318.0], [11.510716, 16.495419, 334.0], [11.789136, 16.3549, 351.0], [12.162098, 16.07446, 368.0], [12.5842495, 15.745828, 384.0], [13.093941, 15.281467, 401.0], [13.606174, 14.862299, 417.0], [14.072712, 14.348139, 434.0], [14.491073, 13.882942, 450.0], [14.816258, 13.510985, 467.0], [15.096016, 13.231168, 483.0], [15.328545, 12.998481, 500.0], [15.561731, 12.765132, 533.0], [15.7010975, 12.53243, 632.0], [15.933573, 12.346543, 864.0], [16.308844, 12.253302, 947.0], [16.917656, 12.300372, 963.0], [17.6171, 12.535179, 980.0], [18.406143, 12.954462, 996.0], [19.10664, 13.61012, 1013.0], [19.709778, 14.354483, 1029.0], [20.130693, 15.434376, 1046.0], [20.31437, 16.692835, 1062.0], [20.359581, 17.945963, 1079.0], [20.079006, 19.016666, 1095.0], [19.609047, 19.81431, 1112.0], [19.00294, 20.464418, 1129.0], [18.302979, 20.882116, 1145.0], [17.552282, 21.115002, 1162.0], [16.721893, 21.251776, 1178.0], [16.017788, 21.15676, 1195.0], [15.266536, 20.82517, 1211.0], [14.621872, 20.266064, 1228.0], [14.11554, 19.524841, 1244.0], [12.485857, 3.395285, 0.0], [12.062745, 4.1016808, 71.0], [11.596029, 5.0833855, 87.0], [11.174432, 6.400618, 104.0], [10.946266, 7.9317527, 120.0], [10.808652, 11.581443, 153.0], [10.996303, 13.572611, 170.0], [11.370519, 15.43754, 186.0], [11.837785, 17.02286, 203.0], [12.445725, 18.233732, 219.0], [13.097202, 19.208387, 236.0], [13.884266, 19.899818, 253.0], [14.677668, 20.27314, 269.0], [16.17395, 20.364876, 302.0], [16.774658, 20.224913, 319.0], [17.429918, 19.802303, 335.0], [17.983948, 19.105873, 352.0], [18.544397, 17.983763, 368.0], [19.013838, 16.619667, 385.0], [19.568626, 13.8312235, 418.0], [19.614105, 12.763165, 434.0], [19.380672, 11.925659, 451.0], [19.054625, 11.413674, 468.0], [18.401716, 11.227365, 484.0], [17.610054, 11.18098, 501.0], [16.536322, 11.461467, 517.0], [15.557875, 12.115343, 534.0], [14.620593, 13.101264, 550.0], [13.876142, 14.222475, 567.0], [13.273544, 15.385241, 583.0], [12.758105, 16.653582, 600.0], [12.389317, 17.858774, 616.0], [12.097301, 18.931637, 633.0], [11.916446, 19.562418, 650.0]"}