{"Image number":37857,"Image shape":8,"Path":"[19.474209, 7.31146, 0.0], [19.241264, 7.358081, 35.0], [18.346867, 7.358081, 52.0], [16.946806, 7.499106, 68.0], [15.251075, 7.877612, 85.0], [13.865782, 8.579109, 101.0], [12.800219, 9.37149, 118.0], [11.879446, 11.043287, 151.0], [11.833028, 11.84362, 167.0], [12.533412, 13.420415, 200.0], [13.371595, 14.258557, 217.0], [14.264946, 15.340843, 234.0], [15.010006, 16.603157, 250.0], [15.424074, 18.04504, 267.0], [15.60724, 20.740637, 300.0], [15.372902, 22.005081, 316.0], [14.055595, 24.113838, 349.0], [12.98318, 24.756996, 366.0], [11.821439, 25.030415, 383.0], [10.698114, 25.074837, 399.0], [9.592674, 24.605957, 416.0], [8.797052, 23.665741, 432.0], [8.28609, 22.21117, 449.0], [8.19834, 20.527956, 465.0], [8.246682, 18.764065, 482.0], [8.528891, 17.2247, 498.0], [9.975117, 14.904509, 531.0], [11.992461, 13.690252, 564.0], [13.097944, 13.46411, 581.0], [14.304174, 13.325431, 598.0], [16.866621, 13.185623, 631.0], [18.076607, 13.139099, 647.0], [20.03876, 12.7646885, 680.0], [21.52303, 11.694944, 713.0], [22.03696, 10.7607765, 730.0], [22.410522, 8.368064, 763.0], [22.362703, 7.1242704, 780.0], [21.94276, 6.097679, 796.0], [21.243584, 5.3056073, 813.0], [20.124285, 4.7929235, 829.0], [18.914703, 4.5607295, 846.0], [17.50755, 4.654718, 862.0], [14.598402, 6.151603, 895.0], [13.600717, 6.9304285, 912.0]"}