{"Image number":36598,"Image shape":8,"Path":"[17.843594, 4.0946016, 0.0], [17.517471, 4.0479803, 51.0], [16.858068, 4.000848, 68.0], [15.973494, 4.048325, 84.0], [14.987099, 4.4265003, 101.0], [13.968378, 5.0789475, 118.0], [12.848875, 6.1082034, 134.0], [11.77983, 7.3195944, 151.0], [10.6536455, 8.776411, 167.0], [9.7745285, 10.264036, 184.0], [9.034689, 11.747633, 200.0], [8.71079, 13.004476, 217.0], [8.617223, 14.044115, 233.0], [8.898912, 14.585176, 250.0], [9.557583, 14.819905, 266.0], [10.688527, 14.912344, 283.0], [11.999601, 14.815588, 299.0], [13.3500805, 14.722451, 316.0], [14.65959, 14.676504, 332.0], [15.959983, 14.7727375, 349.0], [17.112068, 15.101085, 365.0], [18.276173, 15.380107, 382.0], [18.970499, 15.9906, 399.0], [19.581753, 16.65117, 415.0], [19.946413, 17.583906, 432.0], [20.27081, 18.277266, 448.0], [20.455063, 19.16504, 465.0], [20.357792, 20.101748, 481.0], [20.027287, 21.082687, 498.0], [19.607006, 21.77564, 514.0], [18.862183, 22.375265, 531.0], [17.831043, 22.794815, 547.0], [16.671526, 23.024252, 564.0], [15.553064, 23.069721, 581.0], [14.666555, 22.881023, 597.0], [13.785112, 22.648436, 614.0], [13.175377, 22.129095, 630.0], [12.621811, 21.479834, 647.0], [12.390578, 20.449371, 663.0], [12.345506, 19.089678, 680.0], [12.582512, 17.781736, 696.0], [13.003873, 16.525822, 713.0], [13.609832, 15.27154, 729.0], [14.312635, 13.912686, 746.0], [15.106392, 12.559931, 763.0], [15.847357, 11.214775, 779.0], [16.595617, 9.715894, 796.0], [17.198116, 8.321494, 812.0], [17.567553, 7.2077303, 829.0], [17.79999, 6.557158, 845.0], [17.797005, 6.188718, 862.0], [17.27771, 5.7212253, 895.0], [16.676262, 5.4454107, 912.0], [15.926836, 5.2584763, 928.0], [15.229872, 5.1662555, 945.0], [14.52444, 5.2142653, 961.0], [13.895897, 5.5090394, 978.0], [13.536123, 5.7889338, 994.0]"}