{"Image number":39748,"Image shape":5,"Path":"[21.477537, 7.5911875, 0.0], [20.628777, 7.5911875, 86.0], [19.653368, 7.5911875, 103.0], [18.583948, 7.4975038, 119.0], [17.794127, 7.3575726, 136.0], [17.043495, 7.1695743, 152.0], [16.441977, 6.9838967, 169.0], [15.930071, 6.7974, 186.0], [15.653627, 6.658623, 202.0], [15.373628, 6.7531285, 235.0], [15.187508, 7.1259975, 252.0], [14.951654, 7.7872577, 268.0], [14.577438, 8.62794, 285.0], [14.022559, 9.457136, 301.0], [13.363621, 10.257616, 318.0], [12.756577, 10.863487, 334.0], [12.248948, 11.277501, 351.0], [11.923761, 11.462471, 368.0], [12.492849, 11.648498, 434.0], [13.339099, 11.647226, 450.0], [14.408033, 11.647226, 467.0], [15.431532, 11.647226, 483.0], [16.320251, 11.694589, 500.0], [17.009308, 11.787663, 516.0], [17.570692, 11.928613, 533.0], [18.08102, 12.2091255, 550.0], [18.500692, 12.536805, 566.0], [18.827744, 12.912608, 583.0], [19.104322, 13.329826, 599.0], [19.24307, 13.797822, 616.0], [19.3834, 14.313327, 632.0], [19.428078, 14.916652, 649.0], [19.42762, 15.570301, 665.0], [19.42762, 16.228975, 682.0], [19.42762, 16.833958, 698.0], [19.380356, 17.342426, 715.0], [19.146324, 17.898693, 732.0], [18.773693, 18.456438, 748.0], [18.30805, 19.015087, 765.0], [17.840422, 19.482752, 781.0], [17.276138, 19.90546, 798.0], [16.62622, 20.463818, 814.0], [15.978191, 21.019657, 831.0], [15.366102, 21.632425, 847.0], [14.716896, 22.141098, 864.0], [14.113214, 22.6057, 880.0], [13.413719, 23.025135, 897.0], [12.712142, 23.39931, 914.0], [11.917314, 23.678827, 930.0], [11.2277565, 23.908651, 947.0], [10.518332, 24.003265, 963.0], [9.822628, 24.096092, 980.0], [9.268938, 24.09507, 996.0], [8.659671, 24.000923, 1013.0], [8.05666, 23.673735, 1029.0], [7.541502, 23.015244, 1048.0], [6.935463, 22.033554, 1062.0], [6.5627975, 20.953465, 1079.0], [6.332887, 19.978878, 1095.0], [6.23769, 19.20453, 1112.0], [6.193853, 18.804487, 1129.0]"}