{"Image number":15156,"Image shape":0,"Path":"[15.640625, 7.226852, 0.0], [15.066406, 6.837963, 174.0], [14.582944, 6.6595497, 190.0], [14.021347, 6.452106, 207.0], [13.555028, 6.257778, 225.0], [13.115402, 6.0785804, 241.0], [12.705374, 5.925835, 257.0], [12.318886, 5.865741, 274.0], [11.949378, 5.8171296, 291.0], [11.662807, 5.8171296, 308.0], [11.39592, 5.8171296, 324.0], [11.158481, 5.9366746, 340.0], [10.928643, 6.0276637, 357.0], [10.675468, 6.1958804, 374.0], [10.416024, 6.35358, 390.0], [10.184369, 6.608106, 407.0], [9.946686, 6.8131876, 424.0], [9.7317295, 7.0590644, 440.0], [9.561488, 7.253514, 457.0], [9.412041, 7.5516872, 474.0], [9.227185, 7.9826884, 492.0], [9.031145, 8.428428, 508.0], [8.87056, 8.79125, 524.0], [8.793343, 9.154753, 541.0], [8.75, 9.574637, 557.0], [8.730825, 10.022289, 574.0], [8.673128, 10.535156, 590.0], [8.667969, 11.314031, 607.0], [8.667969, 12.064398, 624.0], [8.667969, 12.742363, 641.0], [8.806112, 13.36072, 657.0], [8.920143, 14.0378475, 675.0], [8.979452, 14.565031, 691.0], [9.006952, 15.052547, 707.0], [9.108708, 15.675277, 725.0], [9.226686, 16.248232, 740.0], [9.367436, 16.72744, 758.0], [9.456599, 17.176708, 774.0], [9.5995655, 17.785648, 791.0], [9.738225, 18.22437, 808.0], [9.886228, 18.637724, 824.0], [10.026861, 19.00986, 840.0], [10.167199, 19.41162, 857.0], [10.327307, 19.904984, 874.0], [10.495873, 20.325869, 890.0], [10.699936, 20.70729, 907.0], [10.945789, 21.192976, 924.0], [11.250612, 21.921703, 941.0], [11.603086, 22.704546, 957.0], [11.967853, 23.296913, 973.0], [12.280849, 23.69397, 990.0], [12.522971, 23.875744, 1008.0], [12.68592, 23.96434, 1024.0], [12.842287, 24.046297, 1040.0], [13.073914, 24.094908, 1057.0], [13.430541, 24.174957, 1073.0], [13.922112, 24.273968, 1090.0], [14.543606, 24.38593, 1108.0], [15.047342, 24.436821, 1123.0], [15.655327, 24.435184, 1140.0], [16.23707, 24.435184, 1157.0], [16.931877, 24.435184, 1174.0], [17.663992, 24.233273, 1190.0], [18.457628, 24.016136, 1206.0], [19.078447, 23.665459, 1223.0], [19.61922, 23.29546, 1240.0], [20.143433, 22.748001, 1256.0], [20.641945, 22.088715, 1273.0], [21.164621, 21.219658, 1290.0], [21.553885, 20.427885, 1307.0], [21.821907, 19.617014, 1324.0], [22.013445, 18.592646, 1340.0], [22.146173, 17.493708, 1357.0], [22.203125, 16.169416, 1373.0], [22.030607, 14.611743, 1390.0], [21.469341, 12.988275, 1407.0], [20.866245, 11.71033, 1424.0], [19.737001, 9.89278, 1440.0], [18.558788, 8.317401, 1457.0], [17.457783, 7.2865477, 1473.0], [16.321743, 6.697817, 1490.0], [14.833796, 6.12046, 1508.0], [13.093236, 5.424786, 1524.0], [11.265625, 4.796296, 1540.0]"}