{"Image number":35608,"Image shape":5,"Path":"[17.61065, 5.7263412, 0.0], [16.998243, 5.7263412, 52.0], [16.117496, 5.7263412, 69.0], [14.992711, 5.679347, 85.0], [14.058001, 5.5852885, 102.0], [13.226815, 5.5396085, 118.0], [12.532216, 5.5398564, 135.0], [11.970087, 5.8212295, 151.0], [11.501335, 6.3391886, 168.0], [11.131472, 7.22607, 184.0], [10.80509, 8.349346, 201.0], [10.525629, 9.5172, 217.0], [10.294451, 10.723764, 234.0], [10.15567, 11.652135, 250.0], [10.250332, 12.305164, 267.0], [10.5799465, 12.630512, 284.0], [11.231725, 12.720052, 300.0], [12.078211, 12.672243, 317.0], [13.140884, 12.579407, 333.0], [14.213091, 12.486108, 350.0], [15.1980915, 12.627709, 366.0], [16.03746, 12.956836, 383.0], [16.777897, 13.516462, 399.0], [17.337418, 14.266421, 416.0], [17.753128, 15.055695, 432.0], [17.984732, 16.035376, 449.0], [18.030373, 17.064602, 466.0], [17.747663, 18.232283, 482.0], [17.236404, 19.43658, 499.0], [16.349218, 20.649937, 515.0], [15.409627, 21.824816, 532.0], [14.297223, 22.794584, 548.0], [13.124899, 23.355476, 565.0]"}