{"Image number":37980,"Image shape":0,"Path":"[14.72213, 5.0270247, 0.0], [13.928199, 5.447795, 52.0], [12.802194, 6.24611, 68.0], [11.299163, 7.705726, 85.0], [9.765934, 9.617976, 101.0], [8.124827, 11.777622, 118.0], [6.7988048, 13.936838, 134.0], [6.0033283, 15.906203, 151.0], [5.9629874, 17.535748, 167.0], [6.8533974, 18.833979, 184.0], [8.479232, 19.992432, 201.0], [12.589811, 21.81515, 234.0], [14.366806, 22.469742, 250.0], [17.332418, 22.929585, 283.0], [19.67123, 21.239117, 316.0], [20.412369, 19.323355, 333.0], [20.782204, 17.033817, 350.0], [20.919617, 14.611053, 366.0], [20.171041, 10.0542555, 399.0], [19.32853, 8.324961, 416.0], [18.073553, 7.122097, 432.0], [16.631962, 6.2389793, 449.0], [14.938578, 5.7683764, 465.0], [13.266231, 5.772962, 482.0], [11.508282, 6.412421, 499.0], [10.474357, 7.0650883, 515.0]"}