{"Image number":36937,"Image shape":0,"Path":"[17.144758, 5.26013, 0.0], [16.632278, 5.353372, 53.0], [15.835561, 5.728557, 69.0], [14.523316, 6.714735, 86.0], [13.36224, 8.302492, 102.0], [12.199276, 10.401147, 119.0], [11.3557, 12.705636, 135.0], [10.755934, 15.121725, 152.0], [10.52555, 17.369278, 169.0], [10.481965, 19.26962, 185.0], [10.719181, 20.667364, 202.0], [11.136945, 21.676077, 218.0], [11.935383, 22.283422, 235.0], [13.0092945, 22.606531, 251.0], [14.42679, 22.555542, 268.0], [16.009974, 22.081549, 284.0], [17.684126, 21.000887, 301.0], [18.965023, 19.569168, 317.0], [20.005566, 17.626152, 334.0], [20.457804, 15.775595, 351.0], [20.782955, 13.8601055, 367.0], [20.825766, 12.001143, 384.0], [20.731028, 10.086469, 400.0], [20.451101, 8.468367, 417.0], [19.837757, 7.199169, 433.0], [18.949091, 6.6034884, 450.0], [17.787806, 6.330208, 467.0], [16.484514, 6.42623, 483.0], [15.117756, 6.9949145, 499.0], [13.962905, 8.21359, 516.0], [13.336735, 9.279338, 533.0]"}