{"Image number":38187,"Image shape":6,"Path":"[18.076538, 5.2135086, 0.0], [17.749191, 5.5410814, 68.0], [17.375864, 6.1020737, 84.0], [15.922856, 8.02511, 118.0], [14.896465, 9.4729805, 134.0], [13.599481, 11.186981, 151.0], [12.20336, 13.096534, 167.0], [10.9851055, 15.160583, 184.0], [9.862032, 17.26961, 200.0], [9.074111, 19.226421, 217.0], [8.570319, 20.697727, 233.0], [8.431555, 21.678177, 250.0], [8.385873, 22.232027, 266.0], [8.479803, 22.464836, 283.0], [8.761937, 22.55764, 300.0], [9.324744, 22.60377, 316.0], [10.1169815, 22.509106, 333.0], [11.051505, 22.321484, 349.0], [12.072701, 21.901361, 366.0], [13.299593, 21.192019, 382.0], [14.542504, 20.22028, 399.0], [15.807463, 19.18861, 415.0], [17.011646, 18.168552, 432.0], [18.030998, 17.24081, 448.0], [18.82876, 16.442404, 465.0], [19.339218, 15.837483, 482.0], [19.616314, 15.420031, 498.0], [19.707611, 15.189293, 515.0], [19.380325, 14.956822, 531.0], [18.816456, 14.721924, 548.0], [17.980555, 14.537111, 564.0], [16.990662, 14.58504, 581.0], [15.961462, 14.774221, 597.0], [14.940195, 15.243822, 614.0], [14.00512, 15.99754, 630.0], [12.984297, 16.786406, 647.0], [11.963194, 17.670156, 664.0], [10.046558, 19.685244, 697.0], [9.207207, 20.570263, 713.0], [8.61002, 21.308823, 730.0], [8.176352, 21.937576, 746.0], [7.9544525, 22.345566, 763.0]"}