{"Image number":38575,"Image shape":7,"Path":"[10.715474, 15.330296, 0.0], [11.042785, 14.767576, 54.0], [11.325036, 13.825394, 70.0], [11.65276, 12.463582, 87.0], [11.975492, 11.078702, 103.0], [12.300913, 9.729906, 120.0], [12.580717, 8.703923, 136.0], [12.813693, 8.099564, 153.0], [12.906261, 7.868154, 169.0], [13.280074, 7.872017, 236.0], [13.560133, 8.012143, 252.0], [14.071108, 8.244439, 269.0], [14.72847, 8.573404, 285.0], [15.618034, 8.900529, 302.0], [16.587734, 9.130173, 318.0], [17.717028, 9.318371, 335.0], [18.732683, 9.409766, 351.0], [19.663065, 9.456158, 368.0], [20.413351, 9.456033, 384.0], [21.014498, 9.409192, 401.0], [21.479044, 9.362639, 417.0], [21.76173, 9.36279, 434.0], [21.476183, 9.643421, 467.0], [21.0039, 10.021688, 484.0], [20.261545, 10.625364, 500.0], [19.416233, 11.472138, 517.0], [18.302477, 12.586661, 533.0], [17.097002, 13.8863, 550.0], [15.9111, 15.595599, 567.0], [14.842394, 17.224842, 583.0], [13.965393, 18.942165, 599.0], [13.077513, 20.293524, 616.0], [12.4819765, 21.53897, 633.0], [12.064508, 22.421032, 649.0], [11.831096, 23.1707, 666.0]"}