{"Image number":35891,"Image shape":3,"Path":"[12.113144, 4.9804034, 0.0], [12.392678, 4.9804034, 36.0], [13.23643, 5.027311, 52.0], [14.358942, 5.215097, 69.0], [16.404125, 6.149316, 102.0], [16.821396, 6.8029256, 118.0], [16.865305, 7.5925493, 135.0], [16.30298, 8.435134, 151.0], [15.511722, 9.412405, 168.0], [14.388109, 10.254517, 185.0], [13.641752, 10.909019, 201.0], [13.179168, 11.278679, 218.0], [13.844814, 11.508676, 251.0], [14.913245, 11.694675, 267.0], [16.268684, 11.975462, 284.0], [17.57154, 12.536237, 300.0], [18.738321, 13.379078, 317.0], [19.718735, 14.457187, 333.0], [20.222351, 15.616207, 350.0], [20.408209, 16.88378, 367.0], [20.172037, 18.133005, 383.0], [19.558393, 19.452341, 400.0], [18.344358, 20.65683, 416.0], [16.75987, 21.772612, 433.0], [14.93778, 22.469986, 449.0], [13.068676, 22.84087, 466.0], [11.258869, 22.88332, 482.0], [9.694589, 22.586473, 499.0], [8.899816, 22.259226, 516.0]"}