{"Image number":37942,"Image shape":2,"Path":"[9.084858, 8.663473, 0.0], [9.2729645, 8.380244, 49.0], [9.598874, 8.0558605, 65.0], [10.06754, 7.3986607, 82.0], [10.623235, 6.9377074, 98.0], [12.024968, 6.0035667, 131.0], [12.861045, 5.6787558, 148.0], [13.79225, 5.492855, 165.0], [14.730571, 5.4461913, 181.0], [15.615506, 5.634824, 198.0], [16.26968, 6.0118523, 214.0], [16.869652, 6.8044195, 231.0], [17.612299, 9.276389, 264.0], [17.750685, 10.811012, 280.0], [17.610382, 12.442878, 297.0], [17.281372, 14.2285185, 314.0], [16.672913, 15.812099, 330.0], [15.830765, 17.258139, 347.0], [14.941708, 18.377567, 363.0], [14.01053, 19.258606, 380.0], [13.074152, 20.006308, 396.0], [11.68675, 21.115751, 429.0], [11.083649, 21.534052, 446.0], [10.521245, 21.767294, 462.0], [10.292768, 21.953222, 479.0], [10.015375, 21.762115, 529.0], [10.016639, 21.529392, 545.0], [10.063484, 21.155884, 562.0], [10.488194, 20.732677, 578.0], [11.1862135, 20.175013, 595.0], [12.264198, 19.801996, 611.0], [13.288165, 19.523386, 628.0], [14.225903, 19.43133, 644.0], [15.013992, 19.432955, 661.0], [15.797333, 19.6203, 677.0], [17.487152, 20.373093, 710.0], [18.46677, 20.93485, 727.0], [19.443707, 21.493484, 744.0], [20.317574, 22.093618, 760.0], [21.015446, 22.512232, 777.0], [21.551823, 22.804792, 793.0], [21.76778, 22.887207, 810.0]"}