{"Image number":35528,"Image shape":3,"Path":"[12.2995, 4.8871613, 0.0], [12.532446, 4.8871613, 35.0], [13.327185, 4.8871613, 51.0], [14.40885, 4.981521, 68.0], [15.569057, 5.2621293, 85.0], [16.411127, 5.8274503, 101.0], [16.913383, 6.6145716, 118.0], [17.100626, 7.6040916, 134.0], [16.816046, 8.673404, 151.0], [16.203003, 9.848198, 167.0], [15.185227, 10.904209, 184.0], [14.064741, 11.837997, 200.0], [12.111954, 12.720002, 233.0], [11.64578, 12.766281, 250.0], [12.026133, 12.671519, 283.0], [12.813052, 12.532839, 299.0], [13.981705, 12.439385, 316.0], [15.159995, 12.48715, 333.0], [17.525337, 13.28273, 366.0], [18.597603, 14.124869, 382.0], [19.334635, 14.910912, 399.0], [20.222778, 16.784092, 432.0], [20.40624, 17.662542, 448.0], [19.984856, 19.203745, 481.0], [19.285748, 20.041555, 498.0], [18.116755, 20.83593, 515.0], [16.67419, 21.626717, 531.0], [14.90756, 22.137249, 548.0], [13.082993, 22.418022, 564.0], [11.21717, 22.322927, 581.0], [9.588618, 21.948503, 597.0], [8.369007, 21.288633, 614.0], [7.600045, 20.609596, 630.0], [7.298623, 20.20512, 647.0]"}