{"Image number":35287,"Image shape":5,"Path":"[20.592346, 6.845248, 0.0], [19.79756, 6.845248, 53.0], [18.957321, 6.8921146, 69.0], [17.932348, 6.9386916, 86.0], [17.13509, 6.938491, 103.0], [16.437992, 7.032791, 119.0], [15.885499, 7.171935, 136.0], [15.366914, 7.4553957, 152.0], [14.999437, 7.82652, 169.0], [13.972435, 9.322578, 202.0], [13.408914, 10.263139, 218.0], [12.903469, 11.137314, 235.0], [12.484893, 11.882047, 251.0], [12.20584, 12.3940525, 268.0], [12.065653, 12.674695, 284.0], [12.442249, 12.766133, 318.0], [13.001365, 12.672385, 334.0], [13.840561, 12.532424, 351.0], [14.631051, 12.439538, 367.0], [15.514997, 12.439786, 384.0], [16.320242, 12.629586, 400.0], [17.056751, 12.907937, 417.0], [17.567743, 13.422516, 433.0], [17.80003, 13.891099, 450.0], [17.797005, 14.494795, 466.0], [17.563526, 15.098581, 483.0], [16.248804, 16.881462, 516.0], [15.268462, 17.955036, 533.0], [14.11061, 18.971907, 549.0], [12.897393, 19.717464, 566.0], [11.630343, 20.185162, 582.0], [9.358013, 20.037363, 615.0], [8.430646, 19.478395, 632.0], [7.7714386, 18.81795, 648.0], [7.5446143, 18.402239, 665.0]"}