{"Image number":10350,"Image shape":4,"Path":"[5.25, 7.7388887, 0.0], [5.3155513, 8.105533, 84.0], [5.327778, 8.43947, 100.0], [5.327778, 8.932799, 116.0], [5.327778, 9.337548, 133.0], [5.287874, 9.969759, 150.0], [5.233258, 10.790016, 167.0], [5.211111, 11.500221, 183.0], [5.211111, 12.104798, 200.0], [5.211111, 12.785527, 217.0], [5.249512, 13.334013, 233.0], [5.3572273, 13.7677965, 250.0], [5.546707, 14.204526, 267.0], [5.758409, 14.627928, 284.0], [6.030666, 15.007378, 300.0], [6.428415, 15.411746, 317.0], [6.810886, 15.703808, 334.0], [7.4640274, 16.015724, 351.0], [8.274043, 16.207632, 367.0], [9.291961, 16.318745, 384.0], [10.480444, 16.333332, 401.0], [11.728406, 16.333332, 417.0], [12.909678, 16.333332, 434.0], [13.829104, 16.304497, 451.0], [14.762721, 16.249578, 468.0], [15.419445, 16.197222, 484.0], [15.98374, 16.177778, 501.0], [16.520996, 16.177778, 518.0], [16.975, 16.177778, 535.0], [17.474222, 16.177778, 551.0], [17.970125, 16.230013, 568.0], [18.505028, 16.283287, 584.0], [19.043169, 16.294445, 601.0], [19.424957, 16.294445, 618.0], [19.80516, 16.294445, 635.0], [20.132076, 16.294445, 651.0], [20.397223, 16.23611, 668.0], [20.598806, 15.98136, 718.0], [20.61111, 15.736575, 735.0], [20.61111, 15.410717, 752.0], [20.638025, 14.831719, 768.0], [20.692732, 14.187223, 785.0], [20.688889, 13.708777, 802.0], [20.727777, 13.081091, 818.0], [20.77688, 12.536763, 835.0], [20.869875, 11.879026, 852.0], [20.922005, 11.435078, 869.0], [21.020702, 11.088653, 885.0], [21.131433, 10.662204, 902.0], [21.195824, 10.376441, 919.0], [21.3087, 10.211951, 936.0], [21.492682, 10.760153, 1036.0], [21.545279, 11.484705, 1052.0], [21.544445, 12.424828, 1069.0], [21.513256, 13.355831, 1086.0], [21.505556, 14.344028, 1103.0], [21.505556, 15.186111, 1119.0], [21.57012, 15.909904, 1136.0], [21.67942, 16.358528, 1153.0], [21.851654, 17.007362, 1169.0], [22.015335, 17.633564, 1186.0], [22.116276, 18.037323, 1203.0], [22.19728, 18.600468, 1219.0], [22.25147, 19.079895, 1236.0], [22.296944, 19.384157, 1253.0], [22.283333, 19.925005, 1270.0], [22.331146, 20.323563, 1286.0], [22.322222, 20.75716, 1303.0], [22.322222, 21.144375, 1320.0], [22.322222, 21.617828, 1336.0], [22.350555, 21.919443, 1353.0], [22.399063, 22.237879, 1369.0], [22.453255, 22.670471, 1386.0], [22.546219, 22.995739, 1403.0], [22.59855, 23.36208, 1420.0], [22.652779, 23.683334, 1436.0], [22.70729, 23.901384, 1453.0], [22.711111, 24.091667, 1503.0]"}