{"Image number":15,"Image shape":7,"Path":"[7.3914175, 13.908836, 0.0], [7.5047555, 13.606505, 84.0], [7.828349, 13.28965, 111.0], [8.107492, 12.945663, 125.0], [8.3784685, 12.629422, 139.0], [8.647658, 12.360805, 153.0], [8.971659, 11.982584, 168.0], [9.254955, 11.6170845, 181.0], [9.567773, 11.294699, 196.0], [9.930573, 11.020435, 209.0], [10.341444, 10.751702, 224.0], [10.8417635, 10.575138, 237.0], [11.337943, 10.383926, 252.0], [11.879037, 10.202829, 266.0], [12.447447, 10.111553, 282.0], [13.05634, 9.975882, 296.0], [13.643777, 9.873102, 307.0], [14.270311, 9.741625, 321.0], [14.90802, 9.6554985, 337.0], [15.5044985, 9.588003, 350.0], [16.10239, 9.51154, 363.0], [16.650665, 9.420954, 377.0], [17.240494, 9.379811, 390.0], [17.7875, 9.276384, 404.0], [18.28365, 9.186146, 418.0], [18.77688, 9.096439, 433.0], [19.176159, 9.053846, 447.0], [19.739515, 8.955341, 482.0], [19.91822, 8.918919, 499.0], [20.09883, 9.010477, 518.0], [19.989775, 9.282909, 545.0], [19.854078, 9.463898, 560.0], [19.632193, 9.767025, 576.0], [19.359922, 10.08478, 587.0], [19.054735, 10.4698925, 602.0], [18.693033, 10.922587, 614.0], [18.33614, 11.472758, 628.0], [17.884396, 12.071124, 642.0], [17.466175, 12.703872, 656.0], [17.059828, 13.293826, 670.0], [16.606466, 13.92637, 686.0], [16.1892, 14.584945, 700.0], [15.799843, 15.265717, 715.0], [15.444983, 15.894872, 738.0], [14.756621, 17.275751, 758.0], [14.425205, 17.9388, 769.0], [13.706298, 19.337305, 783.0], [13.474104, 19.708757, 798.0], [13.124746, 20.275805, 811.0], [12.763099, 20.788992, 824.0], [12.364205, 21.285194, 838.0], [11.958117, 21.828545, 851.0], [11.560468, 22.304283, 865.0], [11.180689, 22.877598, 879.0], [10.811586, 23.455597, 893.0], [10.405198, 24.08779, 907.0], [10.109031, 24.662476, 921.0], [9.794539, 25.090626, 935.0]"}