{"Image number":37901,"Image shape":0,"Path":"[19.194675, 5.6330986, 0.0], [18.63369, 6.1475315, 53.0], [17.70252, 6.939603, 69.0], [16.335106, 8.0247755, 86.0], [15.141317, 9.083163, 103.0], [12.846258, 11.427466, 135.0], [11.821152, 12.593817, 152.0], [10.84363, 13.806184, 169.0], [9.863595, 14.973145, 185.0], [9.07793, 16.086021, 202.0], [8.614973, 17.016653, 218.0], [8.382755, 17.906887, 235.0], [8.338757, 18.651258, 251.0], [8.763638, 20.003622, 284.0], [9.276358, 20.651657, 301.0], [9.783859, 21.298012, 317.0], [10.20805, 21.675268, 334.0], [10.6283045, 22.096375, 351.0], [11.092812, 22.467031, 367.0], [11.558373, 22.792688, 384.0], [11.93024, 22.883781, 400.0], [12.400671, 22.835497, 417.0], [13.561939, 22.648766, 450.0], [14.217464, 22.413914, 466.0], [14.772363, 22.041307, 483.0], [15.378761, 21.715029, 499.0], [15.890108, 21.388973, 516.0], [16.633072, 20.83091, 549.0], [16.865726, 20.644705, 566.0], [17.052927, 20.363358, 582.0], [17.28541, 19.89651, 615.0], [17.471443, 19.478172, 648.0], [17.564228, 19.246046, 665.0], [17.657438, 19.012863, 681.0], [17.703957, 18.779608, 698.0], [17.843866, 18.452824, 731.0], [17.983627, 18.1265, 764.0], [18.076963, 17.799515, 797.0], [18.216642, 17.333326, 830.0], [18.30984, 17.101, 847.0], [18.403423, 16.866884, 863.0], [18.543068, 16.447607, 897.0], [18.58971, 16.165308, 913.0], [18.683342, 15.839112, 930.0], [18.72883, 15.469805, 946.0], [18.775576, 15.095586, 963.0], [18.869411, 14.720782, 979.0], [18.915527, 14.348159, 996.0], [19.008402, 13.931284, 1012.0], [19.054932, 13.558502, 1029.0], [19.148937, 13.088225, 1045.0], [19.242138, 12.621905, 1062.0], [19.42839, 12.15813, 1079.0], [19.568602, 11.689796, 1095.0], [19.661125, 11.13103, 1112.0], [19.707382, 10.572214, 1128.0], [19.893808, 9.314221, 1161.0], [19.893509, 8.6607, 1178.0], [19.940485, 8.099377, 1194.0], [19.79888, 6.976386, 1227.0], [19.566433, 6.423366, 1244.0], [18.912891, 5.5839057, 1277.0]"}