{"Image number":30207,"Image shape":0,"Path":"[16.31068, 7.023406, 0.0], [16.139532, 6.9891562, 78.0], [15.853175, 6.9845476, 95.0], [15.429235, 6.9845476, 113.0], [14.679775, 7.095119, 131.0], [13.460656, 7.536106, 149.0], [12.652983, 7.940191, 167.0], [11.829386, 8.407806, 184.0], [10.921756, 9.078503, 202.0], [10.109726, 9.847434, 220.0], [9.560669, 10.435682, 238.0], [9.064936, 11.097639, 255.0], [8.553858, 11.83273, 273.0], [8.03527, 12.467613, 291.0], [7.64509, 13.054575, 309.0], [7.3582025, 13.431482, 326.0], [7.097481, 13.917677, 344.0], [6.9326353, 14.297579, 362.0], [6.7484574, 14.750948, 380.0], [6.6326036, 15.169373, 397.0], [6.543136, 15.691073, 415.0], [6.5806174, 16.330374, 433.0], [6.607566, 17.23864, 451.0], [6.7528806, 18.132387, 468.0], [7.3188734, 19.18343, 486.0], [7.816492, 19.959879, 504.0], [8.293465, 20.633062, 522.0], [8.826801, 21.197489, 540.0], [9.433132, 21.691732, 557.0], [10.024533, 22.07943, 575.0], [10.612414, 22.322393, 593.0], [11.380122, 22.46992, 611.0], [12.125764, 22.566818, 628.0], [13.166214, 22.471571, 646.0], [14.190592, 22.210274, 664.0], [15.272457, 21.762201, 682.0], [16.434078, 21.319895, 699.0], [17.418468, 20.852692, 717.0], [18.525293, 20.156927, 735.0], [19.384777, 19.309004, 753.0], [20.006218, 18.622238, 770.0], [20.357563, 17.924936, 788.0], [20.683136, 17.219194, 806.0], [21.115643, 16.331758, 824.0], [21.696928, 15.329912, 841.0], [22.195637, 14.374216, 859.0], [22.530327, 13.472507, 877.0], [22.649391, 12.765923, 895.0], [22.687862, 12.040998, 912.0], [22.679611, 11.330075, 930.0], [22.383991, 10.57183, 948.0], [22.059345, 9.848948, 966.0], [21.786407, 9.082906, 984.0], [21.0388, 8.295987, 1001.0], [20.0064, 7.6147428, 1019.0], [18.828426, 7.189616, 1037.0], [17.989836, 6.957718, 1055.0], [17.315262, 6.800374, 1072.0], [16.708368, 6.728277, 1090.0], [16.236237, 6.7125382, 1108.0]"}