{"Image number":10271,"Image shape":6,"Path":"[20.533333, 4.5888886, 0.0], [20.337854, 4.5888886, 25.0], [19.89006, 4.634438, 42.0], [19.234291, 4.894077, 58.0], [18.031448, 5.452143, 75.0], [16.457136, 6.4202843, 92.0], [14.823721, 7.6731453, 108.0], [13.38827, 9.050617, 125.0], [12.123651, 10.584617, 142.0], [11.072413, 12.0021925, 158.0], [10.168941, 13.4442215, 175.0], [9.663889, 14.563889, 192.0], [9.257409, 15.898758, 209.0], [9.158581, 17.020767, 225.0], [9.252856, 18.15608, 242.0], [9.577432, 19.20144, 259.0], [10.0149145, 20.012686, 276.0], [10.698343, 20.549545, 292.0], [11.43813, 21.039194, 309.0], [12.344144, 21.227072, 326.0], [13.241236, 21.307848, 342.0], [14.214349, 21.311111, 359.0], [14.893826, 21.272223, 375.0], [15.738266, 21.059433, 392.0], [16.483492, 20.614195, 409.0], [16.833925, 20.161938, 426.0], [17.125484, 19.808306, 442.0], [17.422222, 19.230555, 459.0], [17.604956, 18.639635, 476.0], [17.718807, 18.180328, 492.0], [17.431274, 17.513575, 509.0], [16.994585, 17.077206, 526.0], [16.291029, 16.65431, 543.0], [15.826073, 16.463943, 559.0], [15.17616, 16.296818, 576.0], [14.479675, 16.220993, 593.0], [13.71268, 16.329674, 609.0], [12.959354, 16.541773, 626.0], [12.378832, 16.728905, 643.0], [11.8161955, 16.891253, 659.0], [11.394444, 16.994444, 676.0], [10.985747, 17.069498, 693.0], [10.697331, 17.162003, 709.0], [10.383333, 17.208332, 726.0]"}