{"Image number":39120,"Image shape":5,"Path":"[17.237936, 4.8871613, 0.0], [16.672873, 4.7933736, 52.0], [15.83473, 4.74699, 69.0], [14.663128, 4.794416, 86.0], [13.584974, 4.983713, 102.0], [12.756557, 5.2159643, 119.0], [12.248459, 5.4486394, 135.0], [12.064531, 5.682252, 152.0], [12.066555, 6.0562787, 169.0], [12.066555, 6.7561564, 185.0], [12.066555, 7.744474, 201.0], [12.066555, 8.862155, 218.0], [12.019585, 10.072024, 235.0], [11.6013565, 12.203634, 267.0], [11.2222595, 12.916681, 284.0], [10.94522, 13.424701, 301.0], [10.713938, 13.606543, 317.0], [10.481518, 13.651936, 350.0], [10.577811, 13.463345, 416.0], [11.274838, 12.859119, 433.0], [12.074032, 12.388764, 449.0], [12.91194, 12.111176, 466.0], [13.698445, 12.160135, 483.0], [14.501782, 12.396872, 499.0], [15.332417, 12.815071, 516.0], [16.08075, 13.424958, 532.0], [16.73231, 14.172603, 549.0], [17.241755, 14.963231, 565.0], [17.706873, 15.942773, 582.0], [18.07765, 16.918333, 598.0], [18.310637, 17.993008, 615.0], [18.356459, 18.974869, 631.0], [18.262241, 19.999592, 648.0], [18.075386, 21.024418, 665.0], [17.23166, 22.75373, 698.0], [16.58502, 23.349754, 714.0], [15.972907, 23.867998, 731.0], [14.344307, 24.188599, 764.0], [13.21656, 23.999372, 780.0], [11.915537, 23.625645, 797.0], [10.462017, 22.872326, 813.0], [9.060331, 22.12389, 830.0]"}