{"Image number":30712,"Image shape":9,"Path":"[15.844662, 11.492136, 0.0], [15.6482315, 11.649826, 67.0], [15.429642, 11.881309, 85.0], [15.113717, 12.131645, 103.0], [14.786662, 12.474953, 120.0], [14.489083, 12.799054, 138.0], [14.172192, 13.126763, 156.0], [13.812185, 13.606832, 174.0], [13.4820175, 13.895073, 191.0], [13.15566, 14.165346, 209.0], [12.834968, 14.421086, 227.0], [12.604432, 14.540039, 245.0], [12.296376, 14.724552, 280.0], [12.097086, 14.756254, 316.0], [11.853827, 14.756254, 351.0], [11.456932, 14.57214, 387.0], [11.194181, 14.299673, 405.0], [10.934613, 14.001086, 422.0], [10.725378, 13.692726, 440.0], [10.603411, 13.47686, 458.0], [10.485437, 13.240769, 476.0], [10.485437, 12.945751, 493.0], [10.446186, 12.6950865, 511.0], [10.473387, 12.368457, 529.0], [10.53922, 12.039095, 547.0], [10.6433935, 11.62924, 564.0], [10.776317, 11.269661, 582.0], [10.851352, 10.888514, 600.0], [10.955498, 10.582214, 618.0], [11.059496, 10.282551, 635.0], [11.067962, 10.020715, 653.0], [11.15152, 9.8424, 671.0], [11.339807, 9.432637, 707.0], [11.470787, 9.202128, 725.0], [11.707287, 9.020852, 742.0], [11.961164, 8.772041, 760.0], [12.280745, 8.578397, 778.0], [12.533594, 8.467906, 796.0], [12.840752, 8.361538, 813.0], [13.272911, 8.255367, 831.0], [13.698381, 8.229503, 849.0], [14.063688, 8.228022, 867.0], [14.44466, 8.228022, 884.0], [14.798643, 8.306243, 902.0], [15.058151, 8.449002, 920.0], [15.320522, 8.5681, 937.0], [15.460899, 8.740069, 955.0], [15.624786, 8.8889, 973.0], [15.761743, 9.205784, 991.0], [15.889214, 9.646951, 1009.0], [15.988457, 10.02393, 1026.0], [16.057302, 10.437249, 1044.0], [16.077671, 10.777283, 1062.0], [16.108934, 11.20597, 1080.0], [16.116505, 11.773573, 1098.0], [16.116505, 12.277887, 1115.0], [16.116505, 12.806908, 1133.0], [16.116505, 13.318485, 1151.0], [16.116505, 13.821919, 1169.0], [16.116505, 14.369456, 1186.0], [16.05534, 14.957367, 1204.0], [15.98973, 15.597338, 1222.0], [15.924539, 16.327366, 1239.0], [15.8594885, 17.15207, 1257.0], [15.742957, 17.919477, 1275.0], [15.651251, 18.637892, 1293.0], [15.520863, 19.42032, 1310.0], [15.390055, 20.15306, 1328.0], [15.260231, 20.906384, 1346.0], [15.0650625, 21.618944, 1364.0], [14.867211, 22.398844, 1381.0], [14.672203, 23.181812, 1399.0], [14.494066, 23.862104, 1417.0], [14.334082, 24.511236, 1435.0], [14.24831, 24.91893, 1453.0], [14.213593, 25.393507, 1470.0], [14.213593, 25.71436, 1487.0]"}