{"Image number":37130,"Image shape":8,"Path":"[18.02995, 5.772962, 0.0], [17.841085, 5.679092, 119.0], [17.091806, 5.6327014, 136.0], [16.24985, 5.585938, 152.0], [15.4661, 5.6331844, 169.0], [14.906621, 5.726651, 185.0], [14.302078, 5.9130573, 202.0], [13.647207, 6.2877254, 218.0], [13.035873, 6.6643367, 235.0], [12.48172, 7.175392, 251.0], [11.970932, 7.640033, 268.0], [11.504788, 8.059828, 284.0], [11.082465, 8.435456, 301.0], [10.710116, 8.761405, 318.0], [10.386269, 9.133209, 334.0], [10.151772, 9.462527, 351.0], [10.01499, 9.786231, 367.0], [9.923461, 10.205373, 400.0], [9.876024, 10.53425, 417.0], [9.924335, 10.860787, 433.0], [10.065314, 11.185886, 450.0], [10.252758, 11.465506, 466.0], [10.486337, 11.745041, 483.0], [10.811068, 12.022268, 500.0], [11.090542, 12.255265, 516.0], [11.371053, 12.442009, 533.0], [11.652669, 12.724931, 549.0], [11.884674, 13.004612, 566.0], [12.113281, 13.279129, 582.0], [12.445024, 13.468742, 599.0], [12.820274, 13.608426, 615.0], [13.284334, 13.747119, 632.0], [13.702667, 13.886874, 648.0], [14.027889, 14.074152, 665.0], [14.307488, 14.3085165, 681.0], [14.633531, 14.493732, 698.0], [15.00654, 14.632809, 715.0], [15.33212, 14.725459, 731.0], [15.564758, 14.771648, 748.0], [15.795303, 14.958143, 781.0], [18.02995, 5.7263412, 0.0], [17.655846, 5.7263412, 113.0], [16.716576, 5.7734065, 129.0], [15.787951, 5.866777, 146.0], [14.989535, 6.0082107, 163.0], [14.483315, 6.1946883, 179.0], [14.019582, 6.380523, 196.0], [13.597511, 6.7104297, 212.0], [13.276102, 7.033503, 229.0], [12.946833, 7.362998, 245.0], [12.667548, 7.642477, 262.0], [12.391753, 8.0120125, 278.0], [12.15757, 8.387211, 295.0], [12.018704, 8.854168, 311.0], [11.878181, 9.133721, 328.0], [11.785648, 9.413535, 345.0], [11.69187, 9.647453, 361.0], [11.599496, 9.925753, 378.0], [11.507106, 10.390743, 411.0], [11.460808, 10.622009, 427.0], [11.460898, 10.906168, 444.0], [11.460898, 11.187225, 460.0], [11.508006, 11.46386, 477.0], [11.60178, 11.696635, 493.0], [11.647649, 11.928933, 510.0], [11.742015, 12.116607, 527.0], [11.97502, 12.537141, 560.0], [12.114986, 12.816439, 576.0], [12.299584, 13.045965, 593.0], [12.535795, 13.235025, 609.0], [12.81691, 13.374675, 626.0], [13.144022, 13.467143, 642.0], [13.469538, 13.654972, 659.0], [13.700279, 13.793666, 675.0], [13.884615, 14.026266, 692.0], [14.023761, 14.258789, 708.0], [14.1169815, 14.445516, 725.0], [14.257149, 14.72604, 742.0], [14.678578, 15.240093, 775.0], [14.958602, 15.42589, 791.0], [15.238261, 15.517999, 808.0], [15.470799, 15.753133, 824.0], [15.74854, 16.220459, 857.0], [15.888463, 16.499043, 874.0], [15.981434, 16.77976, 890.0], [16.121471, 17.05862, 907.0], [16.353867, 17.335752, 940.0], [16.540234, 17.711374, 973.0], [16.633661, 17.991854, 990.0], [16.679356, 18.270357, 1006.0], [16.820162, 18.50308, 1023.0], [16.913193, 18.737091, 1039.0], [17.006214, 19.017035, 1056.0], [17.09872, 19.482885, 1089.0], [17.09817, 19.715254, 1106.0], [17.09817, 19.99716, 1122.0], [17.050795, 20.324259, 1139.0], [16.910208, 20.601694, 1155.0], [16.771484, 20.879335, 1172.0], [16.53865, 21.15848, 1188.0], [16.34946, 21.537483, 1205.0], [16.11672, 21.861567, 1221.0], [15.978091, 22.140867, 1238.0], [15.885601, 22.373226, 1255.0], [15.512175, 22.697617, 1288.0], [15.138622, 22.931297, 1304.0], [14.763841, 23.118467, 1321.0], [14.486226, 23.210257, 1337.0], [14.251818, 23.256777, 1354.0], [13.97449, 23.34987, 1387.0], [13.787122, 23.349133, 1403.0], [13.506008, 23.349133, 1420.0], [13.133632, 23.349133, 1436.0], [12.762623, 23.396101, 1453.0], [12.435524, 23.395754, 1470.0], [12.112181, 23.442375, 1503.0], [11.643896, 23.442375, 1536.0], [11.269665, 23.442375, 1552.0], [10.945938, 23.3954, 1569.0], [10.665508, 23.348568, 1585.0], [10.340349, 23.113611, 1618.0], [10.248916, 22.78767, 1652.0], [10.249584, 22.505484, 1668.0], [10.2022, 22.225454, 1685.0], [10.155603, 21.850826, 1701.0], [10.156405, 21.430632, 1718.0], [10.156405, 21.106703, 1734.0], [10.203722, 20.735443, 1767.0], [10.344025, 20.456093, 1784.0], [10.5769005, 20.130602, 1800.0], [10.859059, 19.706951, 1817.0], [11.13986, 19.427868, 1833.0], [11.3702545, 19.197315, 1850.0], [11.69739, 18.964209, 1867.0], [11.927737, 18.73269, 1883.0], [12.208707, 18.451525, 1900.0], [12.442896, 18.169828, 1916.0], [12.722425, 17.843605, 1933.0], [12.953862, 17.56557, 1949.0], [13.185267, 17.287693, 1966.0], [13.420437, 17.005293, 1982.0], [13.701629, 16.677105, 1999.0], [13.885775, 16.399206, 2015.0], [14.117697, 16.168251, 2032.0], [14.584471, 15.747775, 2065.0], [14.86526, 15.513977, 2082.0], [15.143671, 15.234813, 2098.0], [15.470625, 14.907633, 2119.0], [15.702814, 14.628197, 2132.0], [15.888152, 14.302359, 2148.0], [16.074726, 14.022629, 2167.0], [16.539915, 13.230879, 2198.0], [16.819023, 12.905543, 2214.0], [17.006947, 12.623333, 2230.0], [17.284857, 12.299538, 2247.0], [17.518335, 11.972364, 2264.0], [17.845966, 11.597893, 2281.0], [18.219814, 11.224124, 2297.0], [18.54337, 10.760083, 2313.0], [18.917877, 10.197865, 2330.0], [19.19781, 9.589102, 2346.0], [19.617313, 9.031991, 2363.0], [20.083727, 8.425343, 2379.0], [20.6408, 7.869047, 2396.0], [21.299257, 7.304532, 2412.0]"}