{"Image number":36096,"Image shape":8,"Path":"[16.399334, 6.705385, 0.0], [15.511056, 6.9393997, 86.0], [12.949045, 8.665391, 119.0], [12.014911, 10.022822, 135.0], [11.3663025, 11.323716, 152.0], [11.1343565, 12.628618, 168.0], [11.181758, 13.7546425, 185.0], [11.697141, 14.589758, 201.0], [12.397943, 15.382887, 218.0], [13.468082, 16.219116, 234.0], [14.39812, 17.057182, 251.0], [15.3876505, 18.000353, 268.0], [15.936089, 18.877691, 284.0], [16.215176, 19.860239, 303.0], [15.979366, 20.647373, 317.0], [15.50963, 21.44534, 334.0], [14.527781, 22.236698, 350.0], [12.477017, 23.493227, 383.0], [11.736204, 23.77031, 400.0], [11.271271, 23.862621, 417.0], [11.134364, 23.67493, 433.0], [11.461949, 23.020678, 449.0], [13.332232, 19.88703, 483.0], [14.773985, 17.887148, 499.0], [16.355568, 15.9328785, 518.0], [17.857843, 14.053701, 533.0], [18.776665, 12.437525, 549.0], [19.241795, 10.946212, 565.0], [19.147825, 9.685609, 582.0], [18.821875, 8.476658, 599.0], [17.980886, 7.7288504, 615.0], [16.77003, 7.450859, 632.0], [15.17897, 7.920198, 648.0], [13.813413, 8.913628, 665.0], [12.703524, 10.3266535, 681.0], [12.22337, 11.234762, 698.0]"}