{"Image number":39417,"Image shape":1,"Path":"[19.9401, 7.078354, 0.0], [19.469278, 7.8795443, 52.0], [18.670675, 9.100695, 69.0], [17.596792, 11.160918, 85.0], [16.334286, 13.452352, 102.0], [15.130807, 16.05251, 118.0], [13.915579, 18.199923, 135.0], [12.903308, 19.995693, 151.0], [12.201286, 21.260254, 168.0], [11.87676, 22.19344, 185.0], [11.643821, 22.798613, 201.0], [11.253544, 23.232908, 218.0], [11.028373, 23.504875, 234.0]"}