{"Image number":10482,"Image shape":8,"Path":"[19.483334, 7.544444, 0.0], [19.183693, 7.544444, 24.0], [18.689123, 7.5039134, 40.0], [18.041996, 7.4034696, 57.0], [17.289215, 7.3604774, 74.0], [16.22486, 7.3499994, 90.0], [15.069444, 7.408333, 107.0], [14.242778, 7.9376984, 124.0], [13.711113, 8.697221, 140.0], [13.49301, 9.679455, 157.0], [13.455556, 10.735736, 174.0], [13.808731, 11.983111, 191.0], [14.679445, 13.280174, 207.0], [15.594833, 14.533533, 224.0], [16.449999, 15.827777, 241.0], [16.781496, 17.462128, 257.0], [16.90002, 18.87806, 274.0], [16.877777, 19.872223, 291.0], [16.654749, 20.856968, 307.0], [16.434927, 21.812668, 324.0], [16.258997, 22.573536, 341.0], [15.913268, 23.144539, 358.0], [15.095816, 23.551395, 391.0], [14.4925785, 23.668016, 408.0], [13.770595, 23.70122, 425.0], [12.938982, 23.42183, 441.0], [12.3364105, 22.993147, 458.0], [11.860281, 22.109211, 474.0], [11.65583, 21.168324, 491.0], [11.608565, 20.071297, 508.0], [12.132708, 18.6178, 525.0], [12.7319145, 17.262568, 541.0], [13.669444, 15.574999, 558.0], [14.632694, 14.161801, 575.0], [15.382121, 12.98365, 591.0], [15.762328, 11.951698, 608.0], [16.047956, 10.951803, 625.0], [16.313889, 10.111111, 641.0], [16.364105, 9.469623, 658.0], [16.372223, 9.142563, 675.0]"}