{"Image number":447,"Image shape":1,"Path":"[9.83095, 21.521194, 0.0], [10.019705, 21.219086, 76.0], [10.153037, 20.99635, 89.0], [10.383038, 20.619946, 102.0], [10.914425, 19.722689, 115.0], [11.474205, 18.597443, 129.0], [11.973094, 17.553942, 143.0], [12.814399, 15.771214, 157.0], [13.313873, 14.789065, 170.0], [13.755088, 13.960923, 184.0], [14.294321, 12.927196, 198.0], [14.832883, 12.000084, 213.0], [15.413243, 10.972163, 226.0], [15.920798, 9.990672, 240.0], [16.461843, 8.996371, 255.0], [16.690472, 8.628027, 268.0], [17.181404, 7.6274266, 282.0], [17.451874, 7.112112, 297.0], [17.723309, 6.610093, 311.0], [17.989416, 6.1220694, 326.0], [18.226843, 5.6634207, 339.0], [18.43669, 5.287534, 353.0], [18.53316, 5.0945277, 367.0]"}