{"Image number":39367,"Image shape":1,"Path":"[20.592346, 5.912827, 0.0], [20.266222, 6.145932, 52.0], [19.566525, 7.079506, 69.0], [18.535349, 8.580534, 85.0], [17.553, 10.503305, 102.0], [16.627607, 12.355893, 118.0], [15.837746, 14.217323, 135.0], [15.083503, 16.057266, 152.0], [14.386164, 17.731613, 168.0], [13.73798, 19.119003, 185.0], [13.132434, 20.283047, 201.0], [12.617718, 21.266287, 218.0], [12.294996, 21.96016, 234.0], [12.102184, 22.444128, 251.0]"}