{"Image number":38142,"Image shape":8,"Path":"[21.477537, 8.430367, 0.0], [20.814552, 8.052793, 103.0], [19.982069, 7.6354985, 119.0], [18.907902, 7.309255, 136.0], [18.026035, 7.1241508, 153.0], [17.094849, 7.124975, 169.0], [16.159903, 7.124975, 186.0], [15.365552, 7.2192554, 202.0], [14.622791, 7.4532514, 219.0], [14.021155, 7.7320375, 235.0], [13.4620075, 8.058694, 252.0], [12.945169, 8.435154, 268.0], [12.524609, 8.952786, 285.0], [12.157827, 9.505514, 301.0], [11.828769, 10.070413, 318.0], [11.646257, 10.671424, 335.0], [11.600568, 11.3222475, 351.0], [11.600665, 11.929426, 368.0], [11.600665, 12.4938965, 384.0], [11.834045, 13.14032, 401.0], [12.164297, 13.706385, 417.0], [12.633524, 14.314909, 434.0], [13.049001, 14.916601, 450.0], [13.511583, 15.517782, 467.0], [13.980776, 16.175179, 483.0], [14.401113, 16.735743, 500.0], [14.818315, 17.245441, 517.0], [15.099086, 17.620396, 533.0], [15.330818, 18.181463, 550.0], [15.467839, 19.343441, 583.0], [15.514646, 19.905207, 599.0], [15.514143, 20.51424, 616.0], [15.467039, 21.165142, 632.0], [15.373521, 21.86367, 649.0], [15.186113, 22.563725, 665.0], [14.856934, 23.171871, 682.0], [14.439363, 23.773396, 699.0], [14.065707, 24.193012, 715.0], [13.645676, 24.51848, 732.0], [13.179275, 24.703312, 748.0], [12.672083, 24.794409, 765.0], [12.111829, 24.654192, 781.0], [11.505343, 24.373806, 798.0], [10.944753, 23.952456, 814.0], [10.3333025, 23.339668, 831.0], [9.872377, 22.690138, 847.0], [9.547705, 21.943537, 864.0], [9.409389, 21.148907, 881.0], [9.363868, 20.309309, 897.0], [9.364392, 19.518103, 914.0], [9.459405, 18.860653, 930.0], [9.69489, 18.208551, 947.0], [10.0184355, 17.752028, 963.0], [10.343768, 17.42724, 980.0], [10.718256, 16.911585, 996.0], [11.2293, 16.307747, 1013.0], [11.885338, 15.604514, 1029.0], [12.444862, 15.092058, 1046.0], [13.003622, 14.62657, 1063.0], [13.51164, 14.257411, 1079.0], [14.07157, 13.883914, 1096.0], [14.772551, 13.463149, 1112.0], [15.523835, 12.898724, 1129.0], [16.360481, 12.435485, 1145.0], [17.104656, 12.063571, 1162.0], [17.7568, 11.784351, 1178.0], [18.317457, 11.408801, 1195.0], [18.879059, 10.939148, 1211.0], [19.199493, 10.285571, 1228.0], [19.381329, 9.734865, 1245.0], [19.427074, 8.939374, 1278.0], [19.239285, 8.613386, 1294.0], [19.007559, 8.28944, 1311.0]"}