{"Image number":38539,"Image shape":8,"Path":"[22.26955, 9.968864, 0.0], [21.704136, 9.874468, 51.0], [20.820827, 9.688198, 68.0], [19.554762, 9.500782, 84.0], [18.30396, 9.409003, 101.0], [16.84222, 9.362048, 117.0], [15.453436, 9.456974, 134.0], [14.243168, 9.644529, 151.0], [13.169758, 10.020684, 167.0], [12.242308, 10.392698, 184.0], [11.353407, 10.72008, 201.0], [10.706987, 10.998171, 217.0], [10.293359, 11.276134, 233.0], [10.106872, 11.511046, 250.0], [10.016425, 11.787516, 283.0], [10.344172, 12.021042, 333.0], [10.764879, 12.395669, 349.0], [11.27529, 12.906744, 366.0], [12.396554, 14.449987, 399.0], [12.961401, 15.345592, 415.0], [13.419355, 16.26616, 432.0], [13.792113, 17.152714, 448.0], [14.118356, 18.039442, 465.0], [14.351443, 18.833776, 481.0], [14.490894, 19.581951, 498.0], [14.535818, 20.412804, 515.0], [14.393814, 21.216984, 531.0], [14.16235, 22.139824, 548.0], [13.73919, 22.985308, 564.0], [12.493072, 24.04381, 597.0], [11.780913, 24.283592, 614.0], [11.133717, 24.374949, 630.0], [10.521679, 24.233217, 647.0], [10.058367, 23.858074, 663.0], [9.550009, 22.554054, 696.0], [9.550749, 21.567669, 713.0], [9.739898, 20.110615, 730.0], [10.110984, 18.72926, 746.0], [10.674296, 17.462685, 763.0], [11.329432, 16.483364, 779.0], [12.117117, 15.652437, 796.0], [14.083629, 14.389744, 829.0], [15.099097, 13.742466, 845.0], [16.17625, 13.086473, 862.0], [17.29172, 12.482507, 881.0], [18.310604, 11.973014, 895.0], [19.198732, 11.411556, 912.0], [19.805225, 10.897145, 928.0], [20.224632, 10.38234, 945.0], [20.499668, 9.82775, 978.0], [19.981144, 9.264618, 1011.0], [19.085716, 8.795025, 1027.0]"}