{"Image number":10060,"Image shape":4,"Path":"[14.388889, 6.2222223, 0.0], [14.099091, 6.589799, 34.0], [13.712548, 6.935548, 51.0], [13.383385, 7.3240137, 68.0], [12.812324, 8.087192, 85.0], [12.220038, 8.896918, 101.0], [11.627778, 9.683333, 118.0], [11.05002, 10.618855, 135.0], [10.651938, 11.55323, 151.0], [10.489484, 12.171726, 168.0], [10.420662, 12.530026, 185.0], [10.422222, 13.034158, 202.0], [10.740543, 13.555672, 218.0], [11.058967, 13.897855, 235.0], [11.502559, 14.341448, 252.0], [12.242902, 14.944423, 269.0], [12.967948, 15.454306, 285.0], [13.725472, 15.908638, 302.0], [14.410475, 16.347069, 318.0], [14.926453, 16.548359, 335.0], [15.446926, 16.698975, 352.0], [15.894621, 16.76422, 369.0], [16.264923, 16.818007, 385.0], [16.747215, 16.491053, 402.0], [17.188902, 15.91526, 419.0], [17.61106, 14.927907, 436.0], [17.99807, 13.790199, 452.0], [18.335953, 12.720412, 469.0], [18.665915, 11.896271, 485.0], [19.101847, 11.109884, 502.0], [19.603031, 10.218067, 519.0], [20.088078, 9.57031, 536.0], [20.478823, 9.058972, 552.0], [20.681587, 8.7492075, 569.0], [20.883274, 8.400103, 586.0], [21.101374, 8.072939, 602.0], [21.205183, 7.872968, 619.0], [21.314054, 7.6955853, 636.0], [21.155146, 8.206479, 719.0], [20.87154, 8.915588, 736.0], [20.292965, 10.022018, 753.0], [19.735603, 11.164124, 769.0], [19.163269, 12.306795, 786.0], [18.592466, 13.463194, 803.0], [18.038105, 14.557124, 820.0], [17.463514, 15.396397, 837.0], [17.042564, 16.192188, 853.0], [16.605194, 17.121601, 870.0], [16.203514, 18.08937, 887.0], [15.8635025, 18.986216, 903.0], [15.592787, 19.689867, 920.0], [15.323425, 20.336485, 936.0], [15.151303, 20.900778, 953.0], [15.050001, 21.194443, 970.0], [14.842205, 21.71393, 987.0], [14.675627, 22.153883, 1003.0], [14.489555, 22.439444, 1020.0], [14.272438, 22.710844, 1037.0], [14.109348, 22.982569, 1054.0], [13.980209, 23.217358, 1070.0], [13.916274, 23.434906, 1087.0]"}