{"Image number":30629,"Image shape":9,"Path":"[20.194176, 8.03373, 0.0], [19.903559, 7.8979387, 127.0], [19.74687, 7.9171524, 144.0], [19.518135, 7.8782945, 162.0], [19.256691, 7.8782945, 180.0], [18.901014, 7.8782945, 198.0], [18.341347, 7.8782945, 215.0], [17.883495, 7.8782945, 233.0], [17.489239, 7.8782945, 251.0], [17.215658, 7.8782945, 269.0], [16.905186, 7.902201, 286.0], [16.513926, 7.9171524, 304.0], [16.088427, 7.9546647, 322.0], [15.565394, 8.0568695, 340.0], [15.095369, 8.16304, 358.0], [14.754967, 8.3066635, 375.0], [14.40444, 8.475236, 393.0], [14.011011, 8.606455, 411.0], [13.499912, 8.816397, 429.0], [12.975579, 9.031391, 446.0], [12.566211, 9.246505, 464.0], [12.257626, 9.482164, 482.0], [11.966835, 9.785595, 500.0], [11.700811, 10.098285, 517.0], [11.481028, 10.388786, 535.0], [11.175775, 10.684806, 553.0], [10.9154625, 11.0028515, 571.0], [10.654787, 11.290035, 588.0], [10.498921, 11.54287, 606.0], [10.407767, 11.896805, 642.0], [10.407767, 12.065758, 659.0], [10.429403, 12.278187, 677.0], [10.542824, 12.587727, 695.0], [10.635046, 12.801857, 713.0], [10.76609, 13.064106, 730.0], [10.846186, 13.274496, 748.0], [11.0800295, 13.589181, 784.0], [11.262358, 13.733126, 802.0], [11.497316, 13.942395, 819.0], [11.888696, 14.071487, 837.0], [12.2809925, 14.255669, 855.0], [12.670902, 14.330597, 873.0], [13.389828, 14.328811, 890.0], [14.118332, 14.273887, 908.0], [14.7121725, 14.166137, 926.0], [15.307743, 13.945287, 944.0], [16.04617, 13.615424, 961.0], [16.70571, 13.332044, 979.0], [17.250652, 13.018604, 997.0], [17.728155, 12.677322, 1015.0], [18.0592, 12.307218, 1032.0], [18.449398, 12.02735, 1050.0], [18.834951, 11.764145, 1068.0], [19.14901, 11.324877, 1086.0], [19.471771, 11.010365, 1103.0], [19.73708, 10.667179, 1121.0], [19.997894, 10.358159, 1139.0], [20.185339, 10.069111, 1157.0], [20.315472, 9.872318, 1175.0], [20.44984, 9.670639, 1192.0], [20.54369, 9.407956, 1228.0], [20.621393, 9.238276, 1263.0], [20.415321, 9.616854, 1405.0], [20.137762, 10.085147, 1423.0], [19.789454, 10.526833, 1441.0], [19.495451, 11.064083, 1459.0], [19.15648, 11.620258, 1476.0], [18.79673, 12.2101, 1494.0], [18.349516, 12.910475, 1512.0], [17.761776, 13.608042, 1530.0], [17.313004, 14.203888, 1547.0], [17.00109, 14.75192, 1565.0], [16.790478, 15.156123, 1583.0], [16.629131, 15.548958, 1601.0], [16.446602, 15.863721, 1619.0], [16.276613, 16.351273, 1636.0], [15.857851, 17.067024, 1654.0], [15.363419, 17.7834, 1672.0], [14.956375, 18.401575, 1690.0], [14.6467, 18.905819, 1707.0], [14.381409, 19.368284, 1725.0], [14.121483, 19.771248, 1743.0], [13.899808, 20.321308, 1761.0], [13.504038, 20.872839, 1778.0], [13.114276, 21.404034, 1796.0], [12.72446, 22.004059, 1814.0], [12.388405, 22.595842, 1832.0], [12.126708, 23.129278, 1849.0], [11.9086, 23.526901, 1867.0], [11.78356, 23.985416, 1885.0], [11.654227, 24.325521, 1903.0], [11.566859, 24.572447, 1920.0], [11.495146, 24.83227, 1938.0], [11.3795595, 25.090786, 1956.0], [11.262136, 25.364632, 1985.0]"}