{"Image number":36389,"Image shape":9,"Path":"[17.750416, 7.404701, 0.0], [16.911097, 7.26479, 52.0], [15.736879, 7.3118677, 69.0], [14.253862, 7.6850247, 85.0], [12.710195, 8.387661, 102.0], [11.166727, 9.419176, 118.0], [9.957644, 10.681074, 135.0], [9.081879, 12.071526, 151.0], [8.757199, 13.237834, 168.0], [8.711993, 14.261368, 184.0], [9.039637, 15.007074, 201.0], [9.838345, 15.522001, 217.0], [11.009176, 15.611156, 234.0], [12.352414, 15.235309, 251.0], [13.709874, 14.53116, 267.0], [15.0545435, 13.507297, 284.0], [16.267681, 12.151003, 300.0], [17.338482, 10.798749, 317.0], [18.034824, 9.5874405, 333.0], [18.450735, 8.660177, 350.0], [18.542429, 7.8234744, 383.0], [18.168737, 7.824783, 416.0], [17.235548, 8.993646, 449.0], [16.95787, 10.0641365, 466.0], [16.77134, 11.512856, 482.0], [16.491928, 13.235959, 499.0], [16.023071, 15.158382, 515.0], [15.419681, 17.199493, 532.0], [14.718995, 19.255674, 548.0], [14.0159, 21.272392, 565.0], [13.316438, 23.137432, 582.0], [12.68425, 24.693014, 598.0], [12.325557, 25.5425, 619.0]"}