{"Image number":10047,"Image shape":9,"Path":"[16.761112, 8.011111, 0.0], [16.53465, 7.8412666, 19.0], [16.157925, 7.6776624, 36.0], [15.7483425, 7.661111, 53.0], [15.572395, 7.661111, 70.0], [15.253896, 7.661111, 86.0], [14.796138, 7.661111, 103.0], [14.101811, 7.9018717, 120.0], [13.538366, 8.279419, 136.0], [12.886793, 8.822117, 153.0], [12.1146755, 9.614435, 170.0], [11.465591, 10.430893, 187.0], [10.807401, 11.474854, 203.0], [10.293393, 12.661095, 220.0], [9.956801, 13.601099, 237.0], [9.761111, 14.369444, 254.0], [9.725045, 14.794082, 270.0], [9.722221, 15.23418, 287.0], [9.747754, 15.514305, 304.0], [9.912785, 15.784035, 321.0], [10.076185, 16.001581, 337.0], [10.565015, 16.16056, 354.0], [11.074011, 16.269245, 370.0], [11.822223, 16.313889, 387.0], [12.330983, 16.149868, 404.0], [12.993431, 15.929968, 421.0], [13.625103, 15.592609, 438.0], [14.181066, 15.214919, 454.0], [14.781075, 14.725586, 471.0], [15.437792, 14.184835, 487.0], [16.039387, 13.637932, 504.0], [16.625, 12.988889, 521.0], [16.97137, 12.441812, 537.0], [17.302082, 11.966073, 554.0], [17.616667, 11.433333, 571.0], [17.806059, 11.056234, 588.0], [17.963524, 10.688814, 604.0], [18.1279, 10.466506, 621.0], [18.247644, 10.292422, 638.0], [18.41469, 10.159321, 671.0], [18.472221, 10.433758, 755.0], [18.430693, 10.8322315, 771.0], [18.375, 11.511111, 788.0], [18.29684, 12.360189, 805.0], [18.19156, 13.298163, 821.0], [18.083332, 14.330555, 838.0], [18.083332, 15.330876, 855.0], [18.032341, 16.266844, 872.0], [18.005556, 17.257015, 888.0], [18.005556, 18.201973, 905.0], [18.005556, 19.030512, 922.0], [18.005556, 19.878792, 938.0], [17.96464, 20.516735, 955.0], [17.966667, 20.836674, 971.0], [17.863518, 21.302685, 988.0], [17.756268, 21.631199, 1005.0], [17.622675, 21.897396, 1022.0], [17.50915, 22.143795, 1038.0], [17.40087, 22.36493, 1055.0]"}