{"Image number":30028,"Image shape":5,"Path":"[16.85437, 5.0027623, 0.0], [16.68824, 5.02759, 54.0], [16.506609, 5.092847, 72.0], [16.19726, 5.3111606, 90.0], [15.795477, 5.4624004, 107.0], [15.265541, 5.6669364, 125.0], [14.210143, 6.0532703, 143.0], [13.559336, 6.2994494, 161.0], [12.902484, 6.4308987, 179.0], [12.0874605, 6.639292, 196.0], [11.336066, 6.837199, 214.0], [10.50891, 6.977945, 232.0], [9.654236, 7.06646, 249.0], [8.99943, 7.101123, 268.0], [8.477446, 7.101123, 285.0], [8.247663, 7.101123, 303.0], [8.058533, 7.101123, 320.0], [7.7904587, 7.1788406, 356.0], [7.888419, 7.764459, 391.0], [8.019613, 8.598544, 409.0], [8.263802, 9.661724, 427.0], [8.458542, 10.763241, 445.0], [8.65622, 11.884097, 463.0], [8.811202, 12.86648, 480.0], [9.008982, 13.807545, 499.0], [9.048544, 14.54772, 516.0], [9.205914, 15.036387, 534.0], [9.242718, 15.330791, 551.0], [9.281553, 15.494567, 587.0], [9.430341, 15.329535, 622.0], [9.65196, 14.960138, 640.0], [10.0095415, 14.471513, 658.0], [10.398293, 13.952866, 676.0], [10.708593, 13.46058, 693.0], [11.068779, 12.870387, 711.0], [11.631067, 12.288736, 729.0], [12.23422, 11.911084, 747.0], [12.811683, 11.705413, 764.0], [13.58345, 11.564842, 782.0], [14.172686, 11.48268, 800.0], [14.7396345, 11.492136, 818.0], [15.328072, 11.578317, 835.0], [15.994421, 11.708627, 853.0], [16.729094, 11.916656, 871.0], [17.560343, 12.15682, 889.0], [18.194338, 12.388729, 907.0], [18.881151, 12.778891, 924.0], [19.364048, 13.066496, 942.0], [19.832985, 13.39341, 960.0], [20.210777, 13.762541, 978.0], [20.57225, 14.221155, 995.0], [20.89744, 14.676698, 1013.0], [21.225136, 15.260832, 1031.0], [21.450308, 15.876082, 1049.0], [21.704163, 16.47516, 1066.0], [21.797382, 17.137173, 1084.0], [21.825243, 17.727058, 1102.0], [21.825243, 18.309135, 1120.0], [21.654266, 18.953497, 1137.0], [21.525238, 19.593685, 1155.0], [21.281555, 20.17702, 1173.0], [20.867294, 20.919992, 1191.0], [20.374203, 21.376358, 1208.0], [19.975723, 21.728125, 1226.0], [19.483496, 22.089832, 1244.0], [19.075323, 22.44498, 1262.0], [18.63229, 22.745926, 1279.0], [18.10926, 23.059505, 1297.0], [17.506386, 23.150604, 1315.0], [16.747837, 23.32098, 1333.0], [16.0867, 23.450987, 1351.0], [15.552886, 23.421707, 1368.0], [15.01902, 23.421707, 1386.0], [14.446721, 23.36559, 1404.0], [13.91576, 23.300797, 1422.0], [13.3817, 23.203892, 1439.0], [12.918288, 23.073599, 1457.0], [12.541217, 22.895878, 1475.0], [12.149, 22.588495, 1493.0], [11.766991, 22.21709, 1510.0], [11.49751, 21.869732, 1528.0], [11.316541, 21.53711, 1546.0], [11.184465, 21.20677, 1560.0]"}