{"Image number":37322,"Image shape":2,"Path":"[8.292845, 6.565522, 0.0], [8.480006, 6.238166, 103.0], [9.091788, 5.5318556, 119.0], [9.839367, 4.9263954, 136.0], [10.533083, 4.605583, 152.0], [11.191862, 4.46532, 169.0], [11.79408, 4.4675713, 185.0], [12.3490505, 4.4675713, 202.0], [12.958703, 4.5147276, 218.0], [13.421572, 4.561208, 235.0], [13.746824, 4.6549315, 251.0], [14.117661, 4.8414316, 284.0], [14.53657, 5.214305, 317.0], [14.772024, 5.449921, 334.0], [15.005422, 5.730854, 351.0], [15.283269, 5.9611764, 367.0], [15.421628, 6.1936617, 384.0], [15.747461, 6.7527566, 417.0], [15.887034, 7.078771, 433.0], [16.027914, 7.4077163, 450.0], [16.400282, 8.058535, 483.0], [16.585794, 8.337282, 500.0], [16.772467, 8.664208, 516.0], [16.91346, 9.1351795, 533.0], [17.098927, 9.691408, 549.0], [17.333956, 10.302609, 566.0], [17.472061, 11.000435, 582.0], [17.564938, 11.653381, 599.0], [17.611118, 12.306513, 615.0], [17.61065, 12.958557, 632.0], [17.61065, 13.612301, 648.0], [17.563423, 14.219663, 665.0], [17.37637, 14.774846, 682.0], [17.14361, 15.286202, 698.0], [16.858727, 15.808428, 715.0], [16.535284, 16.36251, 731.0], [16.206572, 16.878866, 748.0], [15.975542, 17.248953, 764.0], [15.791056, 17.478148, 781.0], [15.555942, 17.855505, 797.0], [15.1854725, 18.176416, 814.0], [14.760573, 18.649452, 830.0], [14.3912735, 18.970888, 847.0], [14.1580105, 19.490696, 864.0], [14.022212, 19.85543, 880.0], [13.882971, 20.273808, 897.0], [13.275512, 21.020142, 930.0], [12.854477, 21.347609, 946.0], [12.529982, 21.626263, 963.0], [12.250746, 21.953026, 980.0], [11.829473, 22.46678, 1012.0], [11.458317, 22.744993, 1029.0], [10.989815, 22.884478, 1046.0], [10.664816, 22.977324, 1062.0], [10.386602, 22.976162, 1079.0], [10.154799, 22.929218, 1095.0], [9.782496, 22.882769, 1112.0], [9.311258, 22.693813, 1128.0], [8.8920765, 22.459759, 1145.0], [8.569538, 22.181166, 1161.0], [8.291534, 21.855726, 1178.0], [8.010073, 21.479965, 1194.0], [7.544997, 20.452803, 1227.0], [7.407653, 19.57281, 1261.0], [7.454524, 19.291397, 1277.0], [7.548457, 18.868834, 1294.0], [7.830462, 18.495853, 1310.0], [8.10978, 18.076004, 1327.0], [8.436365, 17.703682, 1343.0], [8.713026, 17.193523, 1360.0], [9.039175, 16.727636, 1376.0], [9.366934, 16.306068, 1393.0], [9.693813, 16.026783, 1410.0], [9.971359, 15.889093, 1426.0], [10.250476, 15.702669, 1443.0], [10.5778265, 15.562492, 1459.0], [10.998646, 15.3753, 1476.0], [11.415097, 15.283501, 1492.0], [11.787628, 15.190281, 1509.0], [12.162042, 15.237343, 1525.0], [12.489088, 15.284137, 1542.0], [12.9073925, 15.377415, 1558.0], [13.283139, 15.471479, 1575.0], [13.698987, 15.610628, 1592.0], [14.11786, 15.843901, 1608.0], [14.584677, 16.030539, 1625.0], [15.0556, 16.21904, 1641.0], [15.519305, 16.54606, 1658.0], [15.938576, 16.872787, 1675.0], [16.358528, 17.199642, 1691.0], [16.913149, 17.428806, 1707.0], [17.425186, 17.708462, 1724.0], [17.892056, 17.988827, 1740.0], [18.315832, 18.366314, 1757.0], [18.874397, 18.643322, 1773.0], [19.338852, 18.87571, 1790.0], [19.802378, 19.10763, 1807.0], [20.270042, 19.341625, 1823.0], [20.786316, 19.623594, 1840.0], [21.297623, 19.94989, 1856.0], [21.764322, 20.22987, 1873.0], [22.365786, 20.55351, 1889.0], [22.974665, 20.83449, 1906.0], [23.486372, 21.0672, 1922.0], [24.04843, 21.396004, 1939.0]"}