{"Image number":35946,"Image shape":4,"Path":"[11.554076, 6.6587644, 0.0], [10.9466, 7.546994, 52.0], [10.153362, 8.948575, 68.0], [9.123914, 10.868716, 85.0], [8.382663, 12.821585, 102.0], [7.8202343, 14.700018, 118.0], [7.639445, 16.27253, 135.0], [7.7808914, 17.385843, 151.0], [8.342318, 18.03769, 168.0], [9.418807, 18.222168, 184.0], [11.002745, 18.12711, 201.0], [12.866163, 17.47221, 217.0], [14.872908, 16.256056, 234.0], [16.887583, 14.471344, 250.0], [18.705336, 12.649733, 267.0], [21.445724, 9.3438635, 300.0], [22.3171, 8.0558605, 333.0], [22.36295, 8.291601, 350.0], [22.315771, 8.948347, 366.0], [21.942272, 10.2994, 383.0], [21.426426, 12.364645, 399.0], [20.866577, 14.7938385, 416.0], [20.636238, 17.176033, 432.0], [20.591751, 19.4621, 449.0], [20.639477, 21.319483, 466.0], [20.93279, 22.719082, 482.0], [21.20099, 23.309486, 499.0]"}