{"Image number":30298,"Image shape":4,"Path":"[11.728155, 6.401669, 0.0], [11.510533, 6.7323327, 104.0], [11.029675, 7.333727, 122.0], [10.452248, 8.146845, 139.0], [9.342139, 9.762562, 157.0], [8.368522, 11.093214, 175.0], [7.63352, 12.203159, 193.0], [7.0985193, 13.055081, 211.0], [6.8620276, 13.616974, 228.0], [6.6598477, 14.047952, 246.0], [6.5852222, 14.373598, 264.0], [6.5196967, 14.5368395, 282.0], [6.5242724, 14.696945, 317.0], [6.9708743, 14.81454, 371.0], [7.3830295, 14.887245, 388.0], [7.771207, 14.90674, 406.0], [8.411218, 14.911688, 424.0], [9.113171, 14.911688, 441.0], [9.897231, 14.911688, 459.0], [11.0628605, 14.911688, 477.0], [12.238003, 14.911688, 495.0], [13.6058655, 15.0657215, 512.0], [14.407209, 15.218871, 530.0], [15.330587, 15.363808, 548.0], [16.270708, 15.416848, 566.0], [17.038177, 15.416848, 584.0], [17.939232, 15.416848, 601.0], [18.853558, 15.298843, 619.0], [19.377884, 15.222555, 637.0], [19.781267, 15.114173, 655.0], [20.01187, 15.144839, 672.0], [20.175941, 15.105982, 690.0], [20.39326, 15.06221, 726.0], [20.619745, 14.970781, 762.0], [20.750187, 14.602694, 779.0], [20.848236, 14.09976, 797.0], [20.913391, 13.6045475, 814.0], [20.977861, 13.152962, 832.0], [21.004591, 12.693757, 850.0], [21.031038, 12.275337, 868.0], [21.096378, 11.913425, 885.0], [21.08738, 11.547169, 903.0], [21.11032, 11.2448845, 921.0], [21.126213, 10.933006, 939.0], [21.126213, 10.729068, 974.0], [21.126213, 11.107798, 1028.0], [20.96686, 12.123694, 1045.0], [20.651596, 13.951277, 1063.0], [20.288284, 16.089941, 1081.0], [20.01584, 18.367418, 1099.0], [19.916336, 20.12196, 1116.0], [20.048708, 21.7521, 1134.0], [20.298979, 23.312597, 1152.0], [20.518503, 24.223747, 1170.0], [20.68277, 24.794394, 1187.0], [20.812805, 25.201012, 1205.0], [20.899153, 25.466162, 1223.0]"}