{"Image number":40017,"Image shape":7,"Path":"[9.013876, 12.638815, 0.0], [9.117484, 12.327865, 79.0], [9.224143, 12.085494, 96.0], [9.362152, 11.815308, 112.0], [9.477009, 11.568105, 129.0], [9.668111, 11.297552, 146.0], [9.872594, 10.989638, 163.0], [10.191109, 10.583649, 179.0], [10.586088, 10.210854, 195.0], [10.94357, 9.81436, 212.0], [11.336677, 9.4340515, 229.0], [11.60131, 9.100671, 246.0], [11.8118515, 8.81853, 263.0], [11.947546, 8.647936, 279.0], [12.072716, 8.551681, 295.0], [12.18604, 8.4547825, 329.0], [12.218248, 8.644326, 395.0], [12.258733, 8.839356, 413.0], [12.346009, 9.087061, 429.0], [12.465658, 9.409325, 446.0], [12.71037, 9.648403, 462.0], [13.044615, 9.867512, 479.0], [13.3695755, 10.023747, 496.0], [13.790289, 10.149178, 513.0], [14.133728, 10.23973, 529.0], [14.611177, 10.306694, 546.0], [15.071543, 10.306694, 563.0], [15.575821, 10.284371, 579.0], [16.20464, 10.204293, 596.0], [16.802252, 10.095583, 612.0], [17.27621, 9.95584, 629.0], [17.7186, 9.825682, 645.0], [18.038956, 9.696401, 662.0], [18.351875, 9.582638, 678.0], [18.699429, 9.532398, 695.0], [19.017893, 9.420234, 712.0], [19.348055, 9.39986, 729.0], [19.619528, 9.322365, 746.0], [19.884855, 9.293098, 762.0], [20.123907, 9.227329, 779.0], [20.336815, 9.186521, 796.0], [20.492315, 9.172057, 812.0], [20.691174, 9.166549, 845.0], [20.617527, 9.322441, 928.0], [20.39114, 9.615918, 945.0], [20.048952, 10.044045, 962.0], [19.60239, 10.608008, 978.0], [18.99676, 11.309693, 995.0], [18.4533, 12.014335, 1012.0], [17.949583, 12.712888, 1029.0], [17.443579, 13.304544, 1045.0], [16.98713, 13.917079, 1062.0], [16.62173, 14.373366, 1078.0], [16.144527, 15.040037, 1095.0], [15.555082, 15.7824955, 1112.0], [14.922026, 16.53566, 1128.0], [14.288849, 17.349642, 1145.0], [13.742759, 18.097895, 1162.0], [13.233936, 18.742605, 1179.0], [12.738702, 19.4258, 1195.0], [12.2958355, 20.13757, 1212.0], [11.927394, 20.690031, 1229.0], [11.517967, 21.306168, 1245.0], [11.11651, 21.909056, 1262.0], [10.810759, 22.466232, 1279.0], [10.493438, 23.014858, 1296.0], [10.232829, 23.475983, 1312.0], [10.020791, 23.859583, 1329.0], [9.820863, 24.219603, 1345.0], [9.610877, 24.5617, 1362.0], [9.459453, 24.811361, 1378.0], [9.271164, 25.07938, 1395.0], [9.166318, 25.264107, 1412.0], [9.033088, 25.452938, 1428.0], [8.923354, 25.581936, 1445.0], [8.80613, 25.751034, 1462.0], [8.713173, 25.877834, 1478.0], [8.630084, 26.00252, 1495.0], [8.495663, 26.139362, 1529.0]"}