{"Image number":15237,"Image shape":0,"Path":"[11.59375, 6.6435184, 0.0], [12.330406, 6.263212, 81.0], [13.179398, 6.0570126, 97.0], [14.145927, 5.9276867, 114.0], [15.059147, 5.865741, 130.0], [15.91236, 5.8171296, 147.0], [16.760534, 5.7685184, 163.0], [17.503088, 5.7199073, 179.0], [18.205204, 5.7199073, 196.0], [18.718811, 5.887456, 213.0], [19.190578, 6.058082, 230.0], [19.632812, 6.327546, 246.0], [20.06178, 6.5953503, 262.0], [20.429514, 6.91, 279.0], [20.746721, 7.3138566, 296.0], [21.002731, 7.7178144, 312.0], [21.177872, 8.07779, 330.0], [21.351765, 8.386932, 347.0], [21.490444, 8.682087, 363.0], [21.628906, 9.001158, 380.0], [21.735659, 9.356419, 397.0], [21.846537, 9.750647, 413.0], [21.951431, 10.162255, 430.0], [22.01043, 10.525532, 447.0], [22.093983, 10.775879, 462.0], [22.12494, 11.032195, 479.0], [22.148438, 11.243992, 496.0], [22.182625, 11.492516, 513.0], [22.203125, 11.820601, 530.0], [22.203125, 12.1617565, 546.0], [22.203125, 12.530365, 563.0], [22.121094, 12.857943, 581.0], [22.09375, 13.187775, 596.0], [22.037727, 13.456197, 612.0], [21.981125, 13.812478, 629.0], [21.895634, 14.165411, 646.0], [21.807968, 14.535753, 663.0], [21.729403, 14.906154, 679.0], [21.667393, 15.265673, 696.0], [21.596273, 15.655376, 712.0], [21.509417, 16.028128, 729.0], [21.389898, 16.395458, 746.0], [21.298216, 16.712858, 762.0], [21.15332, 17.016785, 779.0], [20.950737, 17.38992, 796.0], [20.714638, 17.730598, 812.0], [20.458122, 18.084774, 830.0], [20.224236, 18.445234, 846.0], [19.968603, 18.716566, 862.0], [19.750086, 18.959412, 879.0], [19.488285, 19.26157, 896.0], [19.252361, 19.474752, 913.0], [18.983267, 19.689644, 930.0], [18.658026, 19.941078, 947.0], [18.377731, 20.14574, 962.0], [18.05462, 20.347263, 979.0], [17.75219, 20.551682, 995.0], [17.426271, 20.752024, 1012.0], [17.059515, 20.953157, 1029.0], [16.67877, 21.164818, 1046.0], [16.361372, 21.31826, 1063.0], [16.031572, 21.428125, 1080.0], [15.668182, 21.58327, 1097.0], [15.339123, 21.729382, 1112.0], [14.989826, 21.881487, 1129.0], [14.650097, 22.030758, 1146.0], [14.310755, 22.179914, 1163.0], [13.985671, 22.324844, 1180.0], [13.593973, 22.481415, 1197.0], [13.209414, 22.587358, 1214.0], [12.791349, 22.693533, 1229.0], [12.338168, 22.793198, 1246.0], [11.856946, 22.896118, 1262.0], [11.402344, 22.92824, 1280.0], [11.033203, 23.049768, 1297.0], [10.654568, 23.074074, 1314.0], [10.264264, 23.074074, 1330.0], [9.929943, 23.074074, 1346.0], [9.576861, 22.930182, 1362.0], [9.223523, 22.771347, 1379.0], [8.906982, 22.674984, 1396.0], [8.547335, 22.457245, 1412.0], [8.1765995, 22.234419, 1429.0], [7.829455, 22.001408, 1445.0], [7.5565457, 21.745865, 1462.0], [7.3554688, 21.421297, 1480.0], [7.169031, 21.094267, 1497.0], [7.082562, 20.695906, 1513.0], [7.049567, 20.315437, 1529.0], [7.0546875, 19.955715, 1546.0], [7.1563177, 19.420937, 1562.0], [7.2703047, 18.813, 1579.0], [7.4695, 18.151936, 1596.0], [7.696225, 17.547337, 1612.0], [7.9544563, 16.953653, 1629.0], [8.309179, 16.274426, 1646.0], [8.643794, 15.679551, 1664.0], [9.101086, 14.812148, 1679.0], [9.558327, 14.053713, 1698.0], [10.066002, 13.233583, 1713.0], [10.609479, 12.535056, 1729.0], [11.218872, 11.84073, 1746.0], [11.944944, 11.140917, 1762.0], [12.8345585, 10.394199, 1779.0], [13.808231, 9.665759, 1796.0], [14.802433, 8.915361, 1812.0], [15.672503, 8.312516, 1829.0], [16.434402, 7.6879406, 1846.0], [17.200016, 7.2820034, 1862.0], [18.077261, 6.7937384, 1879.0]"}