{"Image number":36252,"Image shape":5,"Path":"[18.262894, 7.8709145, 0.0], [18.02995, 7.8709145, 34.0], [17.465687, 7.8709145, 51.0], [16.533573, 7.8240166, 67.0], [15.649153, 7.824293, 84.0], [15.000868, 7.7776146, 101.0], [14.43904, 7.7776723, 117.0], [13.87974, 7.7776723, 133.0], [13.461773, 7.824567, 150.0], [13.277622, 8.011273, 183.0], [13.09091, 9.367423, 249.0], [12.856413, 10.680265, 266.0], [12.438991, 12.254347, 282.0], [11.970764, 13.425365, 299.0], [11.595451, 14.269748, 315.0], [11.365797, 14.82208, 332.0], [11.273699, 15.052681, 348.0], [11.462952, 14.862031, 398.0], [11.928774, 14.676805, 415.0], [12.581667, 14.583982, 431.0], [13.327085, 14.724712, 448.0], [14.028714, 15.053102, 464.0], [14.684522, 15.617725, 481.0], [15.236237, 16.311377, 497.0], [15.7522745, 17.157015, 514.0], [16.123775, 18.185123, 530.0], [16.353954, 19.252037, 547.0], [16.399855, 20.377876, 564.0], [16.21142, 21.399616, 580.0], [15.741075, 22.335499, 597.0], [14.024854, 23.674515, 630.0], [12.84544, 24.052654, 646.0], [10.527179, 24.374958, 679.0], [9.696091, 24.423834, 696.0], [9.294819, 24.372242, 713.0]"}