{"Image number":39675,"Image shape":3,"Path":"[9.597338, 7.7776723, 0.0], [9.876871, 7.7310505, 35.0], [10.810112, 7.6376624, 52.0], [12.330596, 7.39984, 68.0], [13.898491, 7.0752707, 85.0], [15.196712, 6.8436947, 101.0], [16.181307, 6.7032533, 118.0], [16.969717, 6.799959, 134.0], [17.433838, 7.0365095, 151.0], [17.659292, 7.5490894, 167.0], [17.61001, 8.253431, 184.0], [17.326078, 9.288022, 201.0], [16.72154, 10.3018465, 217.0], [15.784851, 11.330595, 234.0], [14.800032, 12.125813, 250.0], [13.873082, 12.632019, 267.0], [13.220614, 12.863187, 283.0], [12.95004, 12.953187, 300.0], [13.376238, 13.28185, 349.0], [14.121498, 13.513644, 366.0], [15.013067, 13.842624, 383.0], [15.902308, 14.265335, 399.0], [16.64507, 14.827062, 416.0], [17.251173, 15.484423, 432.0], [17.568216, 16.272818, 449.0], [17.65845, 16.971132, 465.0], [17.704712, 17.81717, 482.0], [17.65679, 18.507273, 498.0], [17.563198, 19.253366, 517.0], [17.375237, 19.907803, 531.0], [17.142822, 20.510279, 548.0], [16.813984, 21.119965, 565.0], [16.393274, 21.678858, 581.0], [15.883074, 22.14042, 598.0], [15.316589, 22.517422, 614.0], [14.674226, 22.790241, 631.0], [13.971717, 22.93054, 647.0], [13.226978, 22.882652, 664.0], [12.333414, 22.599188, 680.0], [11.310582, 22.226385, 697.0], [10.288747, 21.5728, 713.0], [9.259872, 20.7762, 730.0], [8.52401, 19.897049, 746.0], [8.102861, 19.052727, 763.0]"}