{"Image number":36468,"Image shape":0,"Path":"[13.883527, 7.078354, 0.0], [13.510815, 7.358081, 37.0], [12.6097145, 8.259802, 54.0], [11.401733, 9.845457, 70.0], [10.279939, 11.862816, 87.0], [9.681779, 13.867337, 103.0], [9.406226, 15.972068, 120.0], [9.552574, 17.920052, 136.0], [9.980063, 19.756105, 153.0], [10.776938, 21.042593, 169.0], [11.802573, 21.869987, 186.0], [12.975093, 22.2377, 202.0], [14.230259, 22.324991, 219.0], [15.628672, 22.134132, 235.0], [16.942455, 21.42124, 252.0], [18.240383, 20.0607, 268.0], [19.20894, 18.288216, 285.0], [20.14597, 16.076963, 302.0], [20.690155, 13.866503, 318.0], [21.017246, 11.371692, 335.0], [21.10568, 9.296922, 351.0], [20.86987, 7.5292587, 368.0], [20.404783, 6.282537, 384.0], [19.65907, 5.398217, 401.0], [18.676807, 5.024971, 417.0], [17.599123, 4.8856573, 434.0], [16.338785, 5.131919, 450.0], [15.645376, 5.4031963, 467.0]"}