{"Image number":35774,"Image shape":1,"Path":"[15.374375, 6.8918695, 0.0], [15.374375, 7.171596, 36.0], [15.374375, 8.072642, 52.0], [15.327405, 9.561494, 69.0], [15.233024, 11.445847, 86.0], [15.140257, 13.20805, 103.0], [15.001073, 15.01161, 119.0], [14.764906, 16.757156, 135.0], [14.43867, 18.521856, 152.0], [14.150208, 20.304834, 168.0], [13.91731, 21.405931, 185.0]"}