{"Image number":35272,"Image shape":3,"Path":"[9.830282, 6.565522, 0.0], [10.534132, 6.284541, 54.0], [11.463221, 6.145583, 70.0], [12.582466, 6.1926956, 89.0], [13.6132555, 6.568893, 103.0], [14.209948, 7.2185383, 122.0], [14.537382, 8.155237, 141.0], [14.535773, 9.183291, 153.0], [14.064252, 10.261551, 169.0], [12.3838005, 11.886996, 202.0], [11.689928, 12.349155, 219.0], [11.273372, 12.580299, 235.0], [11.321772, 12.813181, 268.0], [11.839141, 12.907003, 285.0], [12.77282, 13.093967, 301.0], [13.932683, 13.372825, 318.0], [15.099159, 13.793354, 334.0], [16.169254, 14.259256, 351.0], [17.289612, 14.773175, 367.0], [18.172852, 15.42585, 384.0], [19.013264, 16.12698, 401.0], [19.475382, 16.82393, 417.0], [19.803558, 17.481323, 434.0], [19.70675, 18.224045, 450.0], [18.489521, 20.4213, 483.0], [17.607416, 21.581783, 500.0], [16.442156, 22.559738, 516.0], [15.231804, 23.304237, 533.0], [12.992418, 23.956238, 566.0], [12.103408, 23.860939, 583.0], [11.473963, 23.615955, 599.0], [11.262543, 23.432768, 616.0]"}