{"Image number":38331,"Image shape":8,"Path":"[14.861896, 4.747298, 0.0], [14.019219, 5.1692176, 51.0], [12.89972, 5.8227563, 67.0], [10.290101, 8.06324, 100.0], [9.354989, 9.234691, 117.0], [8.849803, 10.112375, 133.0], [8.664448, 10.812206, 150.0], [8.805874, 11.416506, 166.0], [10.020573, 12.676365, 199.0], [11.151435, 13.619207, 216.0], [12.450633, 14.828025, 233.0], [13.79433, 16.173458, 249.0], [15.143626, 17.430294, 266.0], [16.412098, 18.6056, 282.0], [17.526676, 19.533873, 299.0], [18.263815, 20.413092, 315.0], [18.73301, 21.25879, 332.0], [18.822319, 22.140368, 348.0], [18.774883, 22.98498, 366.0], [18.445274, 23.825577, 381.0], [17.785341, 24.57462, 398.0], [16.757994, 25.033884, 414.0], [14.102352, 24.978989, 447.0], [12.83665, 24.316803, 464.0], [11.718582, 22.997274, 481.0], [11.085948, 21.385445, 497.0], [10.853735, 19.561068, 514.0], [11.840662, 16.902308, 547.0], [12.772455, 16.304745, 563.0], [13.751548, 15.792426, 580.0], [14.824663, 15.5143385, 596.0], [15.935663, 15.236499, 613.0], [17.062061, 15.0488205, 629.0], [18.084967, 14.768542, 646.0], [19.059414, 14.396155, 663.0], [19.89549, 13.930561, 679.0], [20.59376, 13.324361, 696.0], [21.292747, 12.531251, 712.0], [22.178684, 10.287409, 745.0], [22.31614, 7.911751, 778.0], [22.26941, 7.0757937, 795.0], [21.755377, 5.723373, 828.0], [21.195168, 5.1640496, 845.0], [20.682362, 4.6978, 861.0], [19.938152, 4.373476, 878.0], [19.050629, 4.233788, 894.0], [17.781502, 4.2816596, 911.0], [16.389242, 4.6097918, 927.0]"}