{"Image number":35473,"Image shape":0,"Path":"[15.141432, 8.290504, 0.0], [14.815308, 8.5702305, 36.0], [13.968087, 9.512236, 52.0], [12.608361, 11.249674, 69.0], [11.059586, 13.317125, 86.0], [9.861568, 15.356211, 102.0], [8.890885, 17.209661, 119.0], [8.429638, 19.024973, 135.0], [8.385857, 20.557367, 152.0], [8.902096, 21.819462, 168.0], [9.989016, 22.52233, 185.0], [11.576957, 22.415361, 201.0], [13.565049, 21.574327, 218.0], [15.812815, 19.837782, 234.0], [17.947304, 17.744286, 251.0], [19.676998, 15.307184, 267.0], [20.974756, 13.075844, 284.0], [21.670414, 11.022011, 301.0], [22.040417, 9.25143, 317.0], [21.848925, 7.860972, 334.0], [21.241657, 6.980821, 350.0], [19.878035, 6.655026, 367.0], [17.877205, 6.9403024, 383.0], [15.540314, 7.643938, 400.0], [13.252737, 9.062873, 416.0], [12.04694, 10.118542, 433.0]"}