{"Image number":37762,"Image shape":7,"Path":"[5.730449, 9.595897, 0.0], [6.0604305, 9.454929, 52.0], [6.764312, 9.361603, 69.0], [7.792141, 9.36279, 85.0], [9.047287, 9.550612, 102.0], [10.53457, 9.830024, 118.0], [12.222911, 10.205659, 135.0], [13.941759, 10.530524, 151.0], [16.872843, 10.94896, 185.0], [17.851501, 11.088902, 201.0], [18.45059, 11.321393, 218.0], [18.728968, 12.021654, 251.0], [18.728785, 12.490638, 267.0], [18.635143, 13.142352, 284.0], [18.447811, 13.890802, 300.0], [18.167105, 14.873231, 317.0], [17.93408, 16.043074, 334.0], [17.842966, 17.43765, 350.0], [17.796375, 18.987534, 367.0], [17.797005, 20.382744, 383.0], [17.75011, 21.679314, 400.0], [17.70343, 22.987253, 416.0], [17.609253, 24.301105, 433.0], [17.563864, 25.592451, 449.0], [17.469883, 26.717852, 466.0], [17.423834, 27.741613, 482.0], [17.424292, 28.53144, 499.0], [17.325752, 29.263641, 515.0], [17.233152, 29.615505, 532.0]"}