{"Image number":49,"Image shape":3,"Path":"[11.797139, 8.081194, 0.0], [11.966262, 7.8092165, 51.0], [12.136906, 7.6714897, 62.0], [12.366261, 7.535642, 76.0], [12.727031, 7.379348, 91.0], [13.177074, 7.227918, 104.0], [13.711813, 7.092451, 118.0], [14.348424, 7.003761, 134.0], [14.977087, 6.933006, 149.0], [15.609017, 6.887853, 166.0], [16.237682, 6.8429337, 175.0], [16.926672, 6.888661, 187.0], [17.482462, 6.896455, 202.0], [18.058231, 6.9428506, 216.0], [18.602089, 6.988186, 229.0], [19.100718, 7.033502, 243.0], [19.455465, 7.132437, 260.0], [19.74445, 7.248336, 273.0], [19.945917, 7.45292, 287.0], [20.082369, 7.634306, 299.0], [20.06242, 7.8690944, 314.0], [19.951418, 8.121153, 327.0], [19.781628, 8.39325, 342.0], [19.516193, 8.706527, 357.0], [19.232468, 8.969724, 373.0], [18.894545, 9.285871, 387.0], [18.465425, 9.618315, 398.0], [18.05432, 9.934939, 411.0], [17.544874, 10.253309, 426.0], [17.047272, 10.533645, 439.0], [16.517729, 10.8507395, 453.0], [15.974588, 11.127401, 468.0], [15.48877, 11.39458, 483.0], [14.929145, 11.626121, 497.0], [14.41903, 11.835911, 514.0], [13.917752, 12.024904, 523.0], [13.372452, 12.2058935, 539.0], [12.960861, 12.330994, 551.0], [12.582995, 12.437511, 565.0], [12.220726, 12.52811, 580.0], [11.907819, 12.571393, 595.0], [11.720815, 12.616704, 608.0], [11.567864, 12.661926, 623.0], [11.39662, 12.706885, 653.0], [11.685883, 12.634545, 690.0], [11.911961, 12.589214, 705.0], [12.256992, 12.597617, 720.0], [12.595345, 12.623229, 733.0], [12.984125, 12.703646, 747.0], [13.39063, 12.794008, 761.0], [13.745926, 12.884647, 775.0], [14.144983, 13.07314, 789.0], [14.504887, 13.241688, 803.0], [14.82233, 13.463562, 817.0], [15.140872, 13.691164, 830.0], [15.435876, 13.919014, 844.0], [15.675243, 14.145925, 859.0], [15.941502, 14.412271, 873.0], [16.111269, 14.681972, 888.0], [16.352041, 14.95477, 901.0], [16.57967, 15.196338, 914.0], [16.805914, 15.463176, 929.0], [16.982494, 15.734277, 947.0], [17.127876, 15.988844, 958.0], [17.338358, 16.304667, 974.0], [17.525654, 16.585705, 985.0], [17.70383, 16.853056, 998.0], [17.90715, 17.12746, 1011.0], [18.074276, 17.397923, 1025.0], [18.249588, 17.671959, 1039.0], [18.38214, 17.894236, 1054.0], [18.554945, 18.141037, 1069.0], [18.661514, 18.382023, 1082.0], [18.753805, 18.650331, 1096.0], [18.797607, 18.873789, 1111.0], [18.824448, 19.064203, 1125.0], [18.797031, 19.235989, 1139.0], [18.751833, 19.407846, 1152.0], [18.61767, 19.632004, 1166.0], [18.464409, 19.822445, 1182.0], [18.282862, 20.049452, 1194.0], [18.066948, 20.240692, 1208.0], [17.841452, 20.421148, 1223.0], [17.562317, 20.638878, 1237.0], [17.240562, 20.82006, 1250.0], [16.912205, 21.035168, 1264.0], [16.508875, 21.219217, 1278.0], [16.10761, 21.397614, 1292.0], [15.696748, 21.592823, 1306.0], [15.223381, 21.761593, 1320.0], [14.766992, 21.942753, 1334.0], [14.317373, 22.145302, 1349.0], [13.865357, 22.303526, 1362.0], [13.410626, 22.453836, 1375.0], [12.966775, 22.626652, 1390.0], [12.506304, 22.712389, 1405.0], [12.018829, 22.802631, 1417.0], [11.570803, 22.892265, 1432.0], [11.111402, 22.944717, 1445.0], [10.711419, 22.989511, 1460.0], [10.265957, 22.978104, 1474.0], [9.857772, 22.94871, 1487.0], [9.449853, 22.826752, 1501.0], [9.046359, 22.738943, 1515.0], [8.569906, 22.49307, 1542.0], [7.9236927, 22.169859, 1557.0], [7.6199017, 21.904419, 1570.0], [7.337008, 21.703554, 1585.0], [7.1370716, 21.430933, 1598.0], [6.95541, 21.230734, 1613.0]"}