{"Image number":37183,"Image shape":0,"Path":"[15.886856, 7.078354, 0.0], [16.212978, 7.124975, 52.0], [16.772924, 7.218364, 69.0], [17.575855, 7.360164, 86.0], [18.362362, 7.4520645, 102.0], [19.012745, 7.6390753, 119.0], [19.616665, 7.965605, 135.0], [20.128744, 8.33879, 152.0], [20.690792, 8.85479, 168.0], [21.156214, 9.415176, 185.0], [21.340336, 10.023836, 201.0], [21.432243, 10.629992, 218.0], [21.478003, 11.233697, 234.0], [21.477537, 11.881041, 251.0], [21.383366, 12.63423, 268.0], [21.194683, 13.33804, 284.0], [20.870646, 13.88716, 301.0], [20.399277, 14.499847, 317.0], [19.984024, 15.007208, 334.0], [19.703737, 15.664624, 350.0], [19.422606, 16.131218, 367.0], [18.956856, 16.641054, 383.0], [18.394531, 17.155981, 400.0], [17.931438, 17.667221, 416.0], [17.607613, 18.084848, 433.0], [17.13909, 18.647202, 450.0], [16.57777, 19.01865, 466.0], [16.114403, 19.343494, 483.0], [15.601576, 19.622576, 499.0], [14.998937, 19.994085, 516.0], [14.340311, 20.370586, 532.0], [13.781347, 20.507498, 549.0], [13.179234, 20.693407, 565.0], [12.531185, 20.785149, 582.0], [12.063712, 20.831875, 598.0], [11.548992, 20.878674, 615.0], [10.989849, 21.019367, 631.0], [10.478054, 21.065104, 648.0], [10.202859, 21.111341, 665.0], [9.825561, 21.111317, 681.0], [9.311742, 21.064144, 698.0], [8.846856, 20.829062, 714.0], [8.521197, 20.500648, 731.0], [8.431554, 19.98658, 747.0], [8.432612, 19.475449, 764.0], [8.385413, 18.771103, 780.0], [8.386023, 18.075953, 797.0], [8.386023, 17.371681, 814.0], [8.386023, 16.723577, 830.0], [8.432839, 16.073063, 847.0], [8.852737, 14.301165, 880.0], [9.182583, 13.311937, 896.0], [9.553814, 12.432498, 913.0], [9.879901, 11.686918, 929.0], [10.248988, 10.623053, 962.0], [10.482364, 10.248856, 979.0], [10.95158, 10.013905, 996.0], [11.465821, 9.638934, 1012.0], [12.021972, 9.314999, 1029.0], [12.727631, 8.796856, 1045.0], [13.334397, 8.471632, 1062.0], [13.937449, 8.146688, 1078.0], [14.59029, 7.9147015, 1095.0], [15.235573, 7.5907044, 1111.0]"}