{"Image number":15097,"Image shape":3,"Path":"[9.050781, 6.935185, 0.0], [9.966937, 6.5108986, 103.0], [10.8332205, 6.351285, 120.0], [11.696072, 6.351852, 137.0], [12.731543, 6.351852, 154.0], [13.774393, 6.6140924, 171.0], [14.910915, 6.87407, 186.0], [15.889354, 7.1302147, 203.0], [16.745218, 7.3054256, 220.0], [17.320036, 7.4476357, 237.0], [17.848225, 7.558346, 254.0], [18.18765, 7.6560717, 270.0], [18.432339, 7.762751, 287.0], [18.608934, 7.916406, 303.0], [18.71265, 8.118788, 320.0], [18.730469, 8.348563, 336.0], [18.705273, 8.703764, 353.0], [18.565088, 9.027808, 370.0], [18.27281, 9.495506, 387.0], [17.819384, 10.043855, 403.0], [17.338722, 10.548882, 420.0], [16.809855, 11.048649, 437.0], [16.185326, 11.625705, 454.0], [15.58321, 12.138999, 470.0], [14.907464, 12.651299, 488.0], [14.288389, 13.057354, 504.0], [13.593626, 13.423088, 520.0], [12.869549, 13.785713, 536.0], [12.084509, 14.182568, 553.0], [11.275709, 14.58284, 570.0], [10.510437, 14.985438, 587.0], [9.827816, 15.304022, 603.0], [9.256439, 15.609528, 620.0], [8.863332, 15.794289, 637.0], [8.582158, 15.893463, 654.0], [8.393719, 15.92824, 670.0], [8.2578125, 15.92824, 704.0], [8.424935, 15.717565, 720.0], [8.955409, 15.32643, 737.0], [9.887766, 14.863012, 754.0], [11.117699, 14.406573, 771.0], [12.549571, 14.044829, 788.0], [13.966685, 13.600688, 804.0], [15.174878, 13.341023, 820.0], [16.301336, 13.041982, 837.0], [17.346851, 12.835279, 853.0], [18.090363, 12.81713, 870.0], [18.7002, 12.935029, 886.0], [19.222916, 13.189966, 904.0], [19.653498, 13.444001, 921.0], [20.050861, 13.77206, 937.0], [20.209745, 13.988623, 954.0], [20.430643, 14.429939, 971.0], [20.492048, 14.892517, 987.0], [20.551626, 15.316196, 1003.0], [20.57984, 15.742101, 1020.0], [20.589844, 16.30469, 1036.0], [20.589844, 16.878187, 1054.0], [20.48073, 17.384235, 1070.0], [20.391922, 17.847237, 1086.0], [20.304611, 18.254898, 1103.0], [20.189121, 18.552385, 1120.0], [20.072142, 18.864334, 1137.0], [19.891464, 19.236443, 1153.0], [19.648247, 19.643858, 1170.0], [19.364697, 20.099337, 1186.0], [19.100819, 20.471231, 1203.0], [18.797886, 20.778038, 1220.0], [18.516373, 21.076054, 1236.0], [18.092197, 21.400652, 1253.0], [17.732824, 21.695295, 1270.0], [17.254162, 22.010536, 1287.0], [16.894444, 22.264616, 1303.0], [16.499538, 22.529345, 1320.0], [16.080944, 22.823063, 1336.0], [15.64645, 23.082344, 1354.0], [15.118842, 23.350874, 1370.0], [14.595846, 23.611055, 1387.0], [13.997338, 23.823631, 1403.0], [13.378471, 23.973206, 1420.0], [12.654959, 23.997684, 1437.0], [11.855772, 23.919695, 1453.0], [10.961849, 23.627178, 1470.0], [10.035156, 23.268518, 1487.0], [9.134229, 22.838684, 1503.0], [8.457909, 22.509958, 1520.0], [8.011719, 22.27199, 1536.0]"}