{"Image number":37109,"Image shape":8,"Path":"[20.499168, 8.430367, 0.0], [19.796839, 8.477306, 54.0], [18.717583, 8.665422, 71.0], [17.221836, 8.993347, 87.0], [15.72704, 9.651294, 104.0], [14.338297, 10.253413, 120.0], [13.358635, 10.909568, 137.0], [12.761631, 11.464213, 153.0], [12.532446, 12.537994, 186.0], [12.813748, 13.00219, 203.0], [13.421691, 13.562439, 219.0], [14.168834, 14.028514, 236.0], [15.152666, 14.496469, 252.0], [15.985902, 15.148379, 269.0], [16.638338, 15.990787, 286.0], [16.962927, 16.97562, 302.0], [17.005415, 17.997013, 319.0], [16.767666, 18.985159, 335.0], [16.345722, 20.056992, 352.0], [15.7416935, 21.026794, 368.0], [15.08956, 21.958048, 385.0], [14.389864, 22.65596, 401.0], [13.547606, 23.16864, 418.0], [12.757518, 23.445154, 435.0], [11.777153, 23.536556, 451.0], [10.844744, 23.582764, 468.0], [9.822878, 23.488325, 484.0], [8.845796, 23.301346, 501.0], [8.055199, 23.021122, 517.0], [7.4978776, 22.694712, 534.0], [7.264968, 22.365997, 550.0], [7.127594, 21.80853, 567.0], [7.3156834, 21.012943, 583.0], [7.8808303, 19.837355, 600.0], [8.767863, 18.486591, 616.0], [9.987495, 17.223635, 633.0], [11.372998, 16.071833, 650.0], [12.969088, 14.945078, 666.0], [14.565514, 13.817412, 683.0], [16.036085, 12.900078, 699.0], [17.349428, 12.055037, 716.0], [18.36889, 11.547571, 732.0], [19.058, 10.992054, 749.0], [19.476988, 10.572159, 765.0], [19.66319, 10.196715, 782.0], [19.193203, 9.548355, 832.0], [18.393335, 9.360595, 848.0]"}