{"Image number":36695,"Image shape":5,"Path":"[21.430948, 6.705385, 0.0], [21.857399, 6.611348, 52.0], [22.226337, 6.5651007, 69.0], [22.505709, 6.565522, 86.0], [22.175148, 6.565522, 102.0], [21.423607, 6.565522, 119.0], [20.352842, 6.565522, 135.0], [18.998425, 6.612485, 152.0], [17.505857, 6.847064, 168.0], [16.055496, 7.1756, 185.0], [14.703476, 7.5024514, 201.0], [13.640307, 7.6862183, 218.0], [12.80781, 7.824988, 234.0], [12.250043, 8.105455, 251.0], [11.782054, 8.5752, 267.0], [11.551903, 9.370184, 284.0], [11.460096, 10.491326, 301.0], [11.460898, 11.936631, 317.0], [11.555441, 13.393394, 334.0], [11.695648, 14.600014, 350.0], [11.882035, 15.2905655, 367.0], [12.113209, 15.56348, 383.0], [12.628397, 15.610275, 400.0], [13.382748, 15.420611, 416.0], [14.358785, 15.094066, 433.0], [15.339276, 14.767009, 449.0], [16.364542, 14.5822115, 466.0], [17.808586, 15.197388, 499.0], [18.080261, 15.851818, 516.0], [18.265343, 16.646097, 532.0], [18.168562, 17.62686, 549.0], [17.980473, 18.656298, 565.0], [17.277044, 19.86552, 582.0], [16.480156, 20.799517, 599.0], [15.271876, 21.724566, 615.0], [13.918329, 22.37578, 631.0], [12.336117, 22.979975, 648.0], [10.754277, 23.304115, 664.0], [9.258007, 23.39658, 681.0], [7.909833, 23.066917, 698.0], [6.754273, 22.18274, 714.0], [6.046238, 20.716974, 731.0]"}