{"Image number":38358,"Image shape":9,"Path":"[18.216305, 9.922244, 0.0], [17.98336, 9.689137, 36.0], [17.236704, 9.082061, 52.0], [16.11626, 8.241225, 69.0], [14.85165, 7.3508644, 85.0], [13.786614, 6.8434615, 102.0], [12.764167, 6.5651875, 118.0], [11.785983, 6.565522, 135.0], [10.801788, 6.753315, 152.0], [9.918908, 7.220616, 168.0], [9.080977, 7.7802606, 185.0], [8.382206, 8.480808, 201.0], [7.731434, 9.319182, 218.0], [7.31146, 10.443127, 234.0], [7.1284842, 12.868489, 267.0], [7.550482, 13.845567, 284.0], [8.392903, 14.590477, 301.0], [9.51428, 15.195919, 317.0], [10.875425, 15.568973, 334.0], [12.319156, 15.657911, 350.0], [13.701511, 15.46958, 367.0], [14.966517, 15.093799, 383.0], [16.028385, 14.490118, 400.0], [16.82768, 13.73666, 416.0], [17.434448, 12.749717, 433.0], [17.89075, 9.822728, 466.0], [17.890182, 8.426415, 483.0], [17.843346, 7.39923, 499.0], [17.79663, 6.9817533, 516.0], [17.563305, 6.7986274, 549.0], [17.42426, 7.0317874, 565.0], [17.28359, 7.641866, 582.0], [17.237936, 10.310699, 615.0], [17.37947, 12.089218, 631.0], [17.51792, 14.031187, 650.0], [17.75109, 16.128906, 664.0], [17.938925, 18.24507, 681.0], [18.030954, 20.152933, 698.0], [18.02995, 21.823307, 714.0], [18.0767, 23.260866, 731.0], [18.076538, 24.429033, 747.0], [18.027454, 25.207298, 764.0], [17.932056, 25.608177, 780.0]"}