{"Image number":39378,"Image shape":8,"Path":"[19.567387, 4.560814, 0.0], [18.960524, 4.607556, 69.0], [18.202291, 4.7499266, 86.0], [17.131199, 5.172197, 103.0], [16.1046, 5.829262, 119.0], [14.994624, 6.7578764, 136.0], [14.061968, 8.021471, 152.0], [13.130459, 9.420885, 169.0], [12.481186, 11.052836, 185.0], [12.017064, 12.776879, 202.0], [11.784255, 14.8418255, 218.0], [11.64674, 16.735962, 235.0], [11.553489, 18.464783, 251.0], [11.648843, 19.734152, 268.0], [11.833726, 20.738987, 284.0], [12.582752, 22.236422, 317.0], [13.049097, 22.794687, 334.0], [13.468208, 23.119125, 351.0], [13.839658, 23.303873, 367.0], [14.165022, 23.302511, 384.0], [14.538828, 23.255508, 400.0], [15.048798, 23.069204, 417.0], [15.468964, 22.601624, 433.0], [15.841669, 21.714054, 450.0], [16.073679, 20.456087, 466.0], [15.979868, 17.892984, 499.0], [15.651356, 16.860764, 516.0], [15.087216, 15.970911, 533.0], [14.4847355, 15.4663925, 549.0], [13.877842, 15.234865, 566.0], [13.180857, 15.237055, 582.0], [12.529699, 15.377506, 599.0], [11.915016, 15.567027, 615.0], [11.357981, 15.800569, 632.0], [10.777416, 15.944183, 648.0], [10.36665, 16.083807, 665.0]"}