{"Image number":95,"Image shape":0,"Path":"[16.566969, 7.7169666, 0.0], [16.835657, 7.7967196, 44.0], [17.016573, 7.917692, 58.0], [17.19665, 8.052794, 75.0], [17.434214, 8.220265, 91.0], [17.70707, 8.493209, 101.0], [18.010344, 8.76723, 115.0], [18.288383, 9.076397, 128.0], [18.559471, 9.43965, 143.0], [18.793842, 9.837234, 157.0], [19.036583, 10.19815, 171.0], [19.189325, 10.596677, 185.0], [19.367758, 10.95288, 199.0], [19.492163, 11.359793, 213.0], [19.606329, 11.756073, 226.0], [19.696884, 12.189833, 240.0], [19.742794, 12.5529785, 254.0], [19.734718, 12.961972, 269.0], [19.734718, 13.384412, 283.0], [19.734718, 13.780388, 298.0], [19.734718, 14.223158, 313.0], [19.646877, 14.663278, 326.0], [19.576889, 15.074589, 337.0], [19.453848, 15.480187, 352.0], [19.359015, 15.849221, 365.0], [19.219156, 16.206833, 379.0], [19.046371, 16.593739, 393.0], [18.87913, 16.936367, 409.0], [18.658031, 17.292974, 423.0], [18.386219, 17.637615, 442.0], [18.111547, 17.958168, 451.0], [17.839872, 18.275225, 463.0], [17.52942, 18.5916, 477.0], [17.20985, 18.911276, 491.0], [16.857353, 19.15462, 506.0], [16.512136, 19.440704, 521.0], [16.148882, 19.75186, 535.0], [15.836876, 19.971966, 551.0], [15.465926, 20.25294, 562.0], [15.10203, 20.554329, 576.0], [14.737604, 20.798252, 589.0], [14.379069, 21.068344, 603.0], [14.014818, 21.322987, 617.0], [13.680962, 21.521446, 632.0], [13.327145, 21.702934, 646.0], [12.969942, 21.83702, 659.0], [12.661267, 21.955845, 683.0], [12.318466, 22.0723, 693.0], [11.954924, 22.17377, 704.0], [11.593346, 22.264193, 715.0], [11.230457, 22.24965, 730.0], [10.906481, 22.24965, 744.0], [10.543386, 22.24965, 756.0], [10.179399, 22.206717, 772.0], [9.87359, 22.162085, 785.0], [9.555665, 22.092922, 799.0], [9.237883, 21.96938, 815.0], [8.924228, 21.834911, 832.0], [8.6102, 21.700283, 842.0], [8.37052, 21.407932, 855.0], [8.14332, 21.180658, 868.0], [7.957502, 20.873142, 882.0], [7.8276443, 20.511618, 896.0], [7.7489314, 20.183586, 911.0], [7.6887426, 19.82122, 925.0], [7.682705, 19.378122, 938.0], [7.7301793, 18.88628, 953.0], [7.816364, 18.327524, 969.0], [8.011017, 17.782745, 984.0], [8.235299, 17.205294, 1003.0], [8.4710245, 16.573109, 1014.0], [8.763673, 15.954005, 1023.0], [9.331986, 14.890223, 1037.0], [9.68639, 14.271255, 1050.0], [10.004594, 13.771163, 1065.0], [10.393345, 13.219436, 1079.0], [10.800984, 12.621987, 1094.0], [11.209719, 12.021854, 1107.0], [11.653103, 11.488438, 1121.0], [12.111878, 10.884387, 1135.0], [12.563564, 10.333427, 1148.0], [13.016653, 9.778796, 1162.0], [13.468385, 9.236544, 1176.0], [13.968961, 8.749642, 1191.0], [14.494636, 8.211911, 1205.0], [15.05722, 7.7256684, 1218.0], [15.700728, 7.216668, 1232.0], [16.38068, 6.8235087, 1246.0]"}