{"Image number":37947,"Image shape":7,"Path":"[9.643927, 8.010777, 0.0], [9.923461, 8.010777, 35.0], [10.631741, 8.152531, 52.0], [11.7104, 8.245324, 69.0], [12.918924, 8.338184, 85.0], [14.169746, 8.383993, 102.0], [15.534945, 8.383746, 118.0], [16.977636, 8.430988, 135.0], [18.27576, 8.430367, 151.0], [20.126637, 8.523621, 184.0], [20.54623, 8.570283, 201.0], [20.685759, 8.897755, 234.0], [20.591713, 9.412899, 251.0], [20.310955, 10.113369, 267.0], [19.695894, 11.153463, 284.0], [18.860363, 12.358379, 300.0], [17.829353, 13.859147, 317.0], [16.809402, 15.484856, 333.0], [15.869881, 17.179094, 350.0], [14.147116, 20.208931, 383.0], [13.214763, 21.554873, 400.0], [12.014824, 24.105366, 433.0], [11.500054, 24.94642, 449.0], [10.9374485, 25.50468, 466.0], [10.519927, 25.827206, 482.0]"}