{"Image number":37946,"Image shape":0,"Path":"[13.091514, 7.824293, 0.0], [12.522632, 8.061863, 52.0], [11.642316, 8.619974, 69.0], [10.4174595, 9.468836, 85.0], [9.357624, 10.628923, 102.0], [8.572009, 11.927562, 118.0], [8.053767, 13.200786, 135.0], [7.8713574, 14.412092, 151.0], [7.967846, 15.530284, 168.0], [8.29761, 16.699337, 184.0], [9.089486, 17.854649, 201.0], [10.06779, 18.878284, 217.0], [11.281589, 19.670671, 234.0], [12.543085, 20.324278, 251.0], [15.345329, 20.881138, 284.0], [16.598797, 20.595572, 300.0], [17.662767, 19.98928, 317.0], [18.49713, 18.918474, 333.0], [19.19688, 17.56384, 350.0], [19.61854, 15.871487, 366.0], [19.471544, 12.332453, 399.0], [18.119776, 9.871564, 433.0], [17.049503, 9.081529, 449.0], [15.638128, 8.56444, 466.0], [14.103976, 8.335231, 482.0], [12.357905, 8.384686, 499.0], [10.431717, 8.874325, 515.0], [9.106656, 9.291717, 532.0]"}