{"Image number":37809,"Image shape":1,"Path":"[20.499168, 4.9804034, 0.0], [20.171873, 5.635637, 52.0], [19.56271, 6.572724, 69.0], [18.538286, 7.9698105, 85.0], [17.41943, 9.368874, 102.0], [16.24693, 11.012236, 118.0], [15.134694, 12.776807, 135.0], [14.206476, 14.637329, 151.0], [13.460608, 16.27064, 168.0], [12.856728, 17.665606, 184.0], [12.344699, 18.830042, 201.0], [11.598311, 20.650114, 234.0], [11.174934, 21.307812, 251.0], [10.711144, 21.909508, 267.0], [10.387864, 22.559547, 284.0]"}