{"Image number":10662,"Image shape":1,"Path":"[15.633333, 5.522222, 0.0], [15.423433, 6.6883903, 29.0], [15.147009, 8.4753, 46.0], [14.574855, 10.321794, 62.0], [14.174353, 12.281291, 79.0], [13.685202, 14.322362, 96.0], [13.470209, 16.249922, 112.0], [13.357618, 18.125027, 129.0], [13.321547, 19.290464, 146.0], [13.186621, 20.765554, 163.0], [13.131634, 21.878418, 179.0], [13.144444, 22.57288, 196.0], [13.058201, 23.056087, 213.0]"}