{"Image number":37592,"Image shape":5,"Path":"[22.176373, 8.197262, 0.0], [21.896837, 8.1506405, 35.0], [21.057007, 8.010572, 52.0], [19.653402, 7.870198, 68.0], [17.968414, 7.776842, 85.0], [16.33675, 7.82475, 101.0], [14.901144, 7.8711505, 118.0], [13.591127, 7.8709145, 134.0], [12.521099, 7.8709145, 151.0], [11.633468, 7.8709145, 168.0], [10.984426, 7.8709145, 184.0], [10.523207, 7.96534, 201.0], [10.34003, 8.153375, 217.0], [10.248203, 8.529137, 234.0], [10.249584, 8.948599, 250.0], [10.249584, 9.556266, 267.0], [10.249584, 10.351065, 283.0], [10.249584, 11.285523, 300.0], [10.249584, 12.2169, 316.0], [10.249584, 13.241407, 333.0], [10.249584, 14.026776, 349.0], [10.296197, 14.584642, 366.0], [10.343164, 14.819476, 382.0], [10.48273, 15.050905, 399.0], [10.670248, 15.238418, 416.0], [10.950023, 15.377718, 432.0], [11.324236, 15.470935, 449.0], [11.744629, 15.470159, 465.0], [12.400405, 15.517333, 482.0], [13.144608, 15.563809, 498.0], [14.086876, 15.610873, 515.0], [14.964766, 15.6100235, 532.0], [15.797593, 15.703701, 548.0], [16.498356, 15.938318, 564.0], [17.099752, 16.310314, 581.0], [17.66209, 16.920673, 598.0], [18.080244, 17.667944, 614.0], [18.35835, 18.507374, 631.0], [18.356073, 19.392063, 647.0], [17.981888, 20.322445, 664.0], [17.465574, 21.213732, 680.0], [16.676397, 22.046358, 697.0], [15.885364, 22.697666, 713.0], [14.907386, 23.303192, 730.0], [14.015212, 23.63184, 746.0], [13.041211, 23.722456, 763.0], [12.242398, 23.722101, 780.0], [11.312103, 23.580881, 796.0], [10.617478, 23.347527, 813.0], [9.919288, 22.973934, 829.0], [9.403718, 22.45606, 846.0], [8.989454, 21.760302, 862.0], [8.758736, 20.598486, 890.0]"}