{"Image number":37509,"Image shape":6,"Path":"[9.923461, 4.4675713, 0.0], [9.923461, 5.361373, 85.0], [9.923461, 6.523549, 102.0], [9.923461, 7.791052, 118.0], [9.970557, 8.767369, 135.0], [10.064323, 9.652932, 151.0], [10.157308, 10.536893, 168.0], [10.298514, 11.428958, 184.0], [10.436961, 12.259431, 201.0], [10.577007, 13.053235, 217.0], [10.716042, 13.701205, 234.0], [10.855881, 14.35424, 251.0], [10.94932, 15.057331, 267.0], [11.042129, 16.5038, 300.0], [11.088473, 17.105635, 317.0], [11.135305, 17.573418, 333.0], [11.181786, 18.085573, 350.0], [11.27506, 18.6435, 366.0], [11.368296, 19.156397, 383.0], [11.556597, 19.625748, 399.0], [11.74287, 20.091751, 416.0], [11.975351, 20.5088, 433.0], [12.20802, 20.78701, 449.0], [12.6724415, 21.111488, 482.0], [12.953167, 21.29875, 515.0], [13.185377, 21.34465, 565.0], [14.032188, 21.485657, 598.0], [14.54085, 21.531368, 619.0], [15.048464, 21.530907, 632.0], [15.472072, 21.530907, 648.0], [16.355389, 21.390457, 681.0], [16.728676, 21.249973, 697.0], [17.00778, 21.062834, 714.0], [17.287983, 20.875904, 730.0], [17.568579, 20.54659, 747.0], [17.941568, 20.174093, 763.0], [18.357307, 19.66455, 780.0], [18.734776, 19.239727, 797.0], [19.01023, 18.824013, 813.0], [19.290382, 18.544622, 830.0], [19.52183, 18.078882, 846.0], [19.708727, 17.563787, 863.0], [19.896095, 16.953625, 879.0], [20.082281, 16.489784, 896.0], [20.1744, 16.117428, 912.0], [20.219896, 15.794656, 929.0], [20.219633, 15.421209, 945.0], [20.219633, 15.002878, 962.0], [20.126076, 14.582652, 979.0], [19.986052, 14.303356, 995.0], [19.704042, 14.163212, 1012.0], [19.426632, 13.977626, 1028.0], [19.098309, 13.837052, 1045.0], [18.679943, 13.557567, 1078.0], [18.448462, 13.465135, 1094.0], [18.121706, 13.418627, 1111.0], [17.700306, 13.41883, 1127.0], [17.281687, 13.465767, 1144.0], [17.00332, 13.512351, 1161.0], [16.770647, 13.605874, 1177.0], [16.537443, 13.746173, 1194.0], [16.258923, 13.885363, 1210.0], [15.931473, 14.072652, 1227.0], [15.603256, 14.307535, 1243.0], [15.325439, 14.586707, 1260.0], [15.139355, 14.91434, 1277.0], [15.04716, 15.240878, 1293.0], [14.90764, 15.518473, 1309.0], [14.767403, 15.799142, 1326.0], [14.532766, 16.174292, 1342.0], [14.300594, 16.593088, 1359.0], [14.066156, 17.062737, 1376.0], [13.881821, 17.431664, 1392.0], [13.789278, 17.805506, 1409.0], [13.696143, 18.225435, 1425.0], [13.650131, 18.691542, 1442.0], [13.556708, 19.15671, 1458.0], [13.510715, 19.620445, 1475.0], [13.41743, 20.133408, 1491.0], [13.417637, 20.55545, 1508.0], [13.371021, 20.925053, 1525.0], [13.324287, 21.299166, 1541.0]"}