{"Image number":37928,"Image shape":3,"Path":"[8.292845, 8.10402, 0.0], [8.854432, 7.9633164, 69.0], [9.655658, 7.77491, 86.0], [10.630627, 7.5895996, 103.0], [11.795286, 7.497283, 119.0], [13.145472, 7.357317, 136.0], [14.72789, 7.2644997, 152.0], [16.421892, 7.264838, 169.0], [17.80891, 7.4529123, 185.0], [18.971617, 7.7334247, 202.0], [19.669525, 8.250459, 218.0], [20.128815, 8.853026, 235.0], [20.220942, 9.6536455, 251.0], [19.891811, 10.626658, 268.0], [18.345837, 12.683133, 301.0], [17.191162, 13.465578, 318.0], [15.830559, 14.07588, 334.0], [14.628591, 14.49124, 351.0], [13.549209, 14.77298, 367.0], [12.853002, 14.864828, 384.0], [12.3881035, 14.864085, 400.0], [13.197333, 14.677599, 516.0], [14.210379, 14.817562, 533.0], [15.423828, 15.004391, 549.0], [16.400827, 15.42418, 566.0], [18.08102, 16.50003, 599.0], [18.595448, 17.156712, 615.0], [18.96498, 17.947987, 632.0], [19.148907, 18.59665, 649.0], [19.194817, 19.295235, 665.0], [19.100695, 20.045456, 682.0], [18.82004, 20.74316, 698.0], [18.396969, 21.494415, 715.0], [17.792116, 22.142248, 731.0], [17.095335, 22.839134, 748.0], [16.300655, 23.540474, 764.0], [15.37039, 24.003822, 781.0], [12.956836, 24.281378, 814.0], [11.230854, 23.887936, 830.0], [10.049614, 23.51708, 847.0]"}