{"Image number":36999,"Image shape":5,"Path":"[25.204657, 10.388454, 0.0], [23.620632, 10.341834, 36.0], [21.450315, 10.200194, 53.0], [18.704634, 9.966817, 69.0], [17.125025, 9.685653, 86.0], [15.779513, 9.453589, 102.0], [14.6181965, 9.267826, 119.0], [13.736185, 9.081469, 135.0], [13.039013, 8.942017, 152.0], [12.716862, 8.9432, 168.0], [12.5319195, 9.272705, 201.0], [12.579389, 9.880219, 218.0], [12.6262, 10.866785, 234.0], [12.625624, 12.128956, 251.0], [12.672619, 13.477214, 267.0], [12.672214, 14.7274885, 284.0], [12.625039, 15.762753, 301.0], [12.484283, 16.504223, 317.0], [12.391924, 16.918808, 334.0], [12.909905, 16.538288, 383.0], [14.130127, 15.7430525, 416.0], [14.876404, 15.607302, 433.0], [16.220377, 15.6100235, 466.0], [16.831055, 15.752754, 483.0], [17.337347, 16.268955, 499.0], [17.566277, 16.968685, 516.0], [17.611118, 17.809717, 532.0], [17.516373, 18.555946, 549.0], [17.091291, 19.494875, 565.0], [16.48315, 20.33173, 582.0], [15.559388, 21.065771, 598.0], [14.618165, 21.489143, 615.0], [13.407065, 21.86051, 631.0], [12.145776, 21.99867, 648.0], [10.936575, 22.044195, 665.0], [9.8205805, 21.80861, 681.0], [8.851516, 21.250954, 698.0], [8.045947, 20.44466, 714.0]"}