{"Image number":39225,"Image shape":5,"Path":"[20.918468, 10.388454, 0.0], [20.07917, 10.248499, 66.0], [19.04951, 10.107992, 83.0], [17.741377, 9.9678955, 99.0], [16.630287, 9.8287525, 116.0], [15.593584, 9.781755, 132.0], [14.711107, 9.829582, 149.0], [14.1109085, 9.970149, 165.0], [13.788554, 10.156375, 182.0], [13.649325, 10.343512, 198.0], [13.510079, 10.576413, 231.0], [13.13679, 10.855979, 314.0], [12.668985, 11.558826, 331.0], [12.342193, 12.356011, 347.0], [12.062278, 13.103895, 364.0], [11.926304, 13.607091, 380.0], [11.739283, 13.933676, 397.0], [11.460483, 14.211803, 430.0], [12.20786, 14.211389, 513.0], [13.096749, 14.211389, 529.0], [14.311819, 14.305323, 546.0], [15.426054, 14.58563, 562.0], [16.361202, 15.101846, 579.0], [17.102861, 15.707082, 595.0], [17.56851, 16.31513, 612.0], [17.891191, 16.91729, 628.0], [17.984007, 17.619585, 645.0], [17.749147, 18.317854, 661.0], [16.769478, 19.575191, 694.0], [15.3670025, 20.64972, 728.0], [14.439779, 21.065964, 744.0], [13.601764, 21.298424, 761.0], [12.6171055, 21.438883, 777.0], [11.831062, 21.484436, 794.0], [11.040888, 21.344297, 810.0], [10.339777, 21.063503, 827.0], [9.640835, 20.362288, 843.0], [9.035787, 19.522757, 860.0], [8.424576, 18.581404, 877.0]"}