{"Image number":30524,"Image shape":1,"Path":"[11.61165, 6.0519433, 0.0], [11.742169, 6.351997, 113.0], [11.947276, 6.6847434, 130.0], [12.165082, 7.0768867, 148.0], [12.427546, 7.5681496, 166.0], [12.795954, 8.52457, 184.0], [13.126846, 9.535691, 202.0], [13.353193, 10.579155, 219.0], [13.55009, 11.592159, 237.0], [13.6176605, 12.458057, 255.0], [13.682843, 13.292517, 273.0], [13.748577, 14.2671585, 290.0], [13.813605, 15.148898, 308.0], [13.985699, 16.04953, 326.0], [14.181306, 16.914764, 343.0], [14.444528, 17.742136, 361.0], [14.694729, 18.545544, 379.0], [15.131708, 19.47744, 397.0], [15.42188, 20.257141, 415.0], [15.667646, 20.986279, 432.0], [15.86116, 21.48945, 450.0], [16.045729, 21.92002, 468.0], [16.23301, 22.29481, 485.0], [13.475729, 5.5467815, 0.0], [13.475729, 5.7701163, 102.0], [13.436893, 6.0865097, 119.0], [13.436893, 6.5959296, 137.0], [13.483387, 7.4727526, 155.0], [13.514564, 9.039547, 172.0], [13.575158, 10.234916, 190.0], [13.640282, 11.424929, 208.0], [13.891244, 12.309078, 226.0], [14.089455, 13.113635, 244.0], [14.428354, 13.876737, 262.0], [14.786667, 14.774624, 279.0], [15.144423, 15.639083, 297.0], [15.486997, 16.688633, 315.0], [15.72901, 17.67385, 332.0], [15.896519, 18.448275, 350.0], [16.188917, 19.296795, 368.0], [16.436728, 19.984303, 386.0], [16.67733, 20.553724, 404.0], [17.01768, 21.166725, 421.0], [17.258251, 21.622553, 439.0], [17.398058, 21.945084, 451.0], [13.009708, 5.313631, 0.0], [12.812405, 5.433338, 132.0], [12.776699, 5.627168, 150.0], [12.776699, 5.8866253, 168.0], [12.864894, 6.487916, 186.0], [13.02641, 7.284546, 203.0], [13.217869, 8.728561, 221.0], [13.500673, 9.636574, 239.0], [13.645268, 10.522214, 257.0], [13.902913, 11.803005, 274.0], [14.03578, 13.062954, 292.0], [14.38063, 14.44791, 310.0], [14.688956, 15.549054, 328.0], [14.999191, 16.483192, 346.0], [15.249691, 17.316195, 363.0], [15.504396, 18.086998, 381.0], [15.773169, 18.994034, 399.0], [15.91717, 19.672356, 416.0], [16.045319, 20.277441, 434.0], [16.18214, 20.808876, 452.0], [16.272482, 21.247858, 470.0], [16.335613, 21.525799, 488.0], [16.458115, 21.812685, 505.0], [16.547066, 22.267775, 523.0], [16.676529, 22.643448, 541.0], [16.808167, 23.104467, 558.0], [16.896914, 23.521696, 576.0], [16.93204, 23.919888, 594.0]"}