{"Image number":36219,"Image shape":8,"Path":"[17.004992, 6.6587644, 0.0], [16.772045, 6.705385, 36.0], [15.970903, 6.8940187, 53.0], [14.669937, 7.406905, 69.0], [13.133114, 8.293378, 86.0], [11.912072, 9.3286295, 102.0], [10.993478, 10.436914, 119.0], [10.523202, 11.473764, 136.0], [10.295594, 12.4889555, 152.0], [10.485007, 13.336749, 168.0], [10.859531, 14.127271, 185.0], [11.696392, 14.81959, 202.0], [12.640791, 15.622925, 218.0], [13.709643, 16.411808, 235.0], [14.682049, 17.294277, 251.0], [15.562717, 18.269627, 268.0], [16.12408, 19.253967, 284.0], [16.352762, 20.318842, 301.0], [16.30572, 21.259916, 317.0], [15.93174, 22.094196, 334.0], [14.303053, 23.255774, 367.0], [13.271269, 23.63126, 383.0], [12.109711, 23.769135, 400.0], [11.131803, 23.862247, 417.0], [10.337062, 23.768051, 433.0], [9.875776, 23.488338, 450.0], [9.736838, 22.788343, 466.0], [10.672544, 20.263689, 499.0], [11.657548, 18.576117, 516.0], [12.861335, 16.818127, 532.0], [14.173544, 14.895348, 549.0], [15.490056, 13.1085415, 565.0], [16.641922, 11.305822, 582.0], [17.573397, 9.672786, 599.0], [18.079088, 8.377252, 615.0], [18.311111, 7.491749, 632.0], [18.121435, 7.0745444, 648.0], [17.609003, 6.8912716, 665.0], [16.619047, 7.175379, 681.0], [15.304146, 7.7130613, 698.0], [14.392641, 8.224755, 714.0]"}