{"Image number":30746,"Image shape":2,"Path":"[8.699029, 7.9171524, 0.0], [8.960428, 7.6874866, 141.0], [9.264624, 7.5601196, 159.0], [9.708096, 7.3789597, 229.0], [10.04435, 7.261194, 247.0], [10.603535, 6.9809456, 265.0], [11.3445835, 6.657376, 283.0], [11.992472, 6.327301, 301.0], [12.4633255, 6.117606, 320.0], [12.902208, 5.988305, 336.0], [13.288885, 5.7774873, 354.0], [13.715604, 5.5822053, 371.0], [14.057503, 5.4382777, 390.0], [14.504341, 5.307326, 409.0], [14.864494, 5.1386013, 425.0], [15.08008, 5.1193385, 442.0], [15.275757, 5.080479, 460.0], [15.432965, 5.049408, 478.0], [15.631069, 5.0416217, 496.0], [15.825213, 5.0416217, 514.0], [16.061472, 5.0416217, 531.0], [16.274689, 5.0416217, 549.0], [16.443348, 5.0885653, 567.0], [16.687456, 5.080479, 584.0], [16.902504, 5.080479, 602.0], [17.167301, 5.1296163, 620.0], [17.392645, 5.1934433, 637.0], [17.586384, 5.3375854, 655.0], [17.782724, 5.4536552, 673.0], [17.89888, 5.6184487, 691.0], [18.15918, 5.842062, 727.0], [18.293785, 6.015607, 744.0], [18.424358, 6.229452, 762.0], [18.555958, 6.4492264, 780.0], [18.604702, 6.7235827, 797.0], [18.640778, 6.9955473, 815.0], [18.640778, 7.303122, 833.0], [18.679611, 7.5930934, 851.0], [18.679611, 7.878233, 868.0], [18.679611, 8.206548, 886.0], [18.588135, 8.6261015, 904.0], [18.457502, 9.261528, 922.0], [18.15534, 9.898941, 939.0], [17.820133, 10.444389, 957.0], [17.49465, 10.960469, 975.0], [17.193132, 11.391699, 993.0], [16.979784, 11.687494, 1010.0], [16.859293, 12.026306, 1028.0], [16.706133, 12.395205, 1046.0], [16.559845, 12.753484, 1064.0], [16.430622, 13.152733, 1081.0], [16.313593, 13.531885, 1099.0], [16.069988, 13.932324, 1117.0], [15.806952, 14.32712, 1135.0], [15.543273, 14.788556, 1153.0], [15.231039, 15.189952, 1170.0], [14.943361, 15.664175, 1188.0], [14.67724, 16.079817, 1206.0], [14.370621, 16.560223, 1224.0], [14.159078, 17.037506, 1241.0], [13.997962, 17.484505, 1259.0], [13.867597, 17.94976, 1277.0], [13.613765, 18.276608, 1295.0], [13.41939, 18.613651, 1312.0], [13.166122, 18.99022, 1330.0], [12.900022, 19.353958, 1348.0], [12.610542, 19.768614, 1366.0], [12.365267, 20.066555, 1383.0], [12.21629, 20.299261, 1401.0], [12.08603, 20.490587, 1419.0], [11.823151, 20.77275, 1454.0], [11.545324, 21.039986, 1472.0], [11.242718, 21.342775, 1490.0], [10.798474, 21.658154, 1508.0], [10.488281, 21.903378, 1526.0], [10.252428, 22.022799, 1543.0], [10.051655, 22.169683, 1561.0], [9.839946, 22.29481, 1597.0], [9.665002, 22.292358, 1632.0], [9.402749, 22.032188, 1668.0], [9.279391, 21.744297, 1685.0], [9.203884, 21.410467, 1703.0], [9.203884, 20.909683, 1721.0], [9.409517, 20.261427, 1739.0], [9.682113, 19.634655, 1756.0], [9.941749, 19.050121, 1774.0], [10.204569, 18.67508, 1792.0], [10.430939, 18.390993, 1810.0], [10.587696, 18.151201, 1828.0], [10.86695, 17.832916, 1863.0], [11.089676, 17.521477, 1899.0], [11.388231, 17.248236, 1934.0], [11.766174, 17.010592, 1970.0], [11.98748, 16.919165, 1987.0], [12.196242, 16.840973, 2005.0], [12.428487, 16.776464, 2023.0], [12.626311, 16.74934, 2041.0], [12.880814, 16.73804, 2058.0], [13.102047, 16.73804, 2076.0], [13.461849, 16.806963, 2094.0], [13.909797, 16.872252, 2112.0], [14.374546, 17.015608, 2130.0], [14.782376, 17.14444, 2147.0], [15.183102, 17.223543, 2165.0], [15.402996, 17.41082, 2183.0], [15.627663, 17.642094, 2200.0], [16.0, 17.903793, 2218.0], [16.363785, 18.211227, 2236.0], [16.822727, 18.546295, 2254.0], [17.221264, 18.864525, 2271.0], [17.615349, 19.160065, 2289.0], [17.855768, 19.337402, 2307.0], [18.065742, 19.500742, 2325.0], [18.339684, 19.739738, 2343.0], [18.555252, 19.955435, 2360.0], [18.79377, 20.219225, 2378.0], [18.99147, 20.430775, 2396.0], [19.266682, 20.666162, 2414.0], [19.525772, 20.848827, 2431.0], [19.78872, 21.057926, 2449.0], [19.969398, 21.21501, 2467.0], [20.163559, 21.380642, 2485.0], [20.305403, 21.568005, 2502.0], [20.566513, 21.843338, 2538.0], [20.872353, 22.241087, 2573.0], [21.1402, 22.56838, 2591.0], [21.39806, 22.955406, 2609.0], [21.831253, 23.435198, 2627.0], [22.149977, 23.751595, 2644.0], [22.378143, 23.987457, 2662.0]"}