{"Image number":30555,"Image shape":0,"Path":"[16.737865, 9.316058, 0.0], [16.524271, 9.160626, 116.0], [16.294357, 8.938736, 151.0], [16.049967, 8.8286705, 169.0], [15.723801, 8.715894, 187.0], [15.398474, 8.624544, 204.0], [15.024768, 8.554919, 222.0], [14.764448, 8.489468, 240.0], [14.33924, 8.5000305, 258.0], [13.871182, 8.651909, 275.0], [13.32542, 8.796828, 293.0], [12.814373, 9.044715, 311.0], [12.476891, 9.213474, 329.0], [12.215863, 9.449793, 347.0], [11.953941, 9.674822, 364.0], [11.730708, 9.963744, 382.0], [11.415878, 10.398567, 400.0], [11.042973, 10.817686, 418.0], [10.652977, 11.307473, 435.0], [10.260759, 11.773851, 453.0], [9.9895735, 12.272255, 471.0], [9.738263, 12.785714, 489.0], [9.475728, 13.2602005, 506.0], [9.297401, 13.683023, 524.0], [9.103977, 14.206804, 542.0], [8.90906, 14.786373, 560.0], [8.664401, 15.4257555, 577.0], [8.477049, 16.005476, 595.0], [8.281339, 16.592966, 613.0], [8.084645, 17.183401, 631.0], [7.9645004, 17.696156, 649.0], [7.8358116, 18.109646, 667.0], [7.754918, 18.571228, 684.0], [7.689465, 18.913105, 702.0], [7.6893206, 19.33267, 720.0], [7.7421417, 19.68354, 737.0], [7.8079133, 20.172213, 755.0], [7.940049, 20.588799, 773.0], [8.123852, 20.93406, 791.0], [8.3184185, 21.261116, 808.0], [8.548113, 21.522064, 826.0], [8.807843, 21.725588, 844.0], [9.236809, 21.883837, 862.0], [9.769693, 22.008904, 879.0], [10.115468, 22.080877, 897.0], [10.7020035, 22.232409, 915.0], [11.367836, 22.139376, 933.0], [11.977849, 22.079418, 951.0], [12.774613, 21.918663, 968.0], [13.844966, 21.60985, 986.0], [14.593775, 21.2083, 1004.0], [15.340945, 20.842392, 1021.0], [16.127247, 20.368282, 1039.0], [16.848999, 19.96367, 1057.0], [17.561514, 19.495361, 1075.0], [18.437647, 18.9581, 1092.0], [19.198658, 18.392056, 1110.0], [19.857216, 17.987486, 1128.0], [20.281326, 17.466862, 1146.0], [20.751684, 17.048248, 1164.0], [21.343925, 16.481337, 1181.0], [21.894783, 15.97242, 1199.0], [22.374765, 15.449871, 1217.0], [22.78343, 14.928615, 1235.0], [23.092125, 14.358172, 1252.0], [23.322289, 13.89756, 1270.0], [23.459307, 13.444001, 1288.0], [23.589405, 12.98838, 1306.0], [23.685648, 12.457825, 1323.0], [23.711882, 11.871854, 1341.0], [23.680801, 11.251455, 1359.0], [23.689322, 10.672185, 1377.0], [23.666388, 10.204618, 1395.0], [23.601734, 9.751752, 1412.0], [23.538876, 9.330757, 1430.0], [23.446749, 8.874557, 1448.0], [23.316654, 8.418951, 1465.0], [22.994423, 7.9632406, 1483.0], [22.666338, 7.554143, 1501.0], [22.394352, 7.2300644, 1520.0], [22.093542, 6.981886, 1536.0], [21.92543, 6.8240504, 1554.0], [21.741154, 6.6823497, 1572.0], [21.54419, 6.550962, 1590.0], [21.274834, 6.384233, 1608.0], [20.904694, 6.3064394, 1625.0], [20.47642, 6.160389, 1643.0], [20.045273, 6.1296606, 1661.0], [19.654877, 6.0721045, 1679.0], [19.249844, 6.0519433, 1696.0], [18.757696, 6.013084, 1714.0], [18.241316, 6.013084, 1732.0], [17.812555, 6.0605354, 1750.0], [17.535921, 6.0854583, 1767.0], [17.269617, 6.1132174, 1785.0], [17.057396, 6.1296606, 1803.0], [16.861515, 6.2414684, 1821.0], [16.587482, 6.3297396, 1838.0], [16.199205, 6.4647565, 1856.0], [15.734301, 6.74909, 1874.0], [15.320389, 7.0428348, 1892.0], [14.898205, 7.3722024, 1910.0], [14.636499, 7.649419, 1927.0], [14.3761835, 7.9487543, 1945.0], [14.1154, 8.263405, 1963.0], [13.935896, 8.592386, 1981.0], [13.668961, 9.084792, 1998.0], [13.409355, 9.659787, 2016.0], [13.272064, 10.208929, 2034.0], [13.173226, 10.618832, 2052.0], [13.048545, 11.064693, 2067.0]"}