{"Image number":36368,"Image shape":1,"Path":"[20.778702, 5.8662043, 0.0], [20.02862, 6.382367, 86.0], [19.13401, 7.326287, 102.0], [17.929543, 8.67154, 119.0], [16.817013, 10.250889, 135.0], [15.59886, 11.985624, 152.0], [14.38482, 13.761537, 168.0], [13.4609, 15.429527, 185.0], [12.570733, 17.023521, 201.0], [11.921661, 18.465271, 218.0], [11.383737, 19.88658, 234.0], [11.167958, 20.742706, 251.0]"}