{"Image number":37618,"Image shape":1,"Path":"[16.212978, 7.4513245, 0.0], [15.979358, 8.153562, 53.0], [15.746019, 9.227843, 69.0], [15.559039, 10.681305, 86.0], [15.325386, 12.08123, 102.0], [15.186325, 13.435212, 119.0], [15.000761, 14.8710785, 135.0], [14.765977, 16.279179, 152.0], [14.485866, 17.725126, 168.0], [14.159765, 18.979465, 185.0], [13.974691, 20.14487, 201.0], [13.835124, 21.0768, 218.0], [13.789724, 21.773384, 235.0], [13.790349, 22.283054, 251.0], [13.741152, 22.670702, 268.0], [13.645378, 22.895937, 284.0]"}