{"Image number":37859,"Image shape":6,"Path":"[18.449251, 4.2810855, 0.0], [17.515308, 4.7483788, 53.0], [16.299364, 5.403653, 70.0], [14.814765, 6.47267, 86.0], [13.416144, 7.732395, 103.0], [12.007627, 9.189066, 119.0], [10.846381, 10.726506, 136.0], [9.864401, 12.27291, 152.0], [9.172144, 13.80477, 169.0], [8.660934, 15.20305, 185.0], [8.476691, 16.560656, 202.0], [8.432239, 17.764349, 218.0], [8.6198, 18.784834, 235.0], [9.045395, 19.728527, 252.0], [9.652716, 20.61134, 268.0], [10.445477, 21.447771, 285.0], [11.242124, 22.102037, 301.0], [12.256911, 22.51159, 318.0], [13.288885, 22.69844, 334.0], [15.567764, 22.087301, 367.0], [16.591087, 21.246763, 384.0], [17.342054, 20.068546, 400.0], [17.845978, 18.680517, 417.0], [18.078518, 17.370533, 433.0], [17.982462, 16.393137, 450.0], [17.656082, 15.794357, 467.0], [16.95549, 15.375168, 483.0], [16.067291, 15.142254, 500.0], [14.943099, 15.049572, 516.0], [13.6436405, 15.284916, 533.0], [12.230543, 15.804712, 549.0]"}