{"Image number":160,"Image shape":8,"Path":"[14.236671, 5.0945272, 0.0], [13.939455, 5.2825723, 85.0], [13.757575, 5.4175425, 99.0], [13.579297, 5.62513, 116.0], [13.36863, 5.881555, 131.0], [13.14364, 6.1881957, 142.0], [12.87193, 6.4597125, 156.0], [12.656132, 6.837481, 170.0], [12.387739, 7.1723504, 184.0], [12.124893, 7.5347776, 197.0], [11.944843, 7.9399724, 212.0], [11.709414, 8.311996, 226.0], [11.508754, 8.694575, 240.0], [11.327723, 9.056756, 253.0], [11.146881, 9.418554, 267.0], [11.020435, 9.776709, 282.0], [10.908697, 10.117278, 295.0], [10.783771, 10.399972, 309.0], [10.734407, 10.7149315, 325.0], [10.689621, 10.976923, 339.0], [10.668401, 11.225564, 352.0], [10.668401, 11.453262, 365.0], [10.710186, 11.635708, 379.0], [10.755066, 11.815283, 393.0], [10.859545, 12.069459, 407.0], [10.982415, 12.251562, 421.0], [11.151022, 12.386042, 441.0], [11.337934, 12.5753355, 451.0], [11.578796, 12.699674, 466.0], [11.775046, 12.805103, 477.0], [12.035298, 12.895565, 491.0], [12.307005, 12.986164, 505.0], [12.578623, 13.055712, 519.0], [12.879377, 13.100891, 533.0], [13.195899, 13.146122, 547.0], [13.463081, 13.143958, 562.0], [13.771115, 13.143958, 577.0], [14.014803, 13.143958, 589.0], [14.241803, 13.143958, 603.0], [14.421198, 13.143958, 617.0], [19.224968, 8.263308, 0.0], [18.978338, 8.5100155, 50.0], [18.854979, 8.683941, 64.0], [18.578896, 8.982434, 78.0], [18.308615, 9.3155365, 93.0], [18.036823, 9.678042, 106.0], [17.71901, 10.036995, 121.0], [17.442307, 10.472584, 138.0], [17.123749, 10.927814, 151.0], [16.808714, 11.339709, 166.0], [16.533865, 11.754932, 176.0], [16.227695, 12.216265, 191.0], [15.955521, 12.699136, 204.0], [15.684146, 13.1589, 218.0], [15.41758, 13.603322, 232.0], [15.146944, 14.163795, 246.0], [14.898934, 14.651317, 260.0], [14.675079, 15.107834, 278.0], [14.441616, 15.594687, 296.0], [14.184944, 16.051998, 305.0], [13.934844, 16.500282, 317.0], [13.730186, 16.960175, 330.0], [13.503991, 17.369745, 344.0], [13.335678, 17.819288, 359.0], [13.141857, 18.214184, 372.0], [12.970333, 18.625689, 385.0], [12.832834, 18.989119, 400.0], [12.750582, 19.396458, 413.0], [12.682957, 19.810955, 427.0], [12.637758, 20.217884, 442.0], [12.634591, 20.583754, 456.0], [12.685207, 20.993477, 470.0], [12.790931, 21.298338, 484.0], [12.880492, 21.630976, 498.0], [13.013088, 21.914207, 513.0], [13.14803, 22.233974, 526.0], [13.343213, 22.43458, 542.0], [13.523785, 22.629215, 555.0], [13.74421, 22.80983, 568.0], [13.922011, 22.94236, 582.0], [14.162614, 22.999712, 596.0], [14.389266, 23.045055, 609.0], [14.615171, 23.05095, 625.0], [14.838809, 23.05095, 639.0], [15.08725, 22.953327, 654.0], [15.359776, 22.817019, 665.0], [15.594077, 22.642136, 680.0], [15.865011, 22.415945, 695.0], [16.10119, 22.132816, 708.0], [16.399122, 21.80674, 723.0], [16.68316, 21.439068, 738.0], [16.903572, 21.02082, 757.0], [17.11231, 20.539837, 767.0], [17.268883, 19.996199, 778.0], [17.367428, 19.484724, 792.0], [17.50339, 18.984972, 805.0], [17.584095, 18.492989, 820.0], [17.612503, 18.019213, 834.0], [17.658192, 17.562183, 848.0], [17.659298, 17.113903, 862.0], [17.659298, 16.712606, 878.0], [17.60938, 16.356508, 889.0], [17.485231, 16.00624, 903.0], [17.348637, 15.684753, 917.0], [17.165052, 15.374682, 931.0], [16.944014, 15.136069, 946.0], [16.730154, 14.876883, 968.0], [16.462328, 14.6524935, 982.0], [16.178734, 14.458751, 993.0], [15.861489, 14.254841, 1001.0], [15.512545, 14.073484, 1015.0], [15.149915, 13.892111, 1029.0], [14.840469, 13.71284, 1043.0], [14.405191, 13.610399, 1057.0], [14.028737, 13.45882, 1071.0], [13.62606, 13.356263, 1084.0], [13.1750145, 13.218723, 1099.0], [12.799995, 13.046657, 1114.0], [12.437148, 12.881303, 1129.0], [12.075701, 12.662507, 1141.0], [11.714116, 12.483246, 1154.0], [11.414824, 12.251601, 1168.0], [11.154999, 12.056253, 1182.0], [10.885369, 11.868163, 1196.0], [10.658248, 11.59473, 1210.0], [10.451737, 11.361045, 1226.0], [10.270346, 11.152895, 1240.0], [10.125715, 10.892707, 1252.0], [9.989835, 10.665005, 1267.0], [9.906986, 10.332449, 1281.0], [9.903771, 10.054515, 1294.0], [9.937828, 9.736695, 1309.0], [10.069802, 9.374451, 1323.0], [10.254811, 9.069277, 1337.0], [10.544434, 8.7276325, 1351.0], [10.893871, 8.3983135, 1364.0], [11.25636, 8.081034, 1378.0], [11.713826, 7.7680206, 1392.0], [12.172269, 7.4699616, 1406.0], [12.592995, 7.134766, 1420.0], [13.0413065, 6.772301, 1434.0], [13.4768, 6.47162, 1449.0], [13.862477, 6.145955, 1466.0], [14.2184515, 5.8639693, 1482.0], [14.5864, 5.6270947, 1492.0]"}