{"Image number":36338,"Image shape":3,"Path":"[13.976706, 7.9175353, 0.0], [14.445613, 7.7773376, 53.0], [15.195585, 7.7305784, 69.0], [16.1311, 7.683864, 86.0], [16.972153, 7.7792015, 102.0], [18.171534, 8.665836, 135.0], [18.309963, 9.458752, 152.0], [18.215595, 10.254625, 168.0], [17.794563, 11.045764, 185.0], [17.143831, 11.694774, 202.0], [16.148626, 12.358394, 218.0], [15.184483, 12.86123, 235.0], [14.157759, 13.18741, 251.0], [13.323701, 13.279049, 268.0], [12.670255, 13.278965, 284.0], [12.251472, 13.278965, 317.0], [12.630151, 13.326342, 350.0], [13.0938, 13.512988, 367.0], [14.358763, 14.500465, 400.0], [15.011467, 15.200945, 417.0], [15.567134, 16.133533, 433.0], [16.030024, 16.96816, 450.0], [16.262375, 17.858517, 466.0], [16.400372, 18.505383, 483.0], [16.305649, 19.06304, 499.0], [15.977825, 19.576288, 516.0], [15.369773, 20.1835, 532.0], [14.440244, 20.739761, 549.0], [13.414229, 21.299662, 566.0], [12.243428, 21.861809, 582.0], [11.080659, 22.326479, 599.0], [9.864193, 22.747448, 615.0], [8.752287, 22.977505, 632.0], [7.917335, 23.069714, 648.0]"}