{"Image number":39363,"Image shape":0,"Path":"[15.048253, 8.057398, 0.0], [14.342546, 8.622669, 85.0], [13.496392, 9.280773, 102.0], [12.479769, 9.879223, 119.0], [11.539135, 10.349309, 135.0], [10.661609, 10.811878, 152.0], [9.77524, 11.419908, 168.0], [8.984488, 12.166834, 185.0], [8.333569, 13.006786, 201.0], [7.8697605, 13.986234, 218.0], [7.4985104, 15.057247, 234.0], [7.1741996, 17.1126, 267.0], [7.3163714, 17.905209, 284.0], [7.6889935, 18.644012, 300.0], [8.4376335, 19.438293, 317.0], [10.48838, 20.180067, 350.0], [11.757889, 20.178896, 367.0], [13.146177, 20.038221, 383.0], [14.492368, 19.711914, 400.0], [17.250086, 18.025936, 433.0], [18.542665, 16.868582, 449.0], [19.663399, 15.560093, 466.0], [20.464132, 14.238969, 482.0], [21.059412, 13.043506, 499.0], [21.47897, 12.016691, 516.0], [21.758005, 11.178215, 532.0], [21.710243, 10.618688, 549.0], [21.429605, 10.199957, 565.0], [20.964542, 9.781916, 582.0], [20.122509, 9.407656, 598.0], [18.99943, 9.033478, 615.0], [17.78629, 8.848308, 631.0], [16.58164, 8.756403, 648.0], [15.317965, 8.850685, 664.0], [14.012704, 9.272955, 681.0], [12.653711, 10.072962, 698.0], [11.206034, 11.480391, 714.0], [10.245077, 12.493353, 731.0]"}