{"Image number":35297,"Image shape":6,"Path":"[19.846922, 4.001359, 0.0], [19.707155, 4.2344646, 36.0], [18.94934, 4.992802, 53.0], [17.68694, 6.2560735, 69.0], [15.924931, 7.831915, 86.0], [14.2418165, 9.564109, 102.0], [12.708278, 11.426887, 119.0], [11.643488, 13.191951, 136.0], [10.852673, 14.916301, 152.0], [10.478276, 16.466757, 169.0], [10.435409, 17.91097, 185.0], [10.718828, 19.168333, 202.0], [11.278057, 19.997684, 218.0], [12.211568, 20.508131, 235.0], [13.476182, 20.646437, 251.0], [14.868752, 20.364008, 268.0], [16.319422, 19.753735, 284.0], [17.520483, 18.777824, 301.0], [18.405716, 17.797838, 317.0], [18.872908, 16.860077, 334.0], [18.728394, 15.422436, 367.0], [17.973057, 14.998149, 384.0], [16.81142, 15.003948, 400.0], [15.178193, 15.379166, 417.0], [13.5514, 16.032017, 433.0], [12.097971, 16.877611, 450.0], [10.99147, 17.757399, 466.0], [10.293637, 18.643612, 483.0], [9.952595, 19.52449, 500.0], [9.97005, 20.114738, 516.0]"}