{"Image number":35884,"Image shape":4,"Path":"[6.8951745, 8.197262, 0.0], [7.223433, 9.137379, 119.0], [7.4553843, 10.441476, 135.0], [7.6882143, 12.120836, 152.0], [8.065167, 13.5318365, 169.0], [8.576199, 14.780223, 185.0], [9.185269, 15.855934, 202.0], [9.931318, 16.644041, 218.0], [10.906269, 17.057178, 235.0], [12.164757, 17.102083, 251.0], [13.522509, 16.63165, 268.0], [15.0639715, 15.646635, 284.0], [16.644854, 14.199915, 301.0], [18.08245, 12.666592, 317.0], [20.0776, 9.9722, 350.0], [20.453878, 9.313892, 367.0], [20.359055, 9.923857, 417.0], [19.888687, 11.194045, 433.0], [19.328522, 12.971383, 450.0], [18.86287, 14.934592, 466.0], [18.632954, 16.938263, 483.0], [18.588505, 18.989347, 499.0], [18.541965, 20.991354, 516.0], [18.787788, 22.641048, 533.0], [19.020334, 23.537092, 549.0]"}