{"Image number":40050,"Image shape":9,"Path":"[18.986124, 9.39976, 0.0], [18.986124, 9.114724, 126.0], [18.7424, 9.088811, 159.0], [18.452908, 9.119861, 176.0], [18.10115, 9.207815, 192.0], [17.69989, 9.324547, 209.0], [17.272686, 9.419072, 226.0], [16.821415, 9.568709, 242.0], [16.356493, 9.715223, 259.0], [15.778741, 9.928253, 275.0], [15.246058, 10.18223, 292.0], [14.698105, 10.404313, 309.0], [14.15657, 10.645017, 326.0], [13.667396, 10.929428, 342.0], [13.200374, 11.237116, 359.0], [12.8341875, 11.539177, 376.0], [12.4796, 11.944318, 392.0], [12.167882, 12.317114, 409.0], [11.931037, 12.634558, 426.0], [11.755209, 12.991774, 443.0], [11.664822, 13.291651, 459.0], [11.667777, 13.517738, 475.0], [11.761955, 13.679435, 492.0], [11.999945, 13.993608, 509.0], [12.366301, 14.330502, 525.0], [12.823786, 14.528913, 542.0], [13.253891, 14.685376, 559.0], [13.738596, 14.685895, 575.0], [14.120869, 14.64799, 592.0], [14.686175, 14.556381, 609.0], [15.197602, 14.409048, 625.0], [15.650597, 14.17336, 642.0], [16.042057, 13.866189, 659.0], [16.339605, 13.576186, 675.0], [16.55466, 13.22364, 692.0], [16.758184, 12.929554, 709.0], [16.92764, 12.679409, 726.0], [17.083704, 12.402856, 742.0], [17.23118, 12.190315, 759.0], [17.362679, 12.0173025, 775.0], [17.475355, 11.895815, 792.0], [17.531054, 11.788265, 809.0], [17.640114, 11.679166, 825.0], [17.266474, 12.182516, 926.0], [16.814796, 12.669307, 943.0], [16.312496, 13.324974, 959.0], [15.839037, 14.012173, 976.0], [15.409013, 14.612007, 992.0], [14.978138, 15.245743, 1009.0], [14.572888, 15.883358, 1026.0], [14.232691, 16.508665, 1042.0], [13.939643, 17.119644, 1059.0], [13.754303, 17.67347, 1076.0], [13.544926, 18.256466, 1093.0], [13.3663435, 18.880178, 1109.0], [13.233171, 19.410126, 1126.0], [13.071373, 19.952095, 1143.0], [12.949062, 20.454096, 1159.0], [12.792604, 20.97279, 1176.0], [12.677629, 21.406565, 1192.0], [12.560043, 21.837887, 1209.0], [12.366642, 22.229488, 1226.0], [12.261238, 22.652122, 1242.0], [12.168696, 23.027267, 1259.0], [12.097364, 23.337173, 1276.0], [12.038933, 23.669466, 1292.0], [11.946489, 23.968807, 1309.0], [11.870984, 24.223892, 1326.0], [11.816733, 24.467173, 1343.0], [11.772209, 24.649897, 1359.0], [11.759482, 24.825676, 1375.0], [11.759482, 25.039097, 1409.0]"}