{"Image number":288,"Image shape":7,"Path":"[8.228869, 8.226885, 0.0], [8.608648, 8.364277, 105.0], [8.957222, 8.495554, 119.0], [9.41822, 8.680927, 135.0], [9.9715805, 8.861341, 148.0], [10.5917015, 9.042687, 162.0], [11.264351, 9.183838, 178.0], [11.943728, 9.317469, 197.0], [12.672712, 9.454198, 206.0], [13.400747, 9.590748, 217.0], [14.166037, 9.688338, 230.0], [14.890029, 9.826827, 245.0], [15.555772, 9.88589, 260.0], [16.176859, 9.902332, 272.0], [16.727974, 9.864629, 286.0], [17.223217, 9.86591, 301.0], [17.571571, 9.810802, 318.0], [17.864372, 9.736824, 329.0], [18.10014, 9.720219, 342.0], [18.315151, 9.665356, 370.0], [18.476885, 9.700348, 425.0], [18.460337, 9.934648, 455.0], [18.460337, 10.158968, 470.0], [18.392723, 10.375808, 490.0], [18.326935, 10.690773, 502.0], [18.246822, 11.014107, 511.0], [18.155691, 11.376276, 524.0], [18.065754, 11.73614, 539.0], [17.974682, 12.185717, 552.0], [17.884485, 12.636846, 566.0], [17.752085, 13.131434, 580.0], [17.567127, 13.625151, 595.0], [17.383902, 14.225377, 608.0], [17.139248, 14.831301, 622.0], [16.907953, 15.466945, 636.0], [16.63393, 16.145285, 653.0], [16.36202, 16.84731, 665.0], [16.060993, 17.568495, 678.0], [15.741286, 18.339432, 692.0], [15.424414, 19.109234, 706.0], [15.12916, 19.877943, 720.0], [14.858251, 20.645767, 734.0], [14.585977, 21.378569, 749.0], [14.365149, 22.140488, 763.0], [14.156568, 22.82149, 777.0], [13.974655, 23.487488, 790.0], [13.831993, 24.126621, 804.0], [13.696131, 24.714165, 818.0]"}