{"Image number":35087,"Image shape":0,"Path":"[18.262894, 5.6330986, 0.0], [17.55946, 5.820734, 52.0], [16.568035, 6.1992836, 69.0], [15.174738, 6.8985147, 86.0], [13.718481, 7.650865, 102.0], [12.252575, 8.617072, 119.0], [10.850159, 9.739828, 135.0], [9.592922, 11.186087, 152.0], [8.472739, 12.634621, 168.0], [7.727315, 14.13108, 185.0], [7.172929, 15.568005, 201.0], [6.8936057, 16.829235, 218.0], [6.8012085, 17.950537, 234.0], [6.9419208, 18.874552, 251.0], [7.7834015, 20.556168, 284.0], [8.4802885, 21.298964, 301.0], [9.464995, 21.814528, 317.0], [10.532797, 22.184885, 334.0], [11.793168, 22.32415, 350.0], [14.45007, 21.90207, 383.0], [15.799859, 21.295029, 400.0], [17.146536, 20.5042, 416.0], [18.458275, 19.566368, 433.0], [19.663584, 18.497858, 449.0], [20.641296, 17.238724, 466.0], [21.437973, 15.877755, 483.0], [21.99143, 14.534315, 499.0], [22.271683, 13.175409, 516.0], [22.409702, 10.47054, 549.0], [22.31593, 9.266832, 565.0], [21.468105, 7.343923, 598.0], [20.727112, 6.6540728, 615.0], [19.798513, 6.191643, 631.0], [18.768541, 5.8640294, 648.0], [17.692173, 5.819076, 665.0], [16.521679, 6.056176, 681.0]"}