{"Image number":35789,"Image shape":9,"Path":"[15.933444, 7.8709145, 0.0], [14.984392, 8.250364, 53.0], [13.825296, 8.903104, 69.0], [12.509521, 9.703067, 86.0], [11.827126, 10.630213, 102.0], [11.504406, 11.468666, 119.0], [11.648655, 12.402514, 135.0], [12.075487, 13.297833, 152.0], [12.8696375, 14.318964, 168.0], [13.758467, 15.3947315, 185.0], [14.551663, 16.565826, 201.0], [15.246292, 17.72746, 218.0], [15.705625, 18.792057, 234.0], [16.03323, 19.826706, 251.0], [16.213955, 20.696365, 268.0], [16.353327, 21.300325, 284.0], [16.44612, 21.5314, 301.0], [16.686178, 20.996136, 400.0], [16.352745, 7.7310505, 0.0], [15.557217, 7.8248343, 53.0], [14.478769, 8.295035, 69.0], [13.167075, 9.141017, 86.0], [12.111295, 10.343926, 102.0], [11.501697, 11.565572, 119.0], [11.319807, 12.727797, 135.0], [11.462025, 13.612455, 152.0], [11.931661, 14.311945, 169.0], [12.869675, 14.682045, 185.0], [13.944107, 14.819288, 202.0], [15.105292, 14.441147, 218.0], [16.081707, 13.598025, 235.0], [17.025732, 12.41384, 251.0], [17.520895, 11.078735, 268.0], [17.799099, 9.9135065, 284.0], [17.655592, 9.167524, 301.0], [17.469763, 8.801097, 318.0], [17.190207, 8.709714, 334.0], [16.95679, 9.182759, 367.0], [16.911415, 9.975621, 384.0], [16.911814, 11.2806425, 400.0], [16.911814, 12.870518, 417.0], [16.911814, 14.614443, 433.0], [16.911814, 16.481539, 450.0], [16.817635, 18.23981, 466.0], [16.6303, 20.10544, 483.0], [16.113937, 21.736063, 499.0], [15.36928, 23.17253, 516.0], [14.389383, 24.195253, 533.0], [13.510262, 24.92694, 549.0], [12.918882, 25.231684, 566.0]"}