{"Image number":10098,"Image shape":1,"Path":"[15.322222, 9.916666, 0.0], [15.271609, 10.574633, 17.0], [14.930059, 12.423561, 34.0], [14.813383, 14.140704, 51.0], [14.875, 15.905556, 68.0], [15.248208, 17.596598, 84.0], [15.761707, 19.590042, 101.0], [16.551735, 21.448782, 118.0], [17.273655, 22.9607, 134.0], [17.656328, 24.124655, 151.0], [17.927778, 24.811111, 168.0]"}