{"Image number":10602,"Image shape":1,"Path":"[12.755556, 5.872222, 0.0], [12.984178, 6.2151546, 21.0], [13.553017, 7.2986784, 37.0], [13.999826, 8.788283, 54.0], [14.024051, 10.615734, 71.0], [14.078402, 13.135549, 87.0], [14.176297, 15.56855, 104.0], [14.555944, 18.072796, 121.0], [14.905081, 19.883476, 138.0], [15.240331, 21.389816, 154.0], [15.640955, 22.490223, 171.0], [15.952212, 23.29442, 188.0], [16.022223, 23.702778, 204.0]"}