{"Image number":30775,"Image shape":8,"Path":"[21.00971, 6.362811, 0.0], [20.814003, 6.362811, 163.0], [20.594564, 6.401669, 181.0], [20.33635, 6.4405284, 198.0], [20.070274, 6.4909506, 216.0], [19.84759, 6.55515, 234.0], [18.869904, 6.869913, 287.0], [18.4141, 6.999391, 305.0], [17.898623, 7.13134, 323.0], [17.537706, 7.300651, 340.0], [17.205162, 7.4596076, 358.0], [16.887732, 7.6007032, 376.0], [16.643064, 7.731431, 394.0], [16.313261, 7.9005756, 412.0], [15.931517, 8.087422, 429.0], [15.416593, 8.322771, 447.0], [15.076638, 8.481015, 465.0], [14.796118, 8.616604, 482.0], [14.493796, 8.779665, 500.0], [14.272766, 8.917297, 518.0], [14.032993, 9.147041, 536.0], [13.740603, 9.439609, 554.0], [13.414937, 9.726616, 571.0], [13.165047, 10.034943, 589.0], [12.884644, 10.307945, 607.0], [12.627446, 10.477249, 625.0], [12.45486, 10.712287, 642.0], [12.27238, 10.908725, 660.0], [12.115528, 11.105017, 678.0], [11.985459, 11.339097, 696.0], [11.8543415, 11.5893345, 713.0], [11.765461, 11.809125, 731.0], [11.700628, 12.002212, 749.0], [11.63447, 12.2008095, 767.0], [11.61165, 12.482852, 784.0], [11.572816, 12.7705145, 802.0], [11.68692, 13.155851, 820.0], [11.817227, 13.59157, 838.0], [11.980316, 13.985115, 855.0], [12.11636, 14.425447, 873.0], [12.293345, 14.838135, 891.0], [12.561737, 15.269073, 909.0], [12.815534, 15.591712, 927.0], [13.037716, 15.978058, 944.0], [13.196466, 16.179178, 962.0], [13.326425, 16.416801, 980.0], [13.548671, 16.772167, 1015.0], [13.681828, 17.07277, 1051.0], [13.812422, 17.372974, 1086.0], [13.943386, 17.675564, 1122.0], [14.008568, 17.832369, 1140.0], [14.073864, 18.137333, 1158.0], [14.178204, 18.387333, 1175.0], [14.272198, 18.613493, 1193.0], [14.347057, 18.92125, 1211.0], [14.413137, 19.129904, 1228.0], [14.543581, 19.496555, 1264.0], [14.524273, 19.665405, 1282.0], [14.524273, 19.909077, 1299.0], [14.524273, 20.14493, 1317.0], [14.524273, 20.380325, 1335.0], [14.524273, 20.6147, 1353.0], [14.500868, 20.795286, 1370.0], [14.485436, 20.957209, 1388.0], [14.485436, 21.231594, 1424.0], [21.514563, 6.246236, 0.0], [21.269896, 6.285094, 107.0], [21.03493, 6.337073, 125.0], [20.65528, 6.442168, 143.0], [20.264275, 6.560892, 160.0], [19.871058, 6.7037334, 178.0], [19.36637, 6.8720646, 196.0], [19.043201, 7.0022287, 214.0], [18.66075, 7.13332, 232.0], [18.187004, 7.384536, 249.0], [17.761263, 7.588764, 267.0], [17.369703, 7.7759047, 285.0], [17.104647, 7.9279428, 302.0], [16.91379, 8.090847, 320.0], [16.645239, 8.274361, 356.0], [16.440502, 8.452288, 374.0], [16.263605, 8.581869, 391.0], [16.049786, 8.809244, 409.0], [15.779932, 8.992241, 427.0], [15.51931, 9.152207, 445.0], [15.310364, 9.394197, 462.0], [14.997059, 9.657321, 480.0], [14.697222, 9.920175, 498.0], [14.435722, 10.181831, 516.0], [14.213089, 10.44346, 533.0], [14.057792, 10.702629, 551.0], [13.913165, 11.019615, 569.0], [13.821777, 11.227063, 587.0], [13.691713, 11.448491, 604.0], [13.615628, 11.655063, 622.0], [13.468328, 11.930688, 640.0], [13.368031, 12.1651535, 658.0], [13.30299, 12.416664, 676.0], [13.237442, 12.717863, 693.0], [13.203884, 13.018535, 711.0], [13.203884, 13.358485, 729.0], [13.250129, 13.659018, 747.0], [13.315633, 13.960048, 764.0], [13.320389, 14.258838, 782.0], [13.36866, 14.570322, 800.0], [13.359223, 14.783251, 818.0], [13.441404, 15.076148, 835.0], [13.577311, 15.398946, 853.0], [13.706205, 15.682524, 871.0], [13.832502, 15.959598, 889.0], [13.966594, 16.192451, 906.0], [14.018637, 16.463684, 924.0], [14.173525, 16.723446, 942.0], [14.372178, 17.041368, 960.0], [14.488774, 17.20935, 977.0], [14.618984, 17.443644, 995.0], [14.74972, 17.639862, 1013.0], [14.838306, 17.875008, 1031.0], [14.903429, 18.10935, 1048.0], [14.96863, 18.305073, 1066.0], [14.995475, 18.541092, 1084.0], [14.990292, 18.730345, 1102.0], [14.990292, 19.135942, 1137.0], [14.9567375, 19.431715, 1155.0], [14.852579, 19.758532, 1173.0], [14.787074, 20.038353, 1191.0], [14.721654, 20.303394, 1208.0], [14.619162, 20.554974, 1226.0], [14.552276, 20.772982, 1244.0], [14.410999, 21.083725, 1262.0], [14.323254, 21.3759, 1279.0], [14.188042, 21.646486, 1297.0], [13.9928465, 22.024847, 1333.0], [13.585781, 22.495558, 1368.0], [13.308004, 22.73498, 1386.0], [13.020021, 22.983944, 1404.0], [12.681963, 23.159943, 1421.0], [12.424817, 23.35548, 1439.0], [12.164053, 23.495066, 1457.0], [12.029018, 23.66959, 1475.0], [11.827917, 23.795555, 1492.0], [11.575267, 23.867966, 1510.0], [11.3582945, 24.011372, 1528.0], [11.018772, 24.11546, 1546.0], [10.692949, 24.219522, 1564.0], [10.412549, 24.237734, 1581.0], [10.18589, 24.315453, 1599.0], [9.990941, 24.315453, 1617.0], [9.793892, 24.216822, 1635.0], [9.597452, 24.161758, 1652.0], [9.362891, 24.032936, 1670.0], [9.115242, 23.85063, 1688.0], [8.748581, 23.549006, 1723.0], [8.593068, 23.393398, 1741.0], [8.42307, 23.262156, 1759.0], [8.323853, 23.09834, 1777.0], [8.271845, 22.78816, 1812.0], [8.302175, 22.531658, 1830.0], [8.423997, 22.26233, 1848.0], [8.516348, 22.005547, 1866.0], [8.646669, 21.674816, 1883.0], [8.9487095, 21.23005, 1901.0], [9.414803, 20.677902, 1919.0], [9.968958, 20.091505, 1937.0], [10.376514, 19.505045, 1954.0], [10.7231865, 19.103668, 1972.0], [11.00942, 18.626911, 1990.0], [11.358554, 18.27362, 2008.0], [11.752008, 17.830616, 2025.0], [12.2582245, 17.45112, 2043.0], [12.613285, 17.120403, 2061.0], [12.9033375, 16.74226, 2079.0], [13.165466, 16.465508, 2096.0], [13.382723, 16.158749, 2114.0], [13.648567, 15.759742, 2132.0], [13.989915, 15.444502, 2150.0], [14.343281, 15.053931, 2167.0], [14.734154, 14.662821, 2185.0], [15.080781, 14.313418, 2203.0], [15.343507, 14.023027, 2221.0], [15.60175, 13.644216, 2238.0], [15.78907, 13.368589, 2256.0], [16.049757, 13.049515, 2274.0], [16.425861, 12.717283, 2292.0], [16.828224, 12.217752, 2309.0], [17.209166, 11.836577, 2327.0], [17.592234, 11.453281, 2345.0], [17.832785, 11.038584, 2363.0], [18.189865, 10.695895, 2381.0], [18.58119, 10.330734, 2398.0], [18.915417, 9.965527, 2416.0], [19.396175, 9.642152, 2434.0], [19.754757, 9.313307, 2452.0], [20.046528, 9.03635, 2469.0], [20.270298, 8.773586, 2487.0], [20.436928, 8.568001, 2505.0], [20.57117, 8.381068, 2523.0], [20.737865, 8.26688, 2532.0]"}