{"Image number":38182,"Image shape":9,"Path":"[13.603992, 8.243883, 0.0], [12.8027, 8.243883, 69.0], [11.829983, 8.290676, 85.0], [10.058189, 8.945869, 118.0], [9.497771, 9.556199, 135.0], [9.081404, 10.254354, 151.0], [8.801846, 11.003813, 168.0], [8.663841, 11.891206, 184.0], [8.901513, 13.570746, 217.0], [9.320389, 14.215412, 234.0], [9.886198, 14.590579, 251.0], [10.719377, 14.818548, 267.0], [11.568395, 14.722629, 284.0], [12.590468, 14.347093, 300.0], [13.515873, 13.601264, 317.0], [14.352356, 12.529269, 333.0], [15.00733, 11.075216, 350.0], [15.375018, 9.593318, 367.0], [15.560999, 7.446776, 399.0], [15.466994, 7.1230226, 416.0], [14.954184, 7.031733, 449.0], [14.625468, 7.0788527, 466.0], [14.348706, 7.265312, 482.0], [14.114444, 7.641056, 499.0], [14.069636, 8.293982, 515.0], [14.303391, 9.225186, 532.0], [14.725077, 10.443595, 548.0], [15.514167, 11.880375, 565.0], [16.307398, 13.327852, 581.0], [17.291607, 14.781303, 598.0], [17.983463, 16.123058, 615.0], [18.595959, 17.396051, 631.0], [18.870134, 18.506866, 648.0], [19.010502, 19.44752, 664.0], [19.055151, 20.18279, 681.0], [18.961235, 20.78818, 697.0], [18.631504, 21.398668, 714.0], [17.924744, 21.960123, 730.0], [16.945747, 22.469963, 747.0], [15.919813, 22.93574, 763.0], [14.94761, 23.211403, 780.0], [14.056684, 23.44585, 797.0], [13.132982, 23.583008, 813.0], [12.433736, 23.629229, 830.0], [11.685252, 23.62886, 846.0], [11.037853, 23.62886, 863.0]"}