{"Image number":38579,"Image shape":0,"Path":"[20.31281, 7.078354, 0.0], [18.435696, 7.1727753, 69.0], [17.040436, 7.54754, 86.0], [15.448453, 8.110765, 102.0], [13.876001, 8.947186, 119.0], [12.243446, 9.881035, 135.0], [10.84407, 11.144455, 152.0], [8.013311, 19.339714, 0.0], [8.532192, 19.858952, 54.0], [9.2353945, 20.467962, 70.0], [11.671079, 21.16147, 103.0], [13.115084, 20.921028, 120.0], [14.600374, 20.358622, 136.0], [16.088982, 19.375977, 153.0], [17.47585, 18.263453, 169.0], [18.69982, 16.753843, 186.0], [19.572495, 14.853059, 202.0], [20.223043, 12.755168, 219.0], [20.59379, 9.151714, 252.0], [20.592346, 8.053367, 269.0], [20.498947, 7.5433483, 285.0], [19.933895, 7.403149, 302.0], [18.948921, 7.3574696, 318.0], [17.455921, 7.310991, 335.0], [15.599912, 7.557811, 351.0], [14.320551, 7.7418375, 368.0], [18.449251, 8.10402, 0.0], [17.794716, 8.291129, 53.0], [16.759897, 8.573545, 69.0], [15.362027, 9.040562, 86.0], [13.91856, 9.647367, 102.0], [12.425061, 10.489696, 119.0], [11.074379, 11.706234, 135.0], [9.755852, 13.122333, 152.0], [8.935127, 14.696434, 169.0], [8.3772545, 16.050817, 185.0], [8.338703, 17.166084, 202.0], [8.29202, 17.907673, 218.0], [8.292845, 18.464142, 235.0], [8.387732, 19.02362, 251.0], [8.811157, 20.566872, 284.0], [9.320685, 21.301998, 301.0], [9.929831, 21.863138, 317.0], [10.821012, 22.093616, 334.0], [13.43742, 21.759684, 367.0], [14.926628, 21.008997, 384.0], [16.317535, 20.125063, 400.0], [17.6329, 18.994278, 417.0], [18.69406, 17.882072, 433.0], [19.668089, 16.579025, 450.0], [20.363684, 15.275673, 466.0], [20.733606, 13.926236, 483.0], [21.012241, 11.453285, 516.0], [21.011648, 10.477313, 533.0], [20.870815, 9.636118, 549.0], [20.68496, 8.941084, 566.0], [20.312061, 8.289188, 582.0], [19.75229, 7.6828547, 599.0], [19.095953, 7.214254, 615.0], [18.305342, 6.983893, 632.0], [17.606537, 7.0320077, 648.0], [16.818476, 7.218254, 665.0], [16.058218, 7.5986886, 681.0]"}