{"Image number":36378,"Image shape":9,"Path":"[12.905158, 9.083064, 0.0], [12.106876, 9.976392, 103.0], [10.665305, 12.587581, 136.0], [10.527345, 13.665539, 153.0], [10.716487, 14.730052, 169.0], [11.184373, 15.568821, 186.0], [12.074595, 16.080894, 203.0], [13.246395, 16.21791, 219.0], [14.5497055, 16.168978, 236.0], [15.905718, 15.791301, 252.0], [17.15261, 15.092825, 269.0], [18.319653, 14.015541, 285.0], [19.290085, 12.809989, 302.0], [19.851929, 11.6367855, 318.0], [19.986704, 10.574812, 335.0], [19.612549, 9.638943, 351.0], [18.860981, 8.889003, 368.0], [17.786469, 8.472862, 384.0], [14.900892, 8.477659, 417.0], [13.269563, 8.851857, 434.0], [11.833155, 9.4562235, 451.0], [10.704901, 10.161962, 467.0], [10.05488, 10.769181, 484.0], [9.735867, 11.135809, 500.0], [9.925254, 11.322672, 517.0], [10.390482, 11.274144, 533.0], [11.37185, 11.086986, 550.0], [12.488586, 10.667158, 566.0], [13.794578, 10.2004595, 583.0], [15.153795, 9.731493, 599.0], [16.498676, 9.407923, 616.0], [18.759575, 9.084501, 649.0], [19.572504, 9.129987, 666.0], [20.128277, 9.316778, 682.0], [20.406208, 9.68943, 699.0], [20.499489, 10.250517, 715.0], [20.499168, 10.8567705, 732.0], [20.35796, 11.6554, 748.0], [19.843344, 12.680052, 765.0], [19.094252, 13.943895, 782.0], [17.977451, 15.431425, 798.0], [16.766579, 17.109474, 815.0], [15.224928, 18.884657, 831.0], [13.83098, 20.60584, 848.0], [12.570492, 22.382122, 864.0], [11.539133, 24.120222, 881.0]"}