{"Image number":54,"Image shape":9,"Path":"[12.379713, 7.6076984, 0.0], [12.188009, 7.7227592, 68.0], [12.035241, 7.8217335, 82.0], [11.786738, 7.978862, 91.0], [11.484451, 8.131995, 105.0], [11.092067, 8.381423, 117.0], [10.687247, 8.697859, 131.0], [10.188253, 8.978319, 146.0], [9.763798, 9.32262, 161.0], [9.281475, 9.722927, 175.0], [8.884226, 10.092585, 193.0], [8.508876, 10.548046, 207.0], [8.2423525, 11.004461, 215.0], [8.052321, 11.454739, 229.0], [7.958398, 11.954956, 242.0], [7.9210224, 12.39903, 256.0], [8.113148, 12.792445, 270.0], [8.363138, 13.199738, 284.0], [8.721868, 13.52084, 299.0], [9.200882, 13.82001, 315.0], [9.722772, 14.042738, 328.0], [10.337269, 14.191678, 342.0], [10.97179, 14.2852, 355.0], [11.652738, 14.324138, 369.0], [12.352075, 14.309486, 384.0], [13.0765705, 14.277301, 399.0], [13.757005, 14.232206, 412.0], [14.470859, 14.137418, 430.0], [15.15147, 14.0466385, 439.0], [15.799916, 13.924965, 453.0], [16.431095, 13.749947, 467.0], [17.07069, 13.616146, 481.0], [17.587177, 13.365238, 494.0], [18.068954, 13.079284, 509.0], [18.482065, 12.762826, 524.0], [18.884483, 12.355446, 537.0], [19.220394, 11.886104, 552.0], [19.536049, 11.435022, 564.0], [19.853825, 10.943071, 578.0], [20.122896, 10.493542, 594.0], [20.338457, 10.097334, 608.0], [20.509443, 9.745223, 624.0], [20.608955, 9.500748, 635.0], [20.699306, 9.320176, 649.0], [20.528193, 9.309952, 676.0], [20.321041, 9.426587, 690.0], [20.094877, 9.651325, 704.0], [19.780281, 9.962973, 719.0], [19.482887, 10.351102, 733.0], [19.130547, 10.82895, 748.0], [18.771242, 11.366231, 761.0], [18.406942, 11.965066, 775.0], [18.105059, 12.677549, 788.0], [17.789366, 13.354258, 802.0], [17.130983, 14.844494, 816.0], [16.968016, 15.298823, 832.0], [16.636732, 16.34785, 845.0], [16.36556, 17.135704, 859.0], [16.01834, 18.342842, 872.0], [15.857904, 18.705166, 887.0], [15.494417, 19.71929, 900.0], [15.281972, 20.220892, 914.0], [15.055021, 20.765755, 927.0], [14.8303175, 21.305214, 941.0], [14.526803, 21.845776, 955.0], [14.237989, 22.392704, 969.0], [14.0054035, 22.935993, 983.0], [13.779618, 23.38259, 996.0], [13.630308, 23.911007, 1011.0], [13.523196, 24.4558, 1024.0], [13.470625, 24.998371, 1038.0]"}