{"Image number":36455,"Image shape":4,"Path":"[14.256239, 8.10402, 0.0], [13.7402115, 8.714435, 53.0], [12.997431, 9.503615, 69.0], [12.103029, 10.77581, 86.0], [11.318656, 11.977363, 102.0], [10.66137, 13.246846, 119.0], [10.197265, 14.3178215, 135.0], [9.919704, 15.107841, 152.0], [9.970519, 15.568105, 168.0], [10.252595, 15.79902, 185.0], [10.860899, 15.843563, 201.0], [11.746223, 15.796203, 218.0], [12.812844, 15.469896, 234.0], [15.205545, 14.012764, 268.0], [16.407566, 13.180022, 284.0], [17.482517, 12.337432, 301.0], [18.45882, 11.499155, 317.0], [19.197355, 10.852321, 334.0], [19.663225, 10.432682, 350.0], [19.896183, 10.246452, 367.0], [19.611866, 10.764594, 400.0], [19.145884, 11.510888, 417.0], [18.251736, 12.734792, 433.0], [17.134232, 14.272494, 450.0], [15.924118, 16.184195, 466.0], [14.665227, 18.096613, 483.0], [13.546216, 19.917358, 499.0], [11.870357, 23.092619, 532.0], [11.454792, 24.299206, 549.0], [11.264252, 25.36386, 565.0], [11.274542, 25.84601, 582.0]"}