{"Image number":39487,"Image shape":2,"Path":"[8.945091, 9.409411, 0.0], [9.321561, 8.986062, 53.0], [9.834068, 8.5201645, 69.0], [10.396407, 8.051516, 86.0], [10.810732, 7.776284, 103.0], [11.281053, 7.8249435, 119.0], [12.306801, 8.530306, 152.0], [12.867874, 9.281964, 169.0], [13.329578, 10.306483, 185.0], [13.606823, 11.472542, 202.0], [13.7449465, 12.91827, 218.0], [13.650132, 14.311389, 235.0], [13.137874, 16.589756, 268.0], [12.855486, 17.296099, 284.0], [12.528921, 17.71251, 301.0], [12.343778, 17.943972, 317.0], [11.880628, 17.84801, 351.0], [11.552896, 17.5671, 367.0], [11.272495, 17.239374, 384.0], [11.133729, 16.866, 400.0], [11.134775, 16.54092, 417.0], [11.275721, 16.307375, 433.0], [11.6028595, 16.168535, 450.0], [12.067596, 16.076025, 466.0], [12.721039, 16.076235, 483.0], [13.610951, 16.217197, 499.0], [14.683605, 16.450958, 516.0], [15.852624, 16.731897, 533.0], [17.06142, 16.963928, 549.0], [18.321041, 17.197285, 566.0], [19.441935, 17.336798, 582.0], [20.549551, 17.428564, 599.0], [21.626453, 17.38123, 615.0], [22.556356, 17.099716, 632.0], [23.446697, 16.818247, 648.0], [24.28044, 16.398798, 665.0], [25.027065, 15.883719, 682.0], [25.877865, 15.316312, 698.0], [26.621044, 14.613423, 715.0], [27.176964, 14.008026, 731.0]"}