{"Image number":37661,"Image shape":1,"Path":"[13.650583, 5.2135086, 0.0], [13.791019, 5.635783, 53.0], [13.932352, 6.343608, 69.0], [13.976965, 7.2700605, 86.0], [14.070951, 8.349422, 102.0], [14.350279, 11.096961, 135.0], [14.490435, 12.640044, 152.0], [14.583508, 14.372488, 168.0], [14.629377, 16.044945, 185.0], [14.723368, 17.635778, 201.0], [14.816196, 19.026701, 218.0], [14.862339, 20.33119, 234.0], [14.908775, 21.397726, 251.0], [14.908485, 22.430733, 268.0]"}