{"Image number":38521,"Image shape":7,"Path":"[10.109817, 11.087772, 0.0], [10.675949, 10.710562, 69.0], [12.123492, 9.964601, 103.0], [12.870905, 9.826687, 121.0], [14.166884, 9.688843, 152.0], [14.7301235, 9.64185, 169.0], [15.285315, 9.595552, 185.0], [15.803039, 9.453478, 202.0], [16.31059, 9.267935, 218.0], [16.823465, 9.128366, 235.0], [17.242752, 9.035372, 251.0], [17.473495, 8.989299, 268.0], [17.84525, 8.755721, 301.0], [18.03205, 8.615274, 318.0], [18.263374, 8.5702305, 351.0], [17.51516, 9.459271, 483.0], [17.093742, 10.256957, 500.0], [16.581522, 11.141595, 516.0], [16.16341, 11.979533, 533.0], [15.789291, 12.775462, 549.0], [15.4190445, 13.656498, 566.0], [14.950277, 14.405552, 582.0], [14.440121, 15.100569, 599.0], [13.927915, 16.31961, 632.0], [13.78772, 16.879313, 648.0], [13.508568, 17.526737, 665.0], [12.9452, 18.134659, 681.0], [12.438919, 18.734049, 698.0], [12.112912, 19.246836, 715.0], [11.973207, 19.806602, 731.0], [11.879742, 20.274427, 748.0], [11.693521, 20.739155, 764.0], [11.408716, 21.071224, 781.0], [11.041508, 21.29786, 797.0], [10.6646805, 21.392096, 814.0], [10.433367, 21.626724, 830.0], [10.34147, 21.955023, 847.0], [10.295686, 22.18604, 864.0], [10.249584, 22.417437, 913.0], [10.249584, 22.604555, 1012.0], [10.6739645, 22.177671, 1360.0], [11.377872, 21.237635, 1376.0], [12.031301, 20.492281, 1393.0], [12.628349, 19.94327, 1414.0], [13.098683, 19.709095, 1426.0], [13.467911, 19.524355, 1443.0], [13.791744, 19.292095, 1459.0], [13.977106, 19.059484, 1476.0], [14.167151, 18.821766, 1492.0], [14.39938, 18.637695, 1509.0], [14.772786, 18.547155, 1542.0], [15.003793, 18.547155, 1575.0], [10.109817, 12.859376, 0.0], [9.922892, 12.6248455, 62.0], [9.876029, 12.341483, 79.0], [9.876871, 12.015389, 96.0], [9.92381, 11.785339, 112.0], [10.111435, 11.363855, 129.0], [10.58152, 10.75386, 145.0], [11.278364, 10.058284, 162.0], [12.262199, 9.450279, 178.0], [13.284814, 8.939728, 195.0], [14.320171, 8.56392, 211.0], [15.153107, 8.333879, 228.0], [15.847873, 8.195739, 244.0], [16.313883, 8.102472, 261.0], [16.732384, 8.056628, 277.0], [17.055622, 8.057398, 294.0], [17.332733, 8.057398, 311.0], [17.517471, 8.386984, 410.0], [17.376366, 9.419224, 426.0], [17.141506, 10.638488, 443.0], [16.67396, 12.12916, 459.0], [16.253126, 13.202194, 476.0], [15.931154, 14.265538, 493.0], [15.6976, 15.06043, 509.0], [15.280826, 16.590107, 542.0], [14.95546, 17.380856, 575.0], [15.614536, 17.473557, 675.0], [16.45935, 17.332767, 691.0], [17.530582, 17.004662, 708.0], [18.597294, 16.491861, 724.0], [19.626076, 16.02411, 741.0], [20.50237, 15.655293, 757.0], [21.153442, 15.376048, 774.0], [21.480003, 15.28297, 790.0], [21.198002, 15.237055, 1005.0], [20.963501, 15.237055, 1039.0], [20.732084, 15.2836895, 1072.0], [20.544481, 15.330935, 1105.0], [20.312443, 15.377103, 1154.0], [20.077559, 15.471082, 1171.0], [19.463333, 15.659993, 1187.0], [18.766052, 15.798372, 1204.0], [18.11917, 15.984122, 1221.0], [17.698355, 16.12468, 1237.0], [17.419243, 16.312708, 1254.0], [16.856602, 16.451359, 1270.0], [16.304241, 16.636326, 1287.0], [15.643005, 16.967491, 1303.0], [14.938856, 17.248255, 1320.0], [14.287632, 17.623423, 1336.0], [13.49686, 17.804504, 1353.0], [12.893483, 18.038815, 1369.0], [12.336425, 18.176605, 1386.0], [12.061869, 18.363798, 1402.0], [11.971895, 18.644842, 1419.0], [11.879129, 18.876179, 1436.0], [11.59967, 19.153893, 1469.0], [11.36694, 19.340887, 1502.0], [11.226578, 19.622192, 1518.0], [11.08663, 19.902283, 1535.0], [10.94606, 20.136208, 1551.0], [10.759408, 20.415987, 1568.0], [10.619877, 20.743998, 1584.0], [10.480886, 21.115698, 1601.0], [10.388479, 21.487774, 1618.0], [10.294686, 21.863203, 1634.0], [10.249054, 22.281624, 1651.0], [10.202573, 22.700237, 1667.0], [10.109314, 22.97767, 1684.0], [10.0156, 23.306147, 1700.0], [9.922434, 23.538187, 1717.0], [9.687901, 23.86589, 1750.0], [9.45757, 24.001827, 1899.0], [10.109817, 24.09507, 0.0], [10.394052, 23.57283, 53.0], [10.953101, 22.736029, 69.0], [11.654278, 21.424545, 86.0], [12.450562, 20.208231, 102.0], [13.057787, 19.035236, 119.0], [13.659003, 17.925522, 135.0], [14.214172, 16.766123, 152.0], [14.775986, 15.5948715, 168.0], [15.243506, 14.469744, 185.0], [15.657665, 13.221069, 202.0], [16.030891, 11.864843, 218.0], [16.403723, 10.606739, 235.0], [16.682932, 9.344495, 251.0], [16.9635, 8.176007, 268.0], [17.147324, 7.1574783, 284.0], [17.238535, 6.4677835, 301.0], [17.284798, 6.0502405, 318.0], [17.284527, 5.81834, 334.0], [17.00235, 5.91459, 450.0], [16.388645, 6.482155, 467.0], [15.454977, 7.086534, 483.0], [14.474306, 7.8356366, 499.0], [13.549728, 8.153329, 516.0], [12.806953, 8.479189, 532.0], [12.097514, 8.715308, 549.0], [11.494689, 8.948127, 565.0], [10.89893, 9.130578, 582.0], [10.380704, 9.271908, 599.0], [9.777364, 9.410466, 632.0], [9.499693, 9.409411, 648.0], [9.268073, 9.409411, 665.0], [10.109817, 9.36279, 0.0], [10.668954, 9.36279, 70.0], [10.901878, 9.36279, 87.0], [8.665557, 10.295212, 0.0], [9.324887, 10.295212, 68.0], [10.025477, 10.20079, 85.0], [10.954944, 10.061128, 102.0], [11.986358, 9.82605, 118.0], [13.152717, 9.451353, 135.0], [14.363484, 8.937244, 151.0], [15.440113, 8.421203, 168.0], [16.459246, 8.147005, 184.0], [17.197174, 7.9157133, 201.0], [17.70759, 7.7296805, 217.0], [17.986382, 7.5425515, 234.0], [18.21667, 7.4513245, 267.0], [18.16913, 7.73398, 333.0], [17.980612, 8.62992, 350.0], [17.842123, 9.6533165, 366.0], [17.655771, 10.817219, 383.0], [17.092205, 12.828421, 416.0], [16.535528, 13.891892, 432.0], [16.02656, 15.0040865, 449.0], [15.604545, 16.271055, 465.0], [15.039915, 17.350996, 482.0], [14.53201, 18.415167, 499.0], [14.017822, 19.349669, 515.0], [13.881503, 20.191044, 532.0], [13.461493, 21.256105, 565.0], [13.133063, 21.393208, 581.0], [12.664371, 21.628075, 598.0], [12.293139, 22.0509, 614.0], [11.920218, 22.56561, 631.0], [11.498102, 22.985554, 647.0], [10.94103, 23.212353, 664.0], [10.473243, 23.399471, 680.0], [10.248927, 23.629519, 730.0], [10.909048, 22.591757, 879.0], [11.517763, 21.65495, 896.0], [12.02575, 20.633535, 912.0], [12.256343, 20.07741, 929.0], [12.535545, 19.661406, 945.0], [12.911141, 19.429213, 962.0], [13.326934, 19.292265, 978.0], [13.744759, 19.059431, 995.0], [14.266613, 18.679466, 1011.0], [14.919456, 18.26037, 1028.0], [15.615311, 17.843042, 1044.0], [16.366205, 17.610523, 1061.0], [17.013222, 17.284266, 1078.0], [17.70935, 17.147417, 1094.0], [18.454905, 16.960619, 1111.0], [19.199793, 16.77427, 1127.0], [19.894108, 16.588905, 1144.0], [20.553057, 16.400494, 1160.0], [21.06448, 16.308203, 1177.0], [21.341003, 16.167858, 1193.0], [20.726717, 16.263208, 1276.0], [19.982126, 16.49725, 1293.0], [18.7609, 16.77889, 1309.0], [17.314625, 17.199932, 1326.0], [15.680923, 17.383865, 1342.0], [14.195216, 17.758207, 1359.0], [12.940786, 18.036762, 1375.0], [11.823953, 18.269442, 1392.0], [10.933502, 18.362244, 1408.0], [10.098327, 18.45519, 1425.0], [9.399572, 18.548676, 1441.0]"}