{"Image number":38997,"Image shape":4,"Path":"[8.292845, 9.456033, 0.0], [8.292845, 9.689137, 35.0], [8.245646, 10.492067, 52.0], [8.246256, 11.805118, 68.0], [8.246256, 13.203409, 85.0], [8.246256, 14.278131, 101.0], [8.341237, 15.065906, 118.0], [8.572797, 15.797847, 134.0], [9.042364, 16.407907, 151.0], [9.698586, 17.063354, 168.0], [10.489581, 17.431568, 184.0], [11.328559, 17.616385, 201.0], [13.571287, 17.42651, 234.0], [14.6933, 17.238802, 250.0], [15.754269, 17.007092, 267.0], [16.68486, 16.867893, 283.0], [17.519325, 16.728619, 300.0], [18.17244, 16.682114, 316.0], [18.73497, 16.682308, 333.0], [19.198677, 16.682308, 350.0], [19.47715, 16.729418, 366.0], [19.754904, 16.822752, 399.0], [19.426184, 16.82217, 465.0], [19.144878, 16.82217, 482.0], [18.633444, 16.86899, 498.0], [18.02563, 17.056606, 515.0], [17.227365, 17.291496, 532.0], [16.48811, 17.569763, 548.0], [15.598143, 17.756529, 565.0], [14.759922, 18.037256, 581.0], [14.156921, 18.222698, 598.0], [13.73944, 18.36211, 614.0], [13.50867, 18.40772, 631.0], [13.277315, 18.219141, 664.0], [13.418633, 17.704317, 680.0], [13.891283, 16.807426, 697.0], [14.541737, 15.410751, 713.0], [15.423319, 13.740714, 730.0], [16.213263, 12.019575, 747.0], [17.707277, 8.187592, 780.0], [18.218487, 6.3244743, 796.0], [18.59183, 5.064151, 813.0], [18.729036, 4.2800775, 846.0], [18.6821, 4.9815445, 879.0], [18.401688, 6.196779, 896.0], [17.27955, 10.500185, 929.0], [16.440508, 13.156261, 945.0], [15.552063, 15.775453, 962.0], [13.783473, 19.867453, 995.0], [13.037189, 21.359903, 1011.0], [12.406963, 22.719437, 1028.0], [12.096758, 23.482199, 1044.0]"}