{"Image number":35543,"Image shape":9,"Path":"[16.445923, 7.6378083, 0.0], [15.602716, 8.060032, 52.0], [14.661746, 8.719756, 68.0], [13.785293, 9.69473, 85.0], [13.320875, 10.7226925, 102.0], [13.183301, 11.703593, 118.0], [13.326052, 12.4954405, 135.0], [13.7911005, 12.953371, 151.0], [14.583029, 13.139258, 168.0], [15.662851, 12.904051, 184.0], [17.801374, 11.456965, 217.0], [18.545923, 10.47711, 234.0], [18.963078, 9.546278, 252.0], [19.102465, 8.798164, 267.0], [19.054615, 8.193438, 284.0], [18.96143, 7.776326, 300.0], [18.774273, 7.543189, 317.0], [18.539604, 7.450194, 333.0], [18.215971, 7.7780066, 350.0], [17.83869, 8.486193, 366.0], [17.422935, 9.693062, 383.0], [17.050596, 11.325186, 399.0], [16.629677, 13.103477, 416.0], [16.068092, 14.880305, 432.0], [15.368876, 16.649628, 449.0], [14.482007, 18.421658, 466.0], [13.498292, 20.107136, 482.0], [12.472718, 21.596655, 499.0], [11.640076, 22.753035, 515.0], [10.894069, 23.543869, 532.0], [10.412411, 24.221275, 548.0], [10.190777, 24.580843, 565.0]"}