{"Image number":39107,"Image shape":7,"Path":"[8.013311, 9.549274, 0.0], [8.574978, 9.549274, 69.0], [9.188217, 9.549274, 85.0], [9.885315, 9.549274, 102.0], [10.630594, 9.549274, 118.0], [11.5152855, 9.549274, 135.0], [13.715905, 9.596678, 168.0], [14.817582, 9.595897, 184.0], [15.990377, 9.642932, 201.0], [17.102339, 9.548927, 217.0], [18.178822, 9.502257, 234.0], [19.068378, 9.3606615, 250.0], [19.765345, 9.220606, 267.0], [20.176437, 9.081932, 284.0], [20.45496, 8.989027, 300.0], [20.262505, 9.085296, 350.0], [19.88732, 9.462227, 366.0], [19.282703, 10.020243, 383.0], [18.58548, 10.765203, 400.0], [17.793018, 11.698538, 416.0], [16.995213, 12.684979, 432.0], [16.250414, 13.994312, 449.0], [15.508931, 15.480591, 466.0], [14.8611965, 17.10365, 482.0], [13.599261, 19.909729, 515.0], [13.038771, 21.171797, 532.0], [12.482696, 22.423826, 548.0], [12.109693, 23.68714, 565.0], [11.785009, 24.848198, 581.0], [11.504657, 25.971241, 598.0], [11.176925, 26.952288, 615.0]"}