{"Image number":342,"Image shape":4,"Path":"[9.248374, 18.061033, 0.0], [9.19996, 17.770447, 45.0], [9.175553, 17.613794, 58.0], [9.175553, 17.406555, 73.0], [9.21271, 17.10881, 87.0], [9.259449, 16.734026, 101.0], [9.324181, 16.373644, 115.0], [9.44273, 15.98444, 129.0], [9.577692, 15.54246, 143.0], [9.759058, 15.136014, 157.0], [9.975119, 14.713821, 173.0], [10.182971, 14.314261, 185.0], [10.44576, 13.9508295, 198.0], [10.672627, 13.67794, 212.0], [10.8968115, 13.514796, 227.0], [11.159908, 13.358877, 239.0], [11.3509445, 13.257859, 254.0], [11.531782, 13.167412, 268.0], [11.711346, 13.128989, 282.0], [11.8934, 13.143958, 296.0], [12.105801, 13.176573, 310.0], [12.290416, 13.180381, 324.0], [12.470365, 13.230367, 338.0], [12.65005, 13.238881, 357.0], [12.827239, 13.283194, 369.0], [13.05916, 13.28965, 394.0], [13.210548, 13.216804, 423.0], [8.775032, 17.223307, 0.0], [9.006847, 16.962431, 94.0], [9.249987, 16.785265, 106.0], [9.531394, 16.50312, 120.0], [9.80152, 16.213533, 134.0], [10.072557, 15.840939, 147.0], [10.342569, 15.3990555, 162.0], [10.611661, 14.950424, 175.0], [10.828896, 14.390388, 189.0], [11.056375, 13.817632, 203.0], [11.24676, 13.265875, 217.0], [11.381819, 12.729685, 234.0], [11.499676, 12.330946, 247.0], [11.592838, 11.983469, 261.0], [11.649231, 11.700638, 274.0], [11.70277, 11.423905, 303.0], [11.651495, 11.609976, 372.0], [11.615085, 11.960076, 400.0], [11.566178, 12.18662, 414.0], [11.578673, 12.375898, 428.0], [11.608693, 12.572041, 442.0], [11.653975, 12.792136, 456.0], [11.820725, 13.074701, 483.0], [12.128612, 13.217747, 511.0], [12.354582, 13.308733, 525.0], [12.634591, 13.28965, 540.0], [12.871493, 13.22587, 554.0], [13.142024, 13.216804, 567.0], [13.459266, 13.216804, 583.0], [13.735948, 13.216804, 598.0], [14.0271015, 13.216804, 610.0], [14.299294, 13.216804, 624.0], [14.568509, 13.216804, 638.0], [14.841196, 13.216804, 652.0], [15.051664, 13.192159, 665.0], [15.277219, 13.147033, 679.0], [15.46162, 13.101686, 693.0], [15.626718, 13.042541, 710.0], [15.897939, 12.725071, 736.0], [16.032078, 12.5059805, 762.0], [16.305481, 11.933156, 777.0], [16.44047, 11.58742, 791.0], [16.53654, 11.2260475, 805.0], [16.626717, 10.817121, 821.0], [16.753548, 10.332729, 834.0], [16.843962, 9.893839, 847.0], [16.934649, 9.485615, 863.0], [17.070786, 9.129015, 876.0], [17.187809, 8.784946, 890.0], [17.306396, 8.495841, 903.0], [17.36845, 8.224243, 916.0], [17.45968, 7.9976363, 932.0], [17.513037, 7.754626, 946.0], [17.550064, 7.5734243, 959.0], [17.586475, 7.330288, 987.0], [17.448174, 7.525062, 1031.0], [17.354435, 7.794128, 1043.0], [17.21386, 8.164594, 1061.0], [17.0536, 8.58852, 1073.0], [16.87425, 9.024613, 1087.0], [16.6918, 9.564144, 1099.0], [16.510279, 10.007683, 1114.0], [16.34345, 10.540941, 1126.0], [16.180885, 11.019724, 1141.0], [16.04542, 11.511782, 1154.0], [15.90973, 12.009474, 1168.0], [15.893368, 12.36087, 1182.0], [15.911574, 12.706573, 1196.0], [15.950627, 12.977703, 1210.0], [16.090286, 13.199093, 1224.0], [16.246521, 13.406169, 1239.0], [16.455591, 13.55789, 1252.0], [16.757828, 13.656394, 1266.0], [17.074606, 13.746931, 1281.0], [17.352875, 13.818217, 1295.0], [17.69782, 13.891152, 1309.0], [18.023079, 13.908836, 1323.0], [18.336338, 13.908836, 1337.0], [18.582172, 13.908836, 1359.0], [18.964931, 13.908836, 1384.0], [19.130491, 13.908836, 1396.0], [19.286457, 13.872414, 1421.0], [19.093353, 13.835991, 1492.0], [18.711517, 13.799568, 1522.0], [18.417604, 13.777852, 1537.0], [18.099653, 13.732414, 1550.0], [17.782663, 13.64751, 1560.0], [17.468119, 13.605744, 1573.0], [17.148853, 13.617455, 1587.0], [16.861776, 13.647221, 1602.0], [16.62881, 13.731116, 1615.0], [16.403145, 13.916102, 1631.0], [16.233955, 14.13535, 1645.0], [16.138012, 14.435773, 1658.0], [16.05554, 14.789689, 1674.0], [16.011597, 15.148066, 1689.0], [15.911682, 15.565581, 1699.0], [15.920814, 15.974589, 1712.0], [15.911574, 16.417236, 1727.0], [15.866623, 16.916615, 1740.0], [15.875161, 17.355291, 1754.0], [15.875161, 17.808393, 1771.0], [15.840551, 18.261574, 1784.0], [15.83217, 18.709646, 1802.0], [15.7717495, 19.176332, 1812.0], [15.705069, 19.653254, 1825.0], [15.626591, 20.13887, 1839.0], [15.49403, 20.636646, 1852.0], [15.46091, 21.125963, 1866.0], [15.355715, 21.592743, 1881.0], [15.265341, 22.05812, 1896.0], [15.175212, 22.508911, 1910.0], [15.085142, 23.008535, 1923.0], [14.994593, 23.405598, 1937.0], [14.928479, 23.670135, 1951.0]"}