{"Image number":35564,"Image shape":6,"Path":"[14.0232935, 5.493235, 0.0], [13.790349, 5.772962, 36.0], [12.89327, 6.859648, 53.0], [11.584341, 8.780633, 70.0], [10.279644, 11.211732, 86.0], [9.452229, 13.667675, 103.0], [9.081111, 16.147701, 119.0], [8.943293, 18.342236, 136.0], [9.274224, 20.196108, 152.0], [10.025976, 21.500639, 169.0], [11.335574, 22.238482, 185.0], [13.015122, 22.183136, 202.0], [15.070856, 21.335169, 219.0], [17.15744, 19.702812, 235.0], [18.986446, 17.775215, 252.0], [20.040928, 15.782194, 268.0], [20.455538, 14.24715, 285.0], [20.265062, 12.991403, 301.0], [19.61287, 12.392135, 318.0], [18.444723, 12.065548, 334.0], [16.84187, 12.397977, 351.0], [15.022551, 13.102373, 367.0], [13.133172, 14.307759, 384.0], [11.343249, 15.722596, 401.0], [10.200216, 17.151972, 417.0], [9.614812, 18.472845, 434.0], [9.546489, 19.236082, 450.0]"}