{"Image number":15106,"Image shape":7,"Path":"[10.1171875, 9.414351, 0.0], [11.2530575, 9.414351, 126.0], [11.784256, 9.393103, 144.0], [12.272975, 9.31713, 159.0], [12.667703, 9.31713, 176.0], [13.014121, 9.31713, 193.0], [13.228866, 9.31713, 209.0], [13.372337, 9.464069, 226.0], [13.453125, 9.909061, 260.0], [13.381607, 10.409038, 276.0], [13.256805, 11.152326, 293.0], [13.096462, 11.973865, 309.0], [12.983502, 12.899723, 326.0], [12.884259, 13.898145, 343.0], [12.774493, 14.867712, 360.0], [12.688679, 15.772976, 376.0], [12.575037, 16.6335, 393.0], [12.456648, 17.375412, 410.0], [12.367371, 18.0731, 426.0], [12.227037, 18.72432, 442.0], [12.110606, 19.296675, 459.0], [11.956581, 19.839565, 476.0], [11.778664, 20.423544, 493.0], [11.629102, 20.9897, 509.0], [11.51597, 21.432114, 526.0], [11.371559, 21.866953, 544.0], [11.283023, 22.2256, 560.0], [11.233541, 22.353336, 576.0], [11.197319, 22.514952, 595.0], [11.351019, 22.38754, 627.0], [11.6355095, 21.881779, 642.0], [12.021336, 21.041164, 658.0], [12.366717, 20.117079, 675.0], [12.703776, 19.117476, 692.0], [12.961281, 18.16298, 709.0], [13.229559, 17.273886, 725.0], [13.451967, 16.612917, 742.0], [13.638521, 16.04683, 759.0], [13.739577, 15.664386, 776.0], [13.79027, 15.458668, 792.0], [13.8359375, 15.285308, 809.0], [13.8359375, 15.174768, 826.0], [13.644968, 15.150463, 859.0], [13.190493, 15.322302, 877.0], [12.55674, 15.6248455, 892.0], [11.880083, 15.867708, 909.0], [11.381223, 16.107767, 926.0], [10.9921875, 16.244213, 943.0], [10.794182, 16.29869, 959.0], [10.676214, 16.31713, 976.0], [10.828125, 16.219908, 1009.0], [11.479906, 15.833857, 1026.0], [12.295754, 15.446098, 1043.0], [13.1301775, 15.09225, 1059.0], [13.932568, 14.813423, 1075.0], [14.80104, 14.544815, 1092.0], [15.811568, 14.197328, 1109.0], [17.003187, 13.885315, 1126.0], [18.15959, 13.478525, 1144.0], [19.187025, 13.085065, 1160.0], [20.34659, 12.54716, 1176.0], [21.51681, 11.930866, 1193.0], [22.805891, 11.295686, 1210.0], [24.0625, 10.62963, 1226.0], [25.191544, 9.969846, 1242.0], [25.457031, 9.851851, 1258.0]"}