{"Image number":30020,"Image shape":5,"Path":"[20.077671, 7.7228603, 0.0], [19.861502, 7.6451416, 51.0], [19.492132, 7.582365, 86.0], [19.15313, 7.5145254, 105.0], [18.751892, 7.410192, 122.0], [18.187777, 7.323494, 139.0], [17.690817, 7.2954173, 157.0], [17.144747, 7.2565565, 175.0], [16.536345, 7.1788406, 193.0], [15.862334, 7.1788406, 211.0], [14.972225, 7.093531, 229.0], [14.010185, 7.0705214, 246.0], [13.163447, 7.0622654, 264.0], [12.223043, 7.023406, 282.0], [11.382652, 6.9845476, 299.0], [10.676535, 6.9648104, 318.0], [10.16387, 6.9456887, 335.0], [9.811533, 6.906831, 353.0], [9.545288, 6.906831, 370.0], [9.284636, 6.8679714, 406.0], [9.103344, 6.8679714, 441.0], [8.880929, 7.2545433, 477.0], [8.698376, 7.6984806, 495.0], [8.581534, 8.38841, 512.0], [8.528792, 9.040865, 530.0], [8.450989, 9.807412, 548.0], [8.230607, 10.661293, 566.0], [8.233009, 11.411083, 584.0], [8.233009, 12.091648, 601.0], [8.233009, 12.620565, 619.0], [8.233009, 13.007946, 637.0], [8.28969, 13.330052, 655.0], [8.271845, 13.529937, 672.0], [8.292061, 13.786388, 708.0], [8.495403, 13.862508, 743.0], [8.773495, 13.862508, 761.0], [9.278341, 13.814339, 779.0], [9.840771, 13.635186, 797.0], [10.446603, 13.512778, 814.0], [11.529174, 13.151382, 832.0], [12.338072, 12.855709, 850.0], [13.249474, 12.672615, 868.0], [14.008038, 12.515128, 886.0], [14.533293, 12.423614, 903.0], [14.989535, 12.424741, 921.0], [15.50515, 12.424741, 939.0], [16.107784, 12.508487, 956.0], [16.664326, 12.669159, 975.0], [17.185036, 12.864541, 992.0], [17.539127, 12.978592, 1010.0], [17.9043, 13.140573, 1028.0], [18.229727, 13.335945, 1045.0], [18.641594, 13.655808, 1063.0], [18.92857, 13.989314, 1081.0], [19.184465, 14.367668, 1099.0], [19.443928, 14.636112, 1116.0], [19.712204, 14.9305935, 1134.0], [19.904602, 15.190453, 1152.0], [20.02121, 15.459294, 1170.0], [20.224823, 15.791781, 1187.0], [20.372375, 16.19871, 1205.0], [20.487972, 16.5598, 1223.0], [20.619577, 16.851048, 1241.0], [20.724285, 17.26466, 1258.0], [20.8417, 17.619522, 1276.0], [20.932629, 18.061293, 1294.0], [21.075539, 18.475657, 1312.0], [21.126213, 18.813753, 1330.0], [21.16505, 19.241095, 1348.0], [21.16505, 19.63339, 1365.0], [21.16505, 20.024508, 1383.0], [21.16505, 20.413582, 1400.0], [21.094986, 20.811365, 1418.0], [20.972137, 21.145327, 1436.0], [20.750338, 21.596064, 1454.0], [20.422031, 21.950241, 1472.0], [20.097088, 22.21709, 1489.0], [19.699268, 22.464695, 1508.0], [19.43725, 22.671522, 1525.0], [19.210577, 22.867805, 1543.0], [18.998117, 23.064152, 1560.0], [18.80263, 23.18421, 1578.0], [18.542969, 23.37853, 1596.0], [18.230507, 23.52374, 1614.0], [17.825281, 23.693703, 1631.0], [17.433157, 23.759104, 1649.0], [17.044334, 23.771433, 1667.0], [16.535084, 23.771433, 1685.0], [16.10309, 23.771433, 1702.0], [15.710753, 23.771433, 1720.0], [15.363405, 23.771433, 1738.0], [15.065165, 23.741589, 1756.0], [14.806273, 23.676826, 1774.0], [14.542606, 23.61087, 1792.0], [14.210853, 23.467789, 1809.0], [13.826114, 23.402424, 1827.0], [13.472301, 23.259226, 1845.0], [13.193755, 23.200043, 1862.0], [12.873788, 23.130268, 1880.0], [12.654468, 23.024204, 1898.0], [12.402164, 22.923456, 1916.0], [12.164051, 22.79283, 1933.0], [11.91968, 22.711876, 1951.0], [11.693994, 22.493778, 1969.0], [11.428768, 22.239689, 1987.0], [11.167766, 21.981121, 2004.0], [10.912155, 21.672491, 2022.0], [10.716031, 21.279654, 2040.0], [10.521817, 20.83836, 2058.0], [10.444836, 20.29888, 2075.0], [10.407767, 19.87283, 2093.0], [10.352764, 19.422602, 2111.0], [10.252428, 18.932428, 2129.0], [10.252428, 18.775238, 2147.0], [10.252428, 18.587515, 2164.0], [10.323491, 18.241102, 2200.0]"}