{"Image number":339,"Image shape":2,"Path":"[12.379713, 6.5150156, 0.0], [12.590332, 6.3043284, 57.0], [12.834597, 6.1691513, 70.0], [13.117006, 6.0051126, 85.0], [13.506241, 5.823965, 95.0], [13.961174, 5.551262, 109.0], [14.464027, 5.3892975, 123.0], [15.029795, 5.25975, 137.0], [15.603134, 5.170013, 151.0], [16.150047, 5.1232114, 165.0], [16.736063, 5.13095, 181.0], [17.3048, 5.1924567, 193.0], [17.848785, 5.2378035, 206.0], [18.390564, 5.325714, 220.0], [18.826847, 5.517992, 234.0], [19.195946, 5.7702637, 248.0], [19.492224, 6.151152, 262.0], [19.679382, 6.6359577, 277.0], [19.805647, 7.1151085, 291.0], [19.843952, 7.7734456, 304.0], [19.812918, 8.4375925, 318.0], [19.728136, 9.113993, 333.0], [19.54366, 9.829103, 347.0], [19.303701, 10.560868, 361.0], [19.048454, 11.28375, 376.0], [18.741917, 11.96282, 392.0], [18.454561, 12.62594, 410.0], [18.110622, 13.242095, 418.0], [17.763212, 13.835529, 430.0], [17.440193, 14.383429, 444.0], [17.07577, 14.884455, 458.0], [16.661451, 15.379738, 472.0], [16.291418, 15.81366, 487.0], [15.882905, 16.196587, 500.0], [15.481995, 16.509369, 514.0], [15.070988, 16.829144, 528.0], [14.602669, 17.181921, 542.0], [14.185149, 17.464064, 557.0], [13.740037, 17.732637, 571.0], [13.288726, 17.952393, 584.0], [12.894593, 18.216017, 598.0], [12.455442, 18.474506, 612.0], [11.961832, 18.704666, 626.0], [11.569318, 18.928238, 640.0], [11.125392, 19.118282, 655.0], [10.664873, 19.370865, 675.0], [10.244089, 19.564941, 682.0], [9.788172, 19.842285, 696.0], [9.390686, 19.985197, 710.0], [8.951933, 20.153244, 723.0], [8.578316, 20.326578, 739.0], [8.174131, 20.41235, 752.0], [7.801199, 20.466923, 766.0], [7.449492, 20.501358, 779.0], [7.1336956, 20.501358, 793.0], [6.817403, 20.45575, 808.0], [6.5589185, 20.357317, 822.0], [6.2861967, 20.041395, 835.0], [6.084809, 19.708427, 850.0], [5.906172, 19.351036, 863.0], [5.830332, 18.937597, 877.0], [5.764626, 18.53059, 891.0], [5.752926, 18.120182, 905.0], [5.836922, 17.76136, 919.0], [5.927394, 17.450197, 933.0], [6.137347, 17.096693, 947.0], [6.3836927, 16.84319, 961.0], [6.6540213, 16.576876, 976.0], [7.0226965, 16.356598, 989.0], [7.405822, 16.188974, 1004.0], [7.811509, 16.00861, 1022.0], [8.218404, 15.867014, 1032.0], [8.671203, 15.731996, 1045.0], [9.125159, 15.6117325, 1060.0], [9.606044, 15.489431, 1073.0], [10.104035, 15.398859, 1088.0], [10.5961895, 15.309347, 1101.0], [11.074102, 15.201327, 1116.0], [11.525456, 15.156177, 1129.0], [11.980508, 15.147211, 1143.0], [12.423536, 15.191661, 1157.0], [12.827427, 15.254828, 1172.0], [13.208023, 15.345251, 1186.0], [13.606337, 15.471233, 1199.0], [13.96306, 15.561389, 1213.0], [14.326561, 15.756722, 1228.0], [14.664513, 15.938113, 1241.0], [14.98217, 16.187067, 1255.0], [15.296265, 16.414227, 1268.0], [15.597331, 16.639618, 1285.0], [15.914946, 16.888926, 1304.0], [16.240185, 17.187798, 1314.0], [16.558514, 17.465815, 1325.0], [16.878393, 17.740086, 1338.0], [17.191128, 17.99336, 1353.0], [17.507568, 18.279552, 1367.0], [17.826387, 18.552916, 1381.0], [18.137886, 18.77242, 1395.0], [18.433834, 19.110643, 1409.0], [18.677568, 19.428795, 1422.0], [18.897636, 19.736994, 1437.0], [19.1723, 20.05745, 1450.0], [19.444523, 20.338724, 1465.0], [19.688934, 20.655771, 1478.0], [19.879566, 20.97346, 1492.0], [20.05827, 21.241796, 1507.0]"}