{"Image number":504,"Image shape":5,"Path":"[21.446033, 6.6607065, 0.0], [21.518856, 6.4982343, 45.0], [21.34229, 6.4057474, 101.0], [21.10611, 6.430047, 115.0], [20.879822, 6.47532, 128.0], [20.61172, 6.5625334, 144.0], [20.281567, 6.601434, 159.0], [19.894026, 6.6470466, 171.0], [19.51682, 6.6607065, 184.0], [19.115683, 6.7011814, 198.0], [18.663603, 6.6971292, 212.0], [18.208845, 6.675615, 226.0], [17.728731, 6.6607065, 240.0], [17.271284, 6.6218925, 254.0], [16.83297, 6.5780463, 271.0], [16.445524, 6.533893, 282.0], [16.018686, 6.3928986, 295.0], [15.610916, 6.2943964, 309.0], [15.255526, 6.1596484, 323.0], [14.892068, 6.0233073, 337.0], [14.556479, 5.923665, 351.0], [14.207573, 5.789303, 365.0], [13.893138, 5.698782, 381.0], [13.541709, 5.572325, 396.0], [13.196133, 5.4808116, 407.0], [12.868703, 5.3903823, 422.0], [12.51031, 5.300196, 436.0], [12.2063, 5.261414, 450.0], [11.845546, 5.215917, 463.0], [11.529667, 5.203796, 477.0], [11.213955, 5.1620827, 490.0], [10.949857, 5.167373, 507.0], [10.642943, 5.18983, 519.0], [10.3722105, 5.234965, 533.0], [10.144318, 5.2795086, 548.0], [9.870647, 5.372673, 564.0], [9.693333, 5.4628286, 582.0], [9.525221, 5.582469, 589.0], [9.251583, 5.951183, 617.0], [9.117115, 6.2312775, 631.0], [9.010596, 6.528, 646.0], [8.919836, 6.8826027, 661.0], [8.829597, 7.2436748, 672.0], [8.793903, 7.6023703, 686.0], [8.71171, 8.00518, 701.0], [8.631117, 8.365662, 715.0], [8.629389, 8.729192, 729.0], [8.592978, 9.051308, 744.0], [8.618141, 9.361329, 758.0], [8.629389, 9.668713, 773.0], [8.708437, 9.982355, 791.0], [8.768122, 10.267491, 805.0], [8.882653, 10.518295, 817.0], [9.050897, 10.757193, 827.0], [9.231352, 10.982838, 841.0], [9.463095, 11.209806, 854.0], [9.747997, 11.376769, 868.0], [10.050544, 11.557611, 882.0], [10.407135, 11.738486, 897.0], [10.766302, 11.918127, 912.0], [11.091912, 12.099198, 925.0], [11.452231, 12.279417, 938.0], [11.81288, 12.459799, 951.0], [12.224665, 12.641999, 966.0], [12.606681, 12.80113, 981.0], [12.999534, 12.966262, 995.0], [13.370881, 13.110563, 1011.0], [13.729016, 13.290699, 1023.0], [14.069565, 13.487648, 1038.0], [14.41795, 13.689912, 1050.0], [14.777207, 13.869599, 1064.0], [15.136051, 14.049078, 1078.0], [15.501695, 14.231961, 1092.0], [15.851633, 14.401631, 1106.0], [16.223583, 14.593022, 1120.0], [16.630713, 14.774898, 1134.0], [16.975142, 14.899673, 1149.0], [17.378704, 15.0615015, 1162.0], [17.774487, 15.209901, 1176.0], [18.141024, 15.3461275, 1189.0], [18.499546, 15.430186, 1204.0], [18.86068, 15.5205, 1218.0], [19.252878, 15.610724, 1232.0], [19.574926, 15.66031, 1246.0], [19.93729, 15.705224, 1259.0], [20.268202, 15.751153, 1274.0], [20.57079, 15.826642, 1287.0], [20.880342, 15.878078, 1301.0], [21.144197, 15.969277, 1315.0], [21.34228, 16.06052, 1330.0], [21.55054, 16.150589, 1343.0], [21.703533, 16.241642, 1358.0], [21.919374, 16.513063, 1385.0], [21.990944, 16.781225, 1414.0], [21.903334, 17.105383, 1444.0], [21.796299, 17.337706, 1465.0], [21.669577, 17.54434, 1475.0], [21.498835, 17.80303, 1488.0], [21.347897, 18.028944, 1501.0], [21.14198, 18.280325, 1511.0], [20.950184, 18.517141, 1525.0], [20.726858, 18.744019, 1539.0], [20.554087, 18.966896, 1554.0], [20.288874, 19.172667, 1567.0], [20.048676, 19.386, 1582.0], [19.826183, 19.568584, 1595.0], [19.549788, 19.799583, 1611.0], [19.277649, 19.968449, 1623.0], [18.97526, 20.149786, 1637.0], [18.664957, 20.32716, 1652.0], [18.346493, 20.461708, 1665.0], [18.030182, 20.653582, 1681.0], [17.684376, 20.83483, 1702.0], [17.323362, 21.015394, 1712.0], [16.916363, 21.195885, 1721.0], [16.54955, 21.375154, 1735.0], [16.138796, 21.530415, 1749.0], [15.730741, 21.63019, 1763.0], [15.327614, 21.764471, 1777.0], [14.904482, 21.882938, 1792.0], [14.47637, 21.973782, 1805.0], [14.068992, 22.064342, 1818.0], [13.623265, 22.153837, 1833.0], [13.175064, 22.243505, 1847.0], [12.780149, 22.298233, 1861.0], [12.374512, 22.35545, 1874.0], [11.970041, 22.400406, 1889.0], [11.55975, 22.39534, 1903.0], [11.177057, 22.431763, 1916.0], [10.782798, 22.431763, 1932.0], [10.380809, 22.431763, 1944.0], [9.978973, 22.383465, 1959.0], [9.565906, 22.337555, 1973.0], [9.158397, 22.29226, 1986.0], [8.753849, 22.247297, 2001.0], [8.348396, 22.20223, 2014.0], [7.977155, 22.120499, 2030.0], [7.5970864, 22.046125, 2042.0], [7.2401447, 21.956858, 2056.0], [6.923645, 21.8662, 2070.0], [6.6253057, 21.70232, 2085.0], [6.3801513, 21.520504, 2098.0], [6.191352, 21.340576, 2112.0], [6.0267487, 21.01424, 2140.0], [6.096012, 20.8348, 2154.0], [6.221573, 20.688166, 2168.0], [6.441956, 20.467712, 2182.0], [6.7202725, 20.241312, 2196.0], [7.015937, 19.97875, 2211.0], [7.3338118, 19.751625, 2224.0], [7.6841354, 19.48955, 2238.0], [8.047687, 19.26699, 2251.0], [8.330532, 19.061632, 2266.0], [8.635298, 18.879766, 2280.0], [8.945642, 18.78235, 2294.0]"}