{"Image number":30801,"Image shape":7,"Path":"[9.320389, 13.745932, 0.0], [9.096475, 13.692195, 136.0], [9.115492, 13.372133, 172.0], [9.23705, 13.096681, 190.0], [9.572979, 12.548828, 207.0], [9.967613, 12.0275545, 225.0], [10.521775, 11.064816, 243.0], [10.699905, 10.718289, 260.0], [10.818194, 10.446017, 278.0], [10.950922, 10.230038, 296.0], [11.12707, 9.995226, 314.0], [11.356458, 9.760153, 331.0], [11.578255, 9.48684, 349.0], [11.839741, 9.33795, 367.0], [12.101588, 9.129229, 385.0], [12.362521, 8.976002, 402.0], [12.622697, 8.878565, 420.0], [13.113816, 8.736725, 438.0], [13.697595, 8.567271, 456.0], [14.077835, 8.538888, 474.0], [14.643591, 8.57815, 491.0], [14.977664, 8.601549, 509.0], [15.394569, 8.616607, 527.0], [15.899343, 8.698286, 545.0], [16.392702, 8.694323, 562.0], [16.848156, 8.694323, 580.0], [17.18758, 8.694323, 598.0], [17.441055, 8.694323, 616.0], [17.645576, 8.694323, 633.0], [17.92776, 8.694323, 669.0], [18.104656, 8.694323, 704.0], [18.299591, 8.694323, 758.0], [18.498207, 8.694323, 864.0], [18.640778, 8.904236, 971.0], [18.640778, 9.089378, 989.0], [18.640778, 9.38813, 1006.0], [18.640778, 9.7142725, 1024.0], [18.557585, 10.126395, 1042.0], [18.421883, 10.587813, 1060.0], [18.291292, 11.045161, 1078.0], [18.029793, 11.633933, 1095.0], [17.769249, 12.2205105, 1113.0], [17.471062, 12.804404, 1131.0], [17.206724, 13.399523, 1149.0], [16.947918, 13.943336, 1166.0], [16.746502, 14.582085, 1184.0], [16.551762, 15.24745, 1202.0], [16.432438, 15.934593, 1220.0], [16.277092, 16.702337, 1237.0], [16.028193, 17.610771, 1255.0], [15.767864, 18.483608, 1273.0], [15.507641, 19.356087, 1290.0], [15.245707, 20.115368, 1308.0], [15.025553, 20.831299, 1326.0], [14.829243, 21.44601, 1344.0], [14.579315, 22.098831, 1362.0], [14.439857, 22.837095, 1379.0], [14.30952, 23.45607, 1397.0], [14.178671, 24.045252, 1415.0], [14.047069, 24.554512, 1433.0], [14.026772, 25.002262, 1450.0], [14.019418, 25.402933, 1468.0], [13.980583, 25.788956, 1486.0], [13.980583, 26.107462, 1504.0], [13.980583, 26.364258, 1522.0]"}