{"Image number":37200,"Image shape":1,"Path":"[15.048253, 4.654056, 0.0], [15.048253, 5.307308, 184.0], [15.048253, 6.481909, 201.0], [15.001576, 7.4998355, 217.0], [14.954368, 8.53917, 234.0], [14.955075, 9.366831, 250.0], [14.908348, 10.157681, 267.0], [14.908485, 11.094504, 283.0], [14.908485, 11.976434, 300.0], [14.861792, 12.861365, 316.0], [14.861896, 13.703417, 333.0], [14.814852, 14.498868, 349.0], [14.815308, 15.286091, 366.0], [14.815308, 15.941383, 382.0], [14.815308, 16.546564, 399.0], [14.815308, 16.965258, 416.0], [14.768709, 17.801281, 449.0], [14.768718, 18.364279, 465.0], [14.721975, 18.781641, 482.0], [14.580505, 19.347141, 498.0], [14.442195, 20.04103, 515.0], [14.301554, 20.791769, 531.0], [14.208696, 21.585629, 548.0], [14.1154585, 22.237316, 564.0], [14.069345, 22.984783, 581.0], [13.971377, 23.666183, 598.0], [13.927522, 24.0718, 614.0]"}