{"Image number":35442,"Image shape":4,"Path":"[7.733777, 11.41412, 0.0], [7.6871877, 11.83371, 35.0], [7.5929375, 12.635392, 52.0], [7.5470953, 13.799936, 69.0], [7.8298044, 14.733725, 85.0], [8.44152, 15.33921, 102.0], [9.563775, 15.613281, 118.0], [10.926646, 15.657501, 135.0], [12.515614, 15.609147, 151.0], [14.080883, 15.469188, 168.0], [15.539132, 15.04331, 184.0], [16.827765, 14.534147, 201.0], [17.991508, 13.692686, 218.0], [19.850561, 11.408657, 251.0], [20.314096, 10.245378, 267.0], [20.545755, 9.035908, 300.0], [20.452578, 9.409411, 333.0], [20.217781, 10.208272, 350.0], [19.704945, 13.247821, 383.0], [19.566315, 15.111479, 400.0], [19.708096, 16.83377, 416.0], [19.89578, 18.42661, 433.0], [20.175283, 20.0051, 449.0], [20.503876, 21.647705, 466.0]"}