{"Image number":35358,"Image shape":9,"Path":"[13.044924, 6.9851117, 0.0], [12.7188015, 7.171596, 36.0], [11.922178, 7.7811995, 52.0], [10.699629, 8.911215, 69.0], [9.630265, 10.501906, 85.0], [8.937499, 12.178293, 102.0], [8.570899, 13.79828, 119.0], [8.619494, 15.206243, 135.0], [8.993601, 16.361967, 152.0], [9.839161, 17.156914, 168.0], [11.01291, 17.57456, 185.0], [12.587347, 17.568111, 201.0], [14.186411, 17.142334, 218.0], [15.681125, 16.246548, 234.0], [16.879807, 15.035978, 251.0], [17.756062, 13.643016, 267.0], [18.266064, 12.103925, 284.0], [18.497099, 10.660373, 301.0], [18.54258, 9.5456705, 317.0], [18.448345, 8.937301, 334.0], [18.261623, 8.755442, 350.0], [18.122202, 8.944435, 367.0], [18.170328, 10.253785, 400.0], [18.31152, 11.336508, 416.0], [18.591139, 12.589201, 433.0], [19.058987, 13.896467, 449.0], [19.56844, 15.286541, 466.0], [20.082607, 16.689789, 483.0], [20.31428, 18.183588, 499.0], [20.406395, 19.578907, 516.0], [20.265066, 21.124033, 532.0], [19.798319, 22.469173, 549.0], [18.529804, 24.483383, 582.0], [18.002361, 25.15587, 598.0], [17.638607, 25.463394, 615.0]"}