{"Image number":10445,"Image shape":9,"Path":"[19.949999, 8.672222, 0.0], [19.528694, 8.410368, 44.0], [18.856276, 8.332389, 61.0], [17.796316, 8.322223, 78.0], [16.381676, 8.429881, 94.0], [14.1356945, 9.17845, 111.0], [12.225203, 9.971739, 128.0], [10.615378, 10.91745, 145.0], [9.27039, 11.850147, 161.0], [8.407797, 12.761855, 178.0], [8.032014, 13.77177, 194.0], [7.8919454, 14.643461, 211.0], [8.005466, 15.399383, 228.0], [8.679559, 15.777317, 245.0], [9.590252, 15.969194, 261.0], [11.086535, 15.556985, 278.0], [12.614953, 14.996902, 295.0], [14.126298, 14.328436, 312.0], [15.224427, 13.716994, 328.0], [16.21093, 13.07059, 345.0], [17.241636, 12.155583, 362.0], [17.883156, 11.304388, 378.0], [18.395893, 10.532314, 395.0], [18.69525, 10.176704, 412.0], [18.859154, 9.958164, 428.0], [19.025394, 9.791272, 445.0], [19.251902, 9.683333, 478.0], [19.305983, 9.9632435, 495.0], [18.830917, 10.926111, 512.0], [17.888208, 12.367687, 529.0], [16.52953, 14.6161, 545.0], [15.354635, 16.69536, 562.0], [14.684597, 18.084684, 579.0], [13.989465, 19.80167, 595.0], [13.351537, 21.212414, 612.0], [12.815027, 22.506157, 629.0], [12.628565, 23.413519, 645.0], [12.551801, 24.009775, 662.0], [12.561111, 24.235676, 679.0], [12.5222225, 24.483961, 712.0]"}