{"Image number":36558,"Image shape":1,"Path":"[17.144758, 7.4979453, 0.0], [16.578821, 8.53736, 53.0], [15.970984, 10.085088, 69.0], [15.313332, 12.015935, 86.0], [14.899008, 13.832897, 102.0], [14.4817505, 15.547361, 119.0], [14.207074, 17.069456, 135.0], [13.877747, 18.5736, 152.0], [13.320336, 21.506287, 185.0], [13.181766, 22.57903, 201.0], [13.089321, 23.320072, 218.0], [13.042064, 23.698381, 234.0]"}