{"Image number":10825,"Image shape":2,"Path":"[9.722221, 8.516666, 0.0], [9.722221, 8.34255, 17.0], [10.1281185, 7.7232733, 33.0], [11.519136, 6.907818, 50.0], [12.427237, 6.6093097, 67.0], [14.420036, 6.28921, 83.0], [16.272167, 6.34206, 100.0], [17.774418, 6.895229, 117.0], [19.151575, 8.315553, 133.0], [20.064926, 10.372799, 150.0], [20.199139, 12.779973, 167.0], [18.988707, 14.918715, 184.0], [17.374317, 17.22325, 201.0], [15.667395, 18.973696, 217.0], [13.933504, 20.379038, 234.0], [12.056317, 21.42633, 251.0], [10.839852, 21.748697, 267.0], [9.900111, 21.816666, 284.0], [9.365581, 21.26558, 301.0], [9.86857, 19.535345, 317.0], [10.888101, 17.750187, 334.0], [12.795267, 16.13834, 351.0], [14.811983, 15.342836, 368.0], [17.029316, 15.283334, 384.0], [19.234322, 16.364365, 401.0], [21.034628, 17.691116, 418.0], [22.561567, 19.05398, 435.0], [23.23611, 19.891666, 451.0]"}