{"Image number":37450,"Image shape":4,"Path":"[9.178037, 6.8918695, 0.0], [9.037689, 7.1264267, 100.0], [8.757557, 7.9676924, 116.0], [8.522855, 8.861118, 133.0], [8.384524, 9.698135, 150.0], [8.339149, 10.25201, 166.0], [8.3863, 10.858273, 183.0], [8.47975, 11.3705225, 199.0], [8.713665, 11.83675, 216.0], [9.039685, 12.161476, 232.0], [9.460032, 12.347638, 249.0], [10.066683, 12.393431, 265.0], [10.813528, 12.346239, 282.0], [11.704724, 12.157765, 298.0], [13.467267, 11.459389, 331.0], [14.26655, 11.130145, 348.0], [15.008354, 10.805117, 365.0], [15.608817, 10.621101, 381.0], [16.07429, 10.481375, 398.0], [16.306177, 10.388446, 414.0], [16.539696, 10.248294, 447.0], [16.5391, 10.435902, 530.0], [16.491966, 11.048246, 547.0], [16.351082, 11.890319, 563.0], [16.163723, 12.826095, 580.0], [15.977791, 13.614846, 596.0], [15.792908, 14.447959, 613.0], [15.653273, 15.381165, 629.0], [15.512927, 16.270426, 646.0], [15.374108, 17.103497, 662.0], [15.187117, 18.55348, 695.0], [15.141212, 19.109222, 712.0], [15.094593, 19.575294, 728.0], [15.094841, 20.089111, 745.0], [15.142111, 20.51138, 762.0], [15.235992, 20.931065, 778.0], [15.42301, 21.301895, 795.0], [15.609881, 21.723158, 811.0], [15.748135, 22.140123, 828.0], [15.793886, 22.417967, 844.0], [16.311464, 22.885574, 894.0], [16.822441, 22.976852, 911.0], [17.992678, 23.164083, 944.0], [18.59607, 23.209814, 960.0]"}