{"Image number":10714,"Image shape":2,"Path":"[9.955556, 7.233333, 0.0], [9.955556, 7.00084, 37.0], [9.955556, 6.834053, 54.0], [10.012566, 6.6164055, 71.0], [10.098226, 6.2284303, 87.0], [10.305768, 5.745355, 104.0], [10.650737, 5.2937074, 121.0], [11.166641, 4.8861313, 137.0], [11.896786, 4.5624886, 154.0], [12.979608, 4.4843526, 171.0], [13.9883585, 4.5573487, 187.0], [14.788209, 4.78093, 204.0], [15.802526, 5.3777785, 221.0], [16.701157, 6.140596, 238.0], [17.402779, 7.097222, 254.0], [17.863407, 8.475929, 271.0], [18.039272, 9.758631, 288.0], [17.950794, 11.266653, 304.0], [17.646313, 12.674533, 321.0], [17.082525, 14.128765, 338.0], [16.145788, 15.363214, 354.0], [15.082321, 16.456568, 371.0], [14.01997, 17.299204, 388.0], [12.607114, 18.295424, 405.0], [11.351507, 19.119066, 421.0], [10.29535, 19.801247, 438.0], [9.406103, 20.449589, 455.0], [8.647278, 20.932703, 471.0], [8.347744, 21.136415, 488.0], [8.150711, 21.327066, 505.0], [7.991667, 21.544445, 522.0], [8.612324, 21.63285, 555.0], [9.722543, 21.595694, 571.0], [11.122143, 21.541569, 588.0], [12.88617, 21.490276, 605.0], [14.815187, 21.408909, 622.0], [16.602034, 21.301609, 638.0], [18.35709, 21.07995, 655.0], [19.7429, 20.723707, 672.0], [20.92387, 20.438498, 689.0], [21.655909, 20.108158, 705.0], [22.050001, 19.911112, 722.0]"}