{"Image number":35252,"Image shape":1,"Path":"[14.815308, 7.078354, 0.0], [14.862547, 7.8327584, 52.0], [14.909203, 8.818406, 69.0], [14.908485, 10.175217, 86.0], [14.95542, 11.517363, 102.0], [14.907893, 13.159817, 119.0], [14.814253, 14.74218, 135.0], [14.627281, 16.464668, 152.0], [14.346319, 18.004751, 168.0], [14.019914, 19.683453, 185.0], [13.557084, 22.418797, 218.0], [13.45928, 23.251337, 234.0], [13.415378, 23.502558, 251.0]"}