{"Image number":38447,"Image shape":7,"Path":"[6.7554073, 10.854667, 0.0], [7.271167, 10.808046, 70.0], [7.832579, 10.808046, 86.0], [8.670796, 10.901871, 103.0], [9.5599785, 11.04261, 120.0], [10.673781, 11.0879755, 136.0], [11.883193, 11.087772, 153.0], [13.200286, 11.087772, 169.0], [14.451302, 10.993885, 186.0], [15.754763, 10.853844, 202.0], [16.971704, 10.713266, 219.0], [17.998339, 10.572896, 235.0], [18.783592, 10.386519, 252.0], [19.386257, 10.153338, 268.0], [19.805864, 9.919168, 285.0], [20.082823, 9.780901, 302.0], [19.796417, 9.877861, 351.0], [19.191338, 10.344402, 368.0], [18.345257, 11.191838, 384.0], [17.465061, 12.213425, 401.0], [16.672497, 13.287593, 417.0], [15.974089, 14.548441, 434.0], [15.321085, 16.04494, 450.0], [14.71555, 17.679081, 467.0], [14.297172, 19.173355, 483.0], [14.066512, 20.382923, 500.0], [13.975194, 21.312923, 517.0], [13.976706, 22.05269, 533.0], [13.929928, 22.60545, 550.0], [13.883264, 22.978275, 566.0], [13.836939, 22.36142, 632.0], [13.836939, 21.434328, 649.0], [13.977898, 20.262203, 665.0], [14.3515415, 19.146852, 682.0], [14.9135475, 18.16532, 698.0], [15.562419, 17.42632, 715.0], [16.21705, 16.91221, 732.0], [16.778532, 16.585281, 748.0], [17.241993, 16.447983, 765.0], [17.659542, 16.449203, 781.0], [17.939138, 16.449203, 798.0], [18.170456, 16.449203, 814.0], [17.029789, 16.636726, 897.0], [15.644345, 16.776506, 914.0], [13.954258, 17.106268, 930.0], [12.602777, 17.575996, 947.0], [11.34842, 17.994139, 963.0], [10.083065, 18.225763, 980.0], [9.075817, 18.368624, 996.0], [8.490504, 18.36067, 1013.0]"}