{"Image number":38633,"Image shape":6,"Path":"[17.890182, 3.2554207, 0.0], [17.608942, 3.677003, 53.0], [17.139793, 4.240426, 69.0], [16.398657, 5.0277452, 86.0], [15.69252, 6.0644026, 102.0], [14.805608, 7.230989, 119.0], [14.019231, 8.577163, 136.0], [13.229511, 9.925264, 152.0], [11.872438, 12.735044, 185.0], [11.265026, 14.140121, 202.0], [10.712058, 15.243889, 218.0], [10.3866, 16.271372, 235.0], [10.200811, 17.064564, 251.0], [10.155861, 17.668451, 268.0], [10.10914, 18.181637, 284.0], [10.062644, 18.693436, 301.0], [10.063228, 19.111347, 318.0], [10.110316, 19.436459, 334.0], [10.1569, 19.668535, 351.0], [10.531428, 20.228214, 384.0], [11.002944, 20.652254, 400.0], [11.604783, 21.020609, 417.0], [12.40051, 21.206404, 433.0], [14.034865, 21.25118, 466.0], [14.913195, 21.063705, 483.0], [15.850271, 20.6406, 500.0], [16.72995, 19.989096, 516.0], [17.56982, 19.147465, 533.0], [18.223654, 18.39889, 549.0], [18.737446, 17.743565, 566.0], [19.153011, 17.18857, 582.0], [19.569319, 16.63311, 599.0], [19.991346, 16.070015, 615.0], [20.267239, 15.561538, 632.0], [20.407667, 15.04442, 648.0], [20.54748, 14.625804, 665.0], [20.639973, 14.2538595, 682.0], [20.73253, 13.883364, 698.0], [20.825924, 13.556476, 715.0], [20.872328, 13.276269, 731.0], [20.918531, 12.952183, 748.0], [20.918468, 12.718141, 764.0], [20.871607, 12.485049, 781.0], [20.825193, 12.25281, 798.0], [20.73167, 12.065932, 814.0], [20.496187, 11.925163, 830.0], [19.98279, 11.833, 847.0], [19.285728, 11.83371, 863.0], [18.399105, 11.927328, 880.0], [17.563091, 12.113654, 897.0], [16.57768, 12.348452, 913.0], [15.781941, 12.677728, 930.0], [14.945105, 13.0031185, 946.0], [14.255573, 13.465896, 963.0], [13.550132, 13.8423, 979.0], [12.850487, 14.262861, 996.0], [12.20057, 14.681299, 1013.0], [11.638353, 15.151235, 1029.0], [11.176808, 15.4733515, 1046.0], [10.668517, 15.750085, 1062.0], [10.24659, 16.125517, 1079.0], [9.923295, 16.589302, 1095.0], [9.643471, 16.96264, 1112.0], [9.410847, 17.195276, 1128.0], [9.13097, 17.335245, 1161.0]"}