{"Image number":39254,"Image shape":7,"Path":"[6.7554073, 9.083064, 0.0], [7.4592185, 9.083064, 52.0], [8.442651, 9.083064, 69.0], [11.110237, 9.177777, 102.0], [12.604685, 9.365999, 119.0], [14.024575, 9.73609, 135.0], [15.287321, 10.063697, 152.0], [16.267633, 10.297134, 168.0], [16.96184, 10.482615, 185.0], [17.427227, 10.622442, 201.0], [17.660383, 10.857815, 218.0], [17.750786, 11.135498, 234.0], [17.656118, 11.653385, 251.0], [17.376734, 12.489314, 267.0], [16.906336, 13.524128, 284.0], [16.298988, 14.880085, 301.0], [15.883428, 16.36816, 317.0], [15.651687, 18.003279, 334.0], [15.559054, 19.506413, 350.0], [15.513661, 20.751339, 367.0], [15.514143, 21.95483, 383.0], [15.514143, 22.97969, 400.0], [15.514143, 23.821602, 416.0], [15.467397, 24.376677, 433.0], [15.420653, 24.656397, 449.0], [15.516457, 22.721062, 565.0], [15.843384, 21.283987, 582.0], [16.218239, 19.784866, 598.0], [16.683485, 18.723017, 615.0], [17.05762, 18.022993, 631.0], [17.380844, 17.610693, 648.0], [17.613665, 17.378609, 665.0], [16.673119, 17.522701, 781.0], [15.645723, 17.709465, 797.0], [14.392868, 17.848186, 813.0], [13.5054655, 17.84784, 830.0], [12.714501, 17.84784, 846.0], [11.869952, 17.84784, 863.0]"}