{"Image number":39231,"Image shape":3,"Path":"[12.346089, 10.108727, 0.0], [10.995008, 8.476988, 0.0], [11.228588, 8.14937, 64.0], [11.556016, 7.728554, 80.0], [12.026791, 7.1634016, 97.0], [12.631055, 6.748244, 113.0], [13.334314, 6.3737783, 130.0], [14.070758, 6.145659, 147.0], [15.0056925, 6.0522866, 163.0], [15.939747, 6.099626, 180.0], [16.959929, 6.332764, 196.0], [17.76122, 6.8049874, 213.0], [18.26778, 7.551677, 229.0], [18.450277, 8.529001, 246.0], [18.402115, 9.561315, 262.0], [18.073206, 10.679619, 279.0], [17.464954, 11.750962, 295.0], [16.580608, 12.725134, 312.0], [15.641853, 13.427879, 329.0], [14.798371, 13.846895, 345.0], [14.298058, 14.073695, 362.0], [14.491598, 13.69574, 411.0], [15.005784, 13.275592, 428.0], [15.657537, 12.903922, 444.0], [16.262869, 12.671621, 461.0], [16.728558, 12.579028, 477.0], [17.052206, 12.579649, 494.0], [17.331741, 12.673205, 527.0], [17.424599, 12.906611, 611.0], [17.70506, 13.233579, 643.0], [18.21846, 13.606883, 659.0], [18.68667, 13.887727, 676.0], [19.057812, 14.166948, 692.0], [19.195877, 14.399878, 709.0], [19.148003, 15.470795, 742.0], [18.914112, 16.266222, 759.0], [18.492826, 17.154886, 775.0], [17.837582, 17.901335, 792.0], [16.06072, 19.395264, 825.0], [15.131802, 20.09288, 841.0], [14.209212, 20.692013, 858.0], [13.361507, 21.163242, 874.0], [12.568001, 21.441563, 891.0], [11.781353, 21.531574, 907.0], [10.985112, 21.530907, 924.0], [10.142068, 21.341236, 941.0], [9.214419, 20.825974, 957.0], [8.370962, 19.834963, 974.0], [7.4465075, 18.72435, 990.0]"}