{"Image number":38270,"Image shape":4,"Path":"[9.550749, 6.3324165, 0.0], [9.222738, 6.944159, 51.0], [8.944636, 9.0887575, 84.0], [8.991701, 10.249102, 101.0], [9.227157, 11.332527, 117.0], [9.599277, 12.539335, 134.0], [10.070507, 13.480019, 151.0], [10.726217, 14.365843, 167.0], [11.42198, 14.963979, 184.0], [12.075152, 15.429684, 200.0], [12.48796, 15.704668, 217.0], [12.860573, 16.031366, 233.0], [13.186647, 16.451717, 250.0], [13.419064, 16.824455, 266.0], [13.652556, 17.104269, 283.0], [13.885391, 17.336872, 299.0], [14.397844, 17.615652, 332.0], [14.722949, 17.614733, 349.0], [15.099591, 17.567516, 365.0], [15.471524, 17.238289, 382.0], [15.937897, 16.771095, 399.0], [16.454412, 15.969863, 415.0], [16.964706, 14.991905, 432.0], [17.334738, 13.874159, 448.0], [17.704632, 12.903883, 465.0], [18.033733, 11.915591, 481.0], [18.310993, 10.989494, 498.0], [18.496683, 10.011057, 514.0], [18.637094, 9.167383, 531.0], [18.729359, 8.42577, 547.0], [18.82249, 8.008405, 564.0], [18.868927, 7.728805, 581.0], [18.681152, 10.118759, 680.0], [18.307442, 12.171296, 696.0], [17.837786, 14.85059, 713.0], [17.235317, 17.39271, 729.0], [16.767115, 19.73736, 746.0], [16.349083, 21.499758, 763.0], [16.164423, 23.038998, 779.0], [16.072557, 24.196466, 796.0], [16.07321, 25.122313, 812.0], [16.07321, 25.516422, 829.0]"}