{"Image number":36991,"Image shape":9,"Path":"[18.216305, 9.409411, 0.0], [17.745487, 9.127218, 52.0], [17.186707, 8.753619, 68.0], [16.392923, 8.521722, 85.0], [15.695269, 8.241789, 102.0], [14.861515, 8.150598, 118.0], [14.014957, 8.103557, 135.0], [13.222519, 8.292567, 151.0], [12.433006, 8.807389, 168.0], [11.870954, 9.703787, 184.0], [11.550442, 10.820516, 201.0], [11.412318, 12.037467, 217.0], [11.461291, 13.007496, 234.0], [11.791494, 13.708147, 250.0], [12.30852, 14.030648, 267.0], [13.100803, 14.213576, 283.0], [13.946971, 14.163831, 300.0], [14.834794, 13.926531, 317.0], [15.479183, 13.362232, 333.0], [16.032743, 12.712365, 350.0], [16.453955, 11.81674, 366.0], [16.728834, 10.984393, 383.0], [16.819809, 10.050346, 399.0], [16.866035, 9.11348, 416.0], [16.865225, 8.515625, 432.0], [16.865225, 8.195124, 449.0], [16.818262, 8.807066, 499.0], [16.724588, 9.7444515, 515.0], [16.584171, 10.819698, 532.0], [16.492155, 12.16524, 548.0], [16.39774, 13.582611, 565.0], [16.210558, 15.258839, 581.0], [16.07143, 16.84238, 598.0], [15.836794, 18.28897, 614.0], [15.46373, 19.492012, 631.0], [14.993851, 20.712053, 647.0], [14.482023, 21.87354, 664.0], [14.113759, 22.796465, 681.0], [13.834786, 23.35344, 697.0], [13.640257, 23.595154, 714.0]"}