{"Image number":37827,"Image shape":3,"Path":"[9.2712145, 4.700677, 0.0], [9.970909, 4.700677, 52.0], [11.978485, 5.121544, 85.0], [12.960017, 5.825496, 102.0], [13.889748, 6.758231, 118.0], [14.588013, 7.973956, 135.0], [15.004147, 9.371075, 151.0], [15.09519, 10.719867, 168.0], [14.85893, 11.989606, 185.0], [14.348027, 13.00202, 201.0], [13.456335, 13.892939, 218.0], [12.379434, 14.404211, 234.0], [11.307968, 14.681035, 251.0], [10.565751, 14.772087, 267.0], [10.056652, 14.5819645, 284.0], [9.921809, 14.348497, 300.0], [9.875985, 14.018702, 317.0], [9.924042, 13.74169, 333.0], [10.205891, 13.603865, 350.0], [10.766748, 13.464279, 367.0], [11.604535, 13.324942, 383.0], [13.608897, 13.18551, 416.0], [14.5860195, 13.185723, 433.0], [16.54829, 13.279885, 466.0], [17.475332, 13.4194975, 482.0], [19.19935, 14.260869, 516.0], [19.947374, 15.058304, 532.0], [20.733582, 17.342653, 565.0], [20.872358, 18.644869, 582.0], [20.825212, 19.854548, 598.0], [20.683365, 20.941404, 615.0], [20.262167, 21.913343, 631.0], [19.653679, 22.79975, 648.0], [18.769833, 23.446459, 664.0], [17.7926, 24.004347, 681.0], [15.6922, 24.51617, 714.0], [13.556735, 24.37468, 747.0], [12.573488, 24.140371, 764.0], [10.609705, 23.203272, 797.0], [9.681179, 22.36168, 813.0]"}