{"Image number":10174,"Image shape":6,"Path":"[18.550001, 4.7833333, 0.0], [18.04055, 5.253894, 32.0], [17.414358, 6.0253, 49.0], [16.970451, 6.772335, 66.0], [16.355469, 7.889555, 82.0], [15.266139, 9.347534, 99.0], [14.344629, 10.987898, 116.0], [13.556255, 12.476378, 132.0], [12.803445, 13.858928, 149.0], [12.342796, 14.933791, 166.0], [11.958652, 16.133791, 182.0], [11.513146, 17.28563, 199.0], [11.203222, 18.402613, 216.0], [11.165665, 19.216022, 233.0], [11.110574, 20.097483, 249.0], [11.201417, 20.798733, 266.0], [11.383946, 21.28749, 283.0], [11.553491, 21.682217, 300.0], [12.052972, 22.270382, 316.0], [12.646286, 22.619368, 333.0], [12.95, 22.769445, 350.0], [13.581837, 22.934687, 366.0], [14.226631, 23.039139, 382.0], [14.466666, 23.022223, 400.0], [15.209625, 22.87738, 416.0], [15.883468, 22.37511, 433.0], [16.518091, 21.401203, 449.0], [16.861162, 20.717667, 466.0], [17.188889, 19.658333, 483.0], [17.216389, 19.30694, 499.0], [17.277966, 18.597544, 516.0], [17.366127, 18.216507, 534.0], [17.418474, 17.693035, 549.0], [17.474747, 17.23536, 566.0], [17.5, 16.83368, 583.0], [17.5, 16.45568, 600.0], [17.5, 16.085405, 616.0], [17.257988, 15.918504, 633.0], [17.04678, 15.815055, 650.0], [16.547222, 15.769444, 666.0], [15.790091, 15.8613205, 683.0], [15.117764, 15.972039, 700.0], [14.424836, 16.20105, 716.0], [13.879274, 16.430199, 733.0], [13.047222, 16.994444, 750.0], [12.688102, 17.442778, 766.0], [12.088843, 18.235922, 783.0], [11.642352, 19.065296, 800.0], [11.358002, 19.633997, 817.0], [11.201828, 20.356285, 833.0], [11.122222, 20.824999, 850.0]"}