{"Image number":30487,"Image shape":2,"Path":"[7.495146, 12.580176, 0.0], [7.398058, 12.288736, 95.0], [7.7485867, 12.123082, 131.0], [8.269953, 11.89041, 148.0], [8.957206, 11.561942, 166.0], [9.766108, 11.05912, 184.0], [10.235473, 10.755009, 201.0], [10.626504, 10.428953, 220.0], [11.278841, 10.144168, 237.0], [11.851681, 9.919441, 255.0], [12.513032, 9.706078, 272.0], [13.08962, 9.54854, 290.0], [13.825729, 9.444244, 308.0], [14.420679, 9.432635, 326.0], [15.009392, 9.353008, 344.0], [15.754696, 9.259821, 361.0], [16.581247, 9.238342, 379.0], [17.11538, 9.157125, 397.0], [17.520594, 9.132008, 415.0], [17.929142, 9.121766, 433.0], [18.317928, 9.082909, 450.0], [18.717691, 8.951242, 468.0], [18.988214, 8.869705, 486.0], [19.164444, 8.804624, 504.0], [19.39898, 8.79055, 539.0], [19.582611, 8.733181, 610.0], [19.416346, 9.045747, 734.0], [19.286064, 9.295062, 752.0], [19.15642, 9.566482, 770.0], [18.94639, 9.866836, 788.0], [18.777893, 10.2074175, 806.0], [18.540234, 10.465842, 823.0], [18.356571, 10.770314, 841.0], [18.095108, 10.9981785, 858.0], [17.831213, 11.309809, 876.0], [17.404385, 11.641241, 894.0], [17.152992, 11.963804, 912.0], [16.893206, 12.288736, 930.0], [16.631508, 12.669266, 948.0], [16.369661, 13.127774, 965.0], [15.893385, 13.678808, 983.0], [15.34605, 14.244845, 1001.0], [14.899071, 14.834883, 1018.0], [14.504875, 15.358541, 1036.0], [14.164194, 15.796913, 1054.0], [13.833805, 16.293459, 1072.0], [13.447798, 16.760529, 1089.0], [12.958317, 17.294622, 1108.0], [12.548743, 17.89621, 1125.0], [12.194174, 18.370098, 1143.0], [11.955113, 18.82605, 1160.0], [11.802785, 19.231068, 1178.0], [11.541226, 19.622126, 1196.0], [11.334902, 20.065416, 1214.0], [10.982344, 20.55731, 1232.0], [10.719938, 20.962038, 1249.0], [10.460072, 21.287071, 1267.0], [10.283704, 21.53276, 1285.0], [10.022778, 21.786285, 1320.0], [10.204186, 21.940376, 1410.0], [10.503205, 21.99283, 1445.0], [10.817978, 22.057411, 1462.0], [11.225819, 22.061657, 1480.0], [11.68722, 22.061657, 1498.0], [12.330657, 22.024515, 1516.0], [13.112371, 21.961092, 1533.0], [14.049429, 21.840866, 1551.0], [14.6416855, 21.67289, 1569.0], [15.296307, 21.49814, 1587.0], [16.095413, 21.280048, 1605.0], [16.711277, 21.045889, 1622.0], [17.231995, 20.882315, 1640.0], [17.857542, 20.642052, 1658.0], [18.508059, 20.461668, 1676.0], [19.066229, 20.296867, 1693.0], [19.590923, 20.162773, 1711.0], [19.95051, 19.988056, 1729.0], [20.296677, 19.864346, 1747.0], [20.63694, 19.731682, 1765.0], [21.049274, 19.645828, 1782.0], [21.509132, 19.542181, 1800.0], [21.908878, 19.437712, 1818.0], [22.308931, 19.322716, 1836.0], [22.886364, 19.191967, 1853.0], [23.436895, 18.894688, 1871.0], [23.661726, 18.67483, 1889.0], [24.179716, 18.491497, 1906.0], [24.427185, 18.370096, 1920.0]"}