{"Image number":39154,"Image shape":6,"Path":"[18.449251, 4.4675713, 0.0], [17.930252, 4.79629, 52.0], [16.99882, 5.216289, 68.0], [15.738821, 5.917423, 85.0], [14.516474, 7.0495605, 102.0], [13.449381, 8.402478, 118.0], [12.569223, 9.986434, 135.0], [12.012035, 11.812883, 151.0], [11.736273, 13.679682, 168.0], [11.693672, 15.476843, 184.0], [11.930784, 17.177315, 201.0], [12.349237, 18.745543, 217.0], [12.999368, 19.994404, 234.0], [13.7529335, 21.125086, 250.0], [14.541828, 22.003887, 267.0], [15.385671, 22.611355, 283.0], [16.261536, 22.930265, 300.0], [17.24717, 22.92954, 317.0], [18.23325, 22.502686, 333.0], [19.103697, 21.528475, 350.0], [19.807661, 20.117609, 366.0], [20.22091, 18.729383, 383.0], [20.408392, 17.505867, 399.0], [20.359262, 16.492767, 416.0], [20.032717, 15.6552, 432.0], [19.374132, 14.949932, 449.0], [18.34467, 14.391647, 465.0], [17.415985, 14.02158, 482.0], [16.442755, 13.884587, 499.0], [15.546854, 13.88504, 515.0], [14.713249, 13.932157, 532.0], [13.871662, 14.0735035, 548.0], [13.032498, 14.355395, 565.0], [12.383268, 14.824189, 581.0], [11.825677, 15.1957245, 598.0], [11.501461, 15.66526, 615.0], [11.085145, 16.126236, 631.0], [10.806528, 16.78051, 647.0], [10.524433, 17.486588, 664.0], [10.3339615, 18.207209, 680.0], [10.293843, 18.712662, 697.0]"}