{"Image number":35145,"Image shape":8,"Path":"[14.396006, 5.26013, 0.0], [13.552944, 5.7761507, 53.0], [12.518475, 6.623582, 70.0], [11.407612, 7.6908526, 86.0], [10.661707, 8.578759, 103.0], [10.294485, 9.319548, 120.0], [10.57819, 10.767635, 153.0], [12.02373, 11.929134, 186.0], [13.187548, 12.347571, 202.0], [14.44603, 12.814028, 219.0], [15.656536, 13.326698, 235.0], [16.776672, 13.980984, 252.0], [18.547417, 15.522707, 285.0], [18.964224, 16.501648, 302.0], [19.148298, 17.616009, 318.0], [19.148087, 18.788248, 335.0], [18.914616, 19.94842, 352.0], [18.401339, 21.020844, 368.0], [17.65568, 22.045883, 384.0], [16.533392, 22.887203, 401.0], [15.321227, 23.351656, 417.0], [14.064291, 23.489616, 434.0], [12.806732, 23.348549, 450.0], [11.728754, 22.924969, 467.0], [10.756319, 22.273014, 484.0], [10.152807, 21.526476, 500.0], [9.688779, 20.641806, 517.0], [9.549799, 19.612473, 533.0], [9.692261, 18.392153, 550.0], [10.159908, 17.186031, 566.0], [10.813888, 16.067253, 583.0], [11.856241, 15.075575, 599.0], [12.911675, 14.346715, 616.0], [14.122288, 13.695423, 632.0], [15.382468, 13.135502, 649.0], [16.589827, 12.530957, 666.0], [17.706114, 11.878997, 682.0], [18.780186, 11.224705, 699.0], [19.614655, 10.527754, 715.0], [20.221416, 9.920459, 732.0], [20.452763, 9.269029, 748.0], [20.452208, 7.7746954, 781.0], [20.1709, 7.1199718, 798.0], [19.612053, 6.610377, 814.0], [18.819704, 6.191357, 831.0], [17.885883, 5.911536, 848.0], [16.761864, 5.771689, 864.0], [15.650979, 5.8664494, 881.0], [14.530847, 6.100338, 897.0], [13.505736, 6.5410595, 914.0], [12.823804, 6.8614836, 930.0]"}