{"Image number":36926,"Image shape":7,"Path":"[12.7188015, 10.388454, 0.0], [13.614658, 10.388454, 53.0], [14.926877, 10.577569, 69.0], [16.604101, 10.716339, 86.0], [18.19814, 10.809719, 102.0], [19.54356, 10.523607, 119.0], [20.466347, 10.1498375, 136.0], [20.879087, 9.870814, 152.0], [20.681046, 10.399208, 185.0], [20.213993, 11.756833, 202.0], [19.653543, 13.864767, 218.0], [19.039085, 16.230373, 235.0], [18.437649, 18.497673, 251.0], [17.971336, 20.558187, 268.0], [17.745865, 22.168854, 284.0], [17.701393, 23.363392, 301.0], [17.703827, 23.992725, 318.0]"}