{"Image number":10486,"Image shape":8,"Path":"[18.005556, 8.438889, 0.0], [17.256302, 8.784835, 36.0], [16.343815, 9.019756, 53.0], [15.625721, 9.185518, 69.0], [14.465788, 9.496278, 86.0], [13.314374, 10.04559, 103.0], [12.25, 10.986111, 120.0], [11.590236, 12.122183, 136.0], [11.093987, 13.269637, 153.0], [10.650132, 14.629709, 170.0], [10.345042, 15.902807, 186.0], [10.183616, 16.924133, 203.0], [10.188889, 17.5583, 220.0], [10.188889, 18.067516, 237.0], [10.666365, 18.348114, 270.0], [11.257903, 18.069427, 287.0], [11.808891, 17.435553, 303.0], [12.126264, 17.042759, 320.0], [12.453285, 16.553402, 337.0], [12.613617, 16.458424, 353.0], [12.771155, 16.800217, 387.0], [12.826997, 17.813715, 403.0], [12.8810005, 19.024132, 420.0], [12.957038, 20.182976, 437.0], [13.181537, 21.265396, 454.0], [13.508173, 22.13846, 470.0], [13.830541, 22.730993, 487.0], [14.127062, 23.274612, 504.0], [14.397966, 23.818155, 520.0], [14.531456, 24.124022, 537.0], [14.544445, 24.336586, 554.0], [14.497148, 24.570944, 570.0], [13.985081, 24.746576, 604.0], [13.455719, 24.67892, 620.0], [12.881775, 24.447777, 637.0], [12.237564, 24.01208, 654.0], [11.737417, 23.450048, 671.0], [11.227766, 22.640722, 687.0], [10.970744, 21.749031, 704.0], [10.889226, 20.734516, 721.0], [11.106651, 19.366764, 737.0], [11.653596, 17.76075, 754.0], [12.187311, 16.252197, 771.0], [12.736232, 14.546016, 788.0], [13.105469, 13.172543, 804.0], [13.43987, 11.747599, 821.0], [13.51924, 10.651098, 838.0], [13.533333, 9.823427, 854.0], [13.483516, 9.24107, 871.0], [13.389859, 8.622759, 888.0], [13.335438, 7.842676, 904.0], [17.538889, 7.8166666, 0.0], [16.085423, 7.8166666, 42.0], [15.3461075, 7.8166666, 59.0], [14.71994, 7.8870916, 76.0], [13.765472, 8.105184, 93.0], [12.861838, 8.424863, 108.0], [11.919603, 8.916269, 125.0], [11.049396, 9.461489, 142.0], [10.628969, 10.101132, 158.0], [10.410505, 10.774346, 175.0], [10.422222, 11.706363, 192.0], [10.994138, 12.771608, 209.0], [11.840697, 13.917305, 225.0], [13.132478, 14.979929, 242.0], [14.495632, 16.045395, 259.0], [15.866808, 17.254349, 276.0], [16.512205, 18.299011, 292.0], [17.10339, 19.306103, 309.0], [17.52746, 20.21738, 326.0], [17.572794, 21.085789, 342.0], [17.625273, 21.773005, 359.0], [17.566402, 22.264807, 376.0], [17.416193, 22.6474, 392.0], [17.02726, 23.141142, 409.0], [16.71232, 23.459904, 426.0], [16.217712, 23.911417, 442.0], [15.613889, 24.344444, 459.0], [14.755749, 24.521143, 476.0], [13.756835, 24.488651, 493.0], [12.720119, 23.871769, 509.0], [11.84797, 23.126572, 526.0], [11.100979, 22.32808, 543.0], [10.634038, 21.278648, 559.0], [10.3656845, 20.038551, 576.0], [10.327128, 18.739311, 594.0], [10.774159, 17.183079, 609.0], [11.420845, 15.954375, 626.0], [12.063036, 15.135255, 643.0], [12.694646, 14.412603, 660.0], [13.507271, 13.545579, 676.0], [14.307731, 12.598549, 693.0], [14.990639, 11.619598, 710.0], [15.458333, 10.597221, 727.0], [15.696708, 9.557307, 743.0], [15.859371, 8.451068, 760.0], [15.914094, 7.5776277, 777.0], [16.056913, 6.8626356, 793.0], [16.111378, 6.241257, 810.0]"}