{"Image number":38320,"Image shape":7,"Path":"[10.063228, 14.537736, 0.0], [10.063228, 13.688356, 53.0], [10.110846, 12.650246, 69.0], [10.157055, 11.3966, 86.0], [10.203661, 10.373785, 102.0], [10.296837, 9.496336, 119.0], [10.437348, 8.984653, 135.0], [10.577072, 8.70736, 152.0], [10.948563, 8.663544, 202.0], [11.230302, 8.80451, 218.0], [12.165443, 9.225005, 251.0], [12.864051, 9.5048485, 268.0], [13.65937, 9.738345, 284.0], [14.492491, 10.016588, 301.0], [15.431526, 10.298383, 317.0], [16.313416, 10.671242, 334.0], [17.245583, 10.950205, 350.0], [18.036497, 11.276956, 367.0], [18.637547, 11.508109, 384.0], [19.059603, 11.743078, 400.0], [19.33779, 11.882008, 417.0], [19.567465, 12.066895, 450.0], [19.426826, 12.582827, 483.0], [19.194172, 13.233757, 499.0], [18.723799, 14.080507, 516.0], [18.213387, 15.1499195, 532.0], [17.699732, 16.41264, 549.0], [17.330063, 17.851913, 566.0], [16.955437, 19.30459, 582.0], [16.677017, 20.560198, 599.0], [16.442675, 21.686375, 615.0], [16.351768, 22.51874, 632.0], [16.211336, 23.217484, 648.0], [16.119015, 23.726423, 665.0], [16.025452, 24.099758, 681.0]"}