{"Image number":10402,"Image shape":3,"Path":"[4.2777777, 6.7666664, 0.0], [4.5020638, 6.7422485, 35.0], [4.869755, 6.69267, 52.0], [5.5420313, 6.6395016, 69.0], [6.9757032, 6.65, 85.0], [8.840096, 6.65, 102.0], [11.107173, 6.65, 119.0], [13.598111, 6.65, 135.0], [15.622917, 6.7949657, 152.0], [16.975, 6.9416666, 169.0], [18.164465, 7.285358, 186.0], [19.231543, 7.6624975, 202.0], [19.961267, 8.156517, 219.0], [20.542246, 8.681135, 236.0], [20.70506, 8.843949, 252.0], [20.792736, 9.217094, 269.0], [20.805557, 9.667694, 286.0], [20.41034, 10.226605, 303.0], [19.260656, 11.0201645, 319.0], [17.889929, 11.938195, 336.0], [16.237446, 13.065777, 353.0], [14.756985, 14.0390215, 369.0], [13.521822, 14.788167, 386.0], [12.878136, 15.054018, 403.0], [12.366818, 15.217177, 420.0], [11.8806095, 15.263884, 436.0], [11.724999, 15.283334, 486.0], [11.900001, 15.283334, 503.0], [12.400475, 15.283334, 520.0], [13.498019, 15.254435, 536.0], [14.93066, 15.244444, 553.0], [16.660496, 15.244444, 570.0], [18.03635, 15.452827, 586.0], [19.262398, 15.878245, 603.0], [19.911777, 16.436586, 624.0], [20.309189, 17.050182, 637.0], [20.584032, 17.885433, 653.0], [20.721615, 18.320705, 670.0], [20.89492, 19.074608, 687.0], [21.0, 19.949999, 703.0], [20.858002, 20.703394, 720.0], [20.348257, 21.510948, 737.0], [19.509258, 22.335188, 753.0], [18.4203, 23.135403, 770.0], [17.447702, 23.587868, 787.0], [16.156168, 23.90999, 803.0], [14.996062, 23.998863, 820.0], [13.984035, 23.994444, 837.0], [13.061622, 23.928417, 854.0], [11.901983, 23.76695, 870.0], [10.759436, 23.631498, 887.0], [9.896202, 23.534521, 904.0], [9.508333, 23.488888, 921.0]"}