{"Image number":39338,"Image shape":2,"Path":"[6.522462, 8.803335, 0.0], [7.090371, 8.708325, 69.0], [7.7396164, 8.4749, 85.0], [8.486809, 8.147309, 102.0], [10.167642, 7.117874, 135.0], [11.139005, 6.5631037, 152.0], [12.1729765, 5.99884, 168.0], [13.185262, 5.726186, 185.0], [14.216337, 5.5855646, 201.0], [15.008675, 5.6335115, 218.0], [15.704182, 5.7736983, 234.0], [16.215542, 6.0072355, 251.0], [16.634378, 6.5214686, 267.0], [16.81927, 7.2205973, 284.0], [16.912903, 8.161557, 300.0], [16.911814, 9.183327, 317.0], [16.818304, 10.3459835, 334.0], [16.396696, 11.65544, 350.0], [15.880181, 13.016847, 367.0], [15.181556, 14.457859, 383.0], [14.575865, 15.8581295, 400.0], [14.017967, 17.066826, 416.0], [13.416777, 18.54922, 449.0], [13.23016, 18.969267, 466.0], [12.949944, 19.248274, 483.0], [12.111275, 19.993904, 516.0], [11.549117, 20.274618, 532.0], [11.08447, 20.413116, 549.0], [10.617274, 20.459124, 565.0], [10.3416395, 20.458622, 582.0], [10.10956, 20.318243, 631.0], [10.062681, 20.082916, 648.0], [10.109956, 19.805086, 664.0], [10.297765, 19.335732, 681.0], [10.576499, 18.918936, 698.0], [11.747243, 18.45234, 731.0], [13.520436, 18.314049, 764.0], [14.4999275, 18.408314, 780.0], [16.503386, 18.688574, 813.0], [17.521236, 18.780602, 830.0], [18.49726, 18.733572, 846.0], [19.476543, 18.640175, 863.0], [20.967173, 18.593775, 896.0], [21.571447, 18.593775, 913.0], [22.176758, 18.593775, 929.0], [22.831718, 18.593775, 946.0], [23.993385, 18.593775, 979.0], [24.838598, 18.452433, 1012.0]"}