{"Image number":37273,"Image shape":4,"Path":"[9.550749, 10.248591, 0.0], [9.410981, 10.574941, 54.0], [8.941419, 11.326757, 70.0], [8.381352, 12.402123, 87.0], [7.912254, 13.436176, 104.0], [7.6841445, 14.174513, 120.0], [7.592559, 14.874971, 137.0], [7.829349, 15.382186, 153.0], [8.298115, 15.801252, 170.0], [9.140441, 16.126356, 186.0], [10.076896, 16.406685, 203.0], [11.10707, 16.545023, 219.0], [12.078216, 16.636797, 236.0], [13.007963, 16.541481, 252.0], [13.798793, 16.353973, 269.0], [14.453448, 16.024183, 285.0], [15.055658, 15.699274, 302.0], [15.517158, 15.280959, 319.0], [16.122612, 14.299469, 352.0], [16.5458, 13.688875, 368.0], [17.056223, 13.134033, 385.0], [17.98834, 12.155075, 418.0], [18.59595, 11.641356, 434.0], [19.152018, 10.989942, 451.0], [19.617413, 10.383986, 467.0], [19.940588, 9.781471, 484.0], [20.359722, 9.315812, 500.0], [20.734411, 8.987809, 517.0], [20.965475, 8.849706, 533.0], [20.965057, 9.036443, 583.0], [20.636688, 9.458922, 600.0], [20.168837, 10.114622, 616.0], [19.706173, 10.856239, 633.0], [19.006578, 11.555723, 649.0], [18.260988, 12.395312, 666.0], [17.273817, 13.241529, 682.0], [16.5334, 14.124921, 699.0], [15.596308, 15.06159, 716.0], [14.855146, 15.991438, 732.0], [14.069733, 16.91559, 749.0], [13.31123, 17.769491, 765.0], [12.718374, 18.454405, 782.0], [12.105982, 19.019981, 798.0], [11.544406, 19.677351, 815.0], [11.03589, 20.326027, 831.0], [10.662268, 20.888144, 848.0], [10.432095, 21.25734, 864.0], [10.342762, 21.532442, 898.0], [10.579827, 20.86914, 947.0], [11.001738, 20.167673, 964.0], [11.557872, 19.474829, 980.0]"}