{"Image number":37185,"Image shape":8,"Path":"[15.094841, 12.859376, 0.0], [14.813405, 12.15549, 52.0], [14.533693, 11.267671, 68.0], [14.20474, 10.185823, 85.0], [14.115176, 9.303844, 101.0], [14.116471, 8.512127, 118.0], [14.069256, 7.956614, 134.0], [14.069883, 7.6829987, 151.0], [14.117041, 7.309185, 184.0], [14.16336, 7.076854, 201.0], [14.350651, 6.6559854, 217.0], [14.629529, 6.238309, 234.0], [15.003841, 5.7702365, 250.0], [15.377789, 5.4436264, 267.0], [15.654205, 5.259932, 283.0], [16.073898, 5.1667356, 300.0], [16.58946, 5.072959, 316.0], [17.15192, 5.0736456, 333.0], [17.752317, 5.1671796, 349.0], [18.363262, 5.2612367, 366.0], [18.97082, 5.3074503, 383.0], [19.383867, 5.494496, 399.0], [19.663595, 5.6346154, 416.0], [19.987194, 5.959828, 449.0], [20.080688, 6.382736, 465.0], [20.126898, 6.9908767, 482.0], [20.126455, 7.6514454, 500.0], [20.032358, 8.0615425, 515.0], [19.8909, 8.579811, 532.0], [19.705318, 9.041038, 548.0], [19.565691, 9.555494, 565.0], [19.42579, 9.927129, 581.0], [19.145006, 10.3464575, 598.0], [18.770119, 10.767341, 614.0], [18.303242, 11.186637, 631.0], [17.885036, 11.55856, 647.0], [17.5126, 11.742905, 664.0], [17.04608, 12.070669, 680.0], [16.440203, 12.302124, 697.0], [15.879918, 12.63032, 713.0], [15.271013, 12.863295, 730.0], [14.619804, 13.1903, 747.0], [14.021805, 13.466139, 763.0], [13.414883, 13.793283, 780.0], [12.762259, 14.213405, 796.0], [12.157923, 14.585472, 813.0], [11.641391, 15.055903, 829.0], [11.087696, 15.517189, 846.0], [10.524703, 16.080652, 862.0], [10.15054, 16.549782, 879.0], [9.873134, 17.109377, 895.0], [9.595188, 17.618675, 912.0], [9.266879, 18.228863, 929.0], [9.033518, 18.696527, 945.0], [8.802399, 19.206293, 962.0], [8.757915, 19.721708, 978.0], [8.664537, 20.278261, 995.0], [8.665557, 20.742914, 1011.0], [8.665557, 21.206274, 1030.0], [8.71219, 21.577873, 1044.0], [8.80551, 22.044664, 1061.0], [8.992258, 22.464632, 1077.0], [9.276117, 22.747961, 1094.0], [9.55559, 23.075058, 1111.0], [9.835343, 23.354198, 1127.0], [10.11182, 23.630865, 1144.0], [10.484702, 23.722645, 1160.0], [11.097453, 23.769434, 1177.0], [11.648125, 23.815414, 1193.0], [12.264418, 23.815344, 1210.0], [12.918975, 23.815344, 1226.0], [13.623535, 23.767418, 1243.0], [14.458019, 23.531332, 1259.0], [15.098961, 23.254126, 1276.0], [17.657238, 19.572819, 0.0], [17.657238, 19.098524, 54.0], [17.657238, 18.536633, 71.0], [17.657238, 17.839186, 87.0], [17.657238, 17.330908, 104.0], [17.657238, 16.771404, 121.0], [17.56232, 16.205662, 137.0], [17.468695, 15.643514, 154.0], [17.376303, 15.278067, 170.0], [17.04655, 14.762933, 187.0], [16.576231, 14.342733, 203.0], [16.114536, 13.926921, 220.0], [15.83569, 13.552587, 236.0], [15.509572, 13.227771, 253.0], [15.135315, 12.948028, 269.0], [15.048253, 11.83371, 0.0], [14.766019, 10.985889, 86.0], [14.53404, 9.961231, 102.0], [14.396006, 7.959032, 135.0], [14.443335, 7.1590257, 152.0], [14.489873, 6.5565557, 168.0], [14.630096, 6.0954947, 185.0], [14.7690735, 5.8188753, 202.0], [15.141944, 5.5862727, 235.0], [16.124561, 5.5398564, 268.0], [16.869593, 5.5867515, 284.0], [17.52327, 5.7275844, 301.0], [18.222658, 6.0086126, 317.0], [18.77891, 6.2875643, 334.0], [19.245241, 6.61493, 351.0], [19.47663, 6.894775, 367.0], [19.568172, 7.40903, 384.0], [19.614395, 7.828064, 400.0], [19.567142, 8.433549, 417.0], [19.520218, 8.949584, 433.0], [19.28604, 9.460026, 450.0], [18.91498, 9.922443, 466.0], [18.444523, 10.393187, 483.0], [18.024237, 10.86102, 499.0], [17.700684, 11.278299, 516.0], [17.234034, 11.603336, 533.0], [16.721132, 12.023737, 549.0], [16.20896, 12.443075, 566.0], [15.790213, 12.815837, 582.0], [15.373202, 13.186768, 599.0], [14.808782, 13.515881, 615.0], [14.344013, 13.842205, 632.0], [13.973501, 14.167572, 648.0], [13.602133, 14.445889, 665.0], [13.087334, 14.773504, 681.0], [12.621374, 15.147214, 698.0], [12.158562, 15.47098, 714.0], [11.785047, 15.845106, 731.0], [11.410037, 16.267529, 748.0], [10.989528, 16.735022, 764.0], [10.618746, 17.152517, 781.0], [10.3877535, 17.477108, 797.0], [9.968722, 18.177174, 830.0], [9.782968, 18.735817, 847.0], [9.690419, 19.200327, 863.0], [9.643784, 19.667488, 880.0], [9.643927, 20.087337, 896.0], [9.643927, 20.559448, 913.0], [9.738275, 20.929516, 930.0], [10.109562, 21.716883, 963.0], [10.34309, 22.044197, 980.0], [11.000755, 22.559448, 1012.0], [11.419121, 22.745195, 1029.0], [11.787809, 22.789778, 1045.0], [12.537756, 22.836298, 1078.0], [13.14289, 22.69533, 1095.0], [13.705421, 22.507198, 1112.0], [14.267122, 22.224777, 1128.0], [14.872314, 21.898262, 1145.0], [15.433052, 21.618103, 1161.0], [15.799517, 21.245337, 1178.0], [15.983588, 21.013626, 1194.0], [16.216423, 20.592281, 1211.0], [16.543148, 20.12649, 1227.0], [16.871723, 19.799421, 1244.0], [17.149067, 19.569225, 1261.0], [17.425625, 19.102606, 1294.0], [17.47161, 18.822508, 1310.0], [17.518026, 18.402271, 1327.0], [17.470589, 17.938148, 1343.0], [17.376568, 17.421995, 1360.0], [16.954363, 16.582333, 1393.0], [16.675514, 16.211622, 1409.0], [16.39611, 15.885986, 1426.0], [16.211042, 15.607115, 1442.0], [16.07108, 15.184032, 1459.0], [15.931992, 14.719376, 1476.0], [15.746025, 14.255351, 1492.0], [15.510924, 13.690826, 1509.0], [15.232937, 13.1357565, 1525.0], [14.999605, 12.62174, 1542.0], [14.813136, 12.248955, 1558.0], [14.768444, 11.925033, 1575.0], [14.721115, 11.641129, 1591.0]"}