{"Image number":36606,"Image shape":9,"Path":"[10.529118, 10.341834, 0.0], [10.858006, 10.060263, 69.0], [11.325496, 9.873875, 86.0], [11.93166, 9.828627, 103.0], [12.490983, 9.781953, 119.0], [13.145564, 9.688071, 136.0], [13.747772, 9.548349, 152.0], [14.398376, 9.315322, 169.0], [14.909532, 9.129305, 185.0], [15.236975, 8.988808, 202.0], [15.373981, 9.36515, 268.0], [15.374375, 10.018805, 285.0], [15.374375, 11.105265, 301.0], [15.469526, 12.373188, 318.0], [15.610202, 13.869164, 334.0], [15.701792, 15.350986, 351.0], [15.8898115, 17.03527, 367.0], [16.076113, 18.665813, 384.0], [16.548443, 20.114637, 400.0], [17.064137, 21.470793, 417.0], [17.431402, 22.577917, 433.0], [17.566856, 23.602768, 450.0], [17.61329, 24.419743, 467.0], [17.659798, 24.91579, 483.0]"}