{"Image number":39699,"Image shape":1,"Path":"[19.707155, 6.6587644, 0.0], [19.567387, 6.9851117, 53.0], [19.001934, 7.975337, 70.0], [18.155851, 9.4807, 86.0], [17.04063, 11.339137, 103.0], [15.973263, 13.244418, 119.0], [14.897911, 15.30392, 136.0], [13.928676, 17.197954, 152.0], [12.989228, 18.889904, 169.0], [12.158604, 20.227337, 185.0], [11.546854, 21.310589, 202.0], [11.03306, 22.19836, 219.0], [10.697983, 22.969547, 235.0], [10.519796, 23.321167, 252.0]"}