{"Image number":36186,"Image shape":9,"Path":"[14.349417, 7.964156, 0.0], [14.069883, 8.010777, 35.0], [13.274155, 8.291815, 52.0], [12.111917, 9.0839, 69.0], [10.8037815, 10.346534, 85.0], [9.920533, 11.978971, 102.0], [9.362605, 13.516994, 118.0], [9.223775, 15.106838, 135.0], [9.783438, 17.474308, 168.0], [10.674915, 17.89732, 184.0], [11.833834, 17.987719, 201.0], [14.256119, 17.148584, 234.0], [15.367844, 16.128845, 251.0], [16.215628, 14.813336, 267.0], [16.820011, 12.100123, 300.0], [16.818634, 10.896327, 317.0], [16.725384, 9.734829, 333.0], [16.397234, 8.844251, 350.0], [15.930278, 8.145888, 366.0], [15.415502, 7.8679323, 383.0], [15.185895, 7.7297764, 399.0], [15.094841, 8.061282, 433.0], [15.281867, 8.665649, 449.0], [15.703043, 9.648455, 466.0], [16.355665, 10.953757, 482.0], [17.293528, 12.312983, 499.0], [18.270473, 13.70939, 515.0], [19.339172, 15.05654, 532.0], [20.236797, 16.523844, 548.0], [20.933558, 18.067545, 565.0], [21.345821, 19.554846, 581.0], [21.528004, 20.811174, 598.0], [21.428804, 21.929615, 615.0], [20.987333, 22.890366, 631.0], [20.567642, 23.57682, 648.0]"}