{"Image number":40123,"Image shape":4,"Path":"[12.769658, 7.223116, 0.0], [12.614246, 7.508154, 41.0], [12.361961, 8.036142, 58.0], [12.08569, 8.630126, 75.0], [11.745573, 9.519239, 91.0], [11.411743, 10.349281, 108.0], [11.060386, 11.26768, 125.0], [10.813314, 12.064878, 141.0], [10.568409, 12.922397, 159.0], [10.280239, 13.910427, 175.0], [10.106257, 14.816612, 191.0], [9.917573, 15.580561, 208.0], [9.730967, 16.2174, 225.0], [9.627663, 16.69849, 241.0], [9.546485, 17.089272, 258.0], [9.499078, 17.377525, 275.0], [9.480111, 17.528233, 292.0], [9.51629, 17.64485, 308.0], [9.781268, 17.364548, 358.0], [10.212996, 17.001654, 375.0], [10.726515, 16.62518, 392.0], [11.248441, 16.332888, 408.0], [11.775549, 16.081738, 425.0], [12.33399, 15.934595, 441.0], [12.894042, 15.852684, 458.0], [13.356862, 15.877867, 475.0], [13.719803, 15.894229, 492.0], [14.143376, 15.934488, 508.0], [14.683657, 16.000723, 525.0], [15.201338, 16.074722, 541.0], [15.539263, 16.1339, 558.0], [15.909089, 16.175009, 575.0], [16.085632, 16.136864, 591.0], [16.319078, 15.984608, 608.0], [16.606441, 15.749181, 625.0], [16.816889, 15.471834, 641.0], [17.09308, 15.114431, 658.0], [17.35262, 14.703349, 675.0], [17.59709, 14.262199, 692.0], [17.872284, 13.70133, 708.0], [18.060242, 13.226338, 725.0], [18.2496, 12.762086, 741.0], [18.45343, 12.349071, 758.0], [18.626204, 11.9784355, 775.0], [18.770626, 11.704911, 791.0], [18.886032, 11.501444, 808.0], [18.723429, 11.717042, 875.0], [18.271254, 12.282488, 891.0], [17.621677, 13.162861, 908.0], [17.055695, 14.006794, 925.0], [16.529314, 14.892887, 941.0], [15.994448, 15.877863, 958.0], [15.525287, 16.763424, 975.0], [15.016587, 17.652996, 991.0], [14.518904, 18.591095, 1008.0], [14.01511, 19.597673, 1025.0], [13.570898, 20.460587, 1042.0], [13.215981, 21.225769, 1058.0], [12.85644, 21.912708, 1075.0], [12.586676, 22.410425, 1091.0], [12.31394, 22.801355, 1108.0], [12.133723, 23.220907, 1125.0], [11.972768, 23.517885, 1141.0], [11.842737, 23.770056, 1158.0], [11.743436, 23.968737, 1175.0], [11.626803, 24.095282, 1192.0], [11.662185, 23.982801, 1275.0], [11.92473, 23.284887, 1293.0], [12.326741, 22.284697, 1308.0], [12.860589, 21.03661, 1325.0], [13.524504, 19.601877, 1341.0], [14.203939, 18.354477, 1358.0], [14.884955, 17.441284, 1375.0], [15.408288, 16.795492, 1392.0], [15.88936, 16.343437, 1408.0], [16.379204, 15.974629, 1425.0], [17.018293, 15.831081, 1441.0], [17.53343, 15.774216, 1459.0], [17.911573, 15.774216, 1475.0], [18.541613, 15.748306, 1492.0], [19.191288, 15.748306, 1508.0], [19.81739, 15.7106085, 1525.0], [20.512066, 15.696481, 1542.0], [21.16087, 15.625349, 1558.0], [21.780846, 15.51236, 1575.0], [22.318577, 15.361528, 1592.0], [22.778505, 15.199865, 1608.0], [23.026827, 15.100497, 1625.0]"}