{"Image number":10395,"Image shape":8,"Path":"[21.777779, 8.711111, 0.0], [21.27376, 8.341016, 25.0], [20.767544, 7.856434, 42.0], [20.234497, 7.508366, 58.0], [19.616045, 7.239505, 75.0], [18.670805, 7.0693574, 92.0], [17.430714, 7.077778, 108.0], [16.092121, 7.1953535, 125.0], [14.650551, 7.6961784, 142.0], [13.452894, 8.567976, 158.0], [12.534835, 9.302359, 175.0], [11.80562, 10.017601, 192.0], [11.282812, 10.764392, 208.0], [10.948891, 11.704069, 226.0], [10.863647, 12.574033, 242.0], [11.015529, 13.536827, 259.0], [11.628512, 14.457197, 276.0], [12.619572, 14.939541, 293.0], [13.770176, 15.494265, 309.0], [14.773912, 15.974426, 326.0], [15.551551, 16.447424, 342.0], [16.048582, 17.090933, 359.0], [16.324371, 18.008606, 376.0], [16.4139, 18.86685, 393.0], [16.468012, 19.846428, 409.0], [16.312384, 20.736805, 426.0], [15.951869, 21.725355, 443.0], [15.454985, 22.654785, 459.0], [15.00756, 23.395033, 476.0], [14.519209, 24.003681, 493.0], [13.962378, 24.330917, 509.0], [13.231848, 24.505854, 526.0], [12.634957, 24.5, 543.0], [11.808543, 24.074123, 560.0], [11.367857, 23.70382, 576.0], [10.849999, 23.119444, 593.0], [10.7722225, 22.118565, 610.0], [11.066408, 20.971317, 626.0], [12.311135, 19.358301, 643.0], [13.848594, 17.687368, 660.0], [15.526076, 15.956058, 676.0], [16.811874, 14.649239, 693.0], [18.05893, 13.402181, 710.0], [18.98896, 12.472151, 727.0], [19.6569, 11.497679, 743.0], [19.930557, 11.025001, 760.0]"}