{"Image number":273,"Image shape":5,"Path":"[21.70091, 8.263308, 0.0], [21.465939, 8.263308, 70.0], [21.295809, 8.301257, 83.0], [21.110003, 8.347343, 98.0], [20.908918, 8.392619, 112.0], [20.653255, 8.437973, 124.0], [20.31082, 8.519885, 140.0], [19.953596, 8.609221, 154.0], [19.480528, 8.700245, 171.0], [18.995369, 8.791807, 181.0], [18.531612, 8.919383, 194.0], [17.990835, 9.054543, 209.0], [17.448004, 9.136258, 222.0], [16.875547, 9.3000965, 239.0], [16.321623, 9.426454, 255.0], [15.796763, 9.566622, 271.0], [15.294723, 9.732881, 282.0], [14.842668, 9.87024, 294.0], [14.505401, 9.971219, 307.0], [14.187202, 10.018671, 321.0], [14.007886, 10.100028, 336.0], [13.738184, 10.157291, 363.0], [13.573242, 10.34744, 411.0], [13.467741, 10.607273, 433.0], [13.373036, 10.792439, 446.0], [13.238196, 11.032458, 461.0], [13.057222, 11.28964, 475.0], [12.87682, 11.52075, 490.0], [12.697097, 11.745473, 505.0], [12.480104, 12.064545, 519.0], [12.329565, 12.362582, 533.0], [12.191789, 12.607404, 545.0], [12.103084, 12.881436, 561.0], [12.032362, 13.096568, 572.0], [12.044174, 13.323275, 586.0], [12.089335, 13.511825, 600.0], [12.226549, 13.738465, 613.0], [12.381012, 13.873713, 629.0], [12.6173725, 14.000222, 642.0], [12.888723, 14.090703, 657.0], [13.206097, 14.181446, 670.0], [13.592073, 14.254029, 685.0], [13.97387, 14.273064, 698.0], [14.3702, 14.30814, 712.0], [14.824476, 14.353718, 725.0], [15.216873, 14.398198, 739.0], [15.60404, 14.480463, 753.0], [15.998981, 14.525598, 767.0], [16.364662, 14.571019, 781.0], [16.720844, 14.666666, 795.0], [17.026423, 14.74581, 809.0], [17.34205, 14.848409, 823.0], [17.61806, 14.939202, 837.0], [17.939201, 15.079891, 851.0], [18.138004, 15.179571, 865.0], [18.332571, 15.315419, 879.0], [18.513483, 15.451148, 893.0], [18.693787, 15.586418, 907.0], [18.885578, 15.821704, 935.0], [18.936903, 15.997834, 950.0], [18.970093, 16.322489, 978.0], [18.970093, 16.50332, 991.0], [18.931763, 16.684639, 1005.0], [18.886766, 16.86468, 1020.0], [18.785852, 17.120598, 1034.0], [18.695219, 17.364374, 1048.0], [18.567165, 17.591545, 1062.0], [18.432129, 17.816683, 1077.0], [18.242374, 18.0967, 1089.0], [18.0612, 18.36855, 1103.0], [17.843983, 18.676535, 1118.0], [17.618967, 18.94717, 1133.0], [17.377209, 19.217358, 1147.0], [17.105083, 19.515198, 1161.0], [16.832195, 19.798977, 1174.0], [16.561422, 20.026415, 1187.0], [16.275238, 20.251919, 1202.0], [15.957439, 20.454327, 1215.0], [15.641758, 20.668129, 1228.0], [15.323535, 20.853096, 1242.0], [15.011557, 21.03143, 1258.0], [14.6683445, 21.177807, 1272.0], [14.305323, 21.326984, 1285.0], [13.944279, 21.462421, 1301.0], [13.607135, 21.547821, 1317.0], [13.218763, 21.616604, 1327.0], [12.828722, 21.661495, 1341.0], [12.458996, 21.707052, 1356.0], [12.04781, 21.703308, 1370.0], [11.663174, 21.64558, 1384.0], [11.272377, 21.570467, 1397.0], [10.863609, 21.479603, 1411.0], [10.461747, 21.343018, 1427.0], [10.050774, 21.169561, 1440.0], [9.642246, 21.004272, 1452.0], [9.19515, 20.860538, 1467.0], [8.792629, 20.632547, 1481.0], [8.387898, 20.316027, 1495.0], [7.952089, 20.043856, 1508.0], [7.495738, 19.769953, 1522.0], [7.094983, 19.45728, 1536.0], [6.5932264, 19.137499, 1552.0], [6.1125035, 18.819715, 1565.0], [5.6838355, 18.537014, 1579.0], [5.2862124, 18.228067, 1593.0], [4.906946, 17.92364, 1608.0], [4.6139283, 17.650118, 1620.0], [4.4113426, 17.412449, 1634.0]"}