{"Image number":37164,"Image shape":5,"Path":"[18.449251, 5.772962, 0.0], [17.842176, 6.053399, 135.0], [17.233578, 6.146603, 152.0], [16.577385, 6.3820057, 168.0], [16.111443, 6.5214105, 185.0], [15.650805, 6.706627, 201.0], [15.138486, 6.892942, 218.0], [14.620745, 7.128708, 234.0], [14.205132, 7.3605933, 251.0], [13.415943, 7.544989, 284.0], [13.041185, 7.591655, 300.0], [12.620832, 7.6854944, 317.0], [12.294693, 7.68443, 334.0], [11.693267, 7.68443, 367.0], [11.460263, 7.68443, 383.0], [11.226172, 7.68443, 400.0], [10.85404, 7.68443, 433.0], [10.572923, 7.68443, 466.0], [10.295353, 7.8715296, 499.0], [10.016326, 8.291027, 532.0], [9.8762665, 8.524618, 549.0], [9.689194, 8.80532, 565.0], [9.5496645, 9.320146, 582.0], [9.3625145, 9.739987, 598.0], [8.989516, 10.579812, 631.0], [8.850927, 10.950541, 648.0], [8.71139, 11.322898, 664.0], [8.665479, 11.554377, 681.0], [8.712487, 11.834737, 714.0], [9.132617, 12.067207, 747.0], [9.55296, 12.207418, 764.0], [9.970726, 12.300073, 780.0], [10.438313, 12.440497, 797.0], [10.951592, 12.486696, 813.0], [11.4692545, 12.486406, 830.0], [11.884393, 12.486406, 846.0], [12.257887, 12.53365, 865.0], [12.62728, 12.626684, 879.0], [13.047005, 12.673121, 896.0], [13.420895, 12.672891, 913.0], [13.654239, 12.672891, 929.0], [14.026194, 12.8608265, 962.0], [14.305042, 12.906365, 979.0], [14.58486, 12.905996, 995.0], [14.91076, 12.905996, 1012.0], [15.189201, 12.952814, 1028.0], [15.423115, 12.999669, 1045.0], [15.658501, 13.094318, 1062.0], [15.888864, 13.374217, 1095.0], [16.119953, 13.512149, 1161.0], [16.306673, 13.512073, 1194.0], [16.587145, 13.700013, 1243.0], [16.914013, 13.979936, 1277.0], [17.192553, 14.212595, 1310.0], [17.472494, 14.539887, 1343.0], [17.611343, 14.913487, 1376.0], [17.799034, 15.193479, 1409.0], [17.937248, 15.518693, 1442.0], [18.030752, 15.798915, 1475.0], [18.218088, 16.07891, 1508.0], [18.497839, 16.404581, 1541.0], [18.777565, 16.778473, 1574.0], [18.91754, 16.965237, 1591.0], [19.057707, 17.199812, 1607.0], [19.242008, 17.522608, 1641.0], [19.381353, 17.895756, 1674.0], [19.381031, 18.130003, 1690.0], [19.428106, 18.363098, 1707.0], [19.42762, 18.595491, 1723.0], [19.42762, 18.829918, 1740.0], [19.474209, 19.249245, 1773.0], [19.474209, 19.481232, 1789.0], [19.474209, 19.950542, 1806.0], [19.474209, 20.37294, 1822.0], [19.521395, 20.64869, 1839.0], [19.5208, 20.926353, 1872.0], [19.5208, 21.206377, 1955.0], [19.5208, 21.393257, 1988.0], [19.5208, 21.766527, 2038.0], [19.5208, 22.046051, 2071.0], [19.5208, 22.37287, 2104.0], [19.5208, 22.605537, 2137.0], [19.426905, 22.837017, 2186.0], [18.216305, 24.09507, 0.0], [17.932497, 24.237074, 203.0], [17.69929, 24.329992, 219.0], [17.03512, 24.375973, 236.0], [16.528986, 24.46988, 253.0], [16.111609, 24.563105, 269.0], [15.885588, 24.607903, 302.0], [15.603197, 24.607903, 335.0], [15.416311, 24.464546, 352.0], [15.184161, 24.373253, 368.0], [14.907043, 24.234934, 401.0], [14.719753, 24.426174, 437.0], [19.148087, 5.67972, 0.0], [18.961094, 5.7731214, 182.0], [18.490982, 5.961392, 198.0], [17.087984, 6.3351336, 215.0], [15.973446, 6.7075815, 231.0], [14.937836, 7.084627, 248.0], [14.34765, 7.2653823, 264.0], [13.879172, 7.3118954, 281.0], [13.461972, 7.3583307, 298.0], [13.042423, 7.404979, 314.0], [12.667028, 7.404701, 331.0], [12.339316, 7.4522924, 347.0], [12.016157, 7.4984894, 364.0], [11.554082, 7.544566, 397.0], [11.319969, 7.4979453, 430.0], [10.993774, 7.4979453, 513.0], [10.761686, 7.6848054, 546.0], [10.389282, 8.150727, 562.0], [10.10909, 8.664805, 579.0], [9.828956, 9.131898, 595.0], [9.595304, 9.458881, 612.0], [9.317136, 9.969978, 645.0], [9.177743, 10.24918, 661.0], [9.084336, 10.576771, 678.0], [8.991212, 10.902929, 694.0], [8.898077, 11.229124, 711.0], [8.851913, 11.695728, 744.0], [8.851913, 11.883131, 761.0], [8.8987, 12.114032, 794.0], [9.134111, 12.113438, 810.0], [9.552973, 12.066568, 827.0], [10.159565, 11.926224, 843.0], [10.815244, 11.785674, 860.0], [11.514165, 11.692955, 876.0], [12.120599, 11.599457, 895.0], [12.724587, 11.553538, 910.0], [13.189751, 11.506856, 926.0], [13.6535635, 11.507362, 943.0], [13.980323, 11.507362, 959.0], [14.211744, 11.554402, 976.0], [14.4437, 11.647667, 992.0], [14.723261, 11.928084, 1025.0], [14.955674, 12.113838, 1059.0], [15.189484, 12.301022, 1108.0], [15.469508, 12.534983, 1141.0], [15.609349, 12.722217, 1158.0], [15.888009, 13.094021, 1191.0], [16.120573, 13.372723, 1224.0], [16.400005, 13.559028, 1274.0], [16.586708, 13.746194, 1307.0], [16.821072, 13.886667, 1340.0], [17.10054, 14.0264845, 1373.0], [17.379805, 14.212791, 1406.0], [17.610983, 14.444826, 1456.0], [17.70419, 14.631708, 1489.0], [17.843843, 14.864586, 1538.0], [18.031023, 15.098267, 1571.0], [18.216415, 15.377083, 1604.0], [18.495667, 15.7030945, 1638.0], [18.635626, 15.889772, 1654.0], [18.824158, 16.07843, 1671.0], [18.963032, 16.358564, 1687.0], [19.197914, 16.828655, 1704.0], [19.336552, 17.106123, 1720.0], [19.475061, 17.383337, 1737.0], [19.56772, 17.615564, 1753.0], [19.661028, 17.89585, 1770.0], [19.707235, 18.127972, 1786.0], [19.754105, 18.362476, 1803.0], [19.800491, 18.594564, 1820.0], [19.895004, 18.830622, 1836.0], [19.940582, 19.062399, 1853.0], [19.987093, 19.342148, 1869.0], [20.033632, 19.621567, 1886.0], [20.080542, 19.855928, 1902.0], [20.079865, 20.2761, 1935.0], [20.079865, 20.554728, 1952.0], [20.079865, 20.833729, 1968.0], [20.079865, 21.020515, 1985.0], [20.033278, 21.439543, 2018.0], [19.98658, 21.671312, 2035.0], [19.893509, 22.232986, 2068.0], [19.799484, 22.465448, 2084.0], [19.75326, 22.698862, 2101.0], [19.613264, 22.978298, 2134.0], [19.520418, 23.257032, 2167.0], [19.333483, 23.350092, 2217.0], [18.96111, 23.536034, 2266.0], [18.77371, 23.629692, 2283.0], [18.446877, 23.910366, 2316.0], [18.214777, 24.14322, 2349.0], [17.982725, 24.281555, 2399.0], [17.703043, 24.422201, 2498.0], [17.18863, 24.468378, 2531.0], [15.741211, 24.51508, 2564.0], [15.084162, 24.562044, 2581.0], [14.671704, 24.561281, 2597.0], [14.348187, 24.561281, 2614.0], [14.068685, 24.561281, 2630.0], [13.790009, 24.561281, 2663.0], [13.509006, 24.51466, 2696.0], [13.1829815, 24.468039, 2729.0], [12.857151, 24.420944, 2763.0], [12.529623, 24.279436, 2796.0], [12.205659, 24.047785, 2829.0], [12.018787, 23.860786, 2862.0], [11.7857, 23.674158, 2911.0], [11.460582, 23.302116, 2945.0], [11.039959, 22.787674, 2961.0], [10.713776, 22.32104, 2978.0], [10.478971, 21.944801, 2994.0], [10.435593, 21.668686, 3011.0], [10.389351, 21.341036, 3044.0]"}