{"Image number":37429,"Image shape":4,"Path":"[12.346089, 9.549274, 0.0], [11.971551, 10.065396, 52.0], [11.549753, 10.957043, 69.0], [10.991617, 12.120508, 85.0], [9.9224205, 14.073608, 118.0], [9.642411, 14.8683815, 135.0], [9.550463, 15.518775, 151.0], [9.690738, 16.030426, 168.0], [10.064088, 16.40344, 184.0], [10.820918, 16.592134, 201.0], [11.798716, 16.68342, 218.0], [12.861619, 16.682308, 234.0], [14.036801, 16.635145, 251.0], [15.056413, 16.494709, 267.0], [16.228891, 16.35405, 284.0], [17.008526, 16.215473, 300.0], [17.75556, 16.122211, 317.0], [18.264786, 16.122854, 333.0], [18.682472, 16.076202, 350.0], [18.962318, 16.076235, 366.0], [18.820599, 16.310022, 482.0], [18.0191, 16.829195, 499.0], [17.043692, 17.292145, 516.0], [15.822801, 18.045078, 532.0], [14.80876, 18.55043, 549.0], [13.783564, 19.2511, 565.0], [12.947093, 19.855907, 581.0], [12.246371, 20.51135, 598.0], [11.738553, 21.253916, 615.0], [11.318013, 21.90873, 631.0], [10.991345, 22.516758, 648.0], [10.710409, 22.889675, 664.0], [10.573982, 23.118904, 681.0], [10.905577, 22.549698, 747.0], [11.323374, 21.712906, 763.0], [11.933988, 20.490837, 780.0], [12.680749, 19.043438, 797.0], [13.478092, 17.494558, 813.0], [14.457482, 15.81759, 830.0], [15.242812, 14.147383, 846.0], [16.12723, 12.51933, 863.0], [16.914177, 10.989936, 879.0], [17.61655, 9.490056, 896.0], [18.227867, 8.17234, 912.0], [18.732912, 7.1163397, 929.0], [19.149786, 6.376013, 945.0], [19.524324, 5.9084177, 962.0], [19.89683, 5.5365353, 979.0]"}