{"Image number":37293,"Image shape":3,"Path":"[15.886856, 5.7263412, 0.0], [16.499151, 5.7263412, 85.0], [17.192862, 5.7263412, 102.0], [17.941004, 5.7263412, 118.0], [18.45467, 5.7263412, 135.0], [18.918045, 5.8670754, 151.0], [19.290083, 6.100705, 168.0], [19.521797, 6.4738793, 184.0], [19.709497, 7.0859756, 201.0], [19.754173, 7.6900225, 217.0], [19.800783, 8.484669, 234.0], [19.753143, 9.138101, 251.0], [19.706612, 9.790004, 267.0], [19.33614, 10.89721, 300.0], [18.958286, 11.371805, 317.0], [18.585335, 11.744153, 333.0], [18.212677, 12.069994, 350.0], [17.936241, 12.2536545, 366.0], [17.70378, 12.486454, 383.0], [17.375101, 12.674379, 399.0], [16.906822, 12.814253, 416.0], [16.398167, 12.906209, 433.0], [15.930895, 12.905996, 449.0], [15.460986, 12.764162, 466.0], [14.948767, 12.530159, 482.0], [14.438902, 12.251285, 499.0], [14.112062, 12.064296, 515.0], [13.882858, 11.83304, 565.0], [14.07022, 11.786976, 614.0], [14.685243, 11.834456, 631.0], [15.329356, 11.927179, 648.0], [16.07394, 12.020287, 664.0], [16.637987, 12.255681, 681.0], [17.195679, 12.535194, 697.0], [18.080793, 13.188561, 730.0], [18.500858, 13.51598, 747.0], [18.873497, 13.889988, 763.0], [19.153515, 14.265253, 780.0], [19.289742, 14.636023, 797.0], [19.381529, 14.959076, 813.0], [19.381031, 15.33044, 830.0], [19.381031, 15.70705, 846.0], [19.33416, 16.078495, 863.0], [19.005447, 16.826769, 896.0], [18.727512, 17.103174, 912.0], [18.353323, 17.477623, 929.0], [18.073631, 17.757507, 945.0], [17.840628, 18.17953, 962.0], [17.749065, 18.552557, 978.0], [17.609108, 18.829964, 995.0], [17.18559, 19.204971, 1012.0], [16.627977, 19.48173, 1028.0], [16.119753, 19.759329, 1045.0], [15.743151, 19.900644, 1061.0], [15.22667, 20.183228, 1078.0], [14.719017, 20.554132, 1094.0], [14.202684, 20.882648, 1111.0], [13.693608, 21.112938, 1127.0], [13.08485, 21.25272, 1144.0], [12.477024, 21.298483, 1161.0], [11.638879, 21.297802, 1194.0], [11.124657, 21.297802, 1210.0], [10.617774, 21.25077, 1227.0], [10.243748, 21.20383, 1243.0], [9.869171, 21.061806, 1260.0], [9.356478, 20.922674, 1276.0], [8.846468, 20.642134, 1293.0], [8.426672, 20.361418, 1309.0], [8.054426, 20.034235, 1326.0], [7.586867, 19.80235, 1342.0], [7.077022, 19.570768, 1359.0], [6.659923, 19.244677, 1376.0], [6.2870245, 18.73021, 1392.0], [5.913595, 18.21639, 1409.0]"}