{"Image number":35516,"Image shape":0,"Path":"[15.980032, 8.476988, 0.0], [15.607322, 8.756715, 35.0], [14.524923, 9.510208, 52.0], [12.97426, 10.828486, 69.0], [11.350309, 12.36297, 85.0], [10.10099, 13.989732, 102.0], [9.127872, 15.615985, 118.0], [8.569551, 17.1563, 135.0], [8.339941, 20.007608, 168.0], [8.670128, 21.3161, 184.0], [9.322063, 22.564793, 201.0], [10.302983, 23.401596, 218.0], [11.564651, 23.81887, 234.0], [13.104839, 23.95642, 251.0], [14.727169, 23.861677, 267.0], [16.41808, 23.484829, 284.0], [18.031586, 22.788977, 300.0], [19.573196, 21.713339, 317.0], [20.87867, 20.452072, 333.0], [22.047031, 18.859312, 350.0], [22.888422, 17.121334, 366.0], [23.438194, 15.364499, 383.0], [23.528873, 13.767659, 400.0], [23.199287, 12.478232, 416.0], [22.54049, 11.352753, 433.0], [21.509256, 10.42155, 449.0], [20.110563, 9.82211, 466.0], [18.380655, 9.498488, 482.0], [16.363848, 9.550101, 499.0], [14.253561, 10.037287, 515.0], [12.841418, 10.502274, 532.0]"}