{"Image number":15123,"Image shape":2,"Path":"[8.503906, 7.8101854, 0.0], [9.933278, 7.22736, 87.0], [11.052564, 7.004277, 104.0], [12.0954075, 6.792882, 120.0], [13.17117, 6.645033, 137.0], [14.27397, 6.499954, 153.0], [15.647312, 6.2756457, 170.0], [16.765205, 6.1227593, 187.0], [17.732176, 5.989036, 203.0], [18.511719, 5.962963, 220.0], [18.944382, 5.914352, 237.0], [19.330154, 5.914352, 254.0], [19.635118, 5.914352, 270.0], [19.876686, 5.914352, 288.0], [19.991043, 6.0115743, 303.0], [20.076588, 6.1685634, 320.0], [20.097656, 6.4576225, 337.0], [19.967659, 6.881004, 354.0], [19.793144, 7.36753, 370.0], [19.636993, 7.9897666, 386.0], [19.533838, 8.622851, 403.0], [19.42533, 9.431459, 420.0], [19.335201, 10.287252, 437.0], [19.201143, 11.178413, 454.0], [19.05027, 12.0985365, 470.0], [18.86991, 12.870652, 487.0], [18.651085, 13.627207, 503.0], [18.36088, 14.349176, 520.0], [18.03231, 14.98191, 537.0], [17.621054, 15.636638, 554.0], [17.14241, 16.29565, 570.0], [16.635015, 16.863565, 587.0], [16.09848, 17.323486, 604.0], [15.494391, 17.717342, 621.0], [14.821985, 18.092834, 636.0], [14.041058, 18.532389, 653.0], [13.327832, 18.87979, 670.0], [12.584695, 19.334902, 687.0], [11.861589, 19.73664, 703.0], [11.2109375, 20.108797, 721.0], [10.424269, 20.514143, 737.0], [9.802734, 20.813658, 753.0], [8.595693, 21.081018, 787.0], [8.157203, 21.081018, 803.0], [7.9261403, 20.947187, 820.0], [7.7800536, 20.743433, 837.0], [7.7382812, 20.437859, 854.0], [7.9054656, 19.92714, 870.0], [8.412047, 19.308802, 887.0], [9.243133, 18.574902, 904.0], [10.202849, 17.967892, 921.0], [11.169623, 17.51431, 937.0], [12.016212, 17.178034, 954.0], [13.053191, 16.86401, 970.0], [13.922173, 16.733261, 986.0], [14.78171, 16.657408, 1003.0], [15.679898, 16.720823, 1020.0], [16.40802, 16.939981, 1037.0], [17.128393, 17.26616, 1053.0], [17.642628, 17.475327, 1070.0], [18.0924, 17.687475, 1087.0], [18.496162, 17.892561, 1104.0], [18.831966, 18.171219, 1121.0], [19.128891, 18.551472, 1137.0], [19.345282, 19.062407, 1154.0], [19.528118, 19.762932, 1171.0], [19.69722, 20.582464, 1186.0], [19.714844, 20.69213, 1199.0]"}