{"Image number":39585,"Image shape":8,"Path":"[16.865225, 6.4256587, 0.0], [16.492481, 6.6121616, 54.0], [15.878788, 6.990081, 70.0], [15.090245, 7.688487, 87.0], [14.341688, 8.579413, 103.0], [13.737163, 9.60707, 120.0], [13.369637, 10.531852, 136.0], [13.184051, 11.370387, 153.0], [13.184691, 12.168121, 169.0], [13.512835, 13.051346, 186.0], [13.984744, 13.994373, 202.0], [14.686645, 14.783434, 219.0], [15.288734, 15.478863, 235.0], [15.800081, 16.131012, 252.0], [16.122284, 16.68657, 269.0], [16.354074, 17.291843, 285.0], [16.447018, 17.948761, 302.0], [16.398766, 18.743303, 318.0], [16.257893, 19.488516, 335.0], [15.975822, 20.23675, 351.0], [15.555525, 21.122318, 368.0], [15.039154, 22.060291, 384.0], [14.486675, 22.980347, 401.0], [13.971814, 23.72922, 418.0], [13.458616, 24.429073, 434.0], [12.8982315, 24.940603, 451.0], [12.342029, 25.309927, 467.0], [11.833507, 25.49374, 484.0], [11.267155, 25.588179, 500.0], [10.714149, 25.540213, 517.0], [10.152573, 25.211739, 533.0], [9.544874, 24.50788, 550.0], [8.943231, 23.345552, 566.0], [8.476927, 21.943672, 583.0], [8.244149, 20.680344, 599.0], [8.529754, 19.00345, 632.0], [9.178492, 18.26691, 649.0], [10.118684, 17.420261, 666.0], [11.243756, 16.577206, 682.0], [12.442154, 15.8880825, 699.0], [13.572433, 15.322777, 715.0], [14.592012, 14.624395, 732.0], [15.425156, 14.021874, 748.0], [16.314276, 13.319172, 765.0], [17.058416, 12.619857, 781.0], [17.709143, 11.733248, 798.0], [18.219303, 10.94327, 815.0], [18.68779, 10.098652, 831.0], [19.10646, 9.25961, 848.0], [19.52622, 8.466739, 864.0], [19.992569, 7.863263, 881.0]"}