{"Image number":39423,"Image shape":9,"Path":"[19.846922, 8.337125, 0.0], [19.329601, 8.008085, 52.0], [18.537622, 7.682449, 68.0], [17.466232, 7.309842, 85.0], [16.252974, 7.0770855, 101.0], [13.873033, 7.1729097, 135.0], [12.851887, 7.593923, 151.0], [12.110712, 8.246013, 168.0], [11.59453, 8.998752, 187.0], [11.319984, 9.692007, 202.0], [11.226758, 10.302983, 217.0], [11.464727, 10.911251, 234.0], [11.837502, 11.372366, 250.0], [12.545378, 11.699886, 267.0], [13.283939, 11.834849, 286.0], [14.350667, 11.880386, 307.0], [15.385908, 11.738894, 319.0], [17.522923, 10.664623, 350.0], [18.46025, 9.771924, 366.0], [19.155628, 8.981269, 383.0], [19.664074, 8.379596, 400.0], [19.894304, 8.056286, 416.0], [19.610395, 8.294088, 482.0], [18.865274, 10.023866, 515.0], [18.252174, 11.628663, 532.0], [17.557034, 13.342928, 548.0], [16.621883, 15.211239, 565.0], [15.743653, 16.96891, 581.0], [14.813637, 18.643408, 598.0], [13.873189, 20.148827, 614.0], [12.949208, 21.534716, 631.0], [11.500264, 23.967598, 664.0], [10.940257, 24.806637, 681.0], [10.505353, 25.533339, 697.0], [10.332898, 25.886414, 714.0]"}