{"Image number":30668,"Image shape":0,"Path":"[16.85437, 7.839434, 0.0], [16.690573, 7.7848034, 72.0], [16.416927, 7.8005757, 143.0], [16.121365, 7.8005757, 161.0], [15.728155, 7.8005757, 179.0], [15.203941, 7.8855743, 197.0], [14.352905, 7.956011, 214.0], [13.714527, 8.015538, 232.0], [13.041282, 8.223156, 250.0], [12.645412, 8.41028, 268.0], [12.271844, 8.597175, 285.0], [11.7580805, 8.893073, 303.0], [11.25294, 9.184656, 321.0], [10.62016, 9.542674, 339.0], [10.093321, 9.87215, 357.0], [9.762007, 10.231333, 375.0], [9.494771, 10.526, 392.0], [9.232549, 10.802858, 410.0], [9.011899, 11.10063, 428.0], [8.751512, 11.555673, 445.0], [8.539105, 12.127634, 463.0], [8.345541, 12.63693, 481.0], [8.214535, 13.120426, 499.0], [8.084759, 13.694583, 517.0], [12.829525, 21.906223, 889.0], [13.373474, 21.906223, 907.0], [13.963058, 21.743683, 925.0], [14.482012, 21.61564, 943.0], [14.942293, 21.486948, 961.0], [15.321121, 21.272388, 978.0], [15.715857, 21.016254, 996.0], [16.162718, 20.747353, 1014.0], [16.446602, 20.585035, 1032.0], [21.495144, 14.056801, 1351.0], [21.63107, 13.414445, 1352.0], [21.63107, 13.000831, 1369.0], [21.602991, 12.711713, 1387.0], [21.53762, 12.384667, 1405.0], [21.472118, 12.018101, 1422.0], [21.40727, 11.693657, 1440.0], [21.34146, 11.307771, 1458.0], [21.320389, 11.038721, 1476.0], [21.24272, 10.696654, 1511.0], [16.582523, 6.9845476, 0.0], [16.265879, 7.026391, 101.0], [16.008766, 7.0503583, 119.0], [15.643789, 7.115193, 136.0], [15.190189, 7.3048825, 154.0], [14.495517, 7.5252037, 172.0], [13.798777, 7.7385783, 190.0], [13.146838, 7.973134, 207.0], [12.666121, 8.176365, 225.0], [12.287287, 8.347778, 243.0], [11.961752, 8.515338, 261.0], [11.525638, 8.785476, 278.0], [10.9752445, 9.090437, 296.0], [10.356029, 9.400232, 314.0], [9.925805, 9.727142, 332.0], [9.530634, 10.030699, 350.0], [9.190908, 10.339365, 367.0], [8.901125, 10.703079, 385.0], [8.514465, 11.157095, 403.0], [8.119163, 11.7213, 421.0], [7.768716, 12.266544, 438.0], [7.507337, 12.788931, 456.0], [7.298357, 13.312509, 474.0], [7.1439996, 13.90871, 492.0], [7.095733, 14.584564, 509.0], [7.1067963, 15.261077, 527.0], [7.228284, 16.027147, 545.0], [7.310893, 16.641602, 563.0], [7.3950205, 17.290525, 581.0], [7.5855894, 17.907541, 598.0], [7.8111477, 18.48894, 616.0], [8.072531, 19.134413, 634.0], [8.251308, 19.623539, 652.0], [8.41439, 20.073923, 669.0], [8.54369, 20.41017, 687.0], [8.886314, 20.912983, 705.0], [9.184706, 21.182783, 723.0], [9.505183, 21.469393, 740.0], [9.881592, 21.749517, 758.0], [10.158836, 21.932339, 776.0], [10.438305, 22.066109, 794.0], [10.824581, 22.250761, 811.0], [11.210688, 22.25595, 829.0], [11.689178, 22.25595, 847.0], [12.215961, 22.25595, 865.0], [12.889052, 22.062489, 882.0], [13.605776, 21.93202, 900.0], [14.22406, 21.694324, 918.0], [14.768409, 21.553713, 936.0], [15.3167095, 21.27924, 953.0], [15.8427105, 20.979696, 971.0], [16.449709, 20.689089, 989.0], [16.933205, 20.429016, 1007.0], [17.39901, 20.168146, 1025.0], [17.939728, 19.867163, 1043.0], [18.430338, 19.536373, 1060.0], [18.941092, 19.155046, 1078.0], [19.427826, 18.793335, 1095.0], [19.883144, 18.473953, 1113.0], [20.271845, 18.098087, 1131.0], [20.541452, 17.743273, 1149.0], [20.94039, 17.23993, 1167.0], [21.348429, 16.727686, 1184.0], [21.718992, 16.245106, 1202.0], [21.966537, 15.791169, 1220.0], [22.103931, 15.3574505, 1238.0], [22.135923, 14.964461, 1255.0], [22.135923, 14.536783, 1273.0], [22.047974, 14.079087, 1291.0], [21.917171, 13.621004, 1309.0], [21.786442, 13.202028, 1326.0], [21.618378, 12.684822, 1344.0], [21.437859, 12.116768, 1362.0], [21.199654, 11.560329, 1380.0], [20.819141, 10.88162, 1397.0], [20.30723, 10.269066, 1415.0], [19.826176, 9.7638645, 1433.0], [19.30373, 9.279961, 1451.0], [18.670235, 8.8121, 1469.0], [17.972433, 8.392398, 1486.0], [17.423943, 8.035343, 1504.0], [17.016373, 7.8233414, 1522.0], [16.499676, 7.6651297, 1539.0], [16.045649, 7.541618, 1557.0], [15.649073, 7.4503794, 1575.0], [15.350572, 7.3661118, 1593.0], [15.193779, 7.338935, 1611.0]"}