{"Image number":30444,"Image shape":6,"Path":"[12.07767, 4.6918945, 0.0], [11.904946, 4.6918945, 52.0], [11.747573, 4.789042, 106.0], [11.471144, 5.288896, 141.0], [11.193136, 5.6978426, 159.0], [10.81427, 6.2090654, 177.0], [10.3307085, 7.037969, 194.0], [9.882255, 7.6955786, 212.0], [9.538243, 8.286402, 230.0], [9.289288, 8.98391, 248.0], [9.077408, 9.613535, 265.0], [8.947606, 10.197999, 283.0], [8.854606, 11.061612, 301.0], [8.854369, 11.947457, 318.0], [8.854369, 12.745201, 336.0], [8.854369, 13.486358, 354.0], [8.879222, 14.376968, 372.0], [9.113403, 15.316901, 390.0], [9.332076, 16.028965, 408.0], [9.6449375, 16.68808, 425.0], [9.992806, 17.384237, 443.0], [10.23453, 18.070654, 460.0], [10.500222, 18.678467, 478.0], [10.752846, 19.216106, 496.0], [10.884792, 19.696474, 514.0], [11.118857, 20.142868, 532.0], [11.378641, 20.66275, 549.0], [11.760603, 21.01907, 567.0], [12.201428, 21.379995, 585.0], [12.5724, 21.680513, 603.0], [12.948231, 21.894894, 621.0], [13.488988, 22.05526, 638.0], [13.999257, 22.184462, 656.0], [14.493868, 22.21709, 675.0], [15.053558, 22.10532, 691.0], [15.787335, 21.862122, 709.0], [16.569252, 21.485424, 727.0], [17.201477, 21.01435, 745.0], [17.801914, 20.583633, 763.0], [18.36159, 20.13973, 781.0], [18.879826, 19.645523, 798.0], [19.391666, 19.108322, 816.0], [19.874084, 18.504332, 833.0], [20.207937, 17.917866, 851.0], [20.422623, 17.474625, 869.0], [20.578022, 17.006378, 887.0], [20.664455, 16.59588, 905.0], [20.699028, 16.175209, 922.0], [20.699028, 15.833386, 940.0], [20.699028, 15.337252, 958.0], [20.699028, 14.945772, 976.0], [20.699028, 14.54228, 994.0], [20.699028, 14.260867, 1011.0], [20.665539, 13.889246, 1029.0], [20.543686, 13.571068, 1047.0], [20.261086, 13.132432, 1064.0], [19.944752, 12.867143, 1082.0], [19.63107, 12.560748, 1100.0], [19.155037, 12.440832, 1118.0], [18.544718, 12.310441, 1135.0], [17.941748, 12.249876, 1153.0], [17.409569, 12.269307, 1171.0], [16.634224, 12.346035, 1189.0], [15.879801, 12.470695, 1206.0], [15.098864, 12.5561695, 1224.0], [14.209307, 12.814551, 1242.0], [13.465235, 13.075884, 1260.0], [12.841379, 13.337217, 1278.0], [12.457525, 13.558438, 1296.0], [12.092753, 13.72435, 1313.0], [11.710812, 13.964747, 1331.0], [11.403676, 14.187183, 1349.0], [11.104171, 14.349554, 1366.0], [10.843842, 14.591923, 1384.0]"}