{"Image number":34,"Image shape":0,"Path":"[18.09623, 7.644121, 0.0], [18.3702, 7.5527687, 41.0], [18.705215, 7.6348367, 69.0], [18.896305, 7.716485, 87.0], [19.120333, 7.8508496, 102.0], [19.347134, 8.004129, 116.0], [19.54874, 8.186536, 125.0], [19.72985, 8.402912, 139.0], [19.867485, 8.674622, 153.0], [19.950552, 8.930542, 167.0], [20.041044, 9.182573, 181.0], [20.06242, 9.487468, 196.0], [20.105515, 9.803443, 211.0], [20.09883, 10.1036825, 226.0], [20.074785, 10.422551, 239.0], [20.06242, 10.787132, 251.0], [19.977913, 11.108771, 264.0], [19.938866, 11.423084, 278.0], [19.893272, 11.802289, 292.0], [19.848324, 12.161967, 306.0], [19.764406, 12.515257, 320.0], [19.671534, 12.886868, 334.0], [19.58203, 13.281428, 351.0], [19.461773, 13.641383, 370.0], [19.364681, 13.968988, 381.0], [19.273445, 14.334046, 390.0], [19.125797, 14.695441, 404.0], [18.988964, 15.030317, 418.0], [18.814056, 15.347514, 432.0], [18.634577, 15.614221, 447.0], [18.4899, 15.97871, 461.0], [18.280172, 16.266762, 476.0], [18.129633, 16.537289, 495.0], [17.950249, 16.850561, 503.0], [17.729069, 17.137589, 517.0], [17.547567, 17.427382, 530.0], [17.330257, 17.698416, 544.0], [17.148636, 17.97134, 558.0], [16.916363, 18.23896, 572.0], [16.75062, 18.513922, 585.0], [16.570131, 18.749113, 600.0], [16.38784, 18.97705, 614.0], [16.22568, 19.183983, 628.0], [16.063528, 19.391674, 641.0], [15.883016, 19.617392, 656.0], [15.701015, 19.888517, 669.0], [15.573507, 20.105852, 684.0], [15.412362, 20.333382, 697.0], [15.2646265, 20.52651, 711.0], [15.12888, 20.750013, 725.0], [14.993879, 20.924046, 739.0], [14.833846, 21.129604, 753.0], [14.652952, 21.323313, 767.0], [14.471929, 21.463068, 781.0], [14.290959, 21.598837, 795.0], [14.050622, 21.734844, 808.0], [13.856212, 21.838964, 823.0], [13.635119, 21.929436, 837.0], [13.409699, 21.970737, 851.0], [13.183492, 22.052422, 864.0], [12.926767, 22.127945, 879.0], [12.653566, 22.179712, 893.0], [12.432964, 22.176804, 907.0], [12.205968, 22.213226, 921.0], [11.950708, 22.213226, 936.0], [11.754097, 22.175148, 950.0], [11.481068, 22.176804, 964.0], [11.333605, 22.072441, 976.0], [11.139791, 21.947697, 991.0], [10.995555, 21.775427, 1006.0], [10.859965, 21.458408, 1020.0], [10.7963295, 21.106752, 1033.0], [10.777634, 20.673409, 1048.0], [10.777634, 20.183466, 1062.0], [10.821757, 19.599741, 1076.0], [10.952848, 18.73153, 1089.0], [11.108402, 17.830206, 1103.0], [11.244821, 17.24998, 1117.0], [11.3794155, 16.623726, 1131.0], [11.619199, 15.936164, 1146.0], [11.833007, 15.2336445, 1159.0], [12.104146, 14.51037, 1173.0], [12.766927, 13.070319, 1200.0], [13.106798, 12.36755, 1214.0], [13.469945, 11.718033, 1228.0], [13.833295, 11.081966, 1242.0], [14.193947, 10.598495, 1258.0], [14.613009, 10.065447, 1271.0], [15.021536, 9.565976, 1285.0], [15.464644, 9.1110325, 1298.0], [15.914621, 8.708564, 1313.0], [16.314308, 8.261093, 1327.0], [16.722965, 7.8817825, 1340.0], [17.129793, 7.558315, 1354.0], [17.531475, 7.1992946, 1369.0], [17.940699, 6.910118, 1383.0], [18.348745, 6.6379976, 1396.0], [18.794243, 6.402642, 1410.0]"}