{"Image number":15169,"Image shape":0,"Path":"[16.050781, 7.8101854, 0.0], [17.034971, 8.00463, 128.0], [17.41101, 8.100084, 144.0], [17.85189, 8.143593, 161.0], [18.360085, 8.201836, 178.0], [18.739426, 8.258441, 194.0], [19.012249, 8.296296, 211.0], [19.254204, 8.363602, 228.0], [19.422745, 8.414868, 244.0], [19.59274, 8.515603, 260.0], [19.770071, 8.620689, 277.0], [19.9127, 8.721414, 294.0], [20.049425, 8.782408, 311.0], [20.173168, 8.873835, 328.0], [20.343662, 8.976772, 361.0], [20.487684, 9.074074, 394.0], [20.657455, 9.194269, 428.0], [20.772776, 9.302062, 461.0], [20.855484, 9.414351, 494.0], [20.974422, 9.663689, 527.0], [21.03014, 9.8131895, 544.0], [21.086227, 10.012599, 561.0], [21.147444, 10.27887, 578.0], [21.205164, 10.484097, 594.0], [21.262836, 10.689159, 611.0], [21.316437, 10.83113, 629.0], [21.328125, 10.984967, 644.0], [21.355469, 11.188727, 661.0], [21.382812, 11.395565, 678.0], [21.409628, 11.648582, 695.0], [21.410156, 11.885763, 711.0], [21.4375, 12.086677, 727.0], [21.4375, 12.300943, 744.0], [21.4375, 12.503177, 761.0], [21.4375, 12.6412735, 778.0], [21.4375, 12.799198, 794.0], [21.450684, 12.961224, 811.0], [21.464844, 13.130698, 828.0], [21.484009, 13.322767, 844.0], [21.492188, 13.477092, 861.0], [21.492188, 13.677052, 877.0], [21.492188, 13.928127, 894.0], [21.492188, 14.130572, 911.0], [21.406681, 14.33643, 928.0], [21.382812, 14.540555, 944.0], [21.322945, 14.682771, 961.0], [21.301037, 14.857892, 977.0], [21.261402, 15.047414, 994.0], [21.201654, 15.2112465, 1011.0], [21.149878, 15.346729, 1027.0], [21.091614, 15.505283, 1044.0], [21.00488, 15.716438, 1061.0], [20.919003, 15.971338, 1077.0], [20.780472, 16.221287, 1094.0], [20.666092, 16.526993, 1111.0], [20.490108, 16.775612, 1128.0], [20.356586, 16.974869, 1144.0], [20.189608, 17.223106, 1161.0], [20.008003, 17.428017, 1177.0], [19.817327, 17.635757, 1194.0], [19.600193, 17.855415, 1211.0], [19.36064, 18.138924, 1228.0], [19.104214, 18.39441, 1244.0], [18.793402, 18.596966, 1261.0], [18.487728, 18.84292, 1278.0], [18.176424, 18.993288, 1295.0], [17.897879, 19.140938, 1311.0], [17.622118, 19.31969, 1328.0], [17.302378, 19.397675, 1344.0], [16.927227, 19.50073, 1361.0], [16.564644, 19.60006, 1377.0], [16.214905, 19.700441, 1394.0], [15.890793, 19.805958, 1411.0], [15.571356, 19.902468, 1428.0], [15.258043, 20.003403, 1444.0], [14.860062, 20.151108, 1461.0], [14.4693165, 20.300968, 1478.0], [14.100086, 20.502403, 1494.0], [13.747135, 20.712347, 1511.0], [13.426458, 20.805355, 1528.0], [13.151909, 20.954784, 1545.0], [12.860562, 21.032408, 1561.0], [12.540833, 21.10827, 1578.0], [12.232967, 21.12963, 1594.0], [11.914432, 21.17824, 1611.0], [11.627327, 21.17824, 1628.0], [11.316528, 21.17824, 1645.0], [10.953318, 21.17824, 1661.0], [10.553567, 21.17824, 1678.0], [10.159348, 21.17824, 1694.0], [9.776081, 21.060535, 1711.0], [9.448144, 21.028616, 1731.0], [9.064453, 20.983797, 1744.0], [8.741585, 20.821938, 1761.0], [8.424686, 20.673685, 1777.0], [8.145151, 20.52053, 1794.0], [7.8866873, 20.369198, 1811.0], [7.669449, 20.193445, 1828.0], [7.4527073, 19.980986, 1845.0], [7.278331, 19.82293, 1862.0], [7.101164, 19.559475, 1878.0], [6.990114, 19.304655, 1894.0], [6.8819647, 19.064865, 1911.0], [6.8359375, 18.642572, 1927.0], [6.8359375, 18.185335, 1944.0], [6.9038744, 17.706299, 1960.0], [7.004387, 17.225143, 1978.0], [7.14431, 16.776253, 1994.0], [7.3535953, 16.369072, 2011.0], [7.608898, 15.946974, 2027.0], [7.976863, 15.404647, 2044.0], [8.335846, 14.960756, 2061.0], [8.670889, 14.51506, 2078.0], [8.982925, 14.104428, 2094.0], [9.313628, 13.726635, 2111.0], [9.620565, 13.39547, 2127.0], [9.9140005, 13.074148, 2144.0], [10.297902, 12.668269, 2161.0], [10.674446, 12.257969, 2177.0], [11.034206, 11.864722, 2195.0], [11.437719, 11.491566, 2211.0], [11.822176, 11.161466, 2229.0], [12.277921, 10.793308, 2244.0], [12.711414, 10.437798, 2261.0], [13.105919, 10.088612, 2277.0], [13.429096, 9.800295, 2294.0], [13.79399, 9.415457, 2311.0], [14.131894, 9.126974, 2328.0], [14.426574, 8.840732, 2345.0], [14.682118, 8.637884, 2362.0], [14.872681, 8.459709, 2378.0], [15.085467, 8.318686, 2394.0], [15.439359, 8.138155, 2411.0], [15.941406, 7.9560184, 2427.0]"}