{"Image number":38557,"Image shape":7,"Path":"[8.758736, 11.787088, 0.0], [9.277817, 11.360892, 53.0], [9.927334, 10.570233, 69.0], [10.729, 9.436925, 86.0], [11.371532, 8.565052, 102.0], [12.397529, 7.4470105, 135.0], [12.675039, 7.262954, 152.0], [12.952576, 7.264838, 185.0], [13.23263, 7.452673, 218.0], [13.465995, 7.686198, 235.0], [13.883991, 8.011139, 251.0], [14.447082, 8.433734, 268.0], [15.192798, 9.08725, 284.0], [16.029106, 9.690934, 301.0], [17.009361, 10.204261, 317.0], [18.032803, 10.669481, 334.0], [19.11685, 11.0464945, 350.0], [20.129358, 11.274918, 367.0], [21.113148, 11.415311, 384.0], [21.903606, 11.46114, 400.0], [22.602055, 11.460741, 417.0], [23.063938, 11.460741, 433.0], [23.342476, 11.460741, 450.0], [23.009857, 11.602067, 499.0], [22.500818, 11.694151, 516.0], [21.662693, 11.8806, 532.0], [20.632702, 12.2555685, 549.0], [19.46634, 12.816534, 566.0], [18.298178, 13.565934, 582.0], [15.917704, 15.671789, 615.0], [14.751913, 17.028164, 632.0], [13.69251, 18.272903, 648.0], [12.711996, 19.534956, 665.0], [11.7200985, 20.620771, 681.0], [10.942164, 21.820208, 698.0], [10.286665, 22.756647, 714.0], [9.730403, 23.545116, 731.0], [9.173092, 24.052986, 748.0], [8.706782, 24.47287, 764.0], [8.47778, 24.843285, 781.0]"}