{"Image number":37482,"Image shape":1,"Path":"[13.138102, 5.8662043, 0.0], [13.560219, 6.570098, 85.0], [13.980677, 7.365587, 105.0], [14.3507, 8.340496, 118.0], [14.536946, 9.181587, 137.0], [14.815708, 10.858269, 168.0], [14.862341, 11.701839, 184.0], [14.861364, 13.616478, 217.0], [14.720876, 14.593133, 234.0], [14.580145, 15.578932, 251.0], [14.441728, 16.454706, 267.0], [14.349049, 17.338509, 284.0], [14.302393, 18.040833, 300.0], [14.255702, 18.741705, 317.0], [14.209064, 19.34732, 333.0], [14.209649, 20.00256, 350.0], [14.16254, 20.558115, 366.0], [14.163061, 21.068733, 383.0], [14.163061, 21.486658, 399.0], [14.163061, 21.957016, 416.0]"}