{"Image number":293,"Image shape":0,"Path":"[12.998699, 6.6971292, 0.0], [13.326751, 6.478416, 63.0], [13.689899, 6.342236, 77.0], [14.123312, 6.224458, 91.0], [14.635273, 6.1328955, 103.0], [15.177988, 6.0783887, 117.0], [15.766792, 6.033047, 133.0], [16.403912, 6.005096, 147.0], [17.01285, 6.005096, 161.0], [17.561722, 6.005096, 176.0], [18.097916, 6.005096, 188.0], [18.549582, 6.1103654, 203.0], [18.975021, 6.200447, 215.0], [19.315521, 6.358647, 229.0], [19.589836, 6.4971848, 243.0], [19.858747, 6.6827145, 257.0], [20.048578, 6.9131103, 271.0], [20.196936, 7.152074, 285.0], [20.33264, 7.4198604, 299.0], [20.46783, 7.6903305, 314.0], [20.567165, 7.9481, 327.0], [20.702946, 8.233559, 341.0], [20.798792, 8.587322, 355.0], [20.88921, 8.899804, 369.0], [21.038036, 9.217131, 383.0], [21.143085, 9.594885, 397.0], [21.233776, 9.963589, 411.0], [21.323853, 10.372177, 425.0], [21.393955, 10.817538, 440.0], [21.409622, 11.224782, 453.0], [21.448107, 11.671352, 467.0], [21.446033, 12.122331, 483.0], [21.390047, 12.558067, 497.0], [21.344646, 13.029077, 510.0], [21.261677, 13.483272, 523.0], [21.17104, 13.983101, 537.0], [21.0444, 14.460743, 551.0], [20.926298, 14.885786, 565.0], [20.790844, 15.4013405, 579.0], [20.654493, 15.856126, 593.0], [20.483093, 16.323797, 607.0], [20.320658, 16.822515, 621.0], [20.140173, 17.283821, 635.0], [19.958473, 17.738214, 649.0], [19.725433, 18.18888, 663.0], [19.473589, 18.580338, 677.0], [19.20257, 18.986996, 692.0], [18.934727, 19.346577, 706.0], [18.556004, 19.7654, 719.0], [18.232357, 20.04985, 733.0], [17.836405, 20.400536, 747.0], [17.426294, 20.72311, 761.0], [16.97171, 21.037458, 776.0], [16.483152, 21.271734, 789.0], [15.997934, 21.4666, 803.0], [15.501934, 21.647024, 817.0], [15.007181, 21.77786, 832.0], [14.472145, 21.892262, 845.0], [14.002247, 21.95258, 859.0], [13.471884, 22.037212, 873.0], [12.9765415, 22.031113, 887.0], [12.516037, 22.031113, 902.0], [12.050974, 21.972628, 915.0], [11.554066, 21.919605, 929.0], [11.158167, 21.838682, 947.0], [10.750537, 21.754978, 957.0], [10.338989, 21.61775, 971.0], [9.97155, 21.519932, 985.0], [9.6091585, 21.337418, 999.0], [9.26408, 21.210531, 1014.0], [8.974888, 21.074814, 1027.0], [8.702958, 20.902506, 1042.0], [8.440116, 20.727222, 1054.0], [8.215725, 20.541832, 1069.0], [8.115075, 20.20085, 1083.0], [8.048115, 19.891277, 1097.0], [8.003212, 19.44601, 1111.0], [8.06301, 18.975506, 1125.0], [8.158427, 18.452158, 1138.0], [8.260309, 17.908749, 1152.0], [8.392535, 17.284868, 1166.0], [8.579902, 16.671383, 1181.0], [8.760932, 15.9923, 1194.0], [8.975811, 15.309558, 1208.0], [9.200011, 14.678053, 1221.0], [9.827576, 13.090887, 1235.0], [9.96612, 12.873529, 1249.0], [10.2395935, 12.294697, 1263.0], [10.550989, 11.707444, 1278.0], [10.914642, 11.073871, 1291.0], [11.427793, 10.073419, 1305.0], [11.864941, 9.244924, 1321.0], [12.493311, 8.156185, 1333.0], [12.789003, 7.746062, 1347.0], [13.123377, 7.2202945, 1363.0], [13.516719, 6.703211, 1375.0], [13.884827, 6.206764, 1389.0]"}