{"Image number":39703,"Image shape":4,"Path":"[10.855241, 9.968864, 0.0], [10.573604, 11.14544, 53.0], [10.341597, 12.72744, 69.0], [10.153541, 14.66036, 86.0], [10.109417, 16.041636, 102.0], [10.250978, 16.971334, 119.0], [10.673812, 17.480896, 135.0], [11.4761095, 17.664934, 152.0], [12.686201, 17.519875, 168.0], [14.23564, 17.047396, 185.0], [15.916145, 16.248878, 202.0], [17.69832, 15.16555, 218.0], [19.178648, 14.001011, 235.0], [20.319529, 12.899544, 251.0], [21.206062, 11.635765, 268.0], [21.853601, 10.52257, 284.0], [22.225353, 9.636832, 301.0], [22.412016, 9.3114395, 317.0], [22.174145, 9.363236, 334.0], [21.657515, 9.787603, 351.0], [20.821001, 10.672714, 367.0], [19.750559, 12.024215, 384.0], [18.623161, 13.717237, 400.0], [16.254559, 17.342825, 433.0], [14.9893265, 18.935667, 450.0], [13.777544, 20.333544, 466.0], [12.655864, 21.737843, 483.0], [11.681486, 23.180902, 499.0], [10.987728, 24.481636, 516.0], [10.433852, 25.778305, 532.0], [10.091197, 26.95622, 549.0], [9.962046, 27.730288, 566.0]"}