{"Image number":10895,"Image shape":8,"Path":"[20.688889, 7.8555555, 0.0], [19.81667, 7.493163, 29.0], [19.234491, 7.379822, 46.0], [18.70928, 7.3499994, 63.0], [17.870132, 7.4056935, 79.0], [16.586973, 7.927003, 96.0], [15.287088, 8.659585, 113.0], [14.127293, 9.535141, 130.0], [13.207642, 10.605726, 146.0], [12.601638, 11.78698, 163.0], [12.352393, 13.322134, 181.0], [12.212954, 15.057548, 196.0], [12.156571, 16.725048, 213.0], [12.231291, 18.308233, 230.0], [12.448349, 19.659971, 247.0], [12.7228155, 21.309118, 263.0], [12.953442, 22.528456, 280.0], [13.125577, 23.797943, 297.0], [13.205798, 24.642525, 314.0], [13.222221, 25.21327, 330.0], [13.069264, 25.544804, 347.0], [12.898981, 25.627277, 364.0], [12.423088, 25.741257, 380.0], [11.644041, 25.798838, 397.0], [10.731832, 25.457878, 414.0], [9.985787, 24.984606, 431.0], [9.258176, 24.172253, 447.0], [8.850283, 23.050848, 464.0], [8.674627, 21.758133, 481.0], [8.842081, 20.614614, 499.0], [9.313645, 19.4469, 514.0], [10.227035, 18.354143, 531.0], [11.572731, 17.066198, 547.0], [13.033178, 15.844982, 564.0], [14.486111, 14.719444, 581.0], [15.888216, 13.683399, 598.0], [17.005442, 12.811199, 614.0], [17.811111, 12.094444, 632.0], [18.295914, 11.3466425, 648.0], [18.668762, 10.662773, 665.0], [18.822222, 9.877778, 681.0]"}