{"Image number":98,"Image shape":3,"Path":"[9.357607, 8.336153, 0.0], [9.447096, 8.157116, 66.0], [9.73828, 7.969269, 95.0], [9.96655, 7.7978487, 107.0], [10.280806, 7.6159196, 121.0], [10.705275, 7.486135, 136.0], [11.198951, 7.288884, 154.0], [11.72431, 7.14331, 170.0], [12.258455, 7.008348, 183.0], [12.7542, 6.873101, 201.0], [13.231352, 6.7365794, 216.0], [13.68225, 6.6332207, 226.0], [14.100882, 6.582719, 234.0], [14.502859, 6.587861, 247.0], [14.774272, 6.6107154, 261.0], [15.04669, 6.656132, 275.0], [15.318315, 6.7421303, 289.0], [15.489068, 6.831824, 303.0], [15.648831, 7.017064, 317.0], [15.784322, 7.183014, 331.0], [15.881066, 7.364552, 346.0], [15.97043, 7.590985, 360.0], [16.002602, 7.8626575, 374.0], [16.049786, 8.109442, 387.0], [16.057217, 8.383403, 402.0], [16.057217, 8.703213, 414.0], [16.057217, 8.955341, 428.0], [16.028746, 9.263973, 443.0], [16.020805, 9.580874, 456.0], [15.928614, 9.897306, 472.0], [15.874658, 10.195232, 485.0], [15.756971, 10.521138, 499.0], [15.584684, 10.847906, 513.0], [15.448168, 11.1660795, 526.0], [15.223087, 11.463527, 541.0], [15.0420685, 11.7613735, 554.0], [14.826096, 12.043053, 568.0], [14.598696, 12.316023, 582.0], [14.322326, 12.584781, 597.0], [14.049017, 12.832961, 610.0], [13.77848, 13.024587, 624.0], [13.505922, 13.249266, 639.0], [13.236601, 13.458802, 653.0], [12.964466, 13.640285, 667.0], [12.758005, 13.788928, 681.0], [12.576073, 13.925422, 695.0], [12.371148, 14.077023, 722.0], [12.611469, 14.120726, 780.0], [12.881399, 14.060883, 802.0], [13.2396345, 14.015608, 814.0], [13.661625, 13.970002, 825.0], [14.115688, 13.924581, 834.0], [14.56896, 13.87924, 849.0], [15.060405, 13.872414, 862.0], [15.462056, 13.872414, 876.0], [15.868499, 13.947825, 897.0], [16.277788, 14.010245, 913.0], [16.608566, 14.092247, 925.0], [16.971716, 14.1830635, 934.0], [17.224886, 14.292535, 946.0], [17.496988, 14.42863, 959.0], [17.767618, 14.56399, 973.0], [17.949669, 14.745645, 987.0], [18.075584, 14.92542, 1002.0], [18.210524, 15.105399, 1016.0], [18.347956, 15.324071, 1031.0], [18.4386, 15.504374, 1044.0], [18.476505, 15.738002, 1058.0], [18.53316, 15.987576, 1070.0], [18.53316, 16.262735, 1084.0], [18.53316, 16.491854, 1098.0], [18.53316, 16.71593, 1112.0], [18.472496, 17.041065, 1127.0], [18.427252, 17.345709, 1140.0], [18.297894, 17.621151, 1154.0], [18.162968, 17.891088, 1168.0], [18.026619, 18.246717, 1183.0], [17.859072, 18.576351, 1198.0], [17.6774, 18.894382, 1211.0], [17.498423, 19.25703, 1225.0], [17.19956, 19.621204, 1239.0], [16.928112, 19.952408, 1254.0], [16.655567, 20.310343, 1268.0], [16.386288, 20.669498, 1281.0], [16.056276, 21.033163, 1295.0], [15.740031, 21.335268, 1311.0], [15.383919, 21.68479, 1323.0], [15.025913, 21.99591, 1337.0], [14.605738, 22.294909, 1357.0], [14.198778, 22.566303, 1369.0], [13.794696, 22.76181, 1379.0], [13.338609, 22.990208, 1393.0], [12.885065, 23.144207, 1408.0], [12.433909, 23.315142, 1420.0], [11.98137, 23.414742, 1434.0], [11.53179, 23.549442, 1448.0], [11.127714, 23.524445, 1463.0], [10.76019, 23.461803, 1477.0], [10.392934, 23.417156, 1490.0], [10.069933, 23.327383, 1504.0], [9.806917, 23.28976, 1518.0]"}