{"Image number":30321,"Image shape":4,"Path":"[8.932038, 7.3342752, 0.0], [8.992496, 7.6539645, 117.0], [9.057541, 8.057876, 134.0], [9.232998, 8.661902, 152.0], [9.559876, 9.499264, 170.0], [9.914939, 10.419844, 188.0], [10.242342, 11.15705, 205.0], [10.569652, 11.879587, 223.0], [10.831729, 12.561591, 241.0], [11.182674, 13.315201, 259.0], [11.637802, 14.134966, 277.0], [12.147878, 14.814922, 294.0], [12.647509, 15.363709, 312.0], [13.322987, 15.853624, 330.0], [13.976673, 16.138054, 348.0], [14.428324, 16.277615, 365.0], [15.585795, 16.14445, 383.0], [16.696732, 15.854584, 401.0], [17.778803, 15.472657, 419.0], [18.761763, 15.184872, 436.0], [19.442091, 15.031112, 454.0], [19.803654, 14.89946, 472.0], [20.058563, 14.879201, 490.0], [20.272846, 14.795112, 508.0], [20.49998, 14.756254, 543.0], [20.007568, 14.911688, 650.0], [19.617523, 14.950546, 667.0], [19.12829, 14.899803, 685.0], [18.601046, 14.678198, 703.0], [18.016272, 14.143972, 721.0], [17.58472, 13.38117, 738.0], [17.433844, 12.481092, 756.0], [17.370302, 11.62516, 774.0], [17.359224, 10.948732, 792.0], [17.359224, 10.583122, 809.0], [17.359224, 10.345149, 827.0], [17.359224, 10.132089, 863.0], [17.320389, 10.305437, 898.0], [17.190666, 10.729004, 916.0], [16.988543, 11.708719, 934.0], [16.81308, 12.956915, 952.0], [16.682686, 14.439187, 969.0], [16.660194, 16.009377, 987.0], [16.865376, 17.725552, 1005.0], [17.127237, 19.34771, 1023.0], [17.461033, 20.67871, 1040.0], [17.764565, 21.779936, 1058.0], [18.024467, 22.77034, 1076.0], [18.247347, 23.593973, 1094.0], [18.379946, 24.204098, 1111.0], [18.459028, 24.67449, 1129.0], [18.52433, 25.054115, 1147.0]"}