{"Image number":35755,"Image shape":9,"Path":"[11.4143095, 9.129684, 0.0], [11.321131, 9.456033, 36.0], [11.038715, 10.539373, 52.0], [10.710742, 12.231034, 69.0], [10.620678, 14.056475, 85.0], [10.810608, 15.3911085, 102.0], [11.279961, 16.320185, 118.0], [12.07053, 16.731033, 135.0], [13.100055, 16.72893, 151.0], [14.124634, 16.259003, 168.0], [15.104712, 15.273798, 184.0], [15.794642, 13.883108, 201.0], [16.172148, 12.417454, 218.0], [16.25975, 11.085114, 234.0], [15.976973, 10.050883, 251.0], [15.506599, 9.256716, 267.0], [14.905308, 8.847755, 284.0], [14.254171, 8.616113, 300.0], [13.788516, 8.570046, 317.0], [13.556833, 8.616965, 333.0], [13.650992, 8.850983, 350.0], [14.07485, 9.368864, 366.0], [14.629205, 10.248993, 383.0], [15.471269, 11.372457, 400.0], [16.175138, 12.783645, 416.0], [17.009111, 14.21849, 433.0], [17.520348, 15.805405, 449.0], [17.936947, 17.522217, 466.0], [18.030807, 19.403502, 482.0], [17.796705, 21.300253, 499.0], [17.467972, 23.038172, 515.0], [17.030151, 24.39489, 532.0], [16.818634, 25.074114, 560.0]"}