{"Image number":30344,"Image shape":2,"Path":"[7.3398056, 8.111444, 0.0], [7.145631, 8.03373, 106.0], [7.446039, 7.8808656, 142.0], [7.7744, 7.7540493, 159.0], [8.2800455, 7.623661, 177.0], [8.998254, 7.530861, 195.0], [9.845166, 7.46261, 213.0], [10.550241, 7.489709, 231.0], [11.426, 7.489709, 248.0], [12.162099, 7.6079736, 266.0], [12.900907, 7.91359, 284.0], [13.653954, 8.198703, 302.0], [14.29985, 8.562614, 319.0], [14.899059, 8.944333, 337.0], [15.240683, 9.379265, 355.0], [15.545855, 9.806122, 373.0], [15.74093, 10.252584, 390.0], [15.846733, 10.610823, 408.0], [15.95377, 11.012887, 426.0], [16.019024, 11.527828, 444.0], [16.038836, 12.181557, 461.0], [15.833595, 13.04084, 479.0], [15.367798, 14.000783, 497.0], [14.84507, 15.046877, 515.0], [14.434179, 15.899204, 532.0], [13.880535, 16.860538, 550.0], [13.308715, 17.8585, 568.0], [12.79513, 18.53804, 586.0], [12.450043, 19.140383, 604.0], [12.187822, 19.564814, 621.0], [11.965471, 19.955755, 639.0], [11.706023, 20.29631, 657.0], [11.444316, 20.60975, 675.0], [11.2084675, 20.910744, 710.0], [11.444877, 20.5631, 852.0], [11.865662, 20.263659, 870.0], [12.444462, 19.945057, 888.0], [13.141224, 19.65562, 906.0], [14.023449, 19.225803, 923.0], [14.693327, 18.868397, 941.0], [15.258231, 18.562243, 959.0], [16.026077, 18.201616, 976.0], [16.771357, 17.88704, 994.0], [17.550339, 17.49731, 1012.0], [18.485329, 16.91539, 1030.0], [19.314451, 16.329622, 1048.0], [19.867136, 15.961387, 1065.0], [20.343958, 15.500128, 1083.0], [20.77226, 15.188138, 1101.0], [21.319546, 14.795674, 1119.0], [21.825598, 14.328562, 1136.0], [22.319756, 13.899132, 1154.0], [22.726007, 13.558287, 1172.0], [23.21, 13.183662, 1190.0], [23.558119, 12.887896, 1207.0], [23.555649, 12.628035, 1225.0], [23.86576, 12.486626, 1243.0], [6.407767, 8.03373, 0.0], [6.563107, 7.858864, 95.0], [6.919963, 7.6608996, 113.0], [7.3416967, 7.53913, 131.0], [7.841216, 7.369582, 149.0], [8.851466, 7.0502796, 166.0], [9.442308, 6.9142613, 184.0], [10.116931, 6.8679714, 202.0], [11.033629, 6.917494, 220.0], [11.829876, 6.983315, 237.0], [12.582335, 7.048374, 255.0], [13.546605, 7.3704147, 273.0], [14.33309, 7.7242203, 291.0], [14.888556, 8.0866785, 308.0], [15.252961, 8.360565, 326.0], [15.539701, 8.701477, 344.0], [15.772167, 9.054408, 362.0], [15.914024, 9.446558, 379.0], [16.045004, 9.8785925, 397.0], [16.143696, 10.295327, 415.0], [16.15534, 10.707096, 433.0], [16.194174, 11.095491, 451.0], [16.194174, 11.617683, 468.0], [16.194174, 12.202806, 486.0], [16.194174, 12.753999, 504.0], [16.018461, 13.308092, 522.0], [15.708737, 13.881937, 539.0], [15.351324, 14.447525, 557.0], [14.941332, 14.994747, 575.0], [14.632696, 15.5107355, 593.0], [14.323242, 16.034018, 610.0], [13.997998, 16.402775, 628.0], [13.686499, 16.861145, 646.0], [13.245248, 17.268787, 664.0], [12.785643, 17.73941, 681.0], [12.444066, 18.09218, 699.0], [12.18392, 18.431496, 717.0], [11.999684, 18.720612, 735.0], [11.766614, 18.914495, 752.0], [11.570007, 19.163967, 770.0], [11.334786, 19.425554, 788.0], [11.073937, 19.712955, 806.0], [10.921362, 19.876833, 824.0], [10.689182, 20.099579, 859.0], [10.873786, 19.88558, 983.0], [11.287289, 19.56555, 1001.0], [11.879013, 19.16894, 1019.0], [12.448456, 18.825756, 1037.0], [13.067093, 18.51625, 1054.0], [13.826601, 18.267944, 1072.0], [14.4357815, 18.070248, 1090.0], [14.946377, 17.872665, 1108.0], [15.369075, 17.75155, 1125.0], [15.950011, 17.596647, 1143.0], [16.58394, 17.402092, 1161.0], [17.203814, 17.24322, 1179.0], [17.87992, 17.086977, 1196.0], [18.64663, 16.78741, 1214.0], [19.352894, 16.538986, 1232.0], [19.817701, 16.38237, 1250.0], [20.208576, 16.241028, 1268.0], [20.64331, 15.951456, 1285.0], [21.166874, 15.717318, 1303.0], [21.63332, 15.521355, 1321.0], [21.997782, 15.330528, 1339.0], [22.330265, 15.173857, 1356.0], [22.604996, 15.065592, 1374.0], [22.867218, 14.981335, 1392.0], [23.0546, 14.877283, 1410.0], [23.272114, 14.712402, 1427.0], [23.582296, 14.484426, 1445.0], [23.728157, 14.328811, 1456.0]"}