{"Image number":37627,"Image shape":3,"Path":"[6.4292846, 4.654056, 0.0], [6.662229, 4.654056, 53.0], [8.155343, 5.1210604, 86.0], [9.2743, 5.6812634, 102.0], [10.392272, 6.287379, 119.0], [11.46406, 6.846899, 135.0], [12.445045, 7.5018005, 152.0], [13.191967, 8.109935, 169.0], [13.885782, 8.7588215, 185.0], [14.3041725, 9.317963, 202.0], [14.537666, 9.927167, 218.0], [14.583035, 10.631677, 235.0], [14.348396, 11.417596, 251.0], [14.068375, 12.210958, 268.0], [13.603919, 12.952737, 284.0], [13.2311325, 13.512296, 301.0], [12.809124, 14.028397, 317.0], [12.434778, 14.2608185, 334.0], [12.204397, 14.587054, 350.0], [11.926182, 14.7245245, 367.0], [11.456675, 14.818308, 384.0], [10.897957, 14.770518, 400.0], [10.430072, 14.770842, 417.0], [10.38971, 13.976663, 483.0], [10.812887, 13.601547, 499.0], [12.1193495, 12.716408, 532.0], [12.823468, 12.435187, 549.0], [13.563268, 12.34581, 566.0], [14.776123, 12.299922, 599.0], [15.241052, 12.347189, 615.0], [15.982058, 12.487167, 648.0], [16.77526, 12.954762, 681.0], [17.517908, 13.605698, 714.0], [17.800243, 13.935445, 731.0], [18.407452, 14.494539, 764.0], [18.733183, 14.869114, 781.0], [19.058044, 15.240641, 797.0], [19.335028, 15.70424, 814.0], [19.617449, 16.222466, 830.0], [19.895372, 16.77928, 847.0], [20.128025, 17.385712, 863.0], [20.314735, 17.946856, 880.0], [20.406963, 18.412163, 897.0], [20.405989, 18.92505, 913.0], [20.35919, 19.435276, 930.0], [20.21932, 19.99367, 946.0], [19.936779, 20.558506, 963.0], [19.515568, 21.071093, 979.0], [19.099785, 21.579622, 996.0], [18.534786, 21.955597, 1012.0], [17.977983, 22.327055, 1029.0], [17.230288, 22.558964, 1045.0], [16.442379, 22.74389, 1062.0], [15.550821, 22.837343, 1078.0], [14.6696615, 22.930157, 1095.0], [13.684667, 22.92954, 1111.0], [12.76387, 22.92954, 1128.0], [11.823645, 22.92954, 1145.0], [11.034564, 22.882507, 1161.0], [10.382617, 22.788713, 1178.0], [9.873977, 22.649025, 1194.0], [9.357766, 22.36647, 1211.0], [8.8495455, 21.995396, 1227.0]"}