{"Image number":38843,"Image shape":5,"Path":"[22.26955, 8.7100935, 0.0], [21.377586, 8.99163, 52.0], [20.15904, 9.272782, 69.0], [18.654518, 9.649442, 85.0], [17.089165, 9.876948, 102.0], [15.722541, 10.065495, 118.0], [14.663838, 10.156367, 135.0], [13.969444, 10.249559, 151.0], [13.370816, 10.341892, 184.0], [13.1378355, 10.341834, 217.0], [12.811874, 10.341834, 250.0], [12.578632, 10.48194, 267.0], [12.438092, 10.81079, 284.0], [12.34589, 11.181814, 300.0], [12.392839, 11.69562, 317.0], [12.674398, 12.865935, 350.0], [12.860859, 13.331314, 366.0], [13.000002, 13.703003, 383.0], [13.139233, 13.980544, 399.0], [13.466406, 14.212479, 433.0], [13.698107, 14.258197, 449.0], [13.930121, 14.304631, 466.0], [14.681346, 14.398454, 499.0], [15.145029, 14.491836, 515.0], [15.757006, 14.633268, 532.0], [16.45575, 15.009193, 548.0], [17.14618, 15.377677, 565.0], [17.844337, 15.936965, 582.0], [18.360075, 16.406221, 598.0], [18.730347, 17.011196, 614.0], [18.963833, 17.479076, 631.0], [19.102272, 17.990543, 648.0], [19.19579, 18.412312, 664.0], [19.241737, 18.784044, 681.0], [19.100605, 19.62345, 714.0], [18.86628, 20.090202, 730.0], [18.401989, 20.692602, 747.0], [17.183847, 21.864225, 780.0], [16.581745, 22.27958, 797.0], [15.97349, 22.700966, 813.0], [15.269771, 22.980736, 830.0], [14.581911, 23.209421, 846.0], [13.874583, 23.256485, 863.0], [13.035425, 23.208742, 879.0], [12.199903, 23.115313, 896.0], [11.268465, 22.834475, 912.0], [10.518724, 22.458128, 929.0], [9.680137, 21.991348, 945.0], [8.988761, 21.388512, 962.0], [8.384315, 20.689756, 978.0], [7.8253775, 19.89693, 995.0], [7.306599, 19.047087, 1012.0], [6.886808, 18.299164, 1028.0]"}