{"Image number":30496,"Image shape":0,"Path":"[12.466019, 7.8005757, 0.0], [12.285652, 7.8005757, 87.0], [12.043829, 7.951014, 141.0], [11.919128, 8.117853, 158.0], [11.691957, 8.42873, 176.0], [11.285469, 8.900789, 194.0], [10.854369, 9.393776, 212.0], [10.0941725, 10.224243, 229.0], [9.720331, 10.701432, 247.0], [9.393924, 11.180117, 265.0], [9.014125, 11.757521, 283.0], [8.738463, 12.423241, 301.0], [8.478603, 13.099284, 318.0], [8.217013, 13.819092, 336.0], [8.11396, 14.577243, 354.0], [8.183115, 15.467281, 371.0], [8.30273, 16.317175, 389.0], [8.475075, 17.165888, 407.0], [8.697071, 17.98584, 425.0], [8.907068, 18.662441, 443.0], [9.181929, 19.38801, 461.0], [9.61574, 19.971333, 478.0], [10.072796, 20.44415, 496.0], [10.449018, 20.859463, 514.0], [10.799295, 21.171093, 531.0], [11.300972, 21.439922, 549.0], [11.919811, 21.74535, 567.0], [12.434393, 22.010931, 585.0], [12.97982, 22.168264, 602.0], [13.61714, 22.315338, 620.0], [14.192284, 22.36986, 638.0], [14.65447, 22.372526, 656.0], [15.06403, 22.372526, 673.0], [15.56822, 22.372526, 691.0], [16.259714, 22.346539, 709.0], [16.860012, 22.17635, 727.0], [17.368523, 21.902235, 744.0], [17.89951, 21.509453, 762.0], [18.403917, 21.06928, 780.0], [18.851797, 20.479225, 798.0], [19.272408, 19.806898, 816.0], [19.67227, 19.136843, 833.0], [19.940617, 18.479788, 851.0], [20.167957, 17.844551, 869.0], [20.308464, 17.17656, 887.0], [20.439857, 16.42881, 904.0], [20.49879, 15.860061, 922.0], [20.504856, 15.294159, 940.0], [20.504856, 14.862485, 958.0], [20.504856, 14.286659, 975.0], [20.482864, 13.703322, 993.0], [20.417698, 13.1165, 1011.0], [20.27773, 12.528969, 1029.0], [20.155342, 11.977867, 1046.0], [19.837223, 11.38796, 1064.0], [19.541708, 10.88277, 1082.0], [19.279995, 10.45033, 1100.0], [18.967083, 10.00632, 1118.0], [18.526564, 9.551504, 1135.0], [18.00313, 9.196976, 1153.0], [17.535547, 8.806691, 1171.0], [17.11311, 8.529522, 1189.0], [16.496347, 8.193529, 1206.0], [15.847899, 7.8799133, 1224.0], [15.31256, 7.711177, 1242.0], [14.887072, 7.58481, 1260.0], [14.5556135, 7.4556246, 1277.0], [14.184467, 7.367303, 1295.0], [13.756305, 7.3022175, 1313.0], [13.24272, 7.2954173, 1331.0], [12.92766, 7.2954173, 1348.0], [12.715145, 7.3342752, 1366.0]"}