{"Image number":37952,"Image shape":8,"Path":"[18.635607, 4.0479803, 0.0], [18.40266, 4.0946016, 52.0], [17.699774, 4.141493, 69.0], [16.664234, 4.4249434, 85.0], [15.453487, 4.8925743, 102.0], [14.29471, 5.5913515, 118.0], [13.225861, 6.3830466, 135.0], [12.438136, 7.312791, 151.0], [11.923578, 8.155897, 168.0], [11.692275, 8.948536, 184.0], [11.553532, 9.551638, 201.0], [11.647558, 9.970233, 218.0], [11.882087, 10.344855, 234.0], [12.352771, 10.767442, 251.0], [13.048108, 11.417093, 267.0], [13.891269, 12.119894, 284.0], [14.729055, 12.912542, 300.0], [15.567469, 13.704924, 317.0], [16.313349, 14.5458355, 333.0], [17.014462, 15.482796, 350.0], [17.845377, 17.386469, 383.0], [17.98417, 18.272575, 400.0], [17.796423, 19.062458, 417.0], [16.905796, 20.840622, 449.0], [15.360123, 22.050873, 482.0], [14.43586, 22.27853, 499.0], [12.242088, 22.0879, 532.0], [11.176747, 21.715786, 548.0], [10.522496, 21.058071, 565.0], [10.246213, 20.26258, 582.0], [10.2023535, 19.326881, 598.0], [10.296308, 18.219189, 615.0], [10.718188, 17.14158, 631.0], [11.520266, 16.106306, 648.0], [12.638685, 15.08521, 664.0], [13.752321, 13.969715, 681.0], [14.917206, 12.897968, 698.0], [16.03688, 11.917972, 714.0], [16.95919, 11.087062, 730.0], [17.667223, 10.189316, 747.0], [18.125652, 9.311367, 763.0], [18.356466, 8.522272, 780.0], [18.402672, 7.637598, 797.0], [18.309326, 6.703799, 813.0], [18.122274, 5.768694, 830.0], [17.795967, 5.2584996, 846.0], [17.423069, 5.02626, 863.0], [17.001572, 5.074026, 879.0], [16.345343, 5.262246, 896.0]"}