{"Image number":10749,"Image shape":5,"Path":"[24.694443, 6.727778, 0.0], [23.760727, 6.8523245, 37.0], [23.068436, 7.2124815, 53.0], [22.524096, 7.424806, 70.0], [21.307037, 8.068799, 87.0], [19.816788, 8.816606, 104.0], [18.24665, 9.352782, 120.0], [16.759525, 9.8529, 137.0], [15.330574, 10.347537, 154.0], [13.906003, 10.736443, 170.0], [12.616956, 11.112414, 187.0], [11.724999, 11.433333, 204.0], [11.166343, 11.536765, 221.0], [10.973321, 11.599634, 237.0], [10.769216, 11.627778, 271.0], [10.997124, 11.736013, 354.0], [11.057066, 12.001993, 371.0], [11.11105, 12.593764, 388.0], [11.122222, 13.045447, 404.0], [11.122222, 13.6065445, 421.0], [11.122222, 14.016512, 438.0], [11.122222, 14.337017, 454.0], [11.063889, 14.544445, 472.0], [11.234542, 14.460206, 521.0], [11.4323, 14.273257, 538.0], [11.817196, 13.778684, 555.0], [12.295111, 13.464371, 571.0], [12.953132, 13.145989, 588.0], [13.582056, 13.021272, 605.0], [14.069784, 12.988889, 621.0], [14.544276, 13.040721, 638.0], [14.937202, 13.316188, 655.0], [15.213423, 13.580088, 672.0], [15.528463, 14.002766, 688.0], [15.830073, 14.415435, 705.0], [16.20319, 14.899338, 722.0], [16.492071, 15.4782715, 739.0], [16.642315, 16.012642, 755.0], [16.699318, 16.73556, 772.0], [16.52672, 17.243208, 788.0], [16.125898, 18.029913, 805.0], [15.628284, 18.743095, 822.0], [14.903389, 19.546385, 839.0], [14.113799, 20.24804, 855.0], [13.413391, 20.789875, 872.0], [12.860077, 21.163652, 889.0], [12.239057, 21.5939, 905.0], [11.509382, 21.855988, 922.0], [10.629953, 21.979809, 939.0], [10.287509, 22.030355, 956.0], [9.57186, 21.681488, 973.0], [8.791913, 20.975029, 989.0]"}