{"Image number":36145,"Image shape":1,"Path":"[15.23461, 7.5911875, 0.0], [14.953932, 8.479845, 53.0], [14.581398, 9.645532, 70.0], [14.114033, 11.095333, 86.0], [13.8808565, 12.455286, 103.0], [13.742536, 13.897711, 119.0], [13.649549, 15.534875, 136.0], [13.509945, 17.299414, 152.0], [13.4168215, 19.02845, 169.0], [13.417637, 20.52709, 185.0], [13.368322, 21.689627, 202.0], [13.371048, 22.264164, 218.0]"}