{"Image number":48,"Image shape":9,"Path":"[14.673602, 11.614202, 0.0], [14.47773, 11.698175, 72.0], [14.309164, 11.760003, 84.0], [14.129005, 11.850165, 99.0], [13.894297, 11.940594, 114.0], [13.66528, 12.03223, 127.0], [13.406709, 12.156799, 142.0], [13.085699, 12.250151, 153.0], [12.786001, 12.340735, 169.0], [12.514523, 12.4051695, 182.0], [12.243347, 12.450379, 196.0], [11.971832, 12.408205, 210.0], [11.701299, 12.4155035, 225.0], [11.526899, 12.354154, 238.0], [11.334795, 12.275313, 251.0], [11.152655, 12.184214, 265.0], [10.926449, 11.921958, 293.0], [10.821871, 11.70662, 308.0], [10.772791, 11.439451, 321.0], [10.727548, 11.167896, 335.0], [10.682358, 10.815333, 351.0], [10.668401, 10.45367, 363.0], [10.62822, 10.090708, 377.0], [10.583296, 9.7799, 390.0], [10.574208, 9.403505, 404.0], [10.559168, 9.071977, 418.0], [10.559168, 8.756291, 432.0], [10.559168, 8.441746, 446.0], [10.559168, 8.142607, 460.0], [10.588261, 7.8701544, 474.0], [10.595579, 7.6004643, 489.0], [10.688099, 7.4225955, 502.0], [10.723016, 7.188836, 516.0], [10.885969, 6.8810368, 552.0], [11.084932, 6.590787, 576.0], [11.220098, 6.4366345, 595.0], [11.536188, 6.2448826, 616.0], [11.717275, 6.1543083, 630.0], [11.872782, 6.089143, 644.0], [12.077042, 6.0437965, 657.0], [12.260117, 5.9985833, 672.0], [12.439992, 6.005096, 686.0], [12.621638, 6.005096, 699.0], [12.803872, 6.005096, 712.0], [12.984399, 6.047049, 726.0], [13.248517, 6.1959763, 754.0], [13.521837, 6.419137, 781.0], [13.734056, 6.6896305, 810.0], [13.990604, 7.0002637, 838.0], [14.124057, 7.2256927, 855.0], [14.241005, 7.454634, 866.0], [14.361192, 7.7111287, 881.0], [14.420815, 7.907443, 894.0], [14.512564, 8.133751, 907.0], [14.56649, 8.3789425, 924.0], [14.60078, 8.650262, 936.0], [14.637821, 8.885648, 953.0], [14.6823435, 9.108334, 970.0], [14.710012, 9.336995, 980.0], [14.736726, 9.589164, 992.0], [14.746424, 9.861691, 1005.0], [14.791402, 10.135857, 1019.0], [14.836047, 10.3505945, 1034.0], [14.881474, 10.603626, 1049.0], [14.926799, 10.840922, 1062.0], [14.97182, 11.066095, 1079.0], [15.068498, 11.290543, 1096.0], [15.1573715, 11.512799, 1106.0], [15.250311, 11.745219, 1118.0], [15.297753, 12.009438, 1132.0], [15.395506, 12.235811, 1146.0], [15.521966, 12.461002, 1160.0], [15.644572, 12.686668, 1173.0], [15.739624, 12.872791, 1188.0], [15.878506, 13.100967, 1201.0], [15.977844, 13.349388, 1215.0], [16.083223, 13.622654, 1230.0], [16.172403, 13.890277, 1251.0], [16.251099, 14.137335, 1262.0], [16.318092, 14.436757, 1271.0], [16.4083, 14.707473, 1285.0], [16.499165, 14.980151, 1299.0], [16.588526, 15.248324, 1314.0], [16.643246, 15.541749, 1328.0], [16.70502, 15.858928, 1341.0], [16.787872, 16.175583, 1356.0], [16.831861, 16.445698, 1370.0], [16.840588, 16.77177, 1384.0], [16.858257, 17.08859, 1398.0], [16.858257, 17.369465, 1411.0], [16.903584, 17.641043, 1426.0], [16.894667, 17.909815, 1440.0], [16.894667, 18.18139, 1454.0], [16.894667, 18.488956, 1467.0], [16.894667, 18.763315, 1482.0], [16.894667, 19.045197, 1498.0], [16.894667, 19.338127, 1510.0], [16.894667, 19.611265, 1523.0], [16.894667, 19.87765, 1536.0], [16.894667, 20.154835, 1550.0], [16.894667, 20.40155, 1564.0], [16.894667, 20.660395, 1578.0], [16.894667, 20.93206, 1592.0], [16.894667, 21.198715, 1607.0], [16.894667, 21.43621, 1621.0], [16.863407, 21.708826, 1635.0], [16.818144, 21.940361, 1649.0], [16.821846, 22.214312, 1663.0], [16.785437, 22.444073, 1676.0], [16.725212, 22.655216, 1690.0], [16.712614, 22.842667, 1705.0], [16.664846, 23.023552, 1719.0], [16.583385, 23.203808, 1732.0], [16.538021, 23.356363, 1746.0], [16.437782, 23.627232, 1780.0], [16.327822, 23.78271, 1797.0], [16.131128, 23.996851, 1816.0], [15.859001, 24.124739, 1843.0], [15.661068, 24.143631, 1858.0], [15.47818, 24.143631, 1872.0], [15.300028, 24.099964, 1886.0], [15.118326, 24.001839, 1900.0], [14.910871, 23.936142, 1914.0], [14.718897, 23.856693, 1927.0], [14.450175, 23.678968, 1941.0], [14.183886, 23.552681, 1956.0], [13.90915, 23.354591, 1970.0], [13.637298, 23.140144, 1984.0], [13.3735, 22.920242, 1998.0], [13.046289, 22.63907, 2012.0], [12.749677, 22.411386, 2025.0], [12.510416, 22.19828, 2039.0], [12.284701, 22.054218, 2054.0], [12.108231, 21.918488, 2068.0], [11.942782, 21.794365, 2082.0]"}