{"Image number":39454,"Image shape":1,"Path":"[16.352745, 5.772962, 0.0], [16.070362, 6.6701617, 53.0], [15.740997, 8.083518, 69.0], [15.370632, 9.94097, 86.0], [15.043998, 11.90588, 102.0], [14.578538, 14.136512, 119.0], [14.114489, 16.45912, 135.0], [13.274534, 20.427855, 168.0], [12.901258, 21.919481, 185.0], [12.528007, 22.988932, 202.0], [12.287869, 23.75935, 218.0], [12.152103, 24.066263, 235.0]"}