{"Image number":38831,"Image shape":1,"Path":"[17.797005, 6.2857957, 0.0], [17.32944, 7.4555154, 52.0], [16.67609, 8.855913, 69.0], [15.978328, 10.625882, 85.0], [15.320373, 12.366151, 102.0], [14.716307, 14.323459, 120.0], [14.161364, 16.2219, 135.0], [13.693764, 18.00066, 151.0], [13.083017, 19.642328, 168.0], [12.503115, 21.189585, 184.0], [12.041134, 22.192947, 201.0]"}