{"Image number":409,"Image shape":9,"Path":"[13.217165, 9.538105, 0.0], [13.310958, 9.35046, 30.0], [13.3835945, 9.151364, 46.0], [13.53115, 8.94517, 59.0], [13.766613, 8.697098, 72.0], [13.99241, 8.471226, 86.0], [14.271159, 8.246698, 100.0], [14.634322, 7.9558673, 113.0], [15.03124, 7.684859, 127.0], [15.432196, 7.4613147, 141.0], [15.875886, 7.2512417, 159.0], [16.306837, 7.0707436, 171.0], [16.75946, 6.8896356, 184.0], [17.163155, 6.7532954, 197.0], [17.575026, 6.718637, 211.0], [17.982225, 6.733552, 225.0], [18.319103, 6.7972503, 240.0], [18.682348, 6.930654, 254.0], [18.939133, 7.1135573, 270.0], [19.18771, 7.4316864, 285.0], [19.382545, 7.77727, 302.0], [19.52391, 8.179572, 318.0], [19.636736, 8.642044, 330.0], [19.702341, 9.141431, 339.0], [19.734718, 9.640318, 352.0], [19.734718, 10.172672, 365.0], [19.640923, 10.720275, 379.0], [19.568033, 11.316911, 394.0], [19.460253, 11.877475, 407.0], [19.33386, 12.453399, 421.0], [19.197788, 12.997762, 434.0], [19.008741, 13.537888, 449.0], [18.763588, 14.084081, 462.0], [18.502447, 14.590416, 477.0], [18.23058, 15.089004, 490.0], [18.014505, 15.582017, 506.0], [17.726255, 15.993735, 519.0], [17.455956, 16.433214, 533.0], [17.096972, 16.888395, 547.0], [16.842773, 17.282967, 561.0], [16.569525, 17.608835, 574.0], [16.26758, 17.988201, 589.0], [15.948329, 18.315647, 602.0], [15.6360235, 18.57827, 617.0], [15.421176, 18.7926, 630.0], [15.209685, 18.986952, 644.0], [15.023071, 19.128275, 658.0], [14.776989, 19.247696, 686.0], [14.637191, 15.80282, 0.0], [14.291153, 15.852935, 72.0], [14.090865, 15.897552, 89.0], [13.826824, 15.950378, 95.0], [13.514174, 15.994523, 109.0], [13.198959, 15.984934, 123.0], [12.813104, 15.892992, 137.0], [12.45321, 15.766651, 151.0], [12.093304, 15.541806, 165.0], [11.737448, 15.266331, 181.0], [11.400364, 14.870516, 196.0], [11.117006, 14.438219, 207.0], [10.844853, 13.984483, 220.0], [10.6279545, 13.536538, 234.0], [10.509641, 13.041933, 248.0], [10.453003, 12.558521, 262.0], [10.492076, 12.103224, 276.0], [10.587046, 11.656883, 290.0], [10.820332, 11.283619, 304.0], [11.078001, 10.922198, 319.0], [11.389894, 10.519761, 333.0], [11.716771, 10.177555, 349.0], [12.100356, 9.839114, 363.0], [12.476798, 9.447062, 378.0], [12.871482, 9.121326, 397.0], [13.231423, 8.817164, 406.0], [13.61673, 8.523058, 418.0], [13.991381, 8.237905, 431.0], [14.3934555, 8.002158, 445.0], [14.706755, 7.77653, 460.0], [15.113749, 7.569667, 475.0], [15.504113, 7.3882, 488.0], [15.87429, 7.280111, 500.0], [16.23708, 7.234638, 515.0], [16.577147, 7.2070475, 531.0], [16.894056, 7.2589054, 543.0], [17.212008, 7.384721, 557.0], [17.485094, 7.564372, 570.0], [17.754095, 7.7959886, 585.0], [18.026115, 8.047481, 598.0], [18.297462, 8.386014, 612.0], [18.526905, 8.706194, 626.0], [18.75111, 9.071072, 640.0], [18.918217, 9.434321, 654.0], [19.09888, 9.827972, 669.0], [19.197596, 10.234406, 682.0], [19.337627, 10.641071, 696.0], [19.356377, 11.085407, 710.0], [19.37061, 11.522265, 724.0], [19.330841, 12.015416, 739.0], [19.286077, 12.459801, 754.0], [19.163576, 12.932068, 768.0], [19.0274, 13.431532, 782.0], [18.854198, 13.927157, 794.0], [18.627916, 14.4214735, 809.0], [18.34407, 14.923364, 823.0], [18.073011, 15.420468, 836.0], [17.764801, 15.917954, 850.0], [17.404705, 16.412512, 864.0], [17.098463, 16.854029, 879.0], [16.718365, 17.370192, 892.0], [16.320982, 17.868052, 906.0], [15.919374, 18.402712, 921.0], [15.495319, 18.926502, 940.0], [15.045102, 19.46246, 952.0], [14.589805, 20.031206, 962.0], [14.135248, 20.579395, 976.0], [13.720408, 21.22436, 991.0], [13.268265, 21.833538, 1004.0], [12.453115, 23.015408, 1018.0], [12.087172, 23.625462, 1032.0], [11.677407, 24.157635, 1046.0], [10.958614, 25.090374, 1060.0], [10.415178, 25.83957, 1074.0], [10.060126, 26.28829, 1087.0]"}