{"Image number":30786,"Image shape":7,"Path":"[9.786408, 7.411991, 0.0], [9.598968, 7.411991, 68.0], [9.808288, 7.5146103, 139.0], [10.069127, 7.5798607, 157.0], [10.3300295, 7.80051, 175.0], [10.68145, 7.956932, 192.0], [11.18057, 8.20664, 210.0], [11.979897, 8.587117, 228.0], [12.464477, 8.815788, 246.0], [12.868723, 8.958166, 263.0], [13.261579, 9.128056, 281.0], [13.652193, 9.28777, 299.0], [14.045188, 9.428279, 317.0], [14.399415, 9.642178, 335.0], [14.828688, 9.900189, 352.0], [15.220882, 10.111448, 370.0], [15.522403, 10.353654, 388.0], [15.782774, 10.575325, 405.0], [15.984042, 10.817881, 423.0], [16.180058, 11.0505705, 441.0], [16.341293, 11.393853, 459.0], [16.466019, 11.822433, 476.0], [16.653328, 12.305086, 494.0], [16.582523, 13.029738, 512.0], [16.519281, 13.732587, 530.0], [16.504856, 14.373727, 548.0], [16.466024, 15.028212, 565.0], [16.466019, 15.557841, 583.0], [16.412254, 16.173046, 601.0], [16.427185, 16.99341, 619.0], [16.39961, 17.862608, 636.0], [16.333876, 18.783493, 654.0], [16.02558, 19.737717, 672.0], [15.833698, 20.619614, 690.0], [15.694447, 21.40915, 707.0], [15.563442, 22.11325, 725.0], [15.464277, 22.689365, 743.0], [15.398951, 23.277657, 761.0], [15.339806, 23.777267, 778.0], [15.268026, 24.169409, 796.0], [15.262136, 24.571007, 814.0], [15.215887, 24.850286, 832.0], [15.223303, 25.049866, 849.0]"}