{"Image number":35741,"Image shape":9,"Path":"[12.858569, 6.9851117, 0.0], [12.579036, 7.078354, 36.0], [11.9705715, 7.6403995, 52.0], [11.270128, 8.576119, 69.0], [10.849625, 9.893106, 85.0], [10.808435, 11.046586, 102.0], [10.998242, 12.132046, 119.0], [11.513566, 12.821051, 135.0], [12.217186, 13.191521, 152.0], [13.149341, 13.28009, 168.0], [13.98476, 13.137759, 185.0], [14.684226, 12.619896, 201.0], [15.098762, 11.68513, 218.0], [15.236052, 10.563396, 234.0], [15.23461, 9.397285, 251.0], [15.140907, 8.377999, 267.0], [15.000877, 7.492976, 284.0], [14.861206, 6.888876, 300.0], [14.768417, 6.6580095, 317.0], [14.722342, 7.1266584, 367.0], [14.909642, 7.9224586, 383.0], [15.4717865, 9.044914, 400.0], [16.129545, 10.455974, 416.0], [16.684517, 12.130393, 433.0], [17.008232, 13.855555, 449.0], [17.193045, 15.720255, 466.0], [17.28542, 17.538902, 482.0], [17.144573, 21.211586, 515.0], [17.050516, 22.854925, 532.0], [17.149544, 24.355785, 549.0], [17.193457, 25.207422, 565.0]"}