{"Image number":10736,"Image shape":4,"Path":"[8.205556, 5.133333, 0.0], [8.207979, 5.784634, 77.0], [8.30271, 6.532791, 93.0], [8.537308, 8.8487835, 110.0], [8.811873, 11.120843, 127.0], [9.128134, 13.5851965, 143.0], [9.31775, 15.324474, 160.0], [9.43391, 16.874454, 177.0], [9.386186, 18.501066, 193.0], [9.262054, 19.666842, 210.0], [8.89178, 20.60012, 227.0], [8.654841, 21.08573, 243.0], [8.552744, 21.277845, 260.0], [8.825079, 21.21524, 310.0], [9.547222, 20.883333, 327.0], [10.684347, 20.583357, 344.0], [12.083747, 20.312527, 360.0], [13.717497, 20.234127, 377.0], [15.680464, 20.135822, 394.0], [17.208332, 20.086111, 411.0], [18.712723, 19.927597, 427.0], [20.079987, 19.80954, 444.0], [20.786112, 19.716667, 461.0], [21.164782, 19.498163, 477.0], [21.350565, 19.223133, 494.0], [21.417324, 18.395702, 511.0], [21.427778, 17.271841, 527.0], [21.427778, 15.809376, 544.0], [21.676825, 14.246454, 561.0], [22.061695, 12.94116, 577.0], [22.536112, 11.763889, 594.0], [22.931065, 10.844557, 611.0], [23.15372, 10.235601, 628.0], [23.297533, 10.069134, 661.0], [23.303486, 10.358931, 694.0], [23.203707, 11.148128, 711.0], [23.041668, 12.561111, 728.0], [22.948109, 15.236083, 744.0], [22.894285, 17.830164, 761.0], [22.988241, 20.247147, 778.0], [23.200216, 21.979334, 794.0], [23.469444, 23.275, 811.0], [23.479477, 23.774235, 828.0], [23.488888, 24.01683, 844.0], [23.488888, 23.819443, 861.0]"}