{"Image number":17,"Image shape":8,"Path":"[20.93628, 7.0613565, 0.0], [20.812164, 7.309669, 61.0], [20.721588, 7.525419, 75.0], [20.581848, 7.7570825, 93.0], [20.401014, 8.028418, 106.0], [20.194954, 8.349848, 115.0], [19.966805, 8.681307, 128.0], [19.700058, 8.995794, 142.0], [19.426575, 9.366335, 156.0], [19.071177, 9.728371, 171.0], [18.71117, 10.08849, 185.0], [18.306332, 10.4520645, 200.0], [17.891716, 10.845443, 218.0], [17.437155, 11.209211, 230.0], [16.983906, 11.571927, 241.0], [16.491905, 11.973642, 255.0], [15.989828, 12.335395, 268.0], [15.493343, 12.718068, 281.0], [14.999093, 13.122587, 295.0], [14.462165, 13.5302305, 313.0], [13.959465, 13.90924, 328.0], [13.418789, 14.359948, 345.0], [12.900183, 14.7874565, 354.0], [12.403945, 15.231134, 366.0], [11.858335, 15.73153, 381.0], [11.352622, 16.173372, 394.0], [10.83716, 16.653845, 409.0], [10.340903, 17.113857, 423.0], [9.892272, 17.607473, 437.0], [9.456437, 18.069704, 451.0], [9.046419, 18.544504, 464.0], [8.710205, 19.067158, 477.0], [8.436429, 19.568293, 492.0], [8.169395, 20.005606, 507.0], [8.044, 20.462175, 521.0], [7.9421153, 20.881594, 534.0], [7.9375806, 21.241346, 548.0], [7.9375806, 21.607866, 561.0], [8.082344, 21.907646, 582.0], [8.284327, 22.192383, 590.0], [8.506599, 22.459198, 604.0], [8.83879, 22.634712, 619.0], [9.236136, 22.732565, 633.0], [9.643392, 22.791334, 646.0], [10.092548, 22.83673, 660.0], [10.589578, 22.78329, 675.0], [11.029764, 22.679987, 688.0], [11.514357, 22.528006, 701.0], [11.974806, 22.346106, 714.0], [12.422383, 22.11904, 728.0], [12.818977, 21.794312, 745.0], [13.167864, 21.431866, 757.0], [13.523296, 21.030994, 771.0], [13.836752, 20.578547, 784.0], [14.036411, 20.13713, 798.0], [14.176277, 19.634335, 812.0], [14.311574, 19.183195, 826.0], [14.35515, 18.687752, 841.0], [14.327553, 18.205269, 855.0], [14.255044, 17.752277, 869.0], [14.128078, 17.225868, 891.0], [13.841194, 16.308403, 913.0], [13.685276, 15.833939, 925.0], [13.514432, 15.415628, 939.0], [13.377352, 14.965022, 954.0], [13.121705, 14.587408, 968.0], [12.899128, 14.183124, 981.0], [12.650591, 13.8209095, 995.0], [12.422895, 13.460746, 1009.0], [12.262487, 13.061931, 1024.0], [12.126925, 12.700314, 1037.0], [12.0232115, 12.304052, 1051.0], [11.974352, 11.8984165, 1067.0], [11.979194, 11.491018, 1079.0], [12.060409, 11.04829, 1092.0], [12.182224, 10.640684, 1106.0], [12.358877, 10.231506, 1122.0], [12.586172, 9.877843, 1135.0], [12.8705845, 9.478304, 1149.0], [13.173469, 9.114565, 1163.0], [13.564083, 8.794697, 1176.0], [14.019642, 8.524689, 1191.0], [14.511597, 8.25328, 1205.0], [15.055987, 7.980996, 1218.0], [15.635916, 7.747377, 1233.0], [16.26711, 7.568522, 1246.0], [16.937443, 7.442431, 1261.0], [17.571625, 7.3064914, 1274.0], [18.241684, 7.207073, 1288.0], [18.913773, 7.16224, 1304.0], [19.539158, 7.063287, 1316.0]"}