{"Image number":38211,"Image shape":0,"Path":"[20.778702, 9.083064, 0.0], [20.116615, 9.083064, 53.0], [19.092903, 9.177089, 69.0], [17.59298, 9.553696, 86.0], [16.091015, 10.357136, 103.0], [14.271891, 11.811696, 119.0], [12.264309, 13.589813, 135.0], [10.286506, 15.619922, 152.0], [8.685202, 17.459175, 169.0], [7.5356445, 19.076485, 185.0], [6.9844627, 20.280571, 202.0], [7.129778, 22.142235, 235.0], [8.390276, 23.351793, 268.0], [9.412054, 23.489141, 284.0], [12.618735, 22.466158, 317.0], [14.640077, 21.197569, 334.0], [16.691101, 19.375484, 351.0], [18.646065, 17.183434, 367.0], [20.370958, 14.660719, 384.0], [21.572205, 12.203646, 400.0], [22.179996, 10.143074, 417.0], [22.31616, 8.756495, 433.0], [21.381023, 7.355513, 466.0], [20.2643, 7.1712756, 483.0], [17.209528, 8.257307, 516.0], [14.931513, 9.962615, 533.0], [13.380256, 11.201122, 549.0], [12.330074, 12.071948, 566.0]"}