{"Image number":37534,"Image shape":9,"Path":"[12.439267, 7.358081, 0.0], [12.111554, 7.2646103, 53.0], [11.598516, 7.2180223, 69.0], [10.939808, 7.218218, 86.0], [10.432618, 7.358988, 103.0], [10.012359, 7.5935674, 119.0], [9.641721, 7.872569, 136.0], [9.3123865, 8.202682, 152.0], [8.985098, 8.672882, 169.0], [8.756928, 9.227265, 185.0], [8.66517, 9.737885, 202.0], [8.665557, 10.253224, 218.0], [8.712684, 10.767346, 235.0], [8.8529, 11.371776, 251.0], [9.039095, 12.11674, 268.0], [9.27436, 12.822193, 285.0], [9.553591, 13.472088, 301.0], [9.831649, 14.121336, 318.0], [10.113345, 14.684662, 334.0], [10.532084, 15.334915, 351.0], [11.046443, 15.847977, 367.0], [11.649506, 16.404661, 384.0], [12.308819, 16.828167, 400.0], [13.008452, 17.105947, 417.0], [13.800349, 17.24353, 433.0], [14.497871, 17.288963, 450.0], [15.190406, 17.288385, 467.0], [15.93992, 17.24136, 483.0], [16.64152, 17.10005, 500.0], [17.199255, 16.818214, 516.0], [17.70989, 16.539135, 533.0], [18.079779, 16.260284, 549.0], [18.313614, 15.978033, 566.0], [18.403065, 15.514763, 582.0], [18.355843, 14.767157, 599.0], [18.167984, 13.829746, 615.0], [17.135626, 12.053461, 648.0], [16.442148, 11.035613, 665.0], [15.699316, 10.060554, 682.0], [14.993076, 9.165422, 698.0], [14.489163, 8.616829, 715.0], [13.926199, 8.288218, 731.0], [13.090113, 8.010252, 764.0], [12.8107, 7.7766047, 781.0], [12.578298, 7.6841354, 797.0], [12.345814, 7.5911875, 847.0], [12.534783, 7.5919676, 930.0], [13.098107, 7.779871, 946.0], [13.889235, 8.059415, 963.0], [14.777753, 8.481271, 979.0], [15.424136, 9.086011, 996.0], [16.035355, 9.792462, 1014.0], [16.44633, 10.435711, 1030.0], [16.820314, 11.137548, 1046.0], [17.052473, 11.83639, 1062.0], [17.241028, 12.497238, 1079.0], [17.332035, 13.192635, 1095.0], [17.378326, 13.894398, 1112.0], [17.424538, 14.681778, 1128.0], [17.471521, 15.528295, 1146.0], [17.517694, 16.406822, 1161.0], [17.610836, 17.150028, 1178.0], [17.750925, 17.803595, 1194.0], [17.89154, 18.319035, 1211.0], [18.03144, 18.879477, 1228.0], [18.357605, 20.184647, 1261.0], [18.496223, 20.83339, 1278.0], [18.73157, 21.492083, 1294.0], [18.964338, 22.238571, 1310.0], [19.245586, 22.9877, 1327.0], [19.5235, 23.635166, 1343.0], [19.80233, 24.19231, 1360.0], [20.1287, 24.704674, 1376.0], [20.407906, 25.170551, 1393.0]"}