{"Image number":38484,"Image shape":0,"Path":"[14.955075, 6.099311, 0.0], [14.209181, 6.5192127, 69.0], [12.480255, 7.87593, 102.0], [11.593141, 8.858278, 119.0], [10.759399, 9.878881, 135.0], [9.864676, 11.009945, 152.0], [9.076543, 12.078076, 168.0], [8.422676, 13.250099, 185.0], [7.9121103, 14.510819, 201.0], [7.5894904, 15.672793, 218.0], [7.4049816, 16.791594, 234.0], [7.64478, 17.772171, 253.0], [7.924238, 18.653408, 267.0], [8.530445, 19.439049, 284.0], [9.23305, 20.093525, 300.0], [10.255411, 20.695175, 317.0], [11.24075, 21.116806, 334.0], [13.573132, 21.297802, 367.0], [14.773031, 21.297802, 383.0], [15.901774, 21.203316, 400.0], [16.965015, 20.735472, 416.0], [18.036243, 20.17561, 433.0], [18.872349, 19.382746, 449.0], [19.755747, 18.59198, 466.0], [20.367819, 17.648392, 482.0], [20.87664, 16.62616, 499.0], [21.105358, 15.514222, 516.0], [21.198606, 14.249876, 532.0], [21.104122, 13.036714, 549.0], [20.499142, 10.621461, 582.0], [19.288244, 8.38436, 615.0], [18.403244, 7.5451193, 631.0], [17.465107, 6.981644, 648.0], [16.299545, 6.516255, 664.0], [15.092417, 6.2853284, 681.0]"}