{"Image number":35762,"Image shape":8,"Path":"[14.768718, 5.8662043, 0.0], [14.535773, 5.959448, 36.0], [13.9685955, 6.2905293, 52.0], [12.987749, 7.039805, 69.0], [12.011387, 8.066392, 86.0], [11.175747, 9.230735, 102.0], [10.708054, 10.596474, 119.0], [10.526749, 11.896921, 135.0], [10.717067, 13.008805, 152.0], [11.379767, 13.853918, 168.0], [12.445764, 14.635784, 185.0], [13.800159, 15.335375, 201.0], [15.148122, 16.267334, 218.0], [16.550053, 17.202448, 235.0], [17.70885, 18.318874, 251.0], [18.550797, 19.491205, 267.0], [19.101786, 22.141026, 301.0], [18.268492, 24.226748, 334.0], [17.284792, 24.794235, 350.0], [16.086807, 25.070974, 367.0], [14.909627, 25.12069, 383.0], [13.882947, 24.934145, 400.0], [13.319322, 24.228508, 416.0], [13.090712, 22.831484, 433.0], [13.231994, 20.680782, 449.0], [13.698091, 18.309355, 466.0], [14.402769, 15.772145, 483.0], [15.242093, 13.585758, 499.0], [15.843584, 11.589621, 516.0], [16.26015, 9.826531, 532.0], [16.447683, 8.275976, 549.0], [16.116442, 7.0658712, 565.0], [15.6054125, 6.329638, 582.0], [14.667559, 6.003273, 598.0], [13.599475, 6.103961, 615.0], [12.77372, 6.2943034, 632.0]"}