{"Image number":38340,"Image shape":1,"Path":"[13.324458, 5.67972, 0.0], [13.324458, 6.477055, 53.0], [13.3716545, 7.652999, 70.0], [13.5128765, 9.293624, 86.0], [13.745649, 11.196514, 103.0], [14.119673, 13.391031, 119.0], [14.588336, 15.874816, 136.0], [15.146597, 18.054573, 152.0], [16.355669, 21.632444, 185.0], [16.871563, 22.945683, 202.0], [17.243938, 23.97173, 219.0], [17.483732, 24.64391, 235.0], [17.569109, 25.00108, 252.0]"}