{"Image number":36612,"Image shape":7,"Path":"[9.597338, 9.922244, 0.0], [10.302055, 9.969355, 53.0], [11.19538, 9.968864, 69.0], [12.408748, 9.968864, 86.0], [13.57008, 9.968864, 102.0], [14.740013, 9.968864, 119.0], [15.95526, 9.921404, 135.0], [17.015812, 9.875151, 152.0], [18.051807, 9.828008, 168.0], [18.790888, 9.829001, 185.0], [19.298481, 9.829001, 201.0], [19.239832, 10.581151, 251.0], [19.00565, 11.659505, 268.0], [18.724396, 13.257242, 284.0], [18.397057, 14.939552, 301.0], [18.072895, 16.607817, 317.0], [17.74472, 18.296738, 334.0], [17.323103, 20.07288, 350.0], [16.811089, 21.88403, 367.0], [16.29892, 23.559317, 383.0], [15.973755, 24.913654, 400.0], [15.838293, 25.927765, 416.0], [15.840265, 26.766594, 433.0]"}