{"Image number":30516,"Image shape":8,"Path":"[16.38835, 5.5467815, 0.0], [16.154266, 5.5467815, 165.0], [15.994375, 5.6244993, 182.0], [15.74144, 5.6244993, 200.0], [15.482985, 5.663357, 218.0], [15.180614, 5.702216, 235.0], [14.92032, 5.7585773, 253.0], [14.569735, 5.8683925, 271.0], [14.327905, 5.9984174, 289.0], [14.11776, 6.070955, 306.0], [13.960279, 6.17529, 324.0], [13.842439, 6.351341, 342.0], [13.708739, 6.537675, 360.0], [13.575891, 6.82296, 377.0], [13.44515, 7.088729, 395.0], [13.320389, 7.3342724, 413.0], [13.232056, 7.5712447, 431.0], [13.167953, 7.8249054, 450.0], [13.087379, 8.103373, 466.0], [13.036148, 8.445476, 484.0], [13.048545, 8.804654, 502.0], [13.138624, 9.288019, 519.0], [13.27014, 9.761818, 537.0], [13.400635, 10.178678, 555.0], [13.53049, 10.595879, 573.0], [13.715732, 11.000969, 591.0], [13.990833, 11.388385, 608.0], [14.2813835, 11.822229, 627.0], [14.607591, 12.158381, 644.0], [14.975393, 12.531201, 662.0], [15.239439, 12.8844795, 679.0], [15.492876, 13.218503, 697.0], [15.62293, 13.413135, 715.0], [15.754656, 13.649703, 733.0], [15.863411, 13.83974, 750.0], [15.976589, 14.07995, 768.0], [16.141245, 14.387724, 786.0], [16.375051, 14.768497, 804.0], [16.668335, 15.162385, 821.0], [16.958475, 15.553674, 839.0], [17.196592, 15.845085, 857.0], [17.390835, 16.119617, 875.0], [17.51158, 16.34348, 892.0], [17.631067, 16.524317, 910.0], [17.776222, 16.78104, 928.0], [17.86501, 17.011915, 946.0], [17.89051, 17.29773, 963.0], [17.95534, 17.569614, 981.0], [17.941748, 17.947472, 999.0], [17.941748, 18.308514, 1017.0], [17.941748, 18.591106, 1035.0], [17.899178, 18.93281, 1052.0], [17.902912, 19.299397, 1070.0], [17.733892, 19.679808, 1088.0], [17.619423, 19.986607, 1106.0], [17.4582, 20.316349, 1124.0], [17.263838, 20.640488, 1141.0], [17.073309, 20.931095, 1159.0], [16.94281, 21.185217, 1177.0], [16.813282, 21.364458, 1195.0], [16.683191, 21.588194, 1212.0], [16.47814, 21.777521, 1230.0], [16.258041, 22.029703, 1248.0], [15.947139, 22.259407, 1266.0], [15.621274, 22.407532, 1283.0], [15.333413, 22.562885, 1301.0], [15.074501, 22.699554, 1319.0], [14.846735, 22.75718, 1337.0], [14.640419, 22.799969, 1355.0], [14.442772, 22.799969, 1372.0], [14.246912, 22.799969, 1390.0], [13.972808, 22.799969, 1407.0], [13.722731, 22.799969, 1425.0], [13.38094, 22.67997, 1443.0], [13.093113, 22.584656, 1461.0], [12.7076235, 22.3394, 1479.0], [12.4405155, 22.031034, 1496.0], [12.192005, 21.757788, 1514.0], [11.980582, 21.42049, 1532.0], [11.823347, 21.139477, 1550.0], [11.700584, 20.73542, 1567.0], [11.609227, 20.383463, 1585.0], [11.525852, 19.94522, 1603.0], [11.499071, 19.63713, 1621.0], [11.495146, 19.355253, 1639.0], [11.495146, 19.06338, 1656.0], [11.495146, 18.804533, 1674.0], [11.495146, 18.505545, 1692.0], [11.546238, 18.1922, 1709.0], [11.65034, 17.787731, 1727.0], [11.845617, 17.331635, 1745.0], [12.095146, 16.872583, 1763.0], [12.318068, 16.375376, 1781.0], [12.540197, 15.97495, 1798.0], [12.74565, 15.59556, 1816.0], [12.94262, 15.325015, 1834.0], [13.138259, 15.0251465, 1852.0], [13.332833, 14.709593, 1870.0], [13.657148, 14.336354, 1887.0], [13.990192, 13.984088, 1905.0], [14.309215, 13.5922575, 1923.0], [14.64435, 13.321983, 1941.0], [14.961182, 12.997887, 1958.0], [15.223303, 12.677322, 1976.0], [15.444014, 12.302768, 1994.0], [15.637678, 11.945214, 2011.0], [15.890691, 11.498968, 2029.0], [16.157337, 11.03205, 2047.0], [16.41547, 10.618904, 2065.0], [16.639374, 10.221626, 2083.0], [16.899948, 9.931048, 2101.0], [17.159758, 9.632223, 2118.0], [17.383713, 9.394829, 2136.0], [17.593113, 9.094397, 2154.0], [17.749123, 8.8458805, 2172.0], [17.879856, 8.585031, 2189.0], [18.010424, 8.323734, 2207.0], [18.141562, 8.022443, 2225.0], [18.174759, 7.835561, 2242.0], [18.230034, 7.5793314, 2260.0], [18.213593, 7.240998, 2296.0], [18.15643, 7.0460978, 2314.0], [18.045502, 6.848832, 2331.0], [17.915075, 6.6469903, 2349.0], [17.728157, 6.401669, 2367.0], [17.483212, 6.2615657, 2385.0], [17.29584, 6.1003313, 2402.0], [17.083218, 5.909693, 2420.0], [16.905453, 5.762198, 2438.0], [16.677404, 5.4646473, 2474.0], [16.54369, 5.2394576, 2509.0]"}