{"Image number":15193,"Image shape":5,"Path":"[21.765625, 5.476852, 0.0], [20.604939, 6.6045856, 74.0], [19.99427, 7.0670385, 92.0], [19.356766, 7.4814854, 108.0], [18.59101, 7.8810205, 125.0], [17.855818, 8.308294, 142.0], [17.157991, 8.606285, 159.0], [16.478714, 8.88303, 175.0], [15.780136, 9.182207, 192.0], [15.124008, 9.496903, 208.0], [14.471054, 9.847836, 225.0], [13.7888975, 10.201679, 241.0], [13.163273, 10.578373, 257.0], [12.656722, 10.821044, 275.0], [12.144251, 11.081184, 292.0], [11.634766, 11.383101, 308.0], [11.225367, 11.62558, 325.0], [10.88381, 11.85392, 341.0], [10.656923, 12.018219, 358.0], [10.48921, 12.12186, 374.0], [10.308594, 12.258101, 407.0], [10.190269, 12.331018, 458.0], [10.171875, 12.497282, 507.0], [10.31736, 12.68688, 524.0], [10.470817, 12.91108, 540.0], [10.659492, 13.212075, 557.0], [10.84847, 13.578318, 574.0], [11.039838, 13.967118, 591.0], [11.1959915, 14.297502, 607.0], [11.361349, 14.591471, 624.0], [11.59081, 14.884827, 640.0], [11.930257, 15.139225, 657.0], [12.353536, 15.413931, 674.0], [12.796875, 15.70949, 691.0], [13.275114, 15.938934, 707.0], [13.7576065, 16.14035, 724.0], [14.216238, 16.35247, 741.0], [14.542566, 16.451708, 757.0], [14.863135, 16.600359, 775.0], [15.080078, 16.681713, 793.0], [15.349367, 16.807472, 808.0], [15.544561, 16.908352, 824.0], [15.768015, 17.005692, 840.0], [16.01008, 17.113276, 857.0], [16.197113, 17.284542, 874.0], [16.416224, 17.40869, 891.0], [16.57177, 17.558006, 907.0], [16.716274, 17.716125, 924.0], [16.805202, 17.90138, 941.0], [16.89654, 18.108995, 957.0], [16.98207, 18.415945, 974.0], [17.040894, 18.681063, 991.0], [17.070684, 18.922619, 1009.0], [17.089844, 19.17413, 1025.0], [17.102365, 19.42415, 1041.0], [17.117188, 19.711296, 1058.0], [17.117188, 19.96103, 1074.0], [17.117188, 20.262379, 1091.0], [17.05301, 20.525135, 1107.0], [17.011642, 20.775738, 1124.0], [16.932299, 21.01503, 1141.0], [16.81063, 21.237118, 1157.0], [16.666857, 21.485115, 1174.0], [16.50011, 21.73135, 1191.0], [16.23478, 22.002354, 1208.0], [15.97588, 22.262484, 1223.0], [15.700735, 22.48753, 1240.0], [15.413628, 22.65895, 1258.0], [15.134766, 22.831018, 1275.0], [14.776777, 22.957344, 1293.0], [14.414941, 23.010359, 1307.0], [14.032381, 23.025463, 1324.0], [13.557976, 23.025463, 1340.0], [12.841755, 22.828335, 1357.0], [12.033222, 22.623186, 1374.0], [11.377738, 22.425339, 1391.0], [10.829309, 22.331318, 1407.0], [10.465002, 22.296297, 1424.0]"}