{"Image number":39237,"Image shape":1,"Path":"[17.09817, 6.379038, 0.0], [17.004992, 6.6587644, 37.0], [16.76882, 7.6986375, 53.0], [16.11451, 9.282407, 70.0], [15.227496, 11.478347, 86.0], [14.200916, 13.811663, 103.0], [13.360222, 16.436289, 119.0], [12.708107, 18.771858, 136.0], [12.2945385, 20.809246, 152.0], [12.110394, 22.34618, 169.0], [12.064018, 23.601614, 186.0], [12.066555, 24.322027, 202.0]"}