{"Image number":36534,"Image shape":7,"Path":"[13.23128, 7.824293, 0.0], [13.698612, 7.7775126, 53.0], [14.401957, 7.6836348, 69.0], [15.341935, 7.4477854, 86.0], [16.033768, 7.2158337, 102.0], [16.687069, 6.9821806, 119.0], [17.105843, 6.8901634, 135.0], [17.333763, 6.9390206, 152.0], [17.378098, 7.314621, 168.0], [17.330612, 7.924079, 185.0], [17.190432, 8.902994, 202.0], [16.908283, 10.029612, 218.0], [16.580694, 11.246203, 235.0], [16.30194, 12.505384, 251.0], [15.978186, 13.799189, 268.0], [15.696292, 15.116838, 284.0], [15.417908, 16.369728, 301.0], [15.185083, 17.630596, 317.0], [14.904524, 18.985905, 334.0], [14.575519, 20.20433, 350.0], [14.2535305, 21.54214, 367.0], [13.926206, 22.804768, 384.0], [13.683137, 24.074856, 400.0], [13.598536, 24.69275, 417.0]"}