{"Image number":36522,"Image shape":2,"Path":"[9.410981, 5.3999934, 0.0], [9.879607, 5.1191716, 54.0], [10.679686, 4.9784966, 70.0], [11.794746, 4.93346, 87.0], [12.827673, 5.0284514, 103.0], [13.85265, 5.4057097, 120.0], [14.824095, 5.9174323, 137.0], [15.612984, 6.664098, 153.0], [16.362133, 7.5557237, 170.0], [17.011766, 8.62799, 186.0], [17.567482, 9.742608, 203.0], [18.083813, 10.870551, 219.0], [18.55082, 11.851339, 236.0], [18.96649, 12.82387, 252.0], [19.199032, 13.715131, 269.0], [19.288202, 14.540882, 285.0], [19.287853, 15.292157, 302.0], [19.240566, 16.135439, 319.0], [19.052496, 16.972895, 335.0], [18.723087, 17.910751, 352.0], [18.304811, 18.742987, 368.0], [17.741026, 19.444702, 385.0], [17.038336, 20.240536, 401.0], [16.344513, 20.8859, 418.0], [15.452801, 21.589184, 434.0], [14.669561, 21.953312, 451.0], [13.596099, 22.326216, 467.0], [12.517849, 22.465235, 484.0], [11.358768, 22.51031, 500.0], [10.283369, 22.368416, 517.0], [9.3986435, 22.086462, 534.0], [8.796991, 21.570473, 550.0], [8.524418, 20.78108, 567.0], [8.52579, 19.794258, 583.0], [8.762513, 18.953136, 600.0], [9.321922, 18.356205, 616.0], [10.071829, 18.030558, 633.0], [11.048025, 17.987394, 649.0], [12.073866, 18.22247, 666.0], [14.136475, 18.928703, 699.0], [15.005942, 19.201202, 716.0], [15.899599, 19.436312, 732.0], [16.731333, 19.667694, 749.0], [17.62013, 19.807423, 765.0]"}