{"Image number":36881,"Image shape":6,"Path":"[16.445923, 4.560814, 0.0], [15.317912, 5.783941, 53.0], [14.11168, 7.5047693, 69.0], [12.851113, 9.702126, 86.0], [12.104497, 12.235887, 102.0], [11.686755, 14.861597, 119.0], [11.7410965, 17.465487, 135.0], [12.025327, 19.661457, 152.0], [12.678343, 21.031218, 168.0], [13.522927, 21.727491, 185.0], [14.599815, 21.906912, 202.0], [15.771883, 21.80865, 218.0], [16.823307, 21.436039, 235.0], [17.815105, 20.535475, 251.0], [18.408562, 19.37498, 268.0], [18.7765, 17.889942, 284.0], [18.822535, 16.620249, 301.0], [18.492197, 15.598573, 317.0], [17.836119, 14.8555355, 334.0], [16.76481, 14.441661, 350.0], [15.504841, 14.256632, 367.0], [14.193783, 14.446762, 383.0], [12.843094, 14.727425, 400.0], [11.628058, 15.245182, 417.0], [10.664045, 15.778193, 433.0], [10.271133, 16.24394, 450.0]"}