{"Image number":10440,"Image shape":6,"Path":"[15.050001, 5.6388893, 0.0], [14.868431, 5.8680186, 30.0], [14.456132, 6.4360137, 46.0], [13.814659, 7.7435718, 63.0], [13.266619, 9.205684, 80.0], [12.741333, 10.9104, 96.0], [12.321719, 12.586209, 113.0], [12.050732, 14.334211, 130.0], [12.02314, 16.24941, 146.0], [12.098267, 17.794489, 163.0], [12.561111, 19.366667, 180.0], [13.205653, 20.552948, 197.0], [13.839861, 21.421665, 213.0], [14.5556135, 22.064573, 230.0], [15.108027, 22.451649, 247.0], [15.763336, 22.607502, 264.0], [16.141483, 22.337036, 280.0], [16.683678, 21.731411, 297.0], [17.166935, 20.90696, 314.0], [17.293022, 20.194574, 330.0], [17.502853, 19.009977, 347.0], [17.564491, 17.999058, 363.0], [17.37678, 17.00974, 380.0], [16.834616, 16.265131, 397.0], [16.112713, 15.717843, 414.0], [15.263687, 15.211518, 430.0], [14.4048, 14.95775, 447.0], [13.4006605, 15.111002, 464.0], [12.353752, 15.476396, 480.0], [11.478416, 16.036879, 497.0], [10.758995, 16.657673, 514.0]"}