{"Image number":36856,"Image shape":7,"Path":"[11.647254, 10.295212, 0.0], [12.257313, 9.965781, 52.0], [13.097727, 9.4992, 69.0], [14.136069, 8.884992, 85.0], [15.158338, 8.470067, 102.0], [15.996672, 8.144165, 118.0], [16.682276, 7.9632483, 135.0], [17.196026, 7.9171095, 152.0], [17.525253, 7.9175353, 168.0], [17.657238, 8.105376, 201.0], [17.562761, 8.529452, 218.0], [17.421751, 9.283109, 234.0], [17.189445, 10.444588, 251.0], [17.003948, 11.982192, 267.0], [16.815964, 13.959721, 284.0], [16.581768, 16.207148, 300.0], [16.301226, 18.494205, 317.0], [15.976505, 20.62168, 334.0], [15.6976, 22.435562, 350.0], [15.510771, 24.030508, 367.0], [15.419899, 25.463634, 383.0], [15.468498, 26.73138, 400.0], [15.614505, 27.882269, 416.0], [15.754664, 28.463688, 433.0]"}