{"Image number":30767,"Image shape":7,"Path":"[5.2815533, 14.095658, 0.0], [5.1120768, 14.095658, 63.0], [5.3332644, 13.972642, 134.0], [5.535128, 13.770306, 152.0], [5.7709293, 13.469192, 169.0], [6.147793, 13.07346, 187.0], [6.683226, 12.611013, 205.0], [7.4546776, 11.921215, 223.0], [8.0573845, 11.318143, 240.0], [8.633403, 10.891849, 258.0], [9.281998, 10.294939, 276.0], [9.894647, 9.865594, 294.0], [10.24822, 9.514562, 311.0], [10.510501, 9.381237, 329.0], [10.666798, 9.199287, 347.0], [10.875476, 9.0817795, 365.0], [11.058545, 8.963685, 382.0], [11.264818, 8.874767, 400.0], [11.544813, 8.808189, 418.0], [11.939188, 8.743323, 436.0], [12.332291, 8.677767, 454.0], [12.84712, 8.775993, 471.0], [13.55951, 8.801694, 489.0], [14.187169, 8.868406, 507.0], [14.684952, 8.888616, 525.0], [15.136586, 8.927473, 542.0], [15.650487, 9.044049, 560.0], [16.344053, 9.051275, 578.0], [16.818817, 9.044049, 596.0], [17.312124, 9.082909, 613.0], [17.768902, 9.130365, 631.0], [18.259592, 9.121766, 649.0], [18.752249, 9.160626, 667.0], [19.225563, 9.160626, 684.0], [19.60808, 9.160626, 702.0], [19.866257, 9.160626, 720.0], [20.06815, 9.160626, 738.0], [20.234995, 9.160626, 755.0], [20.400034, 9.160626, 773.0], [20.666029, 9.160626, 809.0], [20.924671, 9.160626, 844.0], [21.093838, 9.160626, 915.0], [21.25225, 9.160626, 1022.0], [21.19223, 9.623058, 1111.0], [21.061373, 10.067724, 1128.0], [20.734085, 10.565587, 1146.0], [20.408432, 11.032812, 1164.0], [20.083752, 11.475847, 1182.0], [19.754652, 11.898006, 1200.0], [19.49762, 12.246166, 1217.0], [19.236418, 12.693213, 1235.0], [18.975426, 13.065074, 1253.0], [18.752314, 13.531197, 1271.0], [18.378197, 13.987698, 1288.0], [17.985613, 14.573838, 1306.0], [17.586504, 15.162929, 1324.0], [17.265842, 15.62538, 1342.0], [17.031128, 16.107943, 1359.0], [16.831005, 16.585339, 1377.0], [16.69604, 17.001093, 1395.0], [16.516542, 17.509926, 1413.0], [16.395864, 18.029154, 1430.0], [16.271847, 18.408957, 1448.0], [16.082336, 18.916176, 1466.0], [15.850523, 19.329832, 1484.0], [15.5914135, 19.785013, 1501.0], [15.32961, 20.243446, 1519.0], [15.069008, 20.69951, 1537.0], [14.80699, 21.185009, 1555.0], [14.598376, 21.60249, 1573.0], [14.377182, 21.967432, 1590.0], [14.196346, 22.32932, 1608.0], [14.065749, 22.645216, 1626.0], [13.934456, 23.019796, 1644.0], [13.706577, 23.44438, 1661.0], [13.448531, 23.88706, 1679.0], [13.189054, 24.341423, 1697.0], [13.027512, 24.689455, 1715.0], [12.893205, 24.976048, 1732.0], [12.763693, 25.228718, 1750.0], [12.632649, 25.464264, 1768.0], [12.582524, 25.753218, 1793.0]"}