{"Image number":36734,"Image shape":0,"Path":"[14.628951, 5.0270247, 0.0], [14.396006, 5.0736456, 36.0], [13.880966, 5.4484773, 53.0], [12.89749, 6.2453866, 70.0], [11.8709955, 7.603328, 86.0], [10.706652, 9.04739, 103.0], [9.728296, 10.635833, 119.0], [8.663574, 12.209613, 136.0], [7.9597793, 13.901715, 152.0], [7.3598857, 17.302544, 185.0], [7.5020866, 18.840694, 202.0], [8.019407, 20.242157, 218.0], [8.948924, 21.489464, 235.0], [10.16458, 22.516872, 251.0], [11.428861, 23.35884, 268.0], [12.7278385, 23.771627, 285.0], [15.622391, 23.57894, 318.0], [17.21208, 22.873768, 334.0], [18.748413, 22.127459, 351.0], [20.138222, 21.149696, 367.0], [21.30793, 19.975645, 384.0], [22.371838, 18.440836, 400.0], [23.116508, 16.803879, 417.0], [23.486372, 15.166319, 433.0], [23.62137, 13.596956, 450.0], [23.054554, 10.455197, 483.0], [22.218521, 9.02879, 500.0], [21.14305, 7.767846, 516.0], [19.835953, 6.8374085, 533.0], [18.255249, 6.142557, 549.0], [16.489449, 5.819018, 566.0], [13.180089, 5.7264805, 599.0], [12.006113, 5.9720488, 615.0], [11.476854, 6.156151, 632.0]"}