{"Image number":176,"Image shape":9,"Path":"[15.838752, 11.869161, 0.0], [15.66968, 12.03829, 75.0], [15.360507, 12.2654705, 105.0], [15.164294, 12.402486, 115.0], [14.939628, 12.539933, 128.0], [14.764248, 12.675301, 142.0], [14.464705, 12.825104, 155.0], [14.196049, 12.914684, 172.0], [13.930126, 13.003355, 189.0], [13.654032, 13.095416, 199.0], [13.381094, 13.128769, 211.0], [13.079, 13.174109, 226.0], [12.801971, 13.219251, 240.0], [12.532157, 13.216804, 253.0], [12.259661, 13.273242, 268.0], [11.988368, 13.28965, 282.0], [11.755109, 13.327197, 296.0], [11.482432, 13.326073, 309.0], [11.26592, 13.30721, 324.0], [11.039848, 13.28965, 338.0], [10.814817, 13.217114, 352.0], [10.634632, 13.171936, 367.0], [10.311264, 13.019967, 396.0], [10.164579, 12.894932, 411.0], [9.892733, 12.570751, 436.0], [9.805929, 12.388238, 449.0], [9.726978, 12.241285, 464.0], [9.67919, 12.020683, 478.0], [9.663623, 11.802445, 493.0], [9.70847, 11.488413, 508.0], [9.78654, 11.136291, 519.0], [9.915558, 10.781458, 532.0], [10.054034, 10.412068, 547.0], [10.212269, 10.072531, 561.0], [10.423944, 9.756618, 575.0], [10.6092415, 9.441341, 589.0], [10.837991, 9.125772, 605.0], [11.099296, 8.924956, 620.0], [11.353371, 8.729222, 639.0], [11.61783, 8.553774, 651.0], [11.899778, 8.459761, 659.0], [12.189399, 8.369734, 674.0], [12.478082, 8.307612, 687.0], [12.74881, 8.262476, 701.0], [13.063834, 8.263308, 716.0], [13.343716, 8.317815, 731.0], [13.659808, 8.389818, 745.0], [13.938299, 8.479483, 764.0], [14.202505, 8.622046, 776.0], [14.43092, 8.80484, 786.0], [14.7192, 8.9493265, 799.0], [14.956352, 9.130622, 812.0], [15.22653, 9.355558, 827.0], [15.442004, 9.5783, 841.0], [15.608103, 9.829416, 854.0], [15.789647, 10.135072, 872.0], [15.926788, 10.406269, 890.0], [16.048422, 10.704862, 898.0], [16.140055, 11.048291, 911.0], [16.230713, 11.397848, 925.0], [16.320902, 11.75872, 940.0], [16.361221, 12.165766, 953.0], [16.40699, 12.563488, 967.0], [16.452175, 12.984622, 980.0], [16.457739, 13.390561, 994.0], [16.457739, 13.842732, 1008.0], [16.437744, 14.290943, 1022.0], [16.391985, 14.748689, 1037.0], [16.384916, 15.200353, 1051.0], [16.338333, 15.649609, 1065.0], [16.311089, 16.13565, 1089.0], [16.248083, 16.616417, 1098.0], [16.202597, 17.080257, 1108.0], [16.15724, 17.488338, 1120.0], [16.094168, 17.94906, 1134.0], [16.030361, 18.429373, 1148.0], [15.949469, 18.891333, 1162.0], [15.903373, 19.389645, 1176.0], [15.822113, 19.84673, 1191.0], [15.75137, 20.344717, 1205.0], [15.6954775, 20.80545, 1221.0], [15.650213, 21.301157, 1231.0], [15.604878, 21.748173, 1246.0], [15.583875, 22.200768, 1259.0], [15.550885, 22.652515, 1273.0], [15.547463, 23.105896, 1287.0], [15.547463, 23.504564, 1301.0], [15.583875, 23.936687, 1315.0], [15.61558, 24.35621, 1329.0], [15.741859, 24.722895, 1344.0], [15.839785, 25.068756, 1360.0], [15.97497, 25.363152, 1372.0], [16.075422, 25.564121, 1386.0]"}