{"Image number":10521,"Image shape":4,"Path":"[14.855556, 23.644445, 0.0], [15.016276, 23.298798, 30.0], [15.096926, 22.66224, 47.0], [15.244227, 21.934202, 64.0], [15.521161, 20.715782, 81.0], [15.848869, 19.011677, 97.0], [16.309017, 17.1306, 114.0], [17.10021, 14.738286, 131.0], [17.909348, 12.269034, 147.0], [18.291885, 10.982249, 164.0], [18.654682, 9.491943, 181.0], [18.901222, 8.589864, 198.0], [19.007904, 8.000971, 214.0], [19.123974, 7.8353844, 231.0], [19.230555, 7.622222, 265.0], [19.026867, 7.544444, 331.0], [18.375889, 7.7580366, 348.0], [16.940947, 8.397061, 365.0], [14.950739, 9.449601, 381.0], [13.129015, 10.67236, 398.0], [11.600248, 12.129598, 415.0], [10.327018, 13.441615, 431.0], [9.699924, 14.342329, 448.0], [9.269718, 14.988856, 465.0], [9.045237, 15.484329, 481.0], [8.983334, 15.72003, 515.0], [9.21013, 15.753267, 598.0], [9.732398, 15.59528, 615.0], [10.86161, 15.404545, 632.0], [12.37007, 15.166135, 648.0], [14.646238, 14.7522, 665.0], [16.500038, 14.445364, 682.0], [18.068571, 14.206714, 699.0], [19.230555, 14.058334, 715.0], [20.024017, 13.966799, 732.0], [20.577503, 13.910027, 749.0], [20.863888, 13.650001, 782.0]"}