{"Image number":37662,"Image shape":5,"Path":"[18.589016, 7.264838, 0.0], [17.838436, 7.0775595, 53.0], [16.711294, 6.983931, 69.0], [15.272801, 7.0320034, 86.0], [14.005122, 7.1263223, 102.0], [12.100086, 7.54747, 135.0], [11.407691, 7.6857543, 152.0], [10.844966, 7.8743424, 168.0], [10.478364, 8.01234, 185.0], [10.247042, 8.199297, 202.0], [10.25017, 8.525953, 235.0], [10.622267, 9.595794, 268.0], [10.809014, 10.530132, 284.0], [10.948787, 12.54114, 317.0], [10.995041, 13.326159, 334.0], [11.088514, 13.979929, 367.0], [11.275595, 14.212443, 400.0], [11.509065, 14.258404, 450.0], [11.69637, 14.210756, 466.0], [12.45071, 13.974704, 483.0], [13.280784, 13.791151, 499.0], [15.387873, 13.605314, 532.0], [16.311768, 13.699118, 549.0], [17.25155, 13.98237, 566.0], [17.986385, 14.446387, 582.0], [18.544806, 15.146786, 599.0], [19.103767, 17.067776, 632.0], [19.195097, 18.132439, 648.0], [19.100197, 19.262075, 665.0], [18.961302, 20.275286, 681.0], [18.633177, 21.164543, 698.0], [18.07017, 21.959526, 715.0], [17.373278, 22.560411, 731.0], [16.383923, 23.12484, 748.0], [15.271587, 23.44518, 764.0], [14.062031, 23.676992, 781.0], [12.893681, 23.72256, 797.0], [11.87692, 23.722101, 814.0], [10.893055, 23.533945, 830.0], [10.0511875, 23.015419, 847.0]"}