{"Image number":38259,"Image shape":6,"Path":"[18.635607, 4.420949, 0.0], [18.117985, 4.986121, 53.0], [17.46531, 5.826752, 69.0], [16.625607, 7.135359, 86.0], [15.592762, 8.543476, 102.0], [14.47817, 10.171421, 119.0], [13.31776, 11.749582, 135.0], [12.287722, 13.343802, 152.0], [11.310027, 15.070149, 168.0], [10.663652, 16.695396, 185.0], [10.102211, 18.147226, 201.0], [9.458027, 20.177294, 236.0], [9.315456, 20.93736, 251.0], [9.317803, 21.585033, 268.0], [9.364949, 21.954952, 284.0], [9.551125, 22.230787, 301.0], [9.833727, 22.37181, 317.0], [10.346158, 22.370087, 334.0], [11.043022, 22.08979, 350.0], [11.98627, 21.570435, 367.0], [12.959406, 20.684792, 383.0], [13.93919, 19.79771, 400.0], [15.608879, 17.846018, 433.0], [16.21524, 17.00552, 450.0], [16.680399, 16.353815, 466.0], [16.866022, 16.028217, 483.0], [16.865225, 15.794345, 499.0], [16.86478, 15.468383, 532.0], [16.582827, 15.094898, 565.0], [16.208292, 15.049982, 582.0], [15.651313, 15.097406, 598.0], [15.09197, 15.190912, 615.0], [13.872967, 15.99112, 648.0], [13.1754265, 16.64434, 665.0], [12.523123, 17.20314, 681.0], [11.869213, 17.858833, 698.0], [11.220504, 18.366528, 714.0], [10.711596, 18.97133, 731.0], [10.295036, 19.480967, 747.0], [10.109216, 19.94729, 764.0], [10.016354, 20.179607, 780.0]"}