{"Image number":36163,"Image shape":0,"Path":"[16.07321, 7.404701, 0.0], [15.7470875, 7.404701, 37.0], [14.76063, 7.8277626, 54.0], [13.175768, 8.621316, 70.0], [11.401106, 9.885011, 87.0], [10.007463, 11.330365, 103.0], [8.846067, 12.867097, 120.0], [8.146899, 14.646642, 136.0], [7.729399, 16.609507, 153.0], [7.875424, 18.384499, 169.0], [8.343615, 19.865932, 186.0], [9.280718, 20.841578, 202.0], [10.354233, 21.491272, 219.0], [11.614649, 21.767124, 236.0], [12.963249, 21.81103, 252.0], [14.448506, 21.576605, 269.0], [15.846302, 21.062479, 285.0], [17.105402, 20.126915, 302.0], [18.1367, 18.762356, 318.0], [19.157866, 17.227083, 335.0], [19.851461, 15.599421, 351.0], [20.317858, 13.960607, 368.0], [20.452663, 12.392202, 384.0], [20.499496, 10.843788, 401.0], [20.405602, 9.45021, 418.0], [19.93388, 8.227704, 434.0], [19.189634, 7.2582192, 451.0], [17.929543, 6.7490597, 467.0], [16.484087, 6.517541, 484.0], [14.81105, 6.7525992, 500.0], [13.312304, 7.1750174, 517.0], [12.184005, 7.866264, 533.0], [11.733365, 8.296934, 550.0]"}