{"Image number":30006,"Image shape":4,"Path":"[8.621359, 9.5492115, 0.0], [8.446602, 9.665785, 42.0], [8.317673, 10.104099, 77.0], [8.25261, 10.480715, 95.0], [8.402515, 11.05076, 112.0], [8.80526, 11.971276, 130.0], [9.473018, 12.7329, 148.0], [10.096061, 13.3563175, 166.0], [10.974388, 13.943874, 183.0], [11.892143, 14.340689, 201.0], [13.385058, 14.357307, 219.0], [14.378845, 14.2940855, 237.0], [15.516867, 13.661858, 254.0], [16.67153, 12.709602, 272.0], [17.545824, 11.618041, 290.0], [18.213722, 10.572257, 308.0], [18.696852, 9.683713, 325.0], [18.993603, 8.996908, 343.0], [19.158215, 8.48798, 361.0], [19.238869, 8.041269, 379.0], [19.223303, 7.8307114, 396.0], [19.223303, 7.6269436, 414.0], [19.223303, 7.369143, 450.0], [19.081076, 7.573476, 521.0], [18.951456, 8.014301, 539.0], [18.781153, 8.683986, 556.0], [18.584576, 9.484764, 574.0], [18.28244, 10.588957, 592.0], [17.986118, 11.750317, 610.0], [17.794292, 12.9017, 627.0], [17.663574, 13.952019, 645.0], [17.533155, 14.947029, 663.0], [17.48022, 16.1147, 681.0], [17.41278, 17.240644, 699.0], [17.347588, 18.233896, 716.0], [17.282608, 19.055822, 734.0], [17.216799, 19.782276, 752.0], [17.15185, 20.44508, 769.0], [17.125217, 20.981585, 787.0], [17.098757, 21.382992, 805.0], [17.08738, 21.71049, 823.0], [17.08738, 21.918432, 840.0], [17.08738, 22.25595, 874.0]"}