{"Image number":30740,"Image shape":3,"Path":"[8.07767, 8.228022, 0.0], [8.285284, 8.024764, 80.0], [8.681143, 7.8945107, 98.0], [9.195784, 7.7637424, 116.0], [9.717868, 7.5554276, 134.0], [10.4385395, 7.340978, 151.0], [10.951456, 7.217696, 169.0], [11.598386, 7.2565565, 187.0], [12.190122, 7.2176986, 205.0], [12.838764, 7.2176986, 222.0], [13.589062, 7.2176986, 240.0], [14.193487, 7.2176986, 258.0], [14.651175, 7.2176986, 276.0], [15.008465, 7.2176986, 293.0], [15.411196, 7.25551, 311.0], [15.93066, 7.2818847, 329.0], [16.55357, 7.2954173, 347.0], [17.016037, 7.3342752, 364.0], [17.409143, 7.3986654, 382.0], [17.802866, 7.5756598, 400.0], [18.187746, 7.606284, 418.0], [18.60783, 7.63488, 436.0], [18.954039, 7.6451416, 453.0], [19.360756, 7.6874957, 471.0], [19.65366, 7.684002, 489.0], [19.917477, 7.684002, 507.0], [20.14137, 7.684002, 542.0], [20.31755, 7.684002, 579.0], [20.504856, 7.684002, 649.0], [20.699028, 7.7228603, 755.0], [20.908665, 7.8782945, 844.0], [21.00971, 8.052333, 951.0], [21.048544, 8.262951, 1039.0], [21.048544, 8.42852, 1057.0], [20.859777, 8.72506, 1093.0], [20.66601, 8.945624, 1110.0], [20.368444, 9.15703, 1128.0], [20.005981, 9.389787, 1146.0], [19.664694, 9.65157, 1164.0], [19.29942, 9.912924, 1181.0], [18.866774, 10.253678, 1199.0], [18.449955, 10.513205, 1217.0], [18.044733, 10.721731, 1235.0], [17.695107, 10.878585, 1253.0], [17.437649, 11.006028, 1270.0], [17.176384, 11.136737, 1288.0], [16.959475, 11.348106, 1306.0], [16.693512, 11.58371, 1324.0], [16.376102, 11.77927, 1341.0], [16.085876, 12.054544, 1359.0], [15.761011, 12.210724, 1377.0], [15.495146, 12.4053135, 1395.0], [15.065759, 12.643671, 1412.0], [14.737322, 12.87688, 1430.0], [14.477404, 13.093372, 1448.0], [14.215777, 13.307136, 1466.0], [13.988864, 13.501732, 1483.0], [13.778618, 13.633254, 1501.0], [13.4543915, 13.871817, 1519.0], [13.093473, 14.014892, 1537.0], [12.794849, 14.194072, 1554.0], [12.530572, 14.354805, 1572.0], [12.348164, 14.525132, 1590.0], [12.179546, 14.58871, 1608.0], [11.997955, 14.678535, 1643.0], [11.841572, 14.8728285, 1697.0], [11.76699, 15.111496, 1750.0], [11.883496, 15.377991, 1785.0], [12.062288, 15.642431, 1803.0], [12.330254, 15.897917, 1821.0], [12.6078415, 16.063917, 1839.0], [12.899433, 16.30781, 1856.0], [13.113722, 16.456654, 1874.0], [13.374168, 16.61325, 1892.0], [13.682275, 16.80764, 1910.0], [14.087792, 17.120422, 1928.0], [14.543512, 17.420738, 1945.0], [14.897769, 17.7335, 1963.0], [15.226933, 18.02491, 1981.0], [15.484596, 18.25532, 1999.0], [15.638827, 18.502201, 2016.0], [15.770461, 18.72677, 2034.0], [15.938958, 18.958502, 2052.0], [16.0695, 19.262835, 2070.0], [16.242231, 19.512373, 2087.0], [16.369776, 19.800255, 2105.0], [16.443964, 19.95802, 2123.0], [16.548668, 20.172537, 2141.0], [16.678795, 20.370493, 2176.0], [16.732256, 20.540564, 2212.0], [16.69903, 20.736658, 2265.0], [16.610598, 20.995155, 2301.0], [16.545504, 21.162466, 2318.0], [16.41421, 21.427032, 2354.0], [16.31189, 21.632397, 2372.0], [16.185478, 21.84591, 2389.0], [15.9417305, 22.013092, 2407.0], [15.685401, 22.259872, 2425.0], [15.435939, 22.382719, 2443.0], [15.074906, 22.512693, 2460.0], [14.841857, 22.679941, 2179.0], [14.6044445, 22.811253, 2197.0], [14.393076, 23.008963, 2217.0], [14.206645, 23.154327, 2233.0], [13.929598, 23.395006, 2250.0], [13.506179, 23.591837, 2269.0], [13.130458, 23.78874, 2286.0], [12.773759, 23.975853, 2303.0], [12.448206, 24.120518, 2321.0], [12.205979, 24.251259, 2339.0], [11.943171, 24.4216, 2356.0], [11.603888, 24.551193, 2374.0], [11.211417, 24.729412, 2392.0], [10.7478, 24.889938, 2410.0], [10.373861, 25.059563, 2427.0], [10.094553, 25.191036, 2445.0], [9.833479, 25.358452, 2463.0], [9.592232, 25.422918, 2480.0], [9.355985, 25.495241, 2498.0], [9.089047, 25.520067, 2516.0], [8.9126215, 25.578354, 2534.0], [8.504876, 25.558924, 2551.0], [8.148238, 25.518644, 2569.0], [7.75375, 25.396866, 2587.0], [7.4720182, 25.20156, 2605.0], [7.210807, 25.086372, 2623.0], [6.9503946, 24.926678, 2640.0], [6.7494626, 24.735073, 2658.0], [6.5980277, 24.575712, 2676.0], [6.393974, 24.448732, 2694.0], [6.123536, 24.19268, 2729.0], [5.980582, 24.004585, 2762.0]"}