{"Image number":39271,"Image shape":5,"Path":"[23.806988, 7.8709145, 0.0], [23.151958, 7.683923, 52.0], [22.26129, 7.637373, 69.0], [21.150217, 7.7778215, 86.0], [19.981634, 8.152259, 102.0], [18.769787, 8.806347, 119.0], [17.365839, 9.602624, 135.0], [15.921506, 10.63004, 152.0], [14.572223, 11.889777, 168.0], [13.169274, 13.105852, 185.0], [11.735471, 14.402357, 201.0], [10.618082, 15.754982, 218.0], [9.587023, 17.068413, 234.0], [8.986801, 18.136204, 251.0], [8.523087, 18.971615, 267.0], [8.383998, 19.723488, 284.0], [8.292069, 20.370815, 300.0], [8.292845, 20.833075, 317.0], [8.621868, 21.676577, 350.0], [8.947816, 21.952831, 367.0], [9.932925, 22.184391, 400.0], [10.716316, 21.996918, 416.0], [11.746928, 21.527954, 433.0], [13.046063, 20.364363, 449.0], [14.167392, 19.05493, 466.0], [14.958278, 17.889746, 483.0], [15.282613, 17.098457, 499.0], [15.4222, 16.443436, 516.0], [15.373932, 15.83736, 532.0], [15.233678, 15.326876, 549.0], [14.954357, 14.816151, 565.0], [14.254378, 14.11675, 598.0], [13.928127, 13.930526, 615.0], [13.648515, 13.790764, 631.0], [13.323963, 13.745178, 664.0], [13.137037, 13.838952, 681.0], [12.854862, 13.980137, 698.0], [12.528298, 14.119925, 714.0], [12.202621, 14.212446, 731.0], [11.878353, 14.25801, 764.0], [22.642262, 6.938491, 0.0], [21.097956, 7.7807655, 80.0], [19.782635, 8.250207, 96.0], [18.43283, 8.715759, 113.0], [16.890034, 9.277473, 129.0], [15.309369, 9.929832, 146.0], [13.732748, 10.438643, 162.0], [12.330969, 11.094833, 179.0], [11.173586, 11.650961, 196.0], [10.528662, 12.160418, 212.0], [10.249053, 12.440316, 228.0], [10.202817, 12.626984, 245.0], [10.202994, 12.860024, 344.0], [10.202994, 13.232622, 377.0], [10.296541, 14.261698, 410.0], [10.296173, 14.726968, 427.0], [10.342952, 14.958278, 444.0], [10.577752, 14.815416, 559.0], [11.095355, 14.344729, 576.0], [12.209386, 13.697141, 609.0], [12.674789, 13.604799, 625.0], [13.192041, 13.558025, 642.0], [14.213734, 13.652307, 675.0], [14.67815, 13.792582, 692.0], [15.096394, 13.978974, 708.0], [15.702385, 14.680116, 741.0], [15.840543, 15.284872, 758.0], [15.793348, 17.479147, 791.0], [15.607053, 18.735458, 807.0], [15.32612, 19.71852, 824.0], [15.093503, 20.556686, 841.0], [14.297893, 21.769938, 874.0], [13.741722, 22.231924, 890.0], [13.085607, 22.559528, 907.0], [12.38948, 22.697075, 923.0], [11.589854, 22.79095, 940.0], [10.753755, 22.742596, 956.0], [10.060293, 22.64942, 973.0], [9.35793, 22.320448, 989.0], [8.84452, 21.708649, 1006.0], [8.5221, 20.868721, 1023.0]"}