{"Image number":30383,"Image shape":8,"Path":"[18.058252, 14.328811, 0.0], [18.268223, 14.422331, 113.0], [18.506956, 14.583489, 131.0], [18.829487, 14.850725, 148.0], [19.255507, 15.293638, 166.0], [19.673655, 15.787521, 184.0], [20.22023, 16.50079, 202.0], [20.561747, 17.073658, 220.0], [20.734833, 17.545973, 237.0], [20.75155, 18.19206, 255.0], [20.58325, 18.988935, 273.0], [20.23318, 20.001581, 291.0], [19.801395, 20.761547, 308.0], [19.516762, 21.318949, 326.0], [19.214031, 21.721207, 344.0], [18.726065, 22.057846, 362.0], [18.093222, 22.37446, 379.0], [17.6438, 22.457703, 397.0], [16.989128, 22.480377, 415.0], [16.217052, 22.43272, 433.0], [15.430549, 22.450241, 450.0], [14.26922, 22.379543, 468.0], [13.379147, 22.023033, 486.0], [12.713042, 21.75426, 504.0], [12.201277, 21.435537, 521.0], [11.680016, 21.122068, 539.0], [11.204583, 20.824137, 557.0], [10.784531, 20.486635, 575.0], [10.311674, 20.000076, 592.0], [9.971907, 19.547012, 610.0], [9.905464, 19.276604, 628.0], [9.949591, 18.851717, 646.0], [10.128386, 18.265705, 664.0], [10.478414, 17.489235, 681.0], [10.742933, 16.857777, 699.0], [11.10782, 16.2702, 717.0], [11.696813, 15.68136, 735.0], [12.375568, 15.188305, 752.0], [13.144818, 14.679079, 770.0], [13.973686, 14.233884, 788.0], [14.58006, 13.776802, 806.0], [15.06476, 13.486855, 823.0], [15.483999, 13.186079, 841.0], [16.10123, 12.8860035, 859.0], [16.648754, 12.567902, 877.0], [17.202995, 12.408468, 894.0], [17.557653, 12.166573, 912.0], [17.824123, 11.978708, 930.0], [18.040369, 11.78204, 948.0], [18.235893, 11.441997, 965.0], [18.410583, 11.154798, 983.0], [18.5408, 10.876183, 1001.0], [18.671785, 10.610134, 1019.0], [18.718445, 10.338083, 1036.0], [18.718445, 10.043175, 1054.0], [18.718445, 9.718204, 1072.0], [18.631653, 9.201824, 1090.0], [18.500772, 8.677986, 1108.0], [18.25405, 8.23086, 1125.0], [17.96757, 7.8004932, 1143.0], [17.587576, 7.4599214, 1161.0], [17.289587, 7.2225194, 1179.0], [17.017544, 7.046755, 1196.0], [16.757267, 6.9165382, 1214.0], [16.413078, 6.707834, 1232.0], [16.022003, 6.5773954, 1250.0], [15.575156, 6.4467483, 1267.0], [15.198292, 6.4405284, 1285.0], [14.737228, 6.371046, 1303.0], [14.22254, 6.305643, 1321.0], [13.743126, 6.323953, 1338.0], [13.176986, 6.323953, 1356.0], [12.811785, 6.3828654, 1374.0], [12.512674, 6.4482865, 1392.0], [12.002997, 6.6597257, 1409.0], [11.232931, 7.1178207, 1427.0], [10.412563, 7.690117, 1445.0], [9.781084, 8.237074, 1463.0], [9.194292, 8.843151, 1481.0], [8.706383, 9.445381, 1498.0], [8.32258, 10.032936, 1516.0], [8.106727, 10.535487, 1534.0], [7.976809, 10.9904785, 1552.0], [8.0, 11.295212, 1569.0], [8.129349, 11.660268, 1587.0], [8.259666, 12.090654, 1605.0], [8.669751, 12.512023, 1623.0], [9.25609, 12.93882, 1640.0], [9.895766, 13.38343, 1658.0], [10.393786, 13.680651, 1676.0], [11.004328, 13.95112, 1694.0], [11.827249, 14.145442, 1711.0], [12.693417, 14.299562, 1729.0]"}