{"Image number":15204,"Image shape":7,"Path":"[13.371094, 9.706018, 0.0], [14.416576, 9.408856, 68.0], [15.20752, 9.164244, 86.0], [16.077726, 8.872837, 102.0], [16.946886, 8.553128, 118.0], [17.635399, 8.296723, 135.0], [18.073267, 8.199316, 152.0], [18.422432, 8.150463, 169.0], [18.695538, 8.150463, 185.0], [18.849014, 8.317934, 201.0], [18.963354, 8.44378, 218.0], [19.003906, 8.717282, 234.0], [18.935125, 9.288064, 251.0], [18.700228, 10.122593, 268.0], [18.330221, 11.0419655, 284.0], [17.789946, 12.157978, 301.0], [17.19594, 13.415364, 318.0], [16.57345, 14.610165, 334.0], [16.131323, 15.554486, 351.0], [15.706162, 16.47099, 368.0], [15.432407, 17.249672, 387.0], [15.183943, 18.183945, 404.0], [14.972576, 18.984087, 418.0], [14.738617, 19.767324, 435.0], [14.448292, 20.435774, 452.0], [14.212105, 20.998566, 468.0], [13.907298, 21.488876, 485.0], [13.644531, 22.028934, 503.0], [13.3984375, 22.466434, 519.0], [13.188546, 22.863878, 535.0], [12.984479, 23.226667, 552.0], [12.829079, 23.498613, 569.0], [12.685326, 23.709883, 585.0], [12.542529, 23.915134, 619.0], [12.458654, 24.046297, 652.0], [12.511905, 23.81691, 718.0], [12.727956, 23.347492, 735.0], [13.085909, 22.514236, 752.0], [13.637825, 21.213186, 768.0], [14.166648, 20.035225, 785.0], [14.72129, 18.903196, 803.0], [14.980118, 18.366367, 819.0], [15.207446, 17.988453, 835.0], [15.368816, 17.708717, 851.0], [15.4451065, 17.58833, 868.0], [15.503906, 17.437695, 885.0], [15.599609, 17.313658, 918.0], [15.225976, 17.289352, 969.0], [14.730753, 17.359291, 985.0], [14.105581, 17.582142, 1003.0], [13.411234, 17.842033, 1019.0], [12.825394, 18.055862, 1035.0], [12.436369, 18.214754, 1052.0], [12.209875, 18.317759, 1068.0], [12.095147, 18.358797, 1085.0], [12.374561, 18.171555, 1135.0], [13.042969, 17.89699, 1153.0], [14.521322, 17.335482, 1169.0], [15.978866, 16.952904, 1185.0], [17.203259, 16.69805, 1202.0], [18.15843, 16.491613, 1220.0], [18.761292, 16.39746, 1236.0], [19.091934, 16.36574, 1253.0]"}