{"Image number":40095,"Image shape":2,"Path":"[8.93617, 8.337351, 0.0], [10.076128, 7.6297226, 81.0], [11.224159, 7.1939716, 98.0], [12.694273, 6.7375193, 114.0], [14.16722, 6.415735, 131.0], [15.46069, 6.2779098, 147.0], [16.741343, 6.2643566, 164.0], [17.728281, 6.4387045, 180.0], [18.415283, 6.717182, 197.0], [18.84125, 7.105265, 214.0], [18.810745, 7.6352057, 231.0], [18.38074, 8.446106, 247.0], [17.39014, 9.80331, 264.0], [16.370106, 11.008232, 281.0], [15.301024, 12.391923, 297.0], [14.302108, 13.788075, 314.0], [13.523296, 14.889717, 331.0], [12.790919, 15.779705, 347.0], [11.913323, 16.850912, 364.0], [11.050031, 17.940968, 380.0], [10.348015, 18.918503, 397.0], [9.783174, 19.69864, 414.0], [9.259829, 20.317999, 431.0], [8.894636, 20.765043, 447.0], [8.543802, 21.102585, 464.0], [8.190104, 21.331045, 481.0], [7.9615316, 21.470137, 497.0], [7.7477264, 21.561836, 514.0], [7.544471, 21.533361, 530.0], [7.3852468, 21.337223, 580.0], [7.3559804, 21.111155, 596.0], [7.424025, 20.722925, 613.0], [7.6899204, 20.078728, 630.0], [8.331678, 19.376661, 646.0], [9.188308, 18.857206, 663.0], [10.4569645, 18.633717, 679.0], [11.560453, 18.659119, 696.0], [12.29678, 18.974041, 713.0], [13.052554, 19.408863, 731.0], [13.777, 19.931759, 747.0], [14.455807, 20.448637, 763.0], [15.121311, 20.904095, 780.0], [15.884491, 21.255825, 796.0], [16.613703, 21.504383, 813.0], [17.341208, 21.599926, 830.0], [18.00185, 21.604515, 847.0], [18.51019, 21.365223, 863.0], [19.331055, 20.83694, 880.0], [20.085829, 20.234255, 897.0], [20.736403, 19.738039, 913.0], [21.279827, 19.303703, 929.0], [21.753866, 18.783829, 946.0], [22.154573, 18.38296, 963.0], [22.385588, 18.100027, 980.0], [22.765978, 17.786669, 996.0], [23.166212, 17.455803, 1013.0], [23.562845, 17.051853, 1030.0], [23.948938, 16.730904, 1047.0]"}