{"Image number":36518,"Image shape":4,"Path":"[10.855241, 8.756715, 0.0], [10.808652, 8.989822, 32.0], [10.063683, 11.133028, 65.0], [9.69014, 12.487766, 81.0], [9.597302, 13.37254, 98.0], [9.597338, 13.839319, 115.0], [9.785853, 13.932743, 131.0], [10.204999, 13.884819, 148.0], [10.905735, 13.697514, 164.0], [11.749305, 13.32164, 181.0], [12.68386, 12.853548, 197.0], [13.713919, 12.338163, 214.0], [14.731684, 11.781874, 230.0], [15.711259, 10.938681, 247.0], [16.457111, 10.096133, 263.0], [16.870424, 9.211942, 280.0], [17.006283, 8.752402, 297.0], [17.004538, 9.415748, 346.0], [16.91069, 10.7305355, 363.0], [16.723736, 12.455725, 379.0], [16.53616, 14.7129135, 396.0], [16.39673, 17.004591, 412.0], [16.304285, 19.244797, 429.0], [16.258348, 21.065664, 445.0], [16.259565, 22.565022, 462.0], [16.358438, 23.94174, 479.0], [16.402054, 24.700788, 495.0]"}