{"Image number":36303,"Image shape":5,"Path":"[20.173044, 5.959448, 0.0], [19.699411, 6.194103, 51.0], [18.812057, 6.381124, 68.0], [17.374172, 6.4725075, 84.0], [15.972874, 6.5659995, 101.0], [13.420783, 6.8448853, 134.0], [12.398472, 6.937964, 151.0], [11.6489525, 6.938491, 167.0], [11.136102, 6.938491, 184.0], [10.759778, 6.9853983, 200.0], [10.43567, 7.1250906, 217.0], [10.155407, 7.592854, 233.0], [9.96889, 8.201032, 250.0], [9.876847, 8.990027, 266.0], [9.830129, 9.784994, 283.0], [9.87736, 11.6099, 316.0], [9.971104, 12.496426, 333.0], [10.157198, 13.095057, 349.0], [10.485446, 13.515826, 366.0], [10.812104, 13.653417, 382.0], [11.234745, 13.60456, 404.0], [11.837698, 13.323698, 415.0], [12.546303, 13.08786, 432.0], [13.332825, 12.904027, 448.0], [14.123804, 12.858944, 465.0], [15.715702, 13.190198, 498.0], [16.498262, 13.420524, 515.0], [17.292421, 13.748432, 531.0], [17.994532, 14.12411, 548.0], [18.781925, 14.682227, 564.0], [19.434511, 15.431421, 581.0], [19.941372, 16.358278, 597.0], [20.223238, 17.300411, 614.0], [20.266771, 18.278963, 630.0], [20.079552, 19.294827, 647.0], [19.613836, 20.272432, 664.0], [18.91023, 21.117214, 680.0], [17.97523, 21.910791, 697.0], [16.811771, 22.513523, 713.0], [15.367593, 22.88467, 730.0], [13.883104, 23.022821, 746.0], [12.38877, 22.976038, 763.0], [10.899191, 22.789347, 779.0], [9.587454, 22.460855, 796.0], [8.556337, 22.037172, 812.0]"}