{"Image number":38916,"Image shape":7,"Path":"[10.109817, 8.803335, 0.0], [10.576517, 8.803335, 52.0], [11.370697, 8.803335, 68.0], [12.545102, 8.897592, 85.0], [13.662099, 8.990782, 102.0], [15.654902, 9.129738, 134.0], [16.358234, 9.2236595, 151.0], [16.773415, 9.269701, 168.0], [17.00568, 9.363066, 184.0], [17.193329, 9.457024, 201.0], [17.378468, 9.690092, 217.0], [17.56479, 9.923158, 234.0], [17.70549, 10.394009, 250.0], [17.750935, 11.048392, 267.0], [17.79737, 12.074893, 283.0], [17.70272, 13.151836, 300.0], [17.280846, 15.438883, 333.0], [16.905613, 16.655848, 350.0], [16.443735, 17.853529, 366.0], [15.272713, 20.100212, 399.0], [14.662841, 21.228022, 416.0], [14.160341, 22.282536, 432.0], [13.740511, 23.545376, 449.0], [13.18075, 24.568512, 465.0]"}