{"Image number":30069,"Image shape":9,"Path":"[21.320389, 7.8782945, 0.0], [21.092, 7.7834578, 73.0], [20.874731, 7.6793804, 90.0], [20.51479, 7.6451416, 108.0], [20.005844, 7.587587, 126.0], [19.04416, 7.4777656, 144.0], [18.438732, 7.489709, 161.0], [17.817581, 7.489709, 179.0], [17.303507, 7.489709, 198.0], [16.782438, 7.489709, 215.0], [16.171751, 7.64963, 232.0], [15.566261, 7.9251165, 250.0], [14.912406, 8.281147, 268.0], [14.167645, 8.849211, 286.0], [13.485446, 9.55017, 304.0], [12.985316, 10.076974, 321.0], [12.5879135, 10.565295, 339.0], [12.300301, 11.085463, 357.0], [12.03664, 11.652511, 375.0], [11.907809, 12.118605, 392.0], [11.883495, 12.618084, 410.0], [11.883495, 13.139571, 428.0], [12.103254, 13.584826, 446.0], [12.482185, 14.104277, 463.0], [12.916892, 14.33897, 481.0], [13.502995, 14.553032, 499.0], [14.153054, 14.505844, 517.0], [14.764297, 14.347278, 534.0], [15.481456, 14.060133, 552.0], [16.378859, 13.557064, 570.0], [17.25505, 12.814842, 588.0], [18.02866, 12.165228, 605.0], [18.788736, 11.638813, 623.0], [19.41623, 11.160652, 641.0], [19.82107, 10.886138, 659.0], [20.121567, 10.61022, 676.0], [20.35148, 10.412341, 694.0], [20.567326, 10.170947, 730.0], [20.112846, 10.679769, 836.0], [19.544285, 11.358644, 854.0], [18.667608, 12.203601, 872.0], [17.84743, 13.074746, 890.0], [17.125067, 13.994674, 908.0], [16.287277, 15.066052, 925.0], [15.329895, 16.219936, 943.0], [14.428259, 17.372272, 961.0], [13.396603, 18.692286, 978.0], [12.572526, 19.924053, 996.0], [11.773072, 21.087666, 1014.0], [10.9302025, 22.193636, 1032.0], [10.288699, 22.983215, 1049.0], [9.872759, 23.594328, 1068.0], [9.592233, 24.043442, 1084.0]"}