{"Image number":36817,"Image shape":4,"Path":"[10.063228, 9.222927, 0.0], [10.016639, 9.456033, 36.0], [9.922909, 10.253288, 53.0], [9.689488, 11.606564, 70.0], [9.501726, 13.253652, 86.0], [9.316399, 14.641521, 103.0], [9.13097, 15.659267, 119.0], [8.991227, 16.311453, 136.0], [8.944513, 16.639734, 152.0], [9.227536, 16.587902, 185.0], [9.831969, 16.448812, 202.0], [11.791995, 15.888296, 235.0], [12.965626, 15.417983, 251.0], [14.122658, 14.673637, 268.0], [15.099745, 13.927924, 285.0], [15.842163, 12.996864, 301.0], [16.403395, 12.060045, 318.0], [17.19396, 9.632436, 351.0], [17.42446, 8.616108, 367.0], [17.517883, 7.9612494, 384.0], [17.423784, 7.6360326, 400.0], [17.048653, 7.6395655, 433.0], [16.771545, 8.244969, 450.0], [16.536585, 9.422, 467.0], [16.207201, 11.212397, 483.0], [15.977904, 13.298129, 500.0], [15.886003, 15.725445, 516.0], [15.886856, 17.87876, 533.0], [15.886856, 19.838726, 551.0], [15.840037, 21.305086, 566.0], [15.840265, 22.493952, 582.0], [15.791096, 23.250605, 599.0], [15.793677, 23.552465, 615.0]"}