{"Image number":10532,"Image shape":6,"Path":"[17.5, 3.6944447, 0.0], [17.221708, 3.9607387, 38.0], [16.369768, 4.510411, 55.0], [15.422888, 5.460445, 72.0], [13.693029, 7.4912906, 88.0], [12.528761, 9.299429, 105.0], [11.413553, 11.554204, 121.0], [10.707616, 13.682775, 138.0], [10.274147, 15.986879, 154.0], [10.513299, 17.841272, 171.0], [11.068287, 19.398275, 188.0], [11.938889, 20.708332, 205.0], [13.015956, 21.335129, 221.0], [14.168518, 21.74321, 238.0], [15.088888, 21.894445, 255.0], [16.38257, 21.71226, 271.0], [17.64892, 21.17873, 288.0], [18.718142, 20.306095, 305.0], [19.45317, 19.506172, 321.0], [19.97475, 18.707321, 338.0], [20.240318, 17.691519, 355.0], [20.304174, 16.841497, 372.0], [19.949999, 16.041668, 389.0], [19.050003, 15.348892, 405.0], [18.178398, 14.90309, 422.0], [17.256985, 14.801318, 438.0], [16.124754, 14.821043, 455.0], [14.875, 15.108334, 472.0], [14.007294, 15.532465, 488.0], [12.966269, 16.052979, 505.0], [12.113889, 16.508333, 522.0], [11.570477, 16.713121, 539.0], [10.94353, 16.924377, 555.0], [10.675, 16.936111, 572.0]"}