{"Image number":35655,"Image shape":0,"Path":"[16.166388, 7.078354, 0.0], [15.7005, 7.124975, 36.0], [14.248867, 7.734144, 53.0], [12.101588, 8.949738, 69.0], [10.008444, 10.815334, 86.0], [8.472752, 12.633898, 102.0], [7.49347, 14.505147, 119.0], [6.9809384, 16.193758, 136.0], [6.941232, 17.772665, 152.0], [7.4576616, 19.021765, 169.0], [8.484575, 19.950676, 185.0], [9.982589, 20.36891, 202.0], [11.748144, 20.36538, 218.0], [13.759878, 19.84842, 235.0], [15.862653, 18.768808, 251.0], [17.954647, 17.228645, 268.0], [19.630768, 15.405334, 284.0], [20.933939, 13.489403, 301.0], [21.946646, 10.373722, 334.0], [21.710411, 9.1759405, 351.0], [21.149475, 8.287434, 367.0], [19.797905, 7.870159, 384.0], [17.736662, 7.917848, 400.0], [15.220146, 8.339538, 417.0], [12.638222, 9.329158, 433.0], [10.455919, 10.745431, 450.0], [9.361553, 11.742982, 466.0]"}