{"Image number":36819,"Image shape":5,"Path":"[23.71381, 10.435077, 0.0], [23.341099, 10.435077, 52.0], [22.530857, 10.244301, 71.0], [19.968874, 9.495013, 102.0], [18.571136, 8.98326, 118.0], [17.261469, 8.373034, 135.0], [16.063553, 8.007803, 152.0], [15.09267, 7.6837063, 168.0], [14.203254, 7.3557224, 185.0], [13.183989, 7.218139, 218.0], [12.951336, 7.8283987, 267.0], [12.951746, 8.713901, 284.0], [12.857957, 9.883279, 300.0], [12.811758, 11.280919, 317.0], [12.765086, 12.68202, 333.0], [12.765391, 13.895204, 350.0], [12.765391, 14.636699, 366.0], [12.859975, 15.192544, 400.0], [13.140385, 15.143433, 416.0], [13.613771, 15.001013, 433.0], [14.169319, 14.86252, 449.0], [14.869771, 14.816938, 466.0], [15.48081, 15.055672, 482.0], [16.031645, 15.61505, 499.0], [16.498627, 16.224049, 515.0], [16.916462, 16.876026, 532.0], [16.956497, 18.32358, 565.0], [16.534563, 19.162313, 582.0], [15.691629, 20.001284, 598.0], [14.708271, 20.465229, 615.0], [13.497484, 20.835695, 631.0], [12.143027, 21.067577, 648.0], [10.713719, 21.111374, 664.0], [9.307573, 20.92347, 681.0], [8.231581, 20.499498, 697.0], [7.541479, 20.035069, 714.0]"}