{"Image number":30649,"Image shape":1,"Path":"[20.893206, 5.935367, 0.0], [20.82271, 6.1153, 108.0], [20.640776, 6.36281, 126.0], [20.351099, 6.679551, 143.0], [20.025356, 7.0368943, 161.0], [19.720612, 7.423316, 179.0], [19.409977, 7.8654847, 197.0], [18.973099, 8.510017, 214.0], [18.603682, 9.064265, 232.0], [18.188622, 9.644981, 250.0], [17.75948, 10.232783, 268.0], [17.368584, 10.681254, 285.0], [17.028393, 11.159126, 303.0], [16.70195, 11.72003, 321.0], [16.337383, 12.358189, 339.0], [15.9056015, 13.078335, 357.0], [15.409334, 13.916495, 374.0], [14.915206, 14.723693, 392.0], [14.510635, 15.413686, 410.0], [14.2015085, 15.988071, 428.0], [13.872866, 16.553106, 445.0], [13.484956, 17.284555, 463.0], [12.97382, 17.992031, 481.0], [12.5914, 18.687075, 499.0], [12.201426, 19.272387, 516.0], [11.975575, 19.65634, 534.0], [11.780052, 19.976013, 552.0], [11.65057, 20.29338, 570.0], [11.479788, 20.631136, 587.0], [11.277118, 20.943634, 605.0], [11.120726, 21.25295, 623.0], [10.972127, 21.563076, 641.0], [10.711613, 21.913063, 676.0], [10.581448, 22.092417, 694.0]"}