{"Image number":252,"Image shape":2,"Path":"[7.7919374, 8.117617, 0.0], [7.828348, 7.8656898, 83.0], [8.059079, 7.684506, 111.0], [8.258487, 7.5308433, 125.0], [8.43543, 7.364647, 139.0], [8.664214, 7.2225685, 152.0], [8.937547, 7.037965, 166.0], [9.197737, 6.916562, 182.0], [9.51143, 6.749689, 197.0], [9.82841, 6.5685, 208.0], [10.203805, 6.434336, 223.0], [10.588182, 6.322406, 236.0], [10.996077, 6.2317314, 252.0], [11.396463, 6.1831803, 265.0], [11.801564, 6.150787, 286.0], [12.209613, 6.150787, 298.0], [12.621792, 6.1817403, 307.0], [13.0309, 6.267213, 322.0], [13.438869, 6.3579044, 334.0], [13.76837, 6.5067697, 348.0], [14.113629, 6.6720104, 362.0], [14.397522, 6.814003, 376.0], [14.714498, 7.0437484, 390.0], [14.91586, 7.2865987, 407.0], [15.141239, 7.5291467, 424.0], [15.332193, 7.7946053, 437.0], [15.513381, 8.112588, 447.0], [15.638491, 8.372576, 461.0], [15.749308, 8.715032, 473.0], [15.83962, 9.031224, 487.0], [15.883523, 9.386473, 503.0], [15.92921, 9.734443, 518.0], [15.947984, 10.025255, 531.0], [15.947984, 10.295209, 553.0], [15.90647, 10.593679, 562.0], [15.857163, 10.938928, 572.0], [15.751495, 11.245878, 587.0], [15.660971, 11.528528, 601.0], [15.570475, 11.843231, 614.0], [15.377971, 12.156764, 627.0], [15.220253, 12.511492, 643.0], [15.051475, 12.828485, 656.0], [14.912315, 13.145261, 670.0], [14.726274, 13.512079, 683.0], [14.545571, 13.837175, 697.0], [14.333528, 14.198175, 711.0], [14.147041, 14.56165, 725.0], [13.918964, 14.919963, 739.0], [13.692567, 15.282319, 755.0], [13.465528, 15.676145, 770.0], [13.241548, 16.07944, 781.0], [13.014938, 16.487467, 795.0], [12.751724, 16.895845, 810.0], [12.494891, 17.305445, 823.0], [12.22477, 17.748735, 837.0], [11.953768, 18.153814, 852.0], [11.683515, 18.55933, 866.0], [11.438816, 18.968464, 882.0], [11.214405, 19.336082, 896.0], [11.032388, 19.700298, 908.0], [10.869604, 19.971657, 923.0], [10.7597, 20.200188, 936.0], [10.705186, 20.390589, 948.0], [10.847477, 20.660793, 976.0], [11.151991, 20.709461, 990.0], [11.52765, 20.719894, 1004.0], [12.024921, 20.719894, 1019.0], [12.568892, 20.667702, 1032.0], [13.733262, 20.451736, 1047.0], [14.343695, 20.293861, 1062.0], [15.064786, 20.112148, 1076.0], [15.8299265, 19.984428, 1090.0], [16.68786, 19.7877, 1103.0], [18.271935, 19.540192, 1117.0], [19.036371, 19.436255, 1131.0], [20.678946, 19.143436, 1146.0], [21.054468, 19.086359, 1159.0], [21.769104, 18.949705, 1173.0], [22.4888, 18.774563, 1187.0], [23.041443, 18.60588, 1203.0], [23.472689, 18.470871, 1216.0], [23.739922, 18.370626, 1229.0]"}