{"Image number":38317,"Image shape":1,"Path":"[12.858569, 4.84054, 0.0], [12.9524, 5.407184, 53.0], [13.093251, 6.391206, 69.0], [13.234023, 7.947723, 86.0], [13.511694, 9.694705, 102.0], [14.161724, 14.341123, 135.0], [14.489941, 16.781181, 152.0], [14.865806, 18.989725, 168.0], [15.193107, 20.623938, 185.0], [15.424637, 21.971815, 201.0], [15.51481, 22.889584, 218.0], [15.563118, 23.56906, 235.0], [15.609594, 23.828987, 251.0]"}