{"Image number":36066,"Image shape":8,"Path":"[17.703827, 4.9804034, 0.0], [17.09284, 4.8396516, 53.0], [16.20252, 4.9348845, 69.0], [14.946661, 5.21538, 86.0], [13.818207, 5.7823343, 102.0], [12.667441, 6.5687704, 119.0], [11.269686, 8.579511, 152.0], [11.179618, 9.56763, 168.0], [11.463747, 10.397008, 185.0], [12.024674, 11.234704, 202.0], [12.953455, 11.881531, 218.0], [14.080259, 12.3979225, 235.0], [15.249214, 12.959633, 251.0], [16.363073, 13.470188, 268.0], [17.28873, 14.214754, 286.0], [17.990688, 15.2007, 301.0], [18.361069, 16.560562, 317.0], [18.450254, 18.144615, 334.0], [18.168926, 19.717175, 351.0], [17.556793, 21.222458, 367.0], [16.621904, 22.430202, 384.0], [15.507126, 23.401897, 400.0], [14.252402, 24.003677, 417.0], [12.899545, 24.282717, 433.0], [11.738263, 24.37497, 450.0], [10.842343, 24.185595, 466.0], [10.431497, 23.71716, 483.0], [10.342339, 22.785433, 499.0], [10.718106, 21.475063, 516.0], [11.468056, 19.97808, 532.0], [12.546183, 18.38697, 549.0], [13.936646, 16.721085, 566.0], [15.384883, 14.897479, 582.0], [16.86602, 12.998218, 599.0], [18.040947, 11.022661, 615.0], [19.015724, 9.303113, 632.0], [19.478827, 7.8565874, 648.0], [19.567972, 6.7918696, 665.0], [19.238956, 6.0004635, 681.0], [18.487843, 5.3934903, 698.0], [17.275007, 5.0710807, 714.0], [15.876712, 5.2145243, 731.0], [14.483412, 5.775272, 747.0], [13.453407, 6.760097, 764.0], [12.921764, 7.393082, 781.0]"}