{"Image number":37010,"Image shape":4,"Path":"[9.876871, 8.10402, 0.0], [9.690355, 8.337286, 251.0], [9.550487, 8.711925, 416.0], [9.456486, 10.407991, 433.0], [9.363836, 12.26444, 449.0], [9.270108, 14.234645, 466.0], [9.2712145, 15.10565, 482.0], [9.2712145, 15.612981, 499.0], [9.459693, 15.703265, 532.0], [9.9765625, 15.703265, 548.0], [10.762371, 15.703265, 565.0], [11.901987, 15.703265, 582.0], [13.065702, 15.655812, 598.0], [14.322963, 15.609276, 615.0], [15.531866, 15.373507, 631.0], [16.603693, 14.902873, 648.0], [17.525303, 14.20551, 664.0], [18.318071, 13.363107, 681.0], [18.923103, 12.569227, 697.0], [19.247082, 11.725498, 714.0], [19.38337, 10.934652, 730.0], [19.381031, 10.286449, 747.0], [19.28706, 9.778025, 763.0], [19.100372, 9.407162, 780.0], [18.866907, 9.221609, 797.0], [18.400936, 9.8334875, 830.0], [18.074425, 11.095938, 846.0], [17.561491, 14.938969, 879.0], [17.517, 16.88852, 896.0], [17.470005, 18.768724, 912.0], [17.470882, 20.20088, 929.0], [17.518293, 21.317564, 945.0], [17.565002, 22.106398, 962.0], [17.611704, 22.757835, 979.0], [17.659546, 23.183441, 995.0], [17.657238, 23.40856, 1012.0]"}