{"Image number":37510,"Image shape":0,"Path":"[14.861896, 5.67972, 0.0], [14.439311, 5.961795, 69.0], [14.020286, 6.241181, 86.0], [13.553115, 6.7096777, 102.0], [13.2272415, 7.130172, 119.0], [12.854848, 7.7841883, 135.0], [12.434559, 8.484839, 152.0], [11.972115, 9.224948, 168.0], [11.641776, 9.791777, 185.0], [11.413176, 10.297708, 201.0], [11.226287, 10.718556, 218.0], [11.08587, 11.141347, 235.0], [10.899738, 11.558693, 251.0], [10.666266, 11.97829, 268.0], [10.479651, 12.494324, 284.0], [10.34065, 12.9596615, 301.0], [10.248892, 13.375323, 317.0], [10.202729, 13.794191, 334.0], [10.108398, 14.217777, 350.0], [10.062988, 14.679997, 367.0], [10.016635, 15.1904745, 384.0], [9.969829, 15.752546, 400.0], [9.923094, 16.266743, 417.0], [9.876345, 16.828503, 433.0], [9.924157, 17.342669, 450.0], [9.923461, 17.951397, 466.0], [9.923461, 18.551863, 483.0], [9.970459, 19.158545, 499.0], [10.017251, 19.625565, 516.0], [10.111219, 20.092674, 532.0], [10.252151, 20.512947, 549.0], [10.668433, 20.971115, 582.0], [10.903822, 21.112514, 599.0], [11.136862, 21.299475, 615.0], [11.369971, 21.48609, 632.0], [11.649715, 21.672413, 648.0], [11.881225, 21.858076, 665.0], [12.114056, 22.044468, 681.0], [12.394641, 22.184586, 698.0], [12.62905, 22.230911, 714.0], [12.908531, 22.32459, 731.0], [13.189359, 22.370865, 747.0], [13.511741, 22.370087, 764.0], [13.838036, 22.370087, 781.0], [14.119511, 22.32296, 797.0], [14.491938, 22.229534, 814.0], [14.865053, 22.136192, 830.0], [15.1900425, 21.94934, 847.0], [15.93671, 21.387777, 880.0], [16.307959, 20.875734, 896.0], [16.681932, 20.361166, 913.0], [17.007908, 19.894997, 929.0], [17.28589, 19.477526, 946.0], [17.565897, 19.05723, 963.0], [18.079657, 17.885723, 996.0], [18.217836, 17.14034, 1012.0], [18.309841, 16.493315, 1029.0], [18.450136, 15.979738, 1045.0], [18.496225, 15.465903, 1062.0], [18.542759, 14.906738, 1078.0], [18.542429, 14.344901, 1095.0], [18.542429, 13.739421, 1112.0], [18.542429, 13.179298, 1128.0], [18.542429, 12.670901, 1145.0], [18.542429, 12.202827, 1161.0], [18.542429, 11.596634, 1178.0], [18.495596, 10.991353, 1194.0], [18.495838, 10.426485, 1211.0], [18.308556, 9.406008, 1244.0], [18.122646, 8.895254, 1260.0], [17.840698, 8.378435, 1277.0], [17.515602, 7.914863, 1293.0], [17.23363, 7.491481, 1310.0], [17.050646, 7.169959, 1326.0], [16.910654, 6.748524, 1343.0], [16.77107, 6.37643, 1360.0], [16.445402, 5.8189306, 1393.0], [16.119053, 5.6793995, 1409.0], [15.41946, 5.3995633, 1442.0], [14.624469, 5.353372, 1475.0]"}