{"Image number":38758,"Image shape":7,"Path":"[8.339434, 9.642517, 0.0], [8.856772, 9.642517, 70.0], [9.602066, 9.548684, 86.0], [10.626347, 9.408859, 103.0], [11.79364, 9.174981, 119.0], [13.204304, 8.892654, 136.0], [14.588181, 8.5688715, 152.0], [16.959698, 8.103794, 185.0], [17.66278, 8.057029, 202.0], [18.080265, 8.057398, 218.0], [18.12284, 8.244169, 268.0], [17.890041, 8.710375, 285.0], [17.284184, 10.809586, 318.0], [16.908056, 12.456237, 334.0], [16.534224, 14.329038, 351.0], [16.164602, 16.365788, 367.0], [15.791845, 18.41738, 384.0], [15.560581, 20.36663, 401.0], [15.04734, 23.774046, 434.0], [14.668978, 25.14454, 450.0], [14.280445, 26.257416, 467.0], [14.058248, 26.878323, 483.0]"}