{"Image number":37331,"Image shape":9,"Path":"[16.1198, 14.677599, 0.0], [15.790184, 14.914204, 69.0], [15.319959, 15.195134, 85.0], [14.759234, 15.522316, 102.0], [14.253589, 15.657368, 119.0], [13.880357, 15.703661, 135.0], [13.4616375, 15.797082, 152.0], [12.900428, 15.890539, 168.0], [12.43919, 15.936379, 185.0], [11.737847, 15.936371, 218.0], [11.269184, 15.936371, 234.0], [10.85464, 15.889685, 251.0], [10.477887, 15.795345, 267.0], [9.922285, 15.469375, 301.0], [9.54827, 15.282436, 317.0], [9.177496, 15.143609, 334.0], [8.848898, 14.90855, 350.0], [8.615054, 14.578875, 367.0], [8.38384, 14.207891, 383.0], [8.244648, 13.975601, 400.0], [8.152612, 13.697155, 416.0], [8.153078, 13.464929, 433.0], [8.153078, 13.134252, 449.0], [8.200618, 12.806093, 466.0], [8.388255, 12.388139, 483.0], [8.763067, 11.921533, 499.0], [9.229431, 11.408831, 516.0], [9.739726, 11.039243, 532.0], [10.253216, 10.571636, 549.0], [10.716654, 10.107548, 565.0], [11.183994, 9.639885, 582.0], [12.023199, 9.081043, 615.0], [12.443061, 8.894893, 631.0], [12.864216, 8.75483, 648.0], [13.328568, 8.66265, 665.0], [13.747295, 8.663473, 681.0], [14.119843, 8.616429, 698.0], [14.817665, 8.523272, 731.0], [15.145282, 8.523609, 747.0], [15.469905, 8.523609, 764.0], [15.747483, 8.570296, 780.0], [16.074833, 8.5702305, 797.0], [16.772972, 8.663606, 830.0], [17.101105, 8.710514, 846.0], [17.379316, 8.803874, 863.0], [17.798573, 8.943829, 896.0], [18.218664, 9.036443, 929.0], [18.636723, 9.223372, 962.0], [18.869377, 9.363203, 995.0], [19.057064, 9.504091, 1045.0], [19.195305, 9.831528, 1078.0], [19.382055, 10.204023, 1111.0], [19.474514, 10.529238, 1144.0], [19.521275, 10.716709, 1161.0], [19.567387, 11.043093, 1194.0], [19.661356, 11.3232565, 1227.0], [19.660564, 11.649875, 1260.0], [19.660564, 11.882435, 1277.0], [19.660564, 12.162148, 1293.0], [19.660564, 12.727078, 1310.0], [19.613659, 13.235854, 1326.0], [19.566624, 13.658808, 1343.0], [19.282572, 14.078131, 1376.0], [19.007679, 14.305164, 1392.0], [18.632107, 14.728163, 1409.0], [18.210443, 15.007858, 1426.0], [17.935764, 15.284684, 1442.0], [17.702623, 15.564847, 1459.0], [17.466196, 15.801196, 1475.0], [17.094513, 16.173134, 1492.0], [16.673323, 16.452902, 1508.0], [16.299147, 16.781687, 1525.0], [16.02189, 17.060009, 1541.0], [15.884427, 17.292435, 1558.0], [15.792681, 17.523987, 1574.0], [15.651916, 17.89978, 1591.0], [15.511991, 18.41519, 1607.0], [15.372286, 18.975107, 1624.0], [15.185345, 19.628807, 1641.0], [14.951793, 20.186777, 1657.0], [14.766985, 20.884716, 1674.0], [14.534974, 21.486368, 1690.0], [14.34645, 22.10001, 1707.0], [14.208656, 22.700745, 1723.0], [14.115483, 23.261822, 1740.0], [14.069239, 23.870352, 1756.0], [14.069883, 24.425283, 1773.0], [14.069883, 24.93813, 1789.0], [14.16333, 25.401808, 1806.0], [14.210027, 25.870445, 1823.0], [14.3506975, 26.431253, 1839.0]"}