{"Image number":36526,"Image shape":9,"Path":"[10.715474, 7.544566, 0.0], [10.0592, 8.061063, 53.0], [9.351847, 8.959103, 69.0], [8.661824, 10.302435, 86.0], [8.242827, 11.6112795, 102.0], [8.199223, 12.871399, 119.0], [8.527649, 13.797114, 135.0], [9.286359, 14.5053215, 152.0], [10.44752, 14.867794, 168.0], [11.893293, 14.958173, 185.0], [13.291608, 14.76901, 202.0], [14.545298, 14.348074, 218.0], [15.57533, 13.641975, 235.0], [16.313171, 12.804855, 251.0], [16.826864, 11.91273, 268.0], [17.100641, 10.986286, 284.0], [17.19208, 10.007792, 301.0], [17.14463, 9.080518, 317.0], [16.957289, 8.33267, 334.0], [16.675533, 7.6766424, 351.0], [16.350048, 7.1673555, 367.0], [15.931301, 6.7498617, 384.0], [15.50865, 6.6103115, 400.0], [15.230451, 6.5648284, 417.0], [15.048253, 6.847707, 483.0], [15.048253, 7.1735787, 499.0], [15.09515, 7.734768, 516.0], [15.094841, 8.436127, 533.0], [15.141735, 9.368884, 549.0], [15.235756, 10.542684, 566.0], [15.423454, 11.756663, 582.0], [15.609621, 13.014774, 599.0], [15.701725, 14.085627, 615.0], [15.794816, 15.204093, 632.0], [15.840863, 16.418098, 648.0], [15.934599, 17.676949, 665.0], [16.122126, 18.93584, 681.0], [16.498371, 20.246037, 698.0], [16.965176, 21.407991, 714.0], [17.335358, 22.475538, 731.0], [17.56893, 23.41525, 748.0], [17.611174, 24.197248, 764.0], [17.658035, 24.852156, 781.0], [17.657238, 25.281137, 797.0], [17.657238, 25.554392, 814.0]"}