{"Image number":15223,"Image shape":2,"Path":"[14.8203125, 6.983796, 0.0], [15.558594, 7.3726854, 77.0], [16.36448, 7.936702, 94.0], [17.0322, 8.488112, 110.0], [17.562492, 9.138881, 127.0], [17.974358, 9.847278, 144.0], [18.233675, 10.495816, 161.0], [18.414019, 11.187292, 177.0], [18.484375, 11.965492, 194.0], [18.484375, 12.737235, 212.0], [18.38458, 13.6410265, 228.0], [18.307768, 14.245154, 246.0], [18.157963, 14.788912, 262.0], [18.022074, 15.223949, 278.0], [17.818172, 15.751491, 294.0], [17.616114, 16.12585, 311.0], [17.41202, 16.48305, 328.0], [17.129019, 16.742008, 345.0], [16.778774, 17.005524, 363.0], [16.317656, 17.309444, 379.0], [15.825745, 17.568539, 395.0], [15.288218, 17.87087, 411.0], [14.657387, 18.181477, 427.0], [14.059591, 18.533186, 444.0], [13.461701, 18.8982, 461.0], [12.889725, 19.24747, 478.0], [12.299997, 19.56199, 495.0], [11.744897, 19.82402, 511.0], [11.2709875, 19.96785, 527.0], [10.748607, 20.120392, 544.0], [10.251606, 20.222677, 561.0], [9.761314, 20.30324, 577.0], [9.318481, 20.351852, 594.0], [8.8794775, 20.351852, 610.0], [8.430006, 20.351852, 627.0], [7.937161, 20.122551, 644.0], [7.520112, 19.963112, 661.0], [7.0840883, 19.654436, 677.0], [6.7042627, 19.36264, 694.0], [6.4371004, 19.07087, 710.0], [6.2651, 18.848915, 727.0], [6.106023, 18.568115, 744.0], [6.0703125, 18.249228, 761.0], [6.1803813, 17.896067, 777.0], [6.4608755, 17.510647, 794.0], [6.936302, 17.143461, 810.0], [7.659975, 16.843489, 827.0], [8.554843, 16.6639, 844.0], [9.442671, 16.519678, 861.0], [10.344473, 16.370867, 877.0], [11.134913, 16.263578, 894.0], [11.773101, 16.219908, 911.0], [12.390952, 16.219908, 928.0], [13.111328, 16.438658, 945.0], [13.741439, 16.698627, 961.0], [14.394195, 17.034136, 978.0], [15.053985, 17.422735, 994.0], [15.672504, 17.748714, 1010.0], [16.269405, 18.080307, 1027.0], [16.893753, 18.390324, 1044.0], [17.494797, 18.648611, 1062.0], [18.070114, 18.902699, 1078.0], [18.609478, 19.115782, 1096.0], [19.277344, 19.282408, 1111.0], [20.01859, 19.398731, 1127.0], [20.860332, 19.49919, 1143.0], [21.817337, 19.622684, 1160.0], [22.74327, 19.671297, 1177.0], [22.914062, 19.671297, 1192.0]"}