{"Image number":39439,"Image shape":7,"Path":"[12.206323, 8.010777, 0.0], [12.674852, 8.291384, 54.0], [13.422066, 8.431199, 69.0], [14.308273, 8.524183, 85.0], [15.239621, 8.664225, 102.0], [16.078304, 8.757281, 118.0], [17.101467, 8.89703, 135.0], [17.938166, 9.0366745, 151.0], [19.518766, 9.362383, 184.0], [20.119574, 9.547156, 201.0], [20.636694, 9.64211, 217.0], [20.962261, 9.73496, 234.0], [21.196678, 9.782116, 251.0], [21.430563, 9.921473, 284.0], [21.4772, 10.153663, 300.0], [21.431313, 10.525403, 317.0], [21.197975, 11.041212, 333.0], [20.870838, 11.789473, 350.0], [20.356592, 12.583992, 366.0], [19.705872, 13.5139065, 383.0], [19.052296, 14.4014225, 399.0], [18.259571, 15.287395, 416.0], [16.810163, 17.15912, 449.0], [16.118933, 18.035425, 466.0], [14.906233, 19.575594, 499.0], [14.346343, 20.275984, 515.0], [13.790303, 20.87826, 532.0], [13.08991, 21.95317, 565.0], [12.530951, 22.604475, 598.0], [12.20302, 22.74447, 615.0], [11.924187, 22.88422, 631.0], [11.692718, 23.023457, 648.0], [11.366753, 23.350426, 681.0], [11.088078, 23.535688, 714.0], [10.574582, 23.815907, 747.0], [10.247554, 23.95608, 763.0], [9.969795, 24.141863, 780.0], [9.643766, 24.468252, 813.0], [9.456997, 24.748625, 846.0], [9.170476, 24.936771, 912.0]"}