{"Image number":39527,"Image shape":0,"Path":"[15.560732, 7.9175353, 0.0], [16.075354, 8.058043, 69.0], [16.68784, 8.341269, 86.0], [17.337872, 8.855269, 103.0], [17.801756, 9.415117, 119.0], [18.27096, 10.073406, 136.0], [18.781792, 10.817386, 152.0], [19.200533, 11.658951, 169.0], [19.432451, 12.456222, 185.0], [19.47481, 13.195353, 202.0], [19.474209, 13.84321, 218.0], [19.474209, 14.400961, 235.0], [19.427366, 14.960386, 251.0], [19.286991, 15.520233, 268.0], [18.958559, 16.222897, 285.0], [18.488909, 16.925816, 301.0], [18.1158, 17.723555, 318.0], [17.839996, 18.369072, 334.0], [17.56016, 18.833387, 351.0], [16.997896, 19.440649, 367.0], [16.44181, 19.902596, 384.0], [15.927966, 20.417482, 400.0], [15.315973, 20.554592, 417.0], [14.715118, 20.646187, 433.0], [13.966297, 20.645107, 450.0], [13.313847, 20.597729, 466.0], [12.015231, 19.75558, 500.0], [11.361074, 18.864475, 516.0], [10.757683, 17.887379, 533.0], [10.289004, 16.853008, 549.0], [10.107644, 15.783999, 566.0], [10.015839, 14.715012, 582.0], [10.0641575, 13.678101, 599.0], [10.109916, 12.717425, 615.0], [10.345295, 11.8240795, 632.0], [10.764709, 10.848488, 648.0], [11.284342, 9.856902, 665.0], [11.787054, 8.943141, 682.0], [12.449252, 8.280513, 698.0], [13.9396715, 7.7293634, 731.0], [14.816912, 7.6843457, 748.0], [15.712252, 7.68443, 764.0]"}