{"Image number":38469,"Image shape":2,"Path":"[8.618968, 4.84054, 0.0], [9.273452, 4.8871613, 69.0], [10.116432, 4.981138, 86.0], [11.139119, 5.0272226, 102.0], [12.210078, 5.0738096, 119.0], [13.383508, 5.120765, 135.0], [14.631697, 5.2137127, 152.0], [15.80378, 5.401611, 168.0], [16.823864, 5.634288, 185.0], [18.26654, 6.61551, 218.0], [18.639791, 7.460744, 235.0], [18.824137, 8.441782, 251.0], [18.868996, 9.512838, 268.0], [18.680944, 10.6760025, 284.0], [18.211958, 11.844589, 301.0], [17.462162, 13.107205, 317.0], [16.522682, 14.420873, 334.0], [15.460694, 15.852379, 350.0], [14.389397, 17.109663, 367.0], [13.176613, 18.275202, 384.0], [12.148235, 19.257454, 400.0], [11.131236, 20.041767, 417.0], [10.472848, 20.701416, 433.0], [10.105528, 21.163305, 450.0], [9.921579, 21.581764, 466.0], [9.549981, 21.857254, 516.0], [10.44202, 21.716318, 599.0], [11.654424, 21.623598, 615.0], [13.193582, 21.530369, 632.0], [14.694714, 21.483686, 648.0], [16.131094, 21.484287, 665.0], [17.52305, 21.577902, 681.0], [18.793015, 21.719355, 698.0], [20.969309, 22.044548, 731.0], [22.270117, 22.276947, 764.0], [22.595673, 22.323467, 792.0]"}