{"Image number":38713,"Image shape":1,"Path":"[17.09817, 6.145932, 0.0], [16.627731, 6.995514, 53.0], [16.070868, 8.389606, 69.0], [15.5572, 10.30838, 86.0], [15.04214, 12.22948, 102.0], [14.482025, 14.425924, 119.0], [13.8704605, 16.779219, 136.0], [13.22538, 18.986986, 152.0], [12.6241045, 20.836266, 168.0], [12.112577, 22.41846, 185.0], [11.669288, 23.8479, 201.0], [11.400121, 24.6505, 218.0]"}