{"Image number":36104,"Image shape":9,"Path":"[15.793677, 8.290504, 0.0], [14.812228, 8.477351, 53.0], [13.831701, 8.851954, 70.0], [12.65744, 9.133232, 86.0], [12.063898, 9.551117, 102.0], [11.642233, 10.021069, 119.0], [11.694188, 10.719982, 135.0], [12.071034, 11.705618, 152.0], [12.676035, 12.67907, 168.0], [13.5736885, 13.480032, 185.0], [14.45577, 13.843971, 202.0], [15.427955, 13.885374, 218.0], [16.17476, 13.555027, 235.0], [16.877115, 12.847478, 251.0], [17.477432, 11.68124, 268.0], [18.036335, 10.373544, 284.0], [18.40525, 9.12094, 301.0], [18.496782, 8.234924, 317.0], [18.354786, 7.7733755, 334.0], [17.935242, 7.964837, 350.0], [16.631968, 10.062711, 383.0], [15.97464, 11.94237, 400.0], [15.317073, 14.2963, 417.0], [14.627081, 16.642054, 433.0], [13.371062, 20.878166, 466.0], [12.76069, 22.569601, 483.0], [12.155496, 24.105831, 499.0], [11.550766, 25.36072, 516.0], [10.963472, 26.289608, 532.0], [10.701057, 26.680872, 550.0]"}