{"Image number":40157,"Image shape":6,"Path":"[14.971324, 5.538809, 0.0], [14.18906, 6.0009813, 34.0], [13.542935, 6.5184555, 50.0], [12.741313, 7.277385, 66.0], [11.949246, 8.36039, 83.0], [11.071444, 9.908693, 101.0], [10.312416, 11.820315, 117.0], [9.716963, 13.69265, 134.0], [9.422796, 15.395619, 150.0], [9.253187, 16.82128, 166.0], [9.247917, 17.922134, 184.0], [9.408089, 18.673239, 200.0], [9.483404, 19.003828, 217.0], [9.785917, 19.336838, 234.0], [10.212067, 19.70897, 250.0], [10.875655, 19.880018, 267.0], [11.844887, 19.894295, 284.0], [13.40471, 19.516582, 300.0], [14.728811, 18.88686, 317.0], [16.025093, 18.00454, 334.0], [17.21795, 17.139753, 350.0], [18.215816, 16.335331, 367.0], [18.830324, 15.6840105, 383.0], [19.492168, 14.793587, 400.0], [20.09199, 13.691765, 416.0], [20.334019, 12.762913, 433.0], [20.35715, 11.846462, 450.0], [20.183855, 11.381594, 467.0], [19.841782, 10.8866, 484.0], [19.151527, 10.799031, 500.0], [17.917728, 11.172583, 517.0], [16.481035, 12.431277, 534.0], [15.438021, 13.803209, 550.0], [14.780293, 15.042195, 567.0], [14.200403, 16.351774, 583.0], [13.911356, 17.771738, 600.0], [13.786608, 18.96543, 617.0], [13.779834, 20.00183, 633.0]"}