{"Image number":37080,"Image shape":4,"Path":"[12.811979, 7.7776723, 0.0], [12.43633, 8.343002, 52.0], [12.062528, 9.185375, 69.0], [11.644352, 10.537678, 85.0], [11.18046, 11.836241, 102.0], [10.615513, 13.202126, 118.0], [9.965497, 14.547173, 135.0], [9.348039, 15.734739, 151.0], [8.892024, 16.648651, 168.0], [8.613427, 17.206232, 185.0], [8.477565, 17.525309, 201.0], [8.901334, 17.707975, 251.0], [9.464978, 17.660736, 267.0], [10.264064, 17.566404, 284.0], [11.333122, 17.473825, 301.0], [12.452781, 17.380499, 317.0], [13.766141, 17.286785, 333.0], [14.982506, 17.240707, 350.0], [16.099089, 17.241764, 367.0], [17.020699, 17.241764, 383.0], [17.62208, 17.194262, 400.0], [17.989948, 17.100248, 416.0], [18.264019, 16.584562, 449.0], [18.310373, 15.923885, 466.0], [18.261919, 14.9844, 482.0], [18.262894, 13.873486, 499.0], [18.262894, 12.622459, 516.0], [18.30993, 11.308333, 532.0], [18.404612, 10.178538, 549.0], [18.496853, 9.542169, 565.0], [18.54269, 9.314856, 582.0], [18.35506, 9.8320465, 615.0], [18.07269, 10.774268, 631.0], [17.841837, 12.17061, 650.0], [17.655125, 13.99892, 664.0], [17.609829, 16.065674, 681.0], [17.65805, 18.069324, 697.0], [17.755083, 19.99257, 714.0], [17.797813, 21.037497, 730.0], [17.993301, 22.294891, 747.0], [18.180504, 22.871378, 764.0]"}