{"Image number":37982,"Image shape":6,"Path":"[16.5391, 1.9500294, 0.0], [16.21082, 2.7006516, 69.0], [15.646463, 3.735293, 86.0], [14.81228, 5.1721044, 102.0], [13.459578, 8.255178, 135.0], [12.903616, 9.926873, 152.0], [12.576817, 11.752839, 169.0], [12.389957, 13.537942, 185.0], [12.392678, 15.209694, 202.0], [12.533179, 16.783873, 218.0], [12.81328, 18.133856, 235.0], [13.235761, 19.305546, 251.0], [13.65469, 19.999258, 268.0], [14.024059, 20.412865, 284.0], [14.446579, 20.647324, 301.0], [15.010048, 20.787066, 317.0], [15.609783, 20.550917, 334.0], [16.308859, 20.130651, 351.0], [17.015432, 19.280552, 367.0], [17.804613, 18.163437, 384.0], [18.873936, 15.594458, 417.0], [19.00941, 14.764286, 433.0], [19.00832, 14.254023, 450.0], [18.772934, 14.071526, 483.0], [18.34929, 14.118901, 499.0], [17.692673, 14.307819, 516.0], [16.815538, 14.725687, 533.0], [15.969795, 15.4320755, 549.0], [15.178385, 16.320114, 566.0], [14.523899, 17.30621, 582.0], [13.873072, 18.141018, 599.0]"}