{"Image number":30021,"Image shape":7,"Path":"[5.9029126, 10.792683, 0.0], [6.09734, 10.753824, 100.0], [6.554841, 10.753824, 117.0], [7.1686335, 10.753824, 135.0], [8.657042, 10.714967, 153.0], [9.580253, 10.714967, 171.0], [10.946813, 10.660423, 189.0], [12.179476, 10.633934, 206.0], [13.634455, 10.5090885, 224.0], [14.611621, 10.200798, 242.0], [15.708424, 9.700468, 260.0], [16.717731, 9.248416, 277.0], [17.512281, 8.909187, 296.0], [18.164867, 8.673976, 313.0], [18.56851, 8.511181, 331.0], [18.837542, 8.422314, 348.0], [19.098984, 8.383453, 384.0], [19.223303, 8.56295, 473.0], [19.223303, 8.80793, 490.0], [19.247902, 9.128277, 508.0], [19.208687, 9.520372, 526.0], [19.223303, 9.985116, 545.0], [19.223303, 10.499561, 561.0], [19.223303, 11.089756, 580.0], [19.184465, 11.675803, 597.0], [19.115839, 12.196919, 615.0], [18.99387, 12.777786, 637.0], [18.862503, 13.452669, 650.0], [18.772173, 14.13773, 668.0], [18.546534, 14.828277, 686.0], [18.21798, 15.440035, 704.0], [17.852411, 16.03395, 722.0], [17.592234, 16.602034, 739.0], [17.208881, 17.19434, 757.0], [16.981827, 17.648726, 775.0], [16.81005, 18.059013, 792.0], [16.680367, 18.513176, 810.0], [16.472975, 19.087528, 828.0], [16.29062, 19.639297, 846.0], [16.028812, 20.27981, 863.0], [15.731717, 20.850628, 881.0], [15.366249, 21.438929, 899.0], [15.09259, 21.869259, 917.0], [14.791547, 22.420532, 934.0], [14.529925, 22.944092, 952.0], [14.26813, 23.522356, 970.0], [13.964455, 24.07249, 988.0], [13.754038, 24.494211, 1005.0], [13.486141, 24.938383, 1023.0], [13.150151, 25.224104, 1041.0], [13.048545, 25.40349, 1074.0]"}