{"Image number":30638,"Image shape":6,"Path":"[7.2621365, 5.4302063, 0.0], [7.0412917, 5.534609, 86.0], [6.9202094, 5.7102556, 104.0], [6.79096, 6.067423, 122.0], [6.6609225, 6.4865513, 140.0], [6.585472, 6.8891354, 157.0], [6.3980217, 7.5254626, 175.0], [6.2702274, 7.854815, 193.0], [6.14008, 8.198193, 211.0], [6.008821, 8.526536, 229.0], [5.9102273, 8.890875, 246.0], [5.8451753, 9.331886, 264.0], [5.8640776, 9.834469, 282.0], [5.974981, 10.320397, 300.0], [5.980582, 10.7826805, 317.0], [6.02722, 11.282585, 335.0], [6.0540686, 11.881906, 353.0], [6.1240873, 12.428074, 371.0], [6.3713646, 12.973629, 388.0], [6.5952353, 13.456028, 406.0], [6.900847, 13.937468, 424.0], [7.2899556, 14.506569, 442.0], [7.646677, 15.061026, 459.0], [7.9462566, 15.542448, 477.0], [8.208202, 15.910409, 495.0], [8.468947, 16.353846, 513.0], [8.754714, 16.7549, 530.0], [9.134044, 17.187574, 548.0], [9.441616, 17.558792, 566.0], [9.839148, 17.956564, 584.0], [10.232831, 18.295471, 602.0], [10.423346, 18.579977, 619.0], [10.68428, 18.879927, 637.0], [10.943002, 19.138807, 655.0], [11.175122, 19.242691, 673.0], [11.53877, 19.46974, 690.0], [11.922331, 19.613571, 708.0], [12.308229, 19.790848, 726.0], [12.707705, 19.91438, 744.0], [13.099297, 20.00613, 761.0], [13.54018, 20.185226, 779.0], [13.956837, 20.270203, 797.0], [14.3125105, 20.335997, 815.0], [14.704847, 20.401423, 832.0], [14.944632, 20.46846, 850.0], [15.204603, 20.492926, 868.0], [15.415337, 20.507317, 886.0], [15.6887665, 20.546036, 903.0], [15.941437, 20.546175, 921.0], [16.320677, 20.599651, 939.0], [16.622684, 20.624159, 957.0], [16.966545, 20.623894, 975.0], [17.269585, 20.623894, 992.0], [17.514015, 20.585032, 1010.0], [17.782072, 20.546175, 1028.0], [18.158236, 20.546175, 1046.0], [18.511915, 20.546175, 1063.0], [18.871708, 20.576847, 1081.0], [19.253714, 20.52815, 1099.0], [19.64556, 20.546175, 1117.0], [19.892399, 20.514805, 1134.0], [20.097088, 20.449028, 1152.0], [20.411728, 20.318178, 1188.0], [20.815733, 20.186682, 1223.0], [21.072496, 20.01332, 1241.0], [21.3485, 19.87978, 1259.0], [21.644266, 19.748178, 1277.0], [21.894659, 19.539984, 1294.0], [22.15487, 19.322601, 1312.0], [22.41629, 19.162434, 1330.0], [22.561642, 18.994034, 1348.0], [22.760597, 18.821236, 1365.0], [23.02752, 18.52714, 1401.0], [23.133392, 18.34136, 1419.0], [23.25324, 18.184706, 1436.0], [23.303408, 18.015493, 1454.0], [23.397493, 17.807213, 1472.0], [23.470423, 17.628286, 1490.0], [23.6232, 17.381304, 1508.0], [23.59257, 17.114119, 1525.0], [23.63086, 16.913525, 1543.0], [23.735718, 16.63763, 1561.0], [23.83937, 16.43776, 1578.0], [23.90488, 16.207542, 1596.0], [23.922329, 16.010405, 1614.0], [23.961166, 15.746048, 1632.0], [23.961166, 15.4955845, 1649.0], [23.961166, 15.268414, 1667.0], [23.961166, 14.956869, 1685.0], [23.897577, 14.593563, 1703.0], [23.781096, 14.266949, 1720.0], [23.692657, 13.908045, 1738.0], [23.586645, 13.5681305, 1756.0], [23.722763, 13.26272, 1774.0], [23.496927, 12.971735, 1792.0], [23.280006, 12.68996, 1809.0], [23.008919, 12.350892, 1827.0], [22.67146, 12.028001, 1845.0], [22.314362, 11.748399, 1862.0], [22.036566, 11.470435, 1880.0], [21.858051, 11.249941, 1898.0], [21.65961, 11.015534, 1916.0], [21.410038, 10.710518, 1934.0], [21.192165, 10.462274, 1951.0], [20.748306, 10.273317, 1969.0], [20.361578, 10.079834, 1987.0], [19.964632, 9.964857, 2005.0], [19.715385, 9.82774, 2022.0], [19.456312, 9.762934, 2040.0], [19.192776, 9.743504, 2058.0], [18.86306, 9.743504, 2076.0], [18.294033, 9.88506, 2093.0], [17.746286, 10.083998, 2112.0], [17.298498, 10.392795, 2129.0], [16.93204, 10.695536, 2147.0], [16.512049, 11.057492, 2164.0], [16.049124, 11.5207, 2182.0], [15.65753, 11.951391, 2200.0], [15.271629, 12.287296, 2218.0], [14.990872, 12.657196, 2236.0], [14.695612, 13.041893, 2253.0], [14.481338, 13.390089, 2271.0], [14.326687, 13.754463, 2289.0], [14.19676, 14.14619, 2307.0], [14.066292, 14.537831, 2324.0], [14.016082, 15.012782, 2342.0], [13.980583, 15.440258, 2360.0], [13.9252405, 15.937571, 2378.0], [13.902913, 16.5921, 2395.0], [13.902913, 17.293652, 2413.0], [13.961164, 17.981512, 2431.0], [13.987085, 18.415644, 2449.0], [14.012088, 18.823912, 2466.0], [14.135924, 19.283274, 2484.0], [14.407768, 19.88558, 2502.0]"}