{"Image number":38799,"Image shape":8,"Path":"[17.750416, 7.6378083, 0.0], [17.096367, 7.4508333, 69.0], [16.209564, 7.31092, 86.0], [14.943257, 7.123224, 103.0], [13.594916, 7.078041, 119.0], [11.172793, 7.1257215, 152.0], [10.569067, 7.3135033, 169.0], [10.292316, 7.547782, 185.0], [10.249381, 7.7786875, 202.0], [10.3907385, 8.107258, 218.0], [10.809517, 8.75806, 235.0], [11.510067, 9.69258, 252.0], [13.569852, 12.080357, 285.0], [14.679987, 13.42421, 301.0], [15.755791, 14.781822, 318.0], [16.684162, 16.271193, 334.0], [17.473291, 17.66561, 351.0], [18.078556, 18.924318, 367.0], [18.453287, 20.004025, 384.0], [18.542677, 20.880562, 400.0], [18.589657, 21.634388, 417.0], [18.449226, 22.276966, 433.0], [18.026669, 22.887661, 450.0], [17.46779, 23.398588, 467.0], [16.628016, 23.817478, 483.0], [15.743525, 24.00258, 500.0], [14.568466, 24.096184, 516.0], [13.411342, 23.954453, 533.0], [12.246991, 23.627201, 549.0], [11.268515, 23.065956, 566.0], [10.5235815, 22.552763, 582.0], [10.060072, 21.946394, 599.0], [9.875044, 21.244324, 616.0], [10.018775, 20.304506, 632.0], [10.437516, 19.195646, 649.0], [11.330059, 17.834204, 665.0], [13.757197, 14.89477, 698.0], [14.968258, 13.638235, 715.0], [16.031673, 12.621434, 731.0], [16.960089, 11.925688, 748.0], [17.706959, 11.271514, 764.0], [18.21767, 10.479589, 781.0], [18.498491, 9.540431, 797.0], [18.589594, 8.611078, 814.0], [18.589016, 7.868005, 831.0], [18.307617, 7.2607894, 847.0], [17.745855, 6.6538196, 864.0], [16.858366, 6.18894, 880.0], [15.882201, 5.9583387, 897.0], [14.7143755, 5.8655834, 913.0]"}