{"Image number":37986,"Image shape":4,"Path":"[8.432612, 10.854667, 0.0], [8.714095, 11.278647, 52.0], [9.089956, 12.124915, 69.0], [9.554316, 13.1939335, 85.0], [10.112524, 14.216356, 102.0], [10.721733, 15.106345, 118.0], [11.368565, 15.937456, 135.0], [11.981179, 16.550251, 152.0], [12.680961, 16.872875, 168.0], [13.43008, 16.821392, 185.0], [14.268733, 16.443645, 201.0], [14.968128, 15.594347, 218.0], [15.6139555, 14.338448, 234.0], [16.028278, 12.947098, 251.0], [16.262337, 11.584532, 267.0], [16.35416, 10.654013, 284.0], [16.025589, 9.827761, 317.0], [15.745031, 9.688109, 333.0], [15.419792, 9.689921, 367.0], [15.326931, 9.971434, 383.0], [15.327787, 10.673953, 400.0], [15.4683895, 11.606178, 416.0], [16.216377, 14.175351, 449.0], [16.726671, 15.706911, 466.0], [17.287935, 17.20424, 482.0], [17.750711, 18.594662, 499.0], [18.266993, 19.862608, 516.0], [18.685871, 21.169384, 532.0], [19.057495, 22.331556, 549.0], [19.33815, 23.268257, 565.0], [19.52311, 24.058273, 582.0], [19.615162, 24.615015, 598.0], [19.661184, 24.891352, 615.0]"}