{"Image number":39191,"Image shape":8,"Path":"[16.678867, 6.4256587, 0.0], [15.876478, 6.567006, 53.0], [14.951597, 6.8930874, 69.0], [13.827335, 7.3150625, 86.0], [12.943588, 7.970171, 102.0], [12.340706, 8.716723, 119.0], [12.110792, 9.604845, 135.0], [12.066151, 10.583444, 152.0], [12.443263, 12.545026, 185.0], [13.09332, 13.608282, 202.0], [13.979932, 14.821881, 218.0], [14.864488, 16.173433, 235.0], [15.700793, 17.475328, 251.0], [16.309566, 18.834496, 268.0], [16.681265, 20.093748, 284.0], [16.773493, 21.363977, 301.0], [16.538984, 22.417238, 318.0], [15.46083, 24.102758, 351.0], [13.781601, 24.843311, 384.0], [12.801698, 24.793898, 400.0], [11.924451, 24.513922, 417.0], [11.123693, 23.80556, 433.0], [10.6659, 22.736187, 450.0], [10.765004, 19.410583, 483.0], [11.234876, 17.635029, 499.0], [12.024293, 16.208202, 516.0], [12.952957, 15.049054, 533.0], [13.948903, 14.005209, 549.0], [14.921321, 13.033015, 566.0], [15.892656, 12.201704, 582.0], [16.868582, 11.364619, 599.0], [17.705967, 10.759876, 615.0], [18.683283, 9.407508, 648.0], [18.776176, 8.798125, 665.0], [18.869331, 8.333223, 681.0], [18.492859, 7.49411, 714.0], [17.793911, 6.9828415, 731.0], [16.65892, 6.558037, 748.0], [15.363482, 6.33047, 764.0], [13.80052, 6.233983, 781.0], [12.9062, 6.288074, 797.0]"}