{"Image number":30324,"Image shape":8,"Path":"[17.281553, 5.702216, 0.0], [17.061787, 5.766684, 75.0], [16.904894, 5.779934, 128.0], [16.732525, 5.619156, 164.0], [16.640793, 5.449652, 181.0], [16.46154, 5.183605, 217.0], [16.235847, 5.0624685, 252.0], [16.021656, 5.080479, 270.0], [15.596924, 5.080479, 288.0], [15.243338, 5.138644, 306.0], [14.923002, 5.204173, 324.0], [14.629698, 5.335827, 341.0], [14.223679, 5.4717336, 359.0], [13.766304, 5.649774, 377.0], [13.200426, 5.771084, 395.0], [12.742317, 5.924923, 412.0], [12.41463, 6.0725117, 430.0], [12.201471, 6.1660857, 448.0], [11.982979, 6.3324685, 466.0], [11.770555, 6.514677, 483.0], [11.498646, 6.8635945, 501.0], [11.366665, 7.150509, 519.0], [11.235745, 7.4259477, 537.0], [11.105197, 7.922756, 554.0], [11.041477, 8.466522, 572.0], [10.975646, 9.005842, 590.0], [11.149938, 9.765041, 608.0], [11.242376, 10.325012, 626.0], [11.372491, 10.845787, 643.0], [11.670263, 11.450041, 661.0], [12.095814, 11.968084, 679.0], [12.552347, 12.490155, 696.0], [12.921335, 13.008167, 714.0], [13.253615, 13.463859, 732.0], [13.630069, 13.8615055, 750.0], [13.983602, 14.254114, 768.0], [14.337976, 14.681259, 785.0], [14.786106, 15.134826, 803.0], [15.150465, 15.547001, 821.0], [15.406464, 16.012878, 839.0], [15.611837, 16.291632, 857.0], [15.749155, 16.585773, 874.0], [15.878899, 16.886572, 892.0], [16.009296, 17.232246, 910.0], [16.08852, 17.519775, 927.0], [16.154673, 17.938644, 945.0], [16.194174, 18.327164, 963.0], [16.242243, 18.649443, 981.0], [16.23301, 19.150322, 998.0], [16.23301, 19.703358, 1016.0], [16.23301, 20.397818, 1034.0], [16.19198, 21.073282, 1052.0], [15.829979, 21.751816, 1069.0], [15.437795, 22.251661, 1087.0], [15.132975, 22.663532, 1105.0], [14.872418, 22.908543, 1123.0], [14.667879, 23.011127, 1140.0], [14.471083, 23.159271, 1158.0], [14.206331, 23.188553, 1176.0], [13.831448, 23.188553, 1194.0], [13.3058, 23.143015, 1212.0], [12.888274, 23.00557, 1229.0], [12.517531, 22.812653, 1247.0], [12.239323, 22.534275, 1265.0], [11.977814, 22.125504, 1283.0], [11.839478, 21.657515, 1300.0], [11.709802, 21.220207, 1318.0], [11.614275, 20.722616, 1336.0], [11.572816, 20.25038, 1354.0], [11.572816, 19.81116, 1371.0], [11.572816, 19.350597, 1389.0], [11.725283, 18.88388, 1407.0], [11.972291, 18.347836, 1425.0], [12.429913, 17.744268, 1442.0], [12.85898, 17.119705, 1460.0], [13.357676, 16.477678, 1478.0], [13.880861, 15.903116, 1496.0], [14.393145, 15.343502, 1513.0], [14.8700695, 14.876547, 1531.0], [15.281543, 14.375454, 1549.0], [15.577028, 13.961992, 1567.0], [15.946475, 13.510502, 1585.0], [16.340088, 13.0947695, 1602.0], [16.763533, 12.663633, 1620.0], [17.160578, 12.3888645, 1638.0], [17.509165, 12.08711, 1656.0], [17.802818, 11.825446, 1673.0], [18.114635, 11.474579, 1691.0], [18.488373, 11.053398, 1709.0], [18.852316, 10.73645, 1727.0], [19.116825, 10.427905, 1744.0], [19.377386, 10.085085, 1762.0], [19.602886, 9.758118, 1780.0], [19.758858, 9.45644, 1798.0], [19.855673, 9.144384, 1815.0], [19.997305, 8.894008, 1833.0], [20.12734, 8.608925, 1851.0]"}