{"Image number":10802,"Image shape":2,"Path":"[13.455556, 4.3555555, 0.0], [14.318158, 3.8969793, 38.0], [15.396035, 3.619463, 55.0], [16.644445, 3.4222221, 72.0], [18.732239, 3.3488343, 89.0], [20.553223, 3.3444445, 105.0], [22.124674, 3.9047933, 122.0], [23.28583, 4.621906, 139.0], [24.105116, 5.492493, 155.0], [24.313683, 6.397908, 172.0], [24.255646, 7.460203, 189.0], [23.800001, 8.633333, 206.0], [22.651423, 10.154522, 222.0], [21.442604, 11.730179, 239.0], [20.300001, 13.027779, 256.0], [18.817997, 14.700373, 272.0], [17.49591, 16.026312, 289.0], [16.150963, 17.382631, 306.0], [14.816685, 18.53054, 323.0], [13.474999, 19.366667, 339.0], [12.038106, 20.0104, 356.0], [10.649849, 20.516722, 373.0], [9.650725, 20.764954, 390.0], [8.873859, 20.727777, 406.0], [8.270212, 20.575714, 423.0], [8.110021, 20.34514, 440.0], [7.9274397, 19.77087, 456.0], [7.9899793, 18.831469, 473.0], [8.746014, 17.55655, 490.0], [9.620576, 16.504246, 506.0], [10.908333, 15.516666, 524.0], [12.58226, 15.088403, 540.0], [14.225486, 14.952657, 557.0], [15.857597, 15.117333, 574.0], [17.652534, 15.605653, 590.0], [24.450512, 17.48468, 657.0]"}