{"Image number":40023,"Image shape":6,"Path":"[17.535614, 3.517639, 0.0], [17.250694, 3.8804135, 69.0], [17.069382, 4.139537, 86.0], [16.831491, 4.434414, 103.0], [16.463089, 4.8829293, 119.0], [15.97195, 5.392887, 136.0], [15.4228945, 5.9421625, 153.0], [14.682612, 6.5790963, 169.0], [13.879523, 7.418984, 186.0], [13.186287, 8.152204, 203.0], [12.528708, 8.877861, 219.0], [11.906516, 9.594102, 236.0], [11.369068, 10.273549, 253.0], [10.833789, 10.912278, 269.0], [10.26206, 11.795733, 286.0], [9.750131, 12.62303, 302.0], [9.202202, 13.635368, 319.0], [8.798913, 14.587118, 336.0], [8.477852, 15.493906, 352.0], [8.270704, 16.277956, 369.0], [8.141675, 16.961388, 386.0], [7.992532, 17.566214, 402.0], [7.9083385, 18.056835, 419.0], [7.8024483, 18.50105, 435.0], [7.7589483, 18.783796, 452.0], [7.7705827, 19.020523, 469.0], [7.7860317, 19.147831, 485.0], [7.896919, 19.194656, 552.0], [8.082769, 19.194656, 569.0], [8.517037, 19.16914, 585.0], [9.237713, 19.153856, 602.0], [10.177507, 19.113762, 619.0], [11.162703, 19.11692, 635.0], [12.162457, 19.11692, 652.0], [13.113025, 19.075785, 669.0], [13.990667, 19.065098, 686.0], [14.752227, 18.941504, 702.0], [15.711383, 18.73101, 719.0], [16.67717, 18.489468, 735.0], [17.537682, 18.287207, 752.0], [18.259277, 18.114334, 769.0], [18.900375, 17.928825, 786.0], [19.431774, 17.769833, 803.0], [19.91342, 17.66064, 819.0], [20.181238, 17.534449, 837.0], [20.545238, 17.317692, 853.0], [20.959528, 16.962303, 869.0], [21.369476, 16.548586, 886.0], [21.628551, 16.144915, 902.0], [21.839874, 15.739227, 919.0], [21.952229, 15.345006, 936.0], [22.034636, 14.897891, 952.0], [22.016651, 14.210731, 969.0], [21.875954, 13.5156975, 986.0], [21.729454, 12.994759, 1002.0], [21.460276, 12.622227, 1019.0], [21.155848, 12.445444, 1036.0], [20.762238, 12.4056015, 1052.0], [20.170351, 12.504137, 1069.0], [19.147814, 12.944424, 1086.0], [18.26534, 13.553658, 1103.0], [17.603619, 14.15335, 1119.0], [17.086704, 14.749735, 1136.0], [16.677694, 15.32258, 1153.0], [16.525284, 15.887231, 1169.0], [16.436167, 16.387815, 1186.0], [16.447735, 16.738514, 1204.0], [16.552496, 17.003435, 1219.0], [16.697798, 17.48885, 1236.0], [16.937485, 17.895061, 1252.0], [17.211617, 18.198929, 1269.0], [17.498869, 18.38783, 1286.0], [17.798904, 18.533873, 1302.0], [18.146568, 18.663906, 1319.0], [18.338575, 18.702324, 1336.0]"}