{"Image number":38819,"Image shape":7,"Path":"[9.2712145, 7.4513245, 0.0], [9.691283, 7.591407, 71.0], [10.436848, 7.9646106, 87.0], [11.517882, 8.340742, 104.0], [12.684498, 8.90248, 120.0], [13.888018, 9.364519, 137.0], [15.007558, 9.784593, 154.0], [16.086481, 10.065571, 170.0], [17.706116, 10.15535, 203.0], [18.45809, 9.872305, 220.0], [19.153793, 9.311601, 236.0], [19.85213, 8.611639, 253.0], [20.271084, 8.050913, 269.0], [20.50109, 7.775367, 286.0], [20.359283, 8.104254, 336.0], [19.986519, 8.617085, 352.0], [19.471743, 9.460072, 369.0], [18.958847, 10.487467, 385.0], [18.448792, 11.694931, 402.0], [17.885544, 12.916053, 418.0], [17.326254, 14.128683, 435.0], [16.673527, 15.4812355, 451.0], [16.116762, 16.87639, 468.0], [15.460479, 18.23547, 484.0], [14.808132, 19.493422, 501.0], [14.253762, 20.603443, 518.0], [13.78682, 21.725868, 534.0], [13.461174, 22.658537, 551.0], [13.133606, 23.40604, 567.0], [12.76034, 23.96279, 584.0], [12.389621, 24.284233, 600.0], [12.155615, 24.708565, 617.0], [11.972174, 24.935755, 633.0], [11.831076, 25.21905, 650.0]"}