{"Image number":35259,"Image shape":4,"Path":"[11.4143095, 14.118147, 0.0], [11.978869, 14.635864, 51.0], [12.722601, 15.240145, 68.0], [14.490242, 15.983285, 101.0], [15.431025, 15.982991, 117.0], [16.54044, 15.656253, 134.0], [17.758797, 14.858603, 150.0], [19.01965, 13.499894, 167.0], [20.319931, 12.012053, 184.0], [21.500547, 10.403761, 200.0], [22.371798, 9.022113, 217.0], [22.83326, 8.047648, 233.0], [23.01747, 7.5377016, 250.0], [22.262974, 7.874964, 283.0], [21.37334, 8.673338, 299.0], [20.113237, 9.888359, 316.0], [18.81568, 11.515222, 333.0], [17.31482, 13.486852, 349.0], [15.914225, 15.734038, 366.0], [14.477793, 17.864752, 382.0], [13.080589, 19.868214, 399.0], [11.825014, 21.495438, 415.0], [10.892915, 22.8963, 432.0], [10.429052, 23.87644, 448.0], [10.1906805, 24.50008, 465.0], [10.202994, 24.71324, 481.0], [12.392678, 10.062107, 0.0], [12.2995, 10.295212, 54.0], [11.970807, 11.000039, 71.0], [11.551136, 12.027387, 87.0], [11.132854, 13.050556, 104.0], [10.900404, 13.937086, 120.0], [10.760857, 14.542963, 137.0], [10.715275, 14.959114, 154.0], [10.856047, 15.238665, 170.0], [11.182958, 15.377602, 187.0], [11.845114, 15.471805, 203.0], [12.767242, 15.470159, 220.0], [13.843557, 15.470159, 236.0], [15.067294, 15.375452, 253.0], [16.260567, 15.236939, 269.0], [17.387018, 14.766958, 286.0], [18.413618, 14.15829, 302.0], [19.250078, 13.175432, 319.0], [19.994131, 12.1498165, 336.0], [20.547028, 11.085336, 352.0], [20.922464, 10.051107, 369.0], [21.155087, 9.067621, 385.0], [21.245789, 8.280318, 402.0], [21.24459, 7.7295103, 418.0], [21.24459, 7.4504685, 435.0], [20.916292, 7.7805786, 468.0], [20.261791, 8.528675, 484.0], [19.422417, 9.9309225, 501.0], [18.301098, 11.754103, 518.0], [17.277239, 13.6655245, 534.0], [16.116144, 15.475864, 551.0], [15.234443, 16.962315, 567.0], [14.254033, 18.363823, 584.0], [13.507126, 19.578817, 600.0], [12.7629175, 20.695442, 617.0], [12.27737, 21.76611, 633.0], [11.958021, 22.352003, 650.0]"}