{"Image number":10591,"Image shape":6,"Path":"[17.383333, 5.4444447, 0.0], [16.483847, 6.0190916, 28.0], [15.500962, 6.82012, 45.0], [14.369438, 7.9527845, 61.0], [13.106708, 9.346042, 78.0], [11.6472225, 11.316667, 95.0], [10.6255, 13.291958, 112.0], [9.731514, 15.524452, 128.0], [9.382705, 17.71677, 145.0], [9.297146, 19.4277, 162.0], [9.452667, 20.99897, 178.0], [10.306587, 22.03043, 195.0], [11.129797, 22.665277, 212.0], [12.068172, 22.865059, 229.0], [13.147226, 22.556526, 245.0], [14.490002, 21.926798, 262.0], [15.691666, 21.116667, 278.0], [17.05765, 20.054302, 295.0], [18.275507, 19.119179, 312.0], [19.23851, 18.041275, 328.0], [20.073578, 17.01421, 345.0], [20.822624, 16.050276, 362.0], [21.295103, 15.016436, 378.0], [21.737112, 13.926665, 395.0], [21.948948, 13.022883, 412.0], [21.826704, 12.325699, 428.0], [21.371103, 11.94234, 445.0], [20.351322, 11.927185, 462.0], [18.817238, 12.368328, 479.0], [16.980196, 13.364733, 495.0], [15.289197, 14.797949, 512.0], [13.841252, 16.308584, 529.0], [12.716667, 17.830555, 545.0], [11.71335, 19.22405, 562.0], [10.91101, 20.34681, 579.0], [10.3109665, 21.194628, 595.0], [9.897179, 21.725056, 612.0], [9.628852, 21.872688, 629.0]"}