{"Image number":40098,"Image shape":1,"Path":"[16.758558, 6.2643566, 0.0], [16.708557, 6.7985916, 89.0], [16.516628, 7.5442495, 105.0], [16.1375, 8.475857, 122.0], [15.718137, 9.424998, 139.0], [15.330067, 10.313308, 156.0], [14.951684, 11.29848, 172.0], [14.632326, 12.400598, 189.0], [14.201002, 13.782629, 205.0], [13.929608, 15.050949, 222.0], [13.623435, 16.201868, 239.0], [13.382406, 17.14869, 255.0], [13.152029, 18.14167, 272.0], [12.951478, 19.352373, 289.0], [12.852891, 20.444319, 305.0], [12.771276, 21.287085, 322.0], [12.743486, 22.034359, 339.0], [12.663471, 22.687565, 355.0], [12.565222, 23.258575, 372.0], [12.474579, 23.826374, 389.0], [12.373253, 24.30501, 405.0], [12.194223, 24.667067, 422.0], [12.078621, 24.930582, 439.0], [11.993862, 25.100166, 455.0]"}