{"Image number":38396,"Image shape":2,"Path":"[11.134775, 5.772962, 0.0], [11.463269, 5.491653, 67.0], [11.8380575, 5.2573485, 84.0], [12.399874, 5.071246, 100.0], [13.048121, 4.886247, 117.0], [13.98093, 4.793496, 133.0], [15.098425, 4.793919, 150.0], [17.489624, 5.0781474, 183.0], [18.404446, 5.4473295, 200.0], [19.19671, 6.0542483, 216.0], [19.757557, 6.8037157, 233.0], [20.034819, 7.689316, 249.0], [20.080067, 8.854946, 266.0], [19.893269, 10.2504, 282.0], [19.330868, 11.937683, 299.0], [18.53581, 13.854396, 315.0], [17.510153, 15.904396, 332.0], [16.522255, 17.786705, 348.0], [15.364622, 19.399998, 365.0], [14.479412, 20.70614, 382.0], [13.450346, 21.636776, 398.0], [12.762552, 22.092255, 415.0], [11.825537, 22.184412, 431.0], [11.084797, 21.99627, 448.0], [10.291622, 21.481339, 464.0], [9.594802, 20.454903, 481.0], [9.031558, 19.090376, 497.0], [8.661075, 17.785517, 514.0], [8.571838, 16.722713, 530.0], [8.619204, 15.979218, 547.0], [8.852464, 15.4689455, 564.0], [10.0184965, 14.863504, 597.0], [11.004985, 14.769891, 613.0], [12.306022, 14.95826, 630.0], [13.793438, 15.237634, 646.0], [15.473153, 15.658045, 663.0], [17.25072, 16.220137, 679.0], [19.057823, 16.823143, 696.0], [20.832602, 17.430752, 712.0], [22.468185, 17.991913, 729.0], [23.959435, 18.457878, 745.0], [25.123768, 18.830814, 762.0], [26.10769, 19.159178, 779.0], [26.800564, 19.342882, 795.0], [27.168926, 19.387278, 812.0]"}