{"Image number":270,"Image shape":1,"Path":"[15.547463, 5.021682, 0.0], [15.490795, 5.2281685, 61.0], [15.474642, 5.3945475, 76.0], [15.436744, 5.576955, 91.0], [15.391883, 5.8660874, 105.0], [15.346061, 6.21343, 116.0], [15.300744, 6.587275, 126.0], [15.255458, 7.069283, 141.0], [15.209816, 7.525102, 154.0], [15.165149, 8.081196, 167.0], [15.091992, 8.665973, 181.0], [15.038662, 9.234369, 195.0], [14.948408, 9.782713, 209.0], [14.859779, 10.472379, 224.0], [14.66463, 11.502741, 237.0], [14.496415, 12.215536, 252.0], [14.360173, 12.75906, 266.0], [14.225541, 13.350029, 281.0], [14.064537, 14.001582, 294.0], [13.883945, 14.667437, 308.0], [13.745015, 15.34808, 323.0], [13.610559, 16.020578, 338.0], [13.474791, 16.69964, 352.0], [13.339592, 17.37585, 373.0], [13.245179, 18.051188, 383.0], [13.1404705, 18.722584, 394.0], [13.004427, 19.380022, 406.0], [12.868074, 20.062006, 419.0], [12.732153, 20.661213, 433.0], [12.597221, 21.197222, 447.0], [12.461206, 21.792913, 461.0], [12.325659, 22.350412, 475.0], [12.1904125, 22.858994, 489.0]"}