{"Image number":39465,"Image shape":1,"Path":"[18.309483, 6.612143, 0.0], [18.075438, 6.9870405, 53.0], [17.74806, 7.830353, 70.0], [17.374273, 9.235802, 86.0], [16.907429, 11.105321, 103.0], [16.304514, 13.378401, 119.0], [15.651094, 15.853796, 136.0], [14.996876, 18.238262, 152.0], [14.436541, 20.294355, 169.0], [14.021292, 21.958508, 186.0], [13.498741, 24.383755, 219.0], [13.264859, 24.968102, 235.0]"}