{"Image number":36018,"Image shape":3,"Path":"[11.600665, 8.10402, 0.0], [12.673204, 7.590857, 69.0], [13.664634, 7.3074417, 86.0], [14.640088, 7.4057627, 102.0], [15.567768, 7.6395693, 119.0], [16.409973, 8.204358, 135.0], [17.060476, 8.906118, 152.0], [17.38156, 9.745679, 169.0], [17.471321, 10.48522, 185.0], [17.234188, 11.192267, 202.0], [16.719936, 11.934989, 218.0], [15.879105, 12.632732, 235.0], [15.042103, 13.236789, 251.0], [14.156183, 13.655195, 268.0], [13.557391, 13.885047, 285.0], [13.184376, 13.978361, 301.0], [12.9956875, 14.025566, 317.0], [13.423134, 14.072213, 351.0], [14.168524, 14.165451, 367.0], [15.1027355, 14.211782, 384.0], [16.085653, 14.258602, 400.0], [16.962088, 14.398456, 417.0], [17.711859, 14.727737, 433.0], [18.411331, 15.101818, 450.0], [18.967663, 15.709699, 466.0], [19.383675, 16.453907, 483.0], [19.570492, 17.302366, 499.0], [19.661598, 18.136871, 516.0], [19.519226, 18.976183, 533.0], [19.193336, 19.856176, 549.0], [18.62882, 20.843475, 566.0], [17.827715, 21.830261, 582.0], [16.995056, 22.801275, 599.0], [15.971651, 23.682724, 615.0], [14.942216, 24.38357, 632.0], [13.830778, 24.7967, 649.0], [12.706484, 24.888657, 665.0]"}