{"Image number":39323,"Image shape":2,"Path":"[12.998336, 6.565522, 0.0], [13.280546, 6.2840095, 70.0], [13.74465, 6.0522456, 87.0], [15.140033, 5.447139, 120.0], [15.886581, 5.2135944, 136.0], [16.631384, 5.1203794, 153.0], [17.338127, 5.2144446, 169.0], [17.941278, 5.4953175, 186.0], [18.35785, 5.961423, 202.0], [18.544748, 6.8090663, 219.0], [18.589405, 7.926828, 235.0], [18.49559, 9.366652, 252.0], [18.11821, 11.063295, 269.0], [17.60737, 12.63641, 285.0], [16.953436, 13.988579, 302.0], [16.303799, 14.914078, 318.0], [15.691663, 15.667526, 335.0], [14.949234, 16.314455, 351.0], [14.295167, 16.828196, 368.0], [13.593394, 17.295454, 384.0], [12.894809, 17.7615, 401.0], [11.922028, 18.738405, 434.0], [11.502682, 19.158037, 451.0], [11.081265, 19.342793, 467.0], [10.758197, 19.434061, 484.0], [10.385893, 19.149767, 517.0], [10.201253, 18.635603, 533.0], [9.966953, 18.026268, 550.0], [9.735886, 17.378212, 566.0], [9.642983, 16.863602, 583.0], [9.691598, 16.439453, 599.0], [9.831256, 16.214474, 616.0], [10.064875, 15.981342, 633.0], [10.487196, 15.747292, 649.0], [11.138865, 15.656059, 666.0], [11.882741, 15.750205, 682.0], [12.674091, 15.8900795, 699.0], [14.533684, 16.30874, 732.0], [15.472839, 16.637539, 748.0], [16.405466, 17.104965, 765.0], [17.242928, 17.523989, 781.0], [17.98843, 17.896997, 798.0], [18.544128, 18.175034, 815.0], [18.963326, 18.31458, 831.0]"}