{"Image number":37848,"Image shape":3,"Path":"[6.196339, 11.087772, 0.0], [6.3846116, 10.710329, 52.0], [6.7103424, 10.246413, 69.0], [7.2281227, 9.681686, 86.0], [7.971373, 9.126194, 102.0], [8.856932, 8.613944, 119.0], [9.971074, 8.10355, 135.0], [11.144086, 7.7750626, 152.0], [12.355593, 7.636712, 168.0], [13.6540985, 7.5910625, 185.0], [14.915878, 7.684978, 201.0], [16.028765, 8.011402, 218.0], [16.869812, 8.573291, 234.0], [17.566742, 9.319032, 251.0], [17.93992, 10.162439, 268.0], [18.123678, 10.997014, 284.0], [17.887981, 11.888703, 301.0], [17.41827, 12.77758, 317.0], [16.674173, 13.51677, 334.0], [15.877869, 14.125023, 350.0], [14.94455, 14.495329, 367.0], [14.11306, 14.81879, 383.0], [13.2226095, 15.052853, 400.0], [12.613397, 15.098133, 416.0], [12.153569, 15.097191, 433.0], [11.926522, 15.003416, 466.0], [12.067814, 14.768741, 483.0], [13.137153, 14.025412, 516.0], [13.981455, 13.743594, 532.0], [15.752957, 13.464833, 565.0], [16.49997, 13.418363, 582.0], [17.192131, 13.512176, 598.0], [17.800709, 13.605884, 615.0], [18.868996, 14.071726, 648.0], [19.24456, 14.494824, 665.0], [19.896627, 15.522127, 698.0], [20.081089, 16.267612, 714.0], [20.172745, 17.993382, 747.0], [19.521692, 19.617653, 780.0], [18.85776, 20.330328, 797.0], [18.303783, 21.025204, 814.0], [17.653687, 21.580574, 830.0], [17.090607, 22.144548, 847.0], [16.491121, 22.69772, 863.0], [15.879424, 23.168367, 880.0], [15.14038, 23.536144, 896.0], [14.436358, 23.817839, 913.0], [13.414375, 24.00242, 929.0], [12.568873, 24.0962, 946.0], [11.40198, 24.047956, 962.0], [10.617223, 23.860771, 979.0], [9.548114, 23.2544, 995.0], [8.840933, 22.119402, 1012.0]"}