{"Image number":38680,"Image shape":9,"Path":"[17.517471, 7.8709145, 0.0], [16.999603, 7.6348133, 69.0], [16.396711, 7.3568697, 86.0], [15.742505, 7.0763884, 102.0], [15.232638, 7.0315537, 119.0], [14.810514, 7.031733, 135.0], [14.346373, 7.078659, 152.0], [13.97229, 7.3142214, 168.0], [13.648922, 7.5926127, 185.0], [13.320503, 7.8743067, 201.0], [12.902039, 8.199689, 218.0], [12.483721, 8.712707, 235.0], [12.109624, 9.4160185, 251.0], [11.878921, 10.253195, 268.0], [11.693136, 12.127577, 301.0], [11.87989, 13.650491, 334.0], [12.209437, 14.21673, 350.0], [12.679576, 14.6376095, 367.0], [13.188186, 14.959551, 383.0], [13.604834, 15.144187, 400.0], [14.256615, 15.190379, 433.0], [14.678849, 14.908499, 450.0], [15.18944, 14.115949, 466.0], [15.657299, 12.944137, 483.0], [15.98185, 11.452427, 499.0], [16.308138, 10.100508, 516.0], [16.539227, 8.755981, 532.0], [16.68009, 7.6750565, 549.0], [16.725555, 6.890192, 565.0], [16.772057, 6.4255605, 582.0], [16.772045, 6.1923084, 599.0], [16.678288, 6.475766, 665.0], [16.585474, 8.388959, 698.0], [16.58569, 9.830709, 714.0], [16.58569, 11.379537, 731.0], [16.632843, 13.113403, 747.0], [16.679241, 14.97218, 764.0], [16.725632, 16.688776, 780.0], [16.772491, 18.376677, 797.0], [16.772045, 19.784576, 814.0], [16.818634, 22.007055, 847.0], [16.771523, 23.684404, 880.0], [16.63164, 24.331161, 896.0]"}