{"Image number":30411,"Image shape":3,"Path":"[7.6893206, 8.461172, 0.0], [8.205671, 8.21199, 84.0], [8.95778, 7.965498, 102.0], [9.81633, 7.657959, 119.0], [10.516292, 7.4338183, 137.0], [11.2929, 7.159847, 155.0], [11.92638, 6.931385, 173.0], [12.506418, 6.7379227, 190.0], [13.121367, 6.618628, 208.0], [13.782688, 6.5571036, 226.0], [14.290062, 6.5571036, 244.0], [14.632598, 6.5571036, 261.0], [14.941285, 6.4793863, 279.0], [15.198797, 6.4793863, 297.0], [15.459479, 6.4793863, 315.0], [15.758805, 6.6282697, 332.0], [16.08288, 6.834326, 350.0], [16.359581, 7.0601034, 368.0], [16.580318, 7.3709254, 386.0], [16.814606, 7.721001, 404.0], [16.958872, 8.061989, 421.0], [17.127216, 8.464177, 439.0], [17.230852, 8.751529, 457.0], [17.295538, 9.075151, 475.0], [17.24108, 9.324264, 492.0], [17.069633, 9.796775, 510.0], [16.827908, 10.301615, 528.0], [16.567612, 10.819542, 546.0], [15.850187, 11.514786, 563.0], [15.060138, 12.221434, 581.0], [14.144144, 12.898515, 599.0], [13.416407, 13.409871, 617.0], [12.802241, 13.761957, 634.0], [12.433325, 14.000895, 652.0], [12.1439085, 14.255673, 670.0], [11.766991, 14.464815, 688.0], [11.543023, 14.615725, 705.0], [11.378641, 14.777701, 741.0], [11.537219, 14.795112, 812.0], [12.02008, 14.644371, 830.0], [12.757105, 14.401745, 848.0], [13.740221, 14.126643, 865.0], [14.4375, 13.826961, 883.0], [14.971827, 13.579123, 901.0], [15.428915, 13.345257, 919.0], [16.002771, 13.240154, 936.0], [16.599964, 13.08365, 954.0], [17.06831, 12.940905, 972.0], [17.522844, 12.889664, 990.0], [17.885927, 12.891045, 1007.0], [18.266325, 12.945172, 1025.0], [18.658968, 13.052546, 1043.0], [18.922745, 13.221617, 1061.0], [19.173409, 13.407333, 1078.0], [19.434889, 13.724497, 1096.0], [19.595943, 14.196088, 1114.0], [19.725163, 14.705419, 1132.0], [19.811054, 15.269646, 1149.0], [19.87639, 15.858033, 1167.0], [19.941467, 16.444063, 1185.0], [20.00682, 17.117153, 1203.0], [20.104572, 17.760406, 1220.0], [20.1759, 18.520948, 1238.0], [20.241482, 19.279373, 1256.0], [20.23301, 19.852472, 1274.0], [20.23301, 20.307362, 1292.0], [20.135883, 20.779484, 1309.0], [19.97053, 21.223764, 1327.0], [19.67496, 21.74067, 1345.0], [19.414497, 22.212597, 1363.0], [19.153858, 22.630129, 1380.0], [18.917921, 22.95952, 1398.0], [18.622211, 23.234503, 1416.0], [18.25632, 23.497086, 1434.0], [17.864836, 23.667557, 1451.0], [17.526737, 23.797647, 1469.0], [17.19828, 23.771433, 1487.0], [16.713284, 23.677853, 1505.0], [16.19867, 23.496252, 1522.0], [15.630109, 23.377748, 1540.0], [15.151141, 23.219767, 1558.0], [14.683111, 23.023521, 1576.0], [14.183547, 22.784937, 1593.0], [13.643889, 22.495514, 1611.0], [12.995769, 22.115461, 1629.0], [12.507189, 21.719484, 1647.0], [12.185239, 21.43846, 1664.0], [11.927469, 21.173054, 1682.0], [11.702444, 20.90903, 1718.0], [11.526835, 20.68016, 1753.0]"}