{"Image number":38544,"Image shape":8,"Path":"[19.241264, 8.476988, 0.0], [19.241264, 8.19456, 53.0], [19.100142, 7.8677526, 70.0], [18.62964, 7.587606, 86.0], [17.791214, 7.544245, 103.0], [16.629183, 7.778291, 119.0], [15.261889, 8.2978325, 136.0], [13.817884, 9.09352, 152.0], [12.61632, 9.834731, 169.0], [11.691021, 10.577199, 185.0], [11.226174, 11.18333, 202.0], [10.993376, 11.885233, 219.0], [11.182494, 12.724598, 235.0], [11.556912, 13.799959, 252.0], [12.167187, 15.018867, 268.0], [12.771421, 16.228165, 285.0], [13.377413, 17.488098, 301.0], [13.70005, 18.744757, 318.0], [13.839455, 20.015072, 334.0], [13.836939, 21.300543, 351.0], [13.367542, 23.91999, 384.0], [12.804594, 24.995037, 401.0], [12.206026, 25.680529, 417.0], [11.401086, 26.106787, 434.0], [10.755983, 25.911556, 450.0], [10.100562, 25.204054, 467.0], [9.9193945, 23.975376, 483.0], [9.782384, 22.684204, 500.0], [9.924729, 21.3792, 516.0], [10.484003, 20.362675, 533.0], [11.419193, 19.3812, 549.0], [12.789552, 18.76942, 566.0], [14.179804, 18.261284, 583.0], [15.61347, 17.986511, 599.0], [16.967472, 17.565296, 616.0], [18.181744, 17.050182, 632.0], [19.303411, 16.29896, 649.0], [20.18252, 15.602537, 665.0], [20.878155, 14.669228, 682.0], [21.337965, 13.651505, 698.0], [21.89686, 10.854496, 731.0], [21.849924, 9.399291, 748.0], [20.91239, 7.394564, 781.0], [20.075565, 6.7955184, 798.0], [19.281517, 6.375681, 814.0], [18.260029, 6.238783, 831.0], [17.41944, 6.3798466, 847.0], [16.337189, 6.8047185, 864.0]"}