{"Image number":36286,"Image shape":4,"Path":"[8.618968, 13.232344, 0.0], [8.993677, 13.607028, 52.0], [9.789778, 13.88719, 69.0], [10.9103365, 14.025969, 85.0], [12.16926, 14.024904, 102.0], [13.473635, 13.884033, 118.0], [14.690306, 13.460338, 135.0], [15.809402, 12.850851, 151.0], [16.72922, 12.157235, 168.0], [17.430695, 11.360237, 184.0], [17.941513, 10.614658, 201.0], [18.171907, 10.009785, 218.0], [18.216534, 9.781237, 234.0], [18.169716, 10.15535, 267.0], [17.842133, 11.045119, 284.0], [17.419876, 12.501626, 300.0], [17.001719, 14.506761, 317.0], [16.672907, 16.769833, 333.0], [16.442978, 19.089453, 350.0], [16.255547, 21.155558, 366.0], [16.112387, 22.976904, 383.0], [16.021452, 24.014711, 399.0], [9.084858, 6.938491, 0.0], [8.99162, 7.7314677, 46.0], [8.710871, 8.808224, 63.0], [8.337796, 10.161292, 80.0], [8.012419, 11.277318, 96.0], [7.8255873, 12.213527, 113.0], [7.8739295, 13.052814, 129.0], [8.107737, 13.655182, 146.0], [8.531165, 14.265779, 162.0], [9.140239, 14.920179, 179.0], [9.884606, 15.523069, 195.0], [10.822878, 15.895444, 212.0], [11.897262, 16.031841, 228.0], [13.986562, 15.794362, 261.0], [15.010796, 15.232069, 278.0], [15.9437065, 14.38863, 294.0], [16.781702, 13.360398, 311.0], [17.517963, 12.439169, 328.0], [18.226036, 11.541649, 344.0], [18.87429, 10.754452, 361.0], [19.24448, 10.056074, 377.0], [19.477238, 9.637062, 394.0], [19.567017, 9.830296, 443.0], [19.286003, 10.72066, 460.0], [18.86793, 12.162203, 476.0], [18.21207, 14.130859, 493.0], [17.702559, 16.081076, 510.0], [17.233164, 18.101477, 526.0], [16.999073, 19.945368, 543.0], [16.808002, 21.968954, 559.0], [16.720268, 23.235346, 576.0]"}