{"Image number":10192,"Image shape":5,"Path":"[20.416668, 5.6, 0.0], [19.780388, 5.7039227, 39.0], [19.03877, 5.7166667, 56.0], [18.507893, 5.7166667, 72.0], [17.689215, 5.7166667, 89.0], [16.579489, 5.7166667, 106.0], [15.4927025, 5.820174, 123.0], [14.502533, 5.92873, 139.0], [13.831611, 5.966411, 156.0], [13.402797, 6.022774, 173.0], [13.074949, 6.0277777, 189.0], [12.7833185, 6.0022187, 206.0], [12.593536, 5.9888887, 223.0], [12.427486, 5.9888887, 240.0], [12.280043, 6.330962, 273.0], [12.230556, 6.9416666, 290.0], [12.101459, 7.799442, 306.0], [11.945784, 8.598865, 323.0], [11.818516, 9.231495, 340.0], [11.612499, 9.884726, 356.0], [11.453895, 10.360538, 373.0], [11.373434, 10.709648, 390.0], [11.310547, 10.99727, 407.0], [11.316667, 11.2, 423.0], [11.569445, 11.238889, 507.0], [11.959278, 11.26958, 523.0], [12.548855, 11.366477, 540.0], [13.3, 11.472221, 557.0], [14.3266945, 11.738961, 573.0], [14.99514, 11.905729, 590.0], [15.451925, 12.091881, 607.0], [16.048477, 12.491821, 623.0], [16.418524, 12.825234, 640.0], [16.82214, 13.34712, 657.0], [17.249146, 13.97372, 674.0], [17.619354, 14.7619705, 690.0], [17.812508, 15.444475, 707.0], [17.966871, 16.061935, 724.0], [18.135466, 17.082447, 740.0], [18.244217, 17.892622, 757.0], [18.293594, 18.506466, 774.0], [18.114223, 19.533865, 790.0], [17.642088, 20.472353, 807.0], [17.311104, 21.10557, 824.0], [16.792767, 21.865417, 840.0], [16.522684, 22.188334, 857.0], [15.87047, 22.688814, 874.0], [15.118192, 23.127268, 891.0], [14.7620535, 23.331207, 908.0], [14.153952, 23.552683, 924.0], [13.569639, 23.715857, 941.0], [13.06064, 23.722221, 957.0], [12.332661, 23.598269, 974.0], [11.908954, 23.433912, 991.0], [11.197098, 23.012705, 1007.0], [10.387482, 22.553028, 1024.0], [9.936111, 22.302778, 1041.0], [9.229274, 21.927214, 1057.0], [8.679947, 21.595745, 1074.0], [8.208876, 21.29126, 1091.0], [7.7847466, 20.933182, 1107.0], [7.5085354, 20.550268, 1124.0]"}