{"Image number":541,"Image shape":4,"Path":"[13.726919, 8.773228, 0.0], [13.445798, 8.879105, 50.0], [13.163718, 9.054917, 78.0], [13.016394, 9.146815, 93.0], [12.804789, 9.268407, 107.0], [12.539522, 9.40354, 123.0], [12.283322, 9.5981045, 141.0], [12.016901, 9.843985, 150.0], [11.726901, 10.118283, 162.0], [11.417515, 10.3891325, 175.0], [11.058073, 10.657137, 190.0], [10.785039, 11.043785, 204.0], [10.441952, 11.431967, 219.0], [10.084199, 11.83457, 233.0], [9.723065, 12.240978, 247.0], [9.377074, 12.668657, 261.0], [9.033384, 13.094519, 274.0], [8.743512, 13.465241, 287.0], [8.474079, 13.780497, 301.0], [8.203949, 14.095752, 315.0], [7.9939857, 14.314625, 329.0], [7.838004, 14.548348, 343.0], [7.699226, 14.779719, 357.0], [7.56586, 15.002068, 371.0], [7.4693274, 15.277633, 399.0], [7.513837, 15.501398, 427.0], [7.737916, 15.614835, 455.0], [7.955777, 15.66077, 469.0], [8.180373, 15.705705, 483.0], [8.4865265, 15.751186, 497.0], [8.801032, 15.796129, 511.0], [9.195979, 15.880208, 525.0], [9.600523, 15.922901, 538.0], [10.049415, 16.021357, 552.0], [10.546255, 16.086405, 569.0], [11.041618, 16.131453, 584.0], [11.536927, 16.222366, 596.0], [12.053326, 16.255178, 609.0], [12.630635, 16.303303, 624.0], [13.176077, 16.348772, 636.0], [13.758342, 16.349161, 650.0], [14.345734, 16.402384, 664.0], [14.991683, 16.48376, 678.0], [15.59661, 16.529451, 692.0], [16.231632, 16.574957, 706.0], [16.853569, 16.619394, 720.0], [17.431223, 16.579645, 738.0], [18.049908, 16.567698, 750.0], [18.597488, 16.525913, 764.0], [19.14987, 16.48382, 777.0], [19.660418, 16.435385, 792.0], [20.125248, 16.422007, 805.0], [20.54013, 16.38105, 819.0], [20.818098, 16.385584, 835.0], [21.02317, 16.385584, 847.0], [21.174002, 16.385584, 862.0], [21.396006, 16.385584, 889.0], [21.03054, 16.422007, 945.0], [20.750507, 16.513683, 959.0], [20.451296, 16.558956, 972.0], [20.06679, 16.603636, 988.0], [19.653843, 16.649532, 1000.0], [19.248098, 16.640543, 1019.0], [18.788754, 16.703392, 1029.0], [18.327541, 16.783663, 1042.0], [17.833277, 16.830013, 1057.0], [17.392927, 16.874798, 1071.0], [16.898159, 16.895502, 1084.0], [16.44556, 16.9295, 1099.0], [16.035528, 16.974806, 1112.0], [15.683739, 16.968348, 1126.0], [15.428312, 16.944508, 1140.0], [15.204429, 16.931925, 1154.0], [15.058257, 16.890213, 1169.0], [15.082468, 16.623846, 1197.0], [15.235384, 16.411583, 1211.0], [15.41477, 16.147617, 1225.0], [15.743055, 15.825703, 1240.0], [16.101429, 15.394369, 1253.0], [16.50854, 14.957196, 1270.0], [16.914257, 14.467649, 1283.0], [17.306564, 13.970303, 1299.0], [17.78251, 13.474591, 1313.0], [18.206516, 13.005188, 1322.0], [18.612648, 12.59095, 1336.0], [18.972502, 12.230978, 1351.0], [14.273082, 8.955341, 0.0], [14.02831, 9.118574, 65.0], [13.845327, 9.29037, 79.0], [13.619783, 9.528302, 93.0], [13.3551855, 9.800689, 107.0], [13.048523, 10.068154, 126.0], [12.618045, 10.483621, 137.0], [12.176704, 10.879117, 149.0], [11.77102, 11.240825, 162.0], [11.266212, 11.699679, 178.0], [10.832228, 12.089539, 194.0], [10.372321, 12.529566, 204.0], [9.917062, 13.020065, 218.0], [9.552404, 13.430107, 231.0], [9.209186, 13.765925, 245.0], [8.938882, 14.145584, 260.0], [8.750755, 14.470358, 275.0], [8.614265, 14.698928, 292.0], [8.579203, 14.9473715, 313.0], [8.578818, 15.10472, 320.0], [8.788196, 15.378917, 344.0], [8.974496, 15.465512, 359.0], [9.175151, 15.554984, 373.0], [9.462933, 15.645607, 388.0], [9.82135, 15.696906, 402.0], [10.175107, 15.693552, 415.0], [10.697979, 15.729975, 428.0], [11.24087, 15.729975, 441.0], [11.783361, 15.768285, 455.0], [12.35107, 15.766397, 469.0], [12.944084, 15.766397, 483.0], [13.577368, 15.766397, 498.0], [14.176217, 15.766397, 513.0], [14.836116, 15.766397, 526.0], [15.357746, 15.766397, 542.0], [15.936506, 15.766397, 554.0], [16.479034, 15.766397, 568.0], [16.981894, 15.766397, 581.0], [17.414536, 15.766397, 596.0], [17.812262, 15.791494, 610.0], [18.18329, 15.80282, 627.0], [18.505821, 15.80282, 640.0], [18.766483, 15.80282, 652.0], [18.977922, 15.80282, 669.0], [19.173622, 15.80282, 681.0], [19.397593, 15.839243, 710.0], [19.160223, 15.921537, 825.0], [18.979187, 15.928026, 842.0], [18.787914, 15.948511, 855.0], [18.53122, 15.985257, 863.0], [18.305592, 15.984934, 876.0], [18.07908, 16.039358, 890.0], [17.826103, 16.11143, 903.0], [17.483744, 16.166237, 916.0], [17.12132, 16.256058, 931.0], [16.774849, 16.2913, 944.0], [16.452986, 16.374235, 959.0], [16.147411, 16.419523, 973.0], [15.918651, 16.506592, 986.0], [15.693332, 16.5458, 1000.0], [15.446326, 16.466526, 1028.0], [15.438232, 16.293705, 1045.0], [15.487553, 16.115389, 1057.0], [15.635129, 15.773123, 1071.0], [15.816432, 15.410399, 1085.0], [16.06881, 14.982192, 1099.0], [16.397142, 14.467178, 1114.0], [16.765825, 13.936157, 1132.0], [17.186287, 13.376667, 1141.0], [17.671305, 12.801961, 1155.0], [18.108072, 12.187663, 1169.0], [18.66839, 11.548943, 1182.0], [19.195591, 10.895749, 1196.0], [19.662828, 10.265256, 1210.0], [20.144686, 9.651906, 1226.0], [20.569347, 9.046712, 1242.0], [20.963957, 8.422106, 1257.0], [21.324207, 7.916404, 1267.0], [21.637438, 7.4264984, 1280.0], [21.96175, 6.916702, 1295.0], [22.189325, 6.6323133, 1307.0], [22.345583, 6.3872037, 1323.0], [22.484238, 6.1986914, 1338.0], [22.195848, 6.3477206, 1377.0], [21.968874, 6.6158557, 1392.0], [21.302956, 7.5728135, 1406.0], [20.87808, 8.110253, 1421.0], [20.214828, 9.090879, 1434.0], [19.589579, 9.990071, 1453.0], [19.052017, 10.89485, 1468.0], [18.464634, 11.826295, 1478.0], [17.89379, 12.769889, 1492.0], [17.311346, 13.723028, 1504.0], [16.808395, 14.539243, 1525.0], [16.352497, 15.335142, 1534.0], [15.921388, 16.047392, 1556.0], [15.6571455, 16.530453, 1566.0], [15.341845, 17.071198, 1574.0], [15.025549, 17.667368, 1587.0], [14.673876, 18.253046, 1602.0], [14.3209, 18.878784, 1617.0], [13.956959, 19.47181, 1630.0], [13.613246, 20.073164, 1645.0], [13.271812, 20.681143, 1658.0], [12.976743, 21.271328, 1673.0], [12.853055, 21.539406, 1686.0]"}