{"Image number":30807,"Image shape":0,"Path":"[15.883496, 6.595963, 0.0], [15.639208, 6.618213, 74.0], [15.376184, 6.6840076, 92.0], [15.041563, 6.8968773, 110.0], [14.702067, 7.1342096, 127.0], [14.344124, 7.42408, 145.0], [13.569147, 7.9838386, 163.0], [12.94201, 8.440457, 181.0], [12.405496, 8.897891, 198.0], [12.039821, 9.237521, 216.0], [11.777755, 9.630203, 234.0], [11.464188, 10.021599, 252.0], [11.171904, 10.418761, 270.0], [10.781103, 10.874975, 287.0], [10.450484, 11.323495, 305.0], [10.000986, 11.743731, 323.0], [9.673636, 12.110139, 341.0], [9.406279, 12.433891, 358.0], [9.096915, 12.893229, 376.0], [8.81095, 13.284216, 394.0], [8.486466, 13.725062, 412.0], [8.109031, 14.141996, 430.0], [7.825237, 14.605688, 447.0], [7.5636888, 15.020248, 465.0], [7.3018312, 15.396129, 483.0], [7.115234, 15.716461, 501.0], [6.9859295, 16.008455, 518.0], [6.851892, 16.326508, 536.0], [6.720397, 16.616585, 554.0], [6.6543064, 16.903503, 572.0], [6.5894856, 17.17648, 589.0], [6.524053, 17.477228, 607.0], [6.4976907, 17.815893, 625.0], [6.4854374, 18.283161, 643.0], [6.5238543, 18.640018, 660.0], [6.5242724, 19.001389, 678.0], [6.5242724, 19.3431, 696.0], [6.5242724, 19.629547, 714.0], [6.5242724, 19.929604, 731.0], [6.5242724, 20.247326, 749.0], [6.5242724, 20.535604, 767.0], [6.55612, 20.822086, 785.0], [6.641452, 21.111313, 803.0], [6.771682, 21.391026, 820.0], [7.0488753, 21.653973, 838.0], [7.370658, 21.876518, 856.0], [7.697377, 22.089808, 873.0], [8.061331, 22.24614, 891.0], [8.41265, 22.38063, 909.0], [8.804401, 22.511295, 927.0], [9.312123, 22.604494, 945.0], [9.768931, 22.669794, 962.0], [10.175215, 22.683395, 980.0], [10.60567, 22.761642, 998.0], [11.091916, 22.76111, 1015.0], [11.615194, 22.76111, 1033.0], [12.236191, 22.76111, 1051.0], [12.872765, 22.76111, 1069.0], [13.522126, 22.705954, 1087.0], [14.052835, 22.6009, 1104.0], [14.507591, 22.504972, 1122.0], [14.903543, 22.375553, 1140.0], [15.299118, 22.243614, 1158.0], [15.897249, 22.012365, 1175.0], [16.54369, 21.692503, 1193.0], [17.079906, 21.48642, 1211.0], [17.55253, 21.187775, 1229.0], [17.952322, 20.807604, 1246.0], [18.345976, 20.461693, 1264.0], [18.888544, 19.916555, 1282.0], [19.42206, 19.307251, 1300.0], [19.880972, 18.65126, 1317.0], [20.185997, 18.111183, 1335.0], [20.408035, 17.616745, 1353.0], [20.568676, 17.10433, 1371.0], [20.69811, 16.66584, 1388.0], [20.829708, 16.137297, 1406.0], [20.960588, 15.666592, 1424.0], [21.052433, 15.12928, 1442.0], [21.18263, 14.597537, 1460.0], [21.258572, 14.1400585, 1477.0], [21.320389, 13.640841, 1495.0], [21.428736, 13.18133, 1513.0], [21.549057, 12.731377, 1531.0], [21.597858, 12.229929, 1548.0], [21.63107, 11.8753195, 1566.0], [21.63107, 11.450953, 1584.0], [21.63107, 11.06039, 1602.0], [21.597261, 10.74515, 1619.0], [21.57137, 10.455139, 1637.0], [21.506092, 10.128562, 1655.0], [21.440659, 9.949097, 1673.0], [21.375706, 9.754118, 1690.0], [21.246857, 9.361126, 1726.0], [21.117273, 9.103876, 1744.0], [20.884357, 8.840906, 1761.0], [20.623322, 8.618567, 1779.0], [20.292059, 8.451856, 1797.0], [19.91914, 8.21294, 1815.0], [19.683475, 8.1085205, 1833.0], [19.424597, 7.9401436, 1850.0], [19.161442, 7.862821, 1868.0], [18.817368, 7.797056, 1886.0], [18.392447, 7.692915, 1904.0], [17.93263, 7.684002, 1922.0], [17.559706, 7.811425, 1939.0], [17.166489, 7.9747195, 1957.0], [16.601944, 8.22802, 1975.0], [16.013084, 8.742791, 1992.0], [15.5994625, 9.123299, 2010.0], [15.378641, 9.432635, 2025.0]"}