{"Image number":34999,"Image shape":0,"Path":"[16.678867, 7.404701, 0.0], [16.304327, 7.6388555, 68.0], [15.789885, 7.966573, 85.0], [15.132825, 8.530991, 101.0], [13.968802, 9.744276, 134.0], [13.32063, 10.53297, 151.0], [12.663944, 11.519775, 167.0], [11.9690075, 12.633266, 184.0], [11.267397, 13.709519, 200.0], [10.617552, 14.63776, 217.0], [10.0597515, 15.522287, 234.0], [9.643202, 16.40411, 250.0], [9.316098, 17.293016, 267.0], [9.129343, 18.18419, 283.0], [9.03746, 19.020655, 300.0], [9.038269, 19.672369, 316.0], [9.132247, 20.324358, 333.0], [9.320423, 20.838797, 349.0], [9.692787, 21.206833, 366.0], [10.112269, 21.532816, 382.0], [10.532112, 21.765676, 399.0], [11.04535, 21.857939, 416.0], [11.556764, 21.857254, 432.0], [12.164864, 21.763224, 449.0], [12.773308, 21.57509, 465.0], [13.425163, 21.200256, 482.0], [14.119478, 20.689524, 498.0], [14.867261, 20.175205, 515.0], [15.61204, 19.568983, 531.0], [16.406418, 18.867249, 548.0], [17.10443, 18.167923, 564.0], [17.80713, 17.322844, 581.0], [18.317606, 16.482521, 598.0], [18.827698, 15.364399, 614.0], [19.289389, 14.113993, 631.0], [19.57017, 12.752677, 647.0], [19.802101, 11.497811, 664.0], [19.990881, 10.363273, 680.0], [20.033636, 9.354899, 697.0], [19.938477, 8.461573, 713.0], [19.75217, 7.8657985, 730.0], [19.379519, 7.4496207, 746.0], [18.401176, 7.0311933, 780.0], [17.84278, 6.9850435, 796.0], [17.232626, 7.0321417, 813.0], [16.386612, 7.41036, 829.0]"}