{"Image number":39444,"Image shape":1,"Path":"[15.374375, 8.803335, 0.0], [16.448757, 8.242381, 119.0], [17.193668, 7.822987, 135.0], [17.846136, 7.543477, 152.0], [18.26427, 7.4042416, 168.0], [18.544676, 7.3107104, 185.0], [18.494772, 7.8732624, 284.0], [18.027168, 8.574406, 301.0], [17.422804, 9.411472, 317.0], [16.441145, 10.955555, 350.0], [15.880207, 11.749894, 367.0], [15.372121, 12.442863, 383.0], [14.856987, 13.334071, 400.0], [14.301207, 14.260712, 416.0], [13.74041, 15.336723, 433.0], [12.808685, 17.343067, 466.0], [11.879925, 19.20037, 499.0], [11.505341, 19.996971, 516.0], [11.040889, 21.346409, 549.0], [10.759424, 21.956217, 565.0], [10.435912, 22.51, 582.0], [10.154649, 22.932177, 598.0], [9.922741, 23.303663, 615.0], [9.643262, 23.769608, 648.0]"}