{"Image number":15054,"Image shape":5,"Path":"[24.992188, 7.615741, 0.0], [24.131588, 7.7926397, 129.0], [23.766645, 7.8101854, 143.0], [23.339434, 7.8101854, 159.0], [22.875948, 7.8101854, 176.0], [22.32667, 7.8101854, 193.0], [21.763063, 7.864113, 210.0], [21.247356, 7.9179606, 226.0], [20.745985, 7.9683847, 243.0], [20.16203, 8.027214, 259.0], [19.629898, 8.129433, 276.0], [19.182528, 8.17761, 293.0], [18.649614, 8.247685, 310.0], [18.115984, 8.296296, 326.0], [17.560972, 8.392402, 344.0], [17.013355, 8.451838, 361.0], [16.45261, 8.490741, 377.0], [15.965876, 8.606832, 394.0], [15.552622, 8.636574, 411.0], [15.107422, 8.636574, 426.0], [14.641136, 8.715176, 443.0], [14.23379, 8.782408, 459.0], [13.892703, 8.820558, 476.0], [13.630515, 8.831018, 493.0], [13.449441, 8.831018, 509.0], [13.283217, 8.831018, 526.0], [13.141354, 8.831018, 543.0], [12.933594, 8.831018, 578.0], [12.778328, 8.733796, 610.0], [12.61375, 8.816296, 645.0], [12.495045, 8.977784, 661.0], [12.324773, 9.232811, 677.0], [12.13755, 9.515673, 694.0], [11.867598, 9.938768, 710.0], [11.656319, 10.266688, 727.0], [11.486168, 10.577831, 743.0], [11.27008, 10.9917555, 760.0], [11.071379, 11.315235, 776.0], [10.9185095, 11.6768, 793.0], [10.753018, 12.022938, 810.0], [10.586636, 12.368714, 827.0], [10.435231, 12.792414, 843.0], [10.292721, 13.151125, 859.0], [10.175134, 13.491892, 877.0], [10.039477, 13.850748, 893.0], [9.936455, 14.16993, 910.0], [9.785234, 14.476715, 927.0], [9.687047, 14.735407, 943.0], [9.600775, 14.987998, 960.0], [9.5703125, 15.243473, 977.0], [9.542969, 15.458788, 993.0], [9.515625, 15.711561, 1009.0], [9.448393, 15.995144, 1026.0], [9.433594, 16.16464, 1043.0], [9.433594, 16.323961, 1060.0], [9.433594, 16.49427, 1077.0], [9.412572, 16.646168, 1094.0], [9.40625, 16.797155, 1110.0], [9.40625, 17.049362, 1144.0], [9.522823, 17.156317, 1160.0], [9.67387, 17.350721, 1194.0], [9.866922, 17.506247, 1210.0], [10.184697, 17.609121, 1227.0], [10.4910965, 17.713964, 1243.0], [10.798546, 17.815311, 1260.0], [11.095939, 17.919296, 1276.0], [11.386489, 17.973993, 1294.0], [11.677055, 18.125916, 1310.0], [11.981702, 18.282845, 1327.0], [12.180509, 18.425133, 1344.0], [12.395992, 18.526327, 1360.0], [12.573348, 18.631426, 1376.0], [12.77255, 18.736874, 1393.0], [12.968001, 18.835894, 1410.0], [13.192835, 18.978123, 1427.0], [13.364473, 19.084038, 1444.0], [13.551881, 19.146482, 1460.0], [13.695396, 19.247734, 1476.0], [13.877896, 19.331018, 1493.0], [14.105835, 19.446426, 1510.0], [14.381374, 19.59774, 1526.0], [14.606955, 19.697998, 1543.0], [14.804905, 19.807999, 1560.0], [14.974413, 19.90845, 1577.0], [15.121421, 19.963253, 1593.0], [15.292635, 20.011574, 1609.0], [15.432913, 20.11534, 1626.0], [15.577558, 20.174263, 1644.0], [15.730679, 20.275587, 1660.0], [15.874564, 20.377056, 1677.0], [16.050367, 20.481236, 1693.0], [16.195383, 20.583374, 1709.0], [16.315218, 20.684128, 1726.0], [16.451263, 20.783617, 1744.0], [16.54546, 20.891003, 1761.0], [16.667244, 20.997042, 1776.0], [16.804245, 21.094517, 1793.0], [16.920113, 21.197508, 1810.0], [17.03025, 21.295406, 1827.0], [17.151474, 21.433636, 1843.0], [17.238815, 21.553719, 1860.0], [17.356415, 21.658249, 1876.0], [17.464914, 21.754694, 1895.0], [17.5848, 21.912336, 1910.0], [17.708364, 22.073341, 1926.0], [17.753262, 22.273172, 1944.0], [17.838837, 22.4316, 1960.0], [17.882812, 22.580856, 1977.0], [17.92172, 22.705744, 1994.0], [17.910156, 22.860455, 2010.0], [17.910156, 23.053993, 2027.0], [17.910156, 23.212997, 2044.0], [17.856714, 23.411032, 2060.0], [17.797276, 23.566422, 2076.0], [17.712173, 23.778004, 2093.0], [17.591736, 23.964752, 2110.0], [17.464325, 24.13719, 2126.0], [17.325827, 24.311546, 2143.0], [17.17837, 24.463745, 2159.0], [17.027737, 24.61192, 2177.0], [16.82825, 24.764935, 2193.0], [16.628239, 24.918419, 2210.0], [16.365496, 25.023285, 2226.0], [16.021584, 25.124393, 2243.0], [15.710815, 25.164352, 2259.0], [15.313265, 25.233603, 2276.0], [14.960514, 25.212963, 2293.0], [14.514057, 25.212963, 2310.0], [14.011727, 25.08866, 2326.0], [13.435209, 25.029919, 2343.0], [12.830635, 25.018518, 2360.0], [12.141474, 24.970034, 2376.0], [11.396214, 24.969908, 2394.0], [10.817496, 24.909683, 2410.0], [10.366161, 24.854265, 2427.0], [10.1171875, 24.751158, 2444.0]"}