{"Image number":38290,"Image shape":6,"Path":"[15.607322, 4.1878433, 0.0], [15.276645, 4.89497, 69.0], [14.717749, 5.9208674, 86.0], [14.064043, 7.4650984, 102.0], [13.410594, 9.006434, 119.0], [12.80732, 10.634115, 135.0], [12.340345, 12.36781, 152.0], [12.157011, 14.191328, 168.0], [12.159733, 15.9449215, 185.0], [12.206802, 17.302313, 201.0], [12.486481, 18.36306, 218.0], [12.913352, 19.311316, 235.0], [13.469572, 20.093233, 251.0], [14.029102, 20.698025, 268.0], [14.589603, 21.069527, 284.0], [15.896554, 21.34507, 317.0], [16.687237, 21.014626, 334.0], [17.614162, 20.362919, 350.0], [19.522455, 18.218914, 383.0], [20.176275, 17.143213, 400.0], [20.545923, 16.16904, 417.0], [20.686275, 15.278906, 433.0], [20.638493, 14.483604, 450.0], [20.312748, 13.838293, 466.0], [19.794722, 13.319971, 483.0], [18.955614, 13.04382, 499.0], [18.21386, 12.905539, 516.0], [17.282896, 12.952699, 532.0], [16.44057, 13.093374, 549.0], [15.553457, 13.374506, 565.0], [14.807772, 13.79604, 582.0], [14.106219, 14.359459, 598.0], [13.411245, 14.962871, 615.0], [12.80597, 15.616501, 632.0], [12.240112, 16.420725, 648.0], [11.760634, 17.338554, 665.0], [11.442373, 17.928886, 681.0]"}