{"Image number":261,"Image shape":6,"Path":"[16.020805, 3.3826575, 0.0], [15.851469, 3.6790924, 86.0], [15.722878, 3.8915055, 100.0], [15.526341, 4.226217, 114.0], [15.315359, 4.5845857, 128.0], [15.131298, 4.943718, 143.0], [14.847973, 5.4108596, 157.0], [14.53349, 5.883666, 171.0], [14.236556, 6.4059796, 187.0], [13.92422, 6.9500675, 207.0], [13.568561, 7.528202, 214.0], [13.214567, 8.129465, 227.0], [12.598396, 9.223552, 241.0], [12.259707, 9.811026, 254.0], [11.990866, 10.3058605, 268.0], [11.663107, 10.824209, 283.0], [11.374518, 11.395003, 297.0], [11.066015, 11.946988, 311.0], [10.759519, 12.561011, 329.0], [10.509163, 13.113754, 347.0], [10.281623, 13.679161, 355.0], [10.019722, 14.223201, 367.0], [9.792164, 14.722645, 380.0], [9.621434, 15.266042, 393.0], [9.475761, 15.750963, 410.0], [9.328827, 16.21445, 429.0], [9.229276, 16.667803, 441.0], [9.092461, 17.124004, 451.0], [9.066319, 17.492058, 464.0], [9.033092, 17.886696, 477.0], [9.029909, 18.210295, 493.0], [9.079185, 18.515343, 507.0], [9.112523, 18.782452, 520.0], [9.171375, 18.991308, 534.0], [9.257369, 19.17171, 548.0], [9.397234, 19.352259, 561.0], [9.532903, 19.569632, 575.0], [9.730436, 19.750744, 590.0], [9.95769, 19.932606, 603.0], [10.230492, 20.063795, 618.0], [10.5222845, 20.178621, 632.0], [10.83903, 20.298737, 647.0], [11.194314, 20.357687, 660.0], [11.556527, 20.402979, 675.0], [11.939009, 20.448326, 688.0], [12.346404, 20.464935, 701.0], [12.753492, 20.427437, 715.0], [13.160025, 20.38225, 729.0], [13.602304, 20.245144, 745.0], [14.064411, 20.091413, 759.0], [14.527731, 19.955084, 772.0], [15.013246, 19.820309, 792.0], [15.48316, 19.684488, 805.0], [15.956625, 19.54813, 814.0], [16.373133, 19.377487, 828.0], [16.778677, 19.19719, 843.0], [17.148516, 18.927656, 856.0], [17.531685, 18.700815, 870.0], [17.894066, 18.474253, 884.0], [18.259037, 18.24607, 898.0], [18.561905, 18.024883, 913.0], [18.918913, 17.722963, 926.0], [19.235794, 17.463783, 941.0], [19.55044, 17.152689, 954.0], [19.820253, 16.882784, 968.0], [20.06708, 16.57667, 981.0], [20.3253, 16.304731, 995.0], [20.557514, 16.03167, 1008.0], [20.780462, 15.715086, 1023.0], [20.985853, 15.418846, 1037.0], [21.167633, 15.146086, 1052.0], [21.269585, 14.914659, 1073.0], [21.348043, 14.679088, 1089.0], [21.373213, 14.427729, 1101.0], [21.373213, 14.201598, 1112.0], [21.29731, 13.973982, 1123.0], [21.16055, 13.795168, 1134.0], [21.005493, 13.652071, 1151.0], [20.823795, 13.533064, 1163.0], [20.604893, 13.433865, 1177.0], [20.336868, 13.435341, 1191.0], [19.972986, 13.435341, 1206.0], [19.602703, 13.542599, 1218.0], [19.19637, 13.7232485, 1233.0], [18.792788, 13.946665, 1246.0], [18.330961, 14.173869, 1260.0], [17.880922, 14.547349, 1277.0], [17.456985, 14.914309, 1289.0], [17.01221, 15.314561, 1303.0], [16.558832, 15.77454, 1316.0], [16.0831, 16.189869, 1331.0], [15.648085, 16.679401, 1344.0], [15.204355, 17.129456, 1358.0], [14.800479, 17.533466, 1375.0], [14.334028, 17.977026, 1394.0], [13.915862, 18.413557, 1411.0], [13.510393, 18.905434, 1423.0], [13.148967, 19.35736, 1436.0], [12.787596, 19.831068, 1448.0], [12.525357, 20.191765, 1460.0]"}