{"Image number":35461,"Image shape":4,"Path":"[13.324458, 9.502654, 0.0], [12.573862, 10.487983, 53.0], [11.592726, 11.703683, 69.0], [10.427105, 13.056115, 86.0], [9.63378, 14.179103, 102.0], [9.175431, 15.149287, 119.0], [8.991037, 15.798759, 135.0], [9.132831, 16.22025, 152.0], [9.599741, 16.30982, 168.0], [10.444675, 16.215126, 185.0], [11.702739, 15.840491, 201.0], [13.143395, 15.000874, 218.0], [14.744725, 13.916367, 235.0], [16.368927, 12.754568, 251.0], [17.899965, 11.640106, 268.0], [19.293306, 10.711164, 284.0], [20.370275, 9.914199, 301.0], [21.153719, 9.3144045, 317.0], [21.574707, 8.986714, 334.0], [20.870611, 9.503631, 384.0], [19.843945, 10.391028, 400.0], [18.480728, 11.708446, 417.0], [16.861387, 13.235966, 433.0], [15.0852785, 14.919771, 450.0], [13.412995, 16.68721, 466.0], [12.006533, 18.376802, 483.0], [10.850806, 19.998621, 499.0], [9.876307, 21.461824, 516.0], [9.338207, 22.415945, 532.0]"}