{"Image number":38670,"Image shape":3,"Path":"[8.758736, 8.243883, 0.0], [9.738813, 7.6834245, 152.0], [10.627272, 7.2624803, 169.0], [11.563703, 6.8409133, 185.0], [12.217743, 6.6080613, 202.0], [12.864438, 6.423981, 218.0], [13.46761, 6.3318954, 235.0], [14.027864, 6.3324165, 251.0], [14.636372, 6.3324165, 268.0], [15.144214, 6.3324165, 284.0], [15.660712, 6.379657, 301.0], [16.221882, 6.473765, 317.0], [16.77597, 6.5192285, 334.0], [17.385523, 6.66057, 351.0], [17.941256, 6.8467436, 367.0], [18.407074, 7.0805616, 384.0], [18.733889, 7.2677565, 400.0], [18.964119, 7.5474358, 417.0], [19.055258, 7.825341, 433.0], [19.054909, 8.201338, 450.0], [19.008043, 8.713124, 466.0], [18.819319, 9.419338, 483.0], [18.349716, 10.023756, 500.0], [17.695984, 10.581665, 516.0], [16.997759, 11.093079, 533.0], [16.295818, 11.6081915, 549.0], [15.5927515, 12.12413, 566.0], [14.809957, 12.488928, 582.0], [14.249133, 12.816903, 603.0], [13.690875, 13.095631, 616.0], [13.274663, 13.374348, 632.0], [12.755761, 13.562198, 648.0], [12.3852415, 13.653795, 665.0], [12.156193, 13.746594, 681.0], [11.923402, 13.839775, 698.0], [11.691131, 13.885583, 715.0], [11.367073, 13.931663, 748.0], [11.51126, 13.649104, 797.0], [11.838298, 13.415479, 814.0], [12.303062, 13.183942, 830.0], [12.868941, 12.99578, 847.0], [13.563574, 12.858141, 863.0], [14.163864, 12.812693, 880.0], [14.8211355, 12.859791, 897.0], [16.0295, 13.046303, 930.0], [16.593323, 13.140375, 946.0], [17.707571, 13.513633, 979.0], [18.316317, 13.794954, 996.0], [18.917149, 14.119228, 1014.0], [19.524609, 14.4465475, 1029.0], [20.133028, 14.868638, 1045.0], [20.740158, 15.289248, 1062.0], [21.245855, 15.610829, 1078.0], [21.667473, 15.986176, 1095.0], [21.991997, 16.358225, 1112.0], [22.270964, 16.777672, 1128.0], [22.36334, 17.244825, 1145.0], [22.409851, 17.760479, 1161.0], [22.314888, 18.368801, 1178.0], [22.03505, 18.970114, 1194.0], [21.612726, 19.579435, 1211.0], [21.005169, 20.044018, 1227.0], [20.356544, 20.36681, 1244.0], [19.649647, 20.602125, 1261.0], [18.85722, 20.834927, 1277.0], [18.20948, 21.020027, 1294.0], [17.559647, 21.111946, 1310.0], [16.949251, 21.205969, 1327.0], [15.59928, 21.344997, 1360.0], [14.943141, 21.391897, 1376.0], [13.738009, 21.437666, 1409.0], [13.132629, 21.484707, 1426.0], [11.829087, 21.484287, 1459.0], [11.227082, 21.437597, 1476.0], [10.06472, 21.391169, 1509.0], [9.498293, 21.249714, 1525.0], [8.98612, 21.062674, 1542.0], [8.568057, 20.82919, 1558.0], [8.291935, 20.597118, 1591.0], [8.151907, 20.41044, 1608.0], [7.9171114, 20.223099, 1624.0], [7.684561, 19.98978, 1641.0], [7.3561997, 19.708508, 1658.0], [6.982972, 19.428917, 1674.0], [6.75229, 19.149485, 1691.0], [6.5187025, 18.868988, 1707.0], [6.0021048, 18.496027, 1740.0], [5.4881535, 18.12076, 1757.0], [5.0222526, 17.699543, 1773.0], [4.7471185, 17.23349, 1790.0], [4.657119, 16.90917, 1806.0], [4.6589017, 16.490562, 1823.0], [4.7526193, 15.9800205, 1839.0]"}