{"Image number":10450,"Image shape":3,"Path":"[9.683333, 10.111111, 0.0], [10.117224, 9.6419735, 28.0], [10.916023, 8.686326, 45.0], [11.642921, 7.944313, 62.0], [12.477393, 7.408395, 78.0], [13.66017, 6.906752, 95.0], [15.004679, 6.7769256, 112.0], [16.16557, 6.7666664, 129.0], [17.033333, 7.116667, 145.0], [17.401197, 7.8135076, 162.0], [17.573708, 8.612987, 179.0], [17.05615, 9.597965, 195.0], [16.212826, 10.832544, 212.0], [15.167156, 12.261612, 229.0], [14.154801, 13.570955, 246.0], [13.74822, 14.018448, 262.0], [13.464366, 14.472895, 280.0], [13.095357, 14.792757, 296.0], [12.814503, 14.917533, 313.0], [12.72872, 14.760267, 329.0], [12.800837, 14.363321, 346.0], [13.350453, 13.94408, 362.0], [14.643682, 13.640262, 379.0], [15.899979, 13.524788, 396.0], [17.188889, 13.533333, 413.0], [17.8788, 13.895849, 429.0], [18.333117, 14.580898, 446.0], [18.29113, 15.7151165, 463.0], [17.995975, 16.988401, 479.0], [17.43317, 18.386517, 496.0], [16.72946, 19.826773, 513.0], [16.042992, 21.620155, 529.0], [15.516666, 23.158333, 546.0], [15.117092, 24.49317, 563.0], [14.696449, 25.509823, 579.0], [14.014517, 26.158064, 596.0], [13.131712, 26.414665, 613.0], [11.853569, 26.405556, 630.0], [10.55168, 25.703468, 646.0], [9.214017, 24.760513, 663.0], [8.05, 23.683334, 680.0]"}