{"Image number":10850,"Image shape":4,"Path":"[12.872222, 8.555555, 0.0], [12.69496, 8.555555, 47.0], [12.49713, 8.697316, 81.0], [12.137395, 9.05705, 97.0], [11.64218, 9.552264, 114.0], [11.022643, 10.171802, 131.0], [10.449158, 10.943717, 147.0], [9.9041815, 11.699702, 164.0], [9.372222, 12.619444, 181.0], [8.986965, 13.395228, 198.0], [8.720423, 13.942486, 214.0], [8.5034685, 14.62293, 231.0], [8.286419, 15.274076, 248.0], [8.126382, 15.806503, 265.0], [8.060652, 16.276352, 281.0], [8.05, 16.68303, 298.0], [8.108334, 17.052778, 315.0], [8.431978, 17.406153, 331.0], [8.841234, 17.779133, 348.0], [9.313889, 18.083332, 365.0], [9.840943, 18.301933, 382.0], [10.447271, 18.523754, 398.0], [11.06474, 18.578182, 415.0], [11.742566, 18.63042, 432.0], [12.42527, 18.679184, 448.0], [13.197781, 18.666668, 465.0], [13.769511, 18.581299, 482.0], [14.311111, 18.413889, 499.0], [14.8259115, 18.028612, 515.0], [15.214298, 17.544315, 532.0], [15.439085, 16.786123, 549.0], [15.551788, 16.087486, 565.0], [15.660599, 15.325805, 582.0], [15.8475685, 14.496669, 599.0], [16.078411, 13.662903, 616.0], [16.236092, 13.086178, 632.0], [16.500496, 12.103967, 649.0], [16.778934, 11.413891, 666.0], [16.897223, 11.025001, 683.0], [17.1714, 10.496091, 699.0], [17.39544, 10.04801, 716.0], [17.542057, 9.634941, 733.0], [17.66247, 9.273702, 749.0], [17.712204, 8.954558, 766.0], [17.765701, 8.665935, 783.0], [17.819504, 8.4914875, 799.0], [17.47924, 8.713743, 866.0], [17.233408, 9.31869, 883.0], [16.903921, 10.250925, 899.0], [16.478638, 11.5114155, 916.0], [16.139704, 12.597325, 933.0], [15.809752, 13.861689, 949.0], [15.584909, 14.745478, 966.0], [15.4181595, 15.450934, 983.0], [15.380556, 16.002777, 1000.0], [15.361111, 16.591742, 1016.0], [15.361111, 16.86601, 1033.0], [15.361111, 17.117168, 1050.0], [15.361111, 17.381142, 1066.0], [15.4685955, 17.5983, 1083.0], [15.809196, 17.694443, 1116.0], [16.13889, 17.636112, 1133.0], [16.617365, 17.46885, 1150.0], [17.2482, 17.25986, 1166.0], [17.625435, 17.100853, 1183.0], [18.06955, 16.922575, 1200.0], [18.60481, 16.603779, 1217.0], [19.026257, 16.3723, 1234.0], [19.541416, 16.109848, 1250.0], [20.125, 15.963888, 1267.0], [20.656794, 15.983334, 1284.0], [21.147072, 16.02915, 1301.0], [21.48611, 16.080555, 1317.0], [21.918518, 16.136772, 1334.0], [22.248577, 16.13889, 1351.0], [22.47214, 16.083376, 1367.0], [22.732452, 15.93164, 1384.0], [23.002777, 15.652779, 1401.0], [23.28095, 15.374604, 1417.0], [23.558609, 15.096945, 1434.0], [23.877777, 14.719444, 1451.0], [24.251587, 14.328704, 1468.0], [24.513313, 14.015134, 1484.0], [24.801073, 13.645614, 1501.0], [25.020832, 13.358681, 1518.0], [25.236183, 13.14715, 1535.0], [25.399681, 12.955981, 1551.0], [25.56549, 12.734901, 1568.0]"}