{"Image number":39512,"Image shape":1,"Path":"[15.001663, 5.6330986, 0.0], [15.14283, 6.199553, 69.0], [15.188309, 6.9431076, 85.0], [15.14123, 8.573652, 118.0], [15.000842, 9.320549, 135.0], [14.86042, 10.352676, 151.0], [14.627428, 11.421137, 168.0], [14.488386, 12.633202, 184.0], [14.300793, 13.6631365, 201.0], [14.16238, 14.776295, 218.0], [14.022052, 15.758589, 234.0], [13.5065365, 17.81406, 267.0], [13.133025, 18.888111, 284.0], [12.6668415, 19.910994, 300.0], [12.389299, 20.842861, 317.0]"}