{"Image number":35956,"Image shape":9,"Path":"[10.389351, 8.057398, 0.0], [10.202994, 8.290504, 36.0], [9.828718, 9.180025, 53.0], [9.407582, 10.633279, 69.0], [9.128504, 12.45894, 86.0], [9.131447, 14.140128, 102.0], [9.507781, 15.624521, 119.0], [10.256412, 16.69213, 135.0], [11.387669, 17.299198, 152.0], [12.63102, 17.428848, 168.0], [13.94466, 17.09826, 185.0], [15.15061, 16.350306, 202.0], [16.03027, 15.185628, 218.0], [16.541197, 13.832889, 235.0], [16.68044, 12.329754, 251.0], [16.631428, 10.827412, 268.0], [16.443403, 9.437121, 284.0], [16.067907, 8.415777, 301.0], [15.649842, 7.865486, 317.0], [15.325333, 7.7299986, 334.0], [15.186846, 7.9191008, 350.0], [15.234895, 8.480422, 367.0], [15.468874, 9.602237, 384.0], [15.842669, 11.050474, 400.0], [16.356182, 12.73077, 417.0], [17.28711, 16.084932, 450.0], [17.752748, 17.856705, 466.0], [18.032955, 19.826984, 483.0], [18.076649, 21.76864, 499.0], [17.92989, 23.72067, 516.0], [17.79073, 24.749283, 532.0]"}