{"Image number":39641,"Image shape":3,"Path":"[10.995008, 8.383746, 0.0], [11.557829, 8.055693, 53.0], [12.596601, 7.6780376, 69.0], [13.889242, 7.3566513, 86.0], [15.01501, 7.216548, 103.0], [16.083023, 7.171169, 119.0], [17.017567, 7.218847, 135.0], [17.8043, 7.500521, 152.0], [18.408228, 7.921392, 168.0], [18.732605, 8.672209, 185.0], [18.869644, 9.556202, 202.0], [18.63347, 10.58435, 218.0], [18.162502, 11.521802, 235.0], [17.366995, 12.357891, 251.0], [16.485285, 13.004567, 268.0], [15.4992285, 13.472559, 284.0], [14.667632, 13.700755, 301.0], [13.970707, 13.8866415, 317.0], [13.647971, 13.932035, 334.0], [13.885359, 13.978283, 384.0], [15.186656, 14.304204, 417.0], [15.98465, 14.679773, 433.0], [16.686605, 15.243248, 450.0], [17.291628, 15.991739, 466.0], [17.611973, 16.778765, 483.0], [17.752748, 17.58133, 499.0], [17.750416, 18.318075, 516.0], [17.703423, 19.113476, 533.0], [17.422161, 19.952183, 549.0], [16.904354, 20.844486, 566.0], [16.351526, 21.62588, 582.0], [15.781901, 22.290594, 599.0], [15.137461, 22.745893, 615.0], [14.331488, 23.172148, 632.0], [13.35566, 23.446775, 648.0], [12.465882, 23.537722, 665.0], [11.396293, 23.488213, 682.0], [10.522908, 23.301205, 698.0], [9.589542, 22.785389, 715.0], [8.793142, 21.890253, 731.0]"}