{"Image number":10530,"Image shape":0,"Path":"[21.35, 9.838889, 0.0], [20.827705, 9.568214, 33.0], [20.234152, 9.396687, 50.0], [19.76929, 9.247171, 66.0], [18.811089, 9.139867, 83.0], [17.10772, 8.995659, 100.0], [15.338055, 8.935495, 117.0], [13.635264, 9.159691, 133.0], [12.017747, 9.737866, 150.0], [10.559458, 10.844296, 166.0], [9.811848, 12.39843, 183.0], [9.308519, 14.26722, 200.0], [9.220831, 16.293093, 217.0], [9.44958, 18.126257, 233.0], [10.113852, 19.653555, 250.0], [11.044444, 20.863888, 267.0], [12.308308, 21.572208, 283.0], [13.474294, 21.801718, 300.0], [14.677708, 21.675566, 317.0], [15.962096, 21.186356, 334.0], [17.175262, 20.411194, 350.0], [18.087723, 19.54351, 367.0], [19.118738, 18.250082, 384.0], [19.864477, 16.457699, 400.0], [20.650309, 14.154561, 417.0], [21.071854, 12.515018, 434.0], [21.28304, 11.006462, 450.0], [21.351507, 9.847629, 467.0], [21.238813, 8.932702, 484.0], [20.8364, 8.0815115, 500.0], [20.61111, 7.6027775, 517.0]"}