{"Image number":35220,"Image shape":2,"Path":"[12.998336, 6.565522, 0.0], [13.23128, 6.518901, 36.0], [13.979478, 6.0509553, 52.0], [15.337307, 5.442343, 69.0], [16.918774, 4.837877, 85.0], [18.2689, 4.606399, 102.0], [20.078663, 4.933255, 135.0], [20.59358, 5.6347837, 151.0], [20.73272, 6.710044, 168.0], [20.59168, 8.016993, 184.0], [20.076462, 9.559498, 201.0], [19.329887, 11.2848015, 218.0], [18.254267, 13.01313, 234.0], [17.044403, 14.640647, 251.0], [15.7390785, 16.17892, 267.0], [14.340019, 17.530582, 284.0], [12.894142, 18.601954, 300.0], [11.542537, 19.299065, 317.0], [10.4218, 19.623566, 333.0], [9.732035, 19.713356, 350.0], [9.3596115, 19.665462, 367.0], [10.024512, 19.524984, 416.0], [11.001584, 19.385393, 433.0], [12.3119335, 19.292204, 449.0], [13.656988, 19.29309, 466.0], [15.165879, 19.340477, 482.0], [16.833948, 19.5279, 499.0], [18.523298, 19.715734, 515.0], [20.095146, 20.089252, 532.0], [21.491882, 20.462452, 548.0], [22.611898, 21.05087, 565.0], [23.237513, 21.411734, 582.0]"}