{"Image number":10303,"Image shape":4,"Path":"[12.755556, 8.711111, 0.0], [12.716667, 9.226481, 39.0], [12.716667, 9.831436, 55.0], [12.66039, 10.37763, 72.0], [12.450422, 11.217369, 89.0], [11.846913, 12.759878, 105.0], [10.918987, 14.307989, 122.0], [10.155066, 15.866923, 139.0], [9.586111, 17.11111, 156.0], [9.300789, 17.797155, 172.0], [9.240949, 18.132088, 189.0], [9.509529, 18.177437, 256.0], [10.182173, 18.01907, 273.0], [11.486654, 17.723831, 289.0], [12.999426, 17.389198, 306.0], [14.5838785, 17.11504, 323.0], [15.735318, 16.904093, 339.0], [16.809246, 16.714622, 356.0], [17.710604, 16.554667, 373.0], [18.500618, 16.046383, 389.0], [19.228796, 15.244978, 406.0], [19.801609, 14.44108, 423.0], [20.15113, 13.790844, 440.0], [20.294498, 13.4054165, 456.0], [20.502577, 13.1363125, 490.0], [20.552488, 13.407961, 540.0], [20.00232, 14.323354, 556.0], [19.122131, 15.706281, 573.0], [17.833456, 18.114357, 590.0], [17.163986, 19.979595, 606.0], [16.721613, 21.585773, 623.0], [16.644445, 22.769445, 640.0], [16.717815, 23.397127, 657.0], [16.82216, 23.799788, 673.0]"}