{"Image number":39198,"Image shape":2,"Path":"[6.801996, 8.663473, 0.0], [7.5086775, 8.332544, 52.0], [8.436724, 7.8688574, 69.0], [9.608306, 7.2591305, 85.0], [12.031127, 6.5629444, 118.0], [13.282496, 6.4251447, 135.0], [14.400988, 6.6598024, 151.0], [15.429348, 7.034784, 168.0], [16.266962, 7.7372174, 184.0], [16.779081, 8.581748, 201.0], [17.054241, 9.6998, 218.0], [17.098438, 11.095863, 234.0], [17.09817, 12.789482, 251.0], [16.957907, 14.543996, 267.0], [16.769934, 16.235134, 284.0], [16.398037, 17.713163, 300.0], [15.928953, 19.120089, 317.0], [15.466459, 20.321606, 333.0], [14.94955, 21.496851, 350.0], [13.87839, 23.263836, 383.0], [13.411884, 23.82225, 400.0], [13.183258, 24.049885, 416.0], [13.139109, 23.764692, 482.0], [13.324495, 23.48894, 499.0], [13.747847, 23.065315, 515.0], [14.304583, 22.508196, 532.0], [15.892151, 21.57502, 565.0], [16.865896, 21.15765, 582.0], [17.954851, 20.731268, 598.0], [20.131845, 19.943678, 631.0], [21.204237, 19.476864, 648.0], [21.945862, 19.105389, 664.0]"}