{"Image number":121,"Image shape":0,"Path":"[23.594278, 8.773228, 0.0], [23.639301, 9.08849, 78.0], [23.63069, 9.438406, 106.0], [23.63069, 9.678402, 118.0], [23.63069, 9.992903, 132.0], [23.63069, 10.254686, 148.0], [23.63069, 10.572689, 163.0], [23.5965, 10.940828, 175.0], [23.594278, 11.300291, 189.0], [23.543056, 11.6598835, 203.0], [23.497475, 12.048654, 216.0], [23.419447, 12.423021, 230.0], [23.329428, 12.824629, 244.0], [23.238928, 13.232015, 258.0], [23.184881, 13.616557, 272.0], [23.09452, 13.946685, 286.0], [23.004118, 14.343633, 300.0], [22.91429, 14.699262, 314.0], [22.838375, 15.063229, 328.0], [22.702982, 15.454497, 342.0], [22.56716, 15.823124, 356.0], [22.384256, 16.136335, 370.0], [22.22388, 16.451864, 385.0], [22.060259, 16.73874, 397.0], [21.878847, 17.010948, 411.0], [21.652252, 17.327871, 425.0], [21.427826, 17.587538, 440.0], [21.135702, 17.834087, 453.0], [20.86457, 18.096344, 467.0], [20.591946, 18.369059, 481.0], [20.252506, 18.656984, 496.0], [19.91695, 18.90901, 510.0], [19.562826, 19.182514, 524.0], [19.201607, 19.453516, 537.0], [18.843113, 19.670176, 552.0], [18.443058, 19.958874, 568.0], [18.049036, 20.162159, 580.0], [17.64047, 20.386362, 594.0], [17.234217, 20.560839, 607.0], [16.827503, 20.741661, 621.0], [16.420654, 20.922543, 635.0], [16.011736, 21.10434, 649.0], [15.606666, 21.284431, 664.0], [15.1654825, 21.442165, 679.0], [14.757536, 21.578192, 694.0], [14.351054, 21.673834, 706.0], [13.945346, 21.812588, 720.0], [13.537283, 21.85473, 734.0], [13.159828, 21.915356, 746.0], [12.7599945, 21.921844, 760.0], [12.452928, 21.921844, 774.0], [12.059575, 21.921844, 789.0], [11.707785, 21.893465, 803.0], [11.355466, 21.848406, 817.0], [11.045342, 21.759008, 831.0], [10.777633, 21.612251, 845.0], [10.432248, 21.421463, 859.0], [10.124441, 21.231071, 873.0], [9.851653, 21.004253, 887.0], [9.584666, 20.78169, 901.0], [9.312065, 20.466417, 916.0], [9.039409, 20.113377, 929.0], [8.769325, 19.753149, 945.0], [8.514204, 19.355438, 958.0], [8.312681, 18.993587, 971.0], [8.097992, 18.597536, 987.0], [7.915626, 18.19373, 999.0], [7.7857, 17.73671, 1015.0], [7.5900445, 17.319387, 1028.0], [7.4412727, 16.867483, 1041.0], [7.306636, 16.37814, 1055.0], [7.2196198, 15.87746, 1069.0], [7.151119, 15.358631, 1084.0], [7.1058617, 14.815364, 1098.0], [7.0604734, 14.270527, 1111.0], [7.063719, 13.794074, 1125.0], [7.120559, 13.246963, 1139.0], [7.195356, 12.747524, 1153.0], [7.3231883, 12.215013, 1167.0], [7.407657, 11.787937, 1181.0], [7.5769258, 11.258685, 1196.0], [7.7304516, 10.787243, 1209.0], [7.9386573, 10.337253, 1224.0], [8.209287, 9.886417, 1237.0], [8.480551, 9.43416, 1251.0], [8.77915, 9.033885, 1266.0], [9.131584, 8.636042, 1279.0], [9.533456, 8.189266, 1293.0], [9.9920435, 7.8237495, 1308.0], [10.509043, 7.442183, 1320.0], [11.042123, 7.0792274, 1335.0], [11.535564, 6.7218695, 1348.0], [12.088218, 6.4604864, 1363.0], [12.606052, 6.2134314, 1376.0], [13.138702, 5.9862003, 1390.0], [13.674399, 5.8040714, 1405.0], [14.267773, 5.6228905, 1419.0], [14.893627, 5.5004215, 1432.0], [15.447712, 5.427613, 1446.0], [16.025686, 5.343133, 1459.0], [16.618149, 5.349487, 1474.0], [17.146755, 5.334079, 1488.0], [17.690943, 5.379442, 1501.0], [18.235298, 5.424819, 1516.0], [18.773281, 5.517, 1531.0], [19.307499, 5.606065, 1546.0], [19.825834, 5.7534795, 1558.0], [20.117035, 5.859405, 1572.0]"}