{"Image number":35408,"Image shape":0,"Path":"[9.876871, 7.264838, 0.0], [9.454948, 8.484483, 53.0], [9.129535, 10.0714035, 69.0], [8.848138, 11.999388, 86.0], [9.227479, 15.772157, 119.0], [9.880331, 17.484022, 136.0], [10.720132, 18.928152, 152.0], [11.8855295, 20.090988, 169.0], [13.185908, 20.832287, 185.0], [14.837968, 21.257011, 202.0], [16.594389, 21.25118, 218.0], [18.338, 20.872044, 235.0], [19.81077, 20.033154, 251.0], [21.076912, 18.714258, 268.0], [21.809158, 17.042894, 284.0], [22.179098, 15.12983, 301.0], [22.129314, 13.166115, 318.0], [21.66106, 11.403341, 334.0], [20.870625, 9.733097, 351.0], [19.695778, 8.22931, 367.0], [18.336716, 7.108942, 384.0], [16.559456, 6.50992, 400.0], [12.18272, 6.4742484, 433.0], [10.329599, 7.0826354, 450.0], [8.967256, 8.209014, 466.0], [8.353702, 9.031407, 483.0]"}