{"Image number":37940,"Image shape":3,"Path":"[6.7554073, 8.523609, 0.0], [7.1322103, 8.523609, 53.0], [7.643612, 8.476715, 70.0], [8.573424, 8.430315, 87.0], [9.6093235, 8.430367, 103.0], [11.011244, 8.383205, 120.0], [12.691056, 8.383746, 136.0], [14.307993, 8.430515, 153.0], [15.705727, 8.523958, 169.0], [16.642244, 8.759209, 186.0], [17.295464, 9.041134, 202.0], [17.616117, 9.368263, 219.0], [17.514215, 10.351603, 252.0], [16.906097, 11.141871, 268.0], [15.783541, 11.981182, 285.0], [14.611977, 12.824986, 302.0], [13.351703, 13.428151, 318.0], [11.878888, 13.978545, 351.0], [11.412606, 14.118147, 384.0], [12.295256, 14.164503, 468.0], [13.239204, 14.258802, 487.0], [15.43593, 14.8215475, 517.0], [16.506956, 15.337209, 533.0], [17.572586, 15.800217, 550.0], [18.596706, 16.407127, 566.0], [19.481249, 17.060469, 583.0], [20.316198, 17.663801, 599.0], [21.021025, 18.322807, 616.0], [21.526379, 19.016438, 632.0], [21.853313, 19.719254, 649.0], [21.991291, 20.37133, 666.0], [21.990017, 20.932264, 682.0], [21.802078, 21.30097, 699.0], [21.331615, 21.864645, 715.0], [19.418894, 22.746332, 748.0], [18.246063, 22.932236, 765.0], [16.949852, 23.023394, 781.0], [15.599319, 22.882092, 798.0], [14.14121, 22.504309, 814.0], [12.890639, 21.9912, 831.0], [11.624908, 21.332829, 847.0]"}