{"Image number":30343,"Image shape":6,"Path":"[13.786407, 3.837007, 0.0], [13.555975, 3.8940053, 84.0], [13.169215, 4.1767826, 102.0], [12.779903, 4.642819, 120.0], [12.389633, 5.1564865, 138.0], [11.600208, 6.2118115, 156.0], [10.939404, 7.1610575, 173.0], [10.223795, 8.185102, 191.0], [9.680711, 9.122272, 209.0], [9.304733, 9.965259, 226.0], [9.0209465, 10.792018, 244.0], [8.777108, 11.704426, 262.0], [8.587404, 12.439185, 280.0], [8.442394, 13.174717, 298.0], [8.427185, 14.009675, 315.0], [8.464809, 14.779381, 333.0], [8.504854, 15.495355, 351.0], [8.557633, 16.230927, 369.0], [8.974661, 17.095343, 386.0], [9.445126, 17.90274, 404.0], [10.086178, 18.698952, 422.0], [10.5018635, 19.24377, 440.0], [10.910299, 19.766682, 457.0], [11.536485, 20.229288, 475.0], [12.113419, 20.566046, 493.0], [12.6008, 20.792713, 511.0], [13.220633, 20.986416, 528.0], [13.961337, 21.099937, 546.0], [14.49668, 21.199387, 564.0], [14.966885, 21.20677, 582.0], [15.558237, 21.245628, 599.0], [16.321442, 21.179071, 617.0], [17.10567, 20.973919, 635.0], [18.153837, 20.659576, 653.0], [19.096441, 20.1822, 670.0], [19.771349, 19.792006, 688.0], [20.21503, 19.398407, 706.0], [20.679346, 18.93381, 724.0], [21.199972, 18.350214, 742.0], [21.773563, 17.610062, 759.0], [22.17011, 16.863916, 777.0], [22.43164, 16.22396, 795.0], [22.58884, 15.65071, 813.0], [22.71947, 15.140752, 830.0], [22.745121, 14.632633, 848.0], [22.757282, 14.149799, 866.0], [22.757282, 13.611909, 884.0], [22.70059, 13.091578, 901.0], [22.624893, 12.6791, 919.0], [22.477823, 12.289122, 937.0], [22.34704, 12.031205, 955.0], [22.103542, 11.770607, 972.0], [21.92523, 11.597694, 990.0], [21.76965, 11.436512, 1008.0], [21.525278, 11.303204, 1026.0], [21.12339, 11.297844, 1043.0], [20.546343, 11.331513, 1061.0], [20.063805, 11.456747, 1079.0], [19.540974, 11.587536, 1097.0], [18.910507, 11.788308, 1115.0], [18.206335, 12.009162, 1132.0], [17.66342, 12.223168, 1150.0], [17.294971, 12.5301285, 1168.0], [16.990288, 12.895906, 1186.0], [16.678415, 13.324049, 1203.0], [16.428679, 13.7436905, 1221.0], [16.064693, 14.328868, 1239.0], [15.791062, 14.915784, 1257.0], [15.489944, 15.624153, 1274.0], [15.284885, 16.313353, 1292.0], [15.154514, 16.965607, 1310.0], [15.145632, 17.707428, 1328.0], [15.252783, 18.481588, 1346.0], [15.372993, 19.32426, 1363.0], [15.504303, 19.844513, 1381.0], [15.596006, 20.312748, 1399.0]"}