{"Image number":39516,"Image shape":5,"Path":"[20.033278, 7.171596, 0.0], [19.702099, 7.454937, 69.0], [19.144533, 7.87358, 85.0], [18.344856, 8.296446, 102.0], [17.45869, 8.763135, 118.0], [16.58039, 9.2257185, 135.0], [15.597097, 9.741118, 151.0], [14.668829, 10.158371, 168.0], [13.78176, 10.626084, 184.0], [12.940706, 10.952206, 201.0], [12.250584, 11.32212, 217.0], [11.596712, 11.5084915, 234.0], [11.083454, 11.601466, 250.0], [10.7127495, 11.647566, 267.0], [10.38696, 11.741265, 300.0], [10.295636, 12.0223465, 333.0], [10.249584, 12.395807, 366.0], [10.249584, 12.675094, 383.0], [10.249584, 13.095393, 399.0], [10.249584, 13.562308, 416.0], [10.202243, 14.032429, 432.0], [10.156028, 14.588897, 449.0], [10.109742, 15.098005, 466.0], [10.016285, 15.611969, 482.0], [9.923039, 15.891016, 499.0], [9.829928, 16.170538, 515.0], [9.690403, 16.589516, 548.0], [9.784503, 16.823792, 650.0], [10.111399, 16.962826, 681.0], [10.392213, 17.056232, 697.0], [11.088976, 17.288647, 714.0], [11.650057, 17.475803, 730.0], [12.214121, 17.711227, 747.0], [12.583904, 17.944126, 764.0], [13.100318, 18.17819, 780.0], [13.609701, 18.457027, 796.0], [14.354843, 19.111359, 830.0], [14.822071, 19.53229, 846.0], [15.237368, 19.854694, 863.0], [15.566249, 20.231827, 879.0], [15.748772, 20.601858, 896.0], [15.887191, 21.019085, 912.0], [16.075157, 21.442049, 929.0], [16.635616, 22.374855, 962.0], [16.916256, 22.891068, 978.0], [17.241205, 23.306719, 995.0], [17.473051, 23.726011, 1012.0]"}