{"Image number":36986,"Image shape":8,"Path":"[12.951746, 6.565522, 0.0], [12.579036, 6.7986274, 36.0], [11.739108, 7.4523554, 56.0], [10.527671, 8.571568, 69.0], [9.59394, 9.786801, 89.0], [9.130449, 10.903687, 106.0], [8.991037, 11.791161, 122.0], [9.180201, 12.447365, 139.0], [9.837249, 12.910975, 155.0], [11.0102215, 13.142147, 172.0], [12.312075, 13.2803135, 189.0], [13.516138, 13.466271, 209.0], [14.644115, 13.701718, 218.0], [15.716908, 14.077236, 234.0], [16.679386, 14.631274, 251.0], [17.575186, 15.244671, 267.0], [18.324755, 15.950697, 284.0], [18.930342, 16.748821, 300.0], [19.294788, 17.868662, 317.0], [19.478163, 19.133314, 334.0], [19.474209, 20.245712, 350.0], [19.521952, 21.181032, 367.0], [19.5208, 22.064133, 383.0], [19.5208, 22.9423, 400.0], [15.886856, 25.726809, 0.0], [15.038578, 25.30238, 55.0], [13.871088, 24.78891, 71.0], [12.803088, 24.04226, 88.0], [12.05614, 23.244816, 104.0], [11.785012, 22.269808, 121.0], [11.646086, 21.195599, 137.0], [11.883026, 19.977701, 154.0], [12.35267, 18.432178, 170.0], [13.145672, 16.900711, 187.0], [14.089216, 15.24982, 203.0], [14.963163, 13.731121, 220.0], [15.904416, 12.225187, 236.0], [16.7357, 10.837585, 253.0], [17.53064, 9.76455, 270.0], [18.132225, 8.741308, 286.0], [18.499977, 8.049634, 303.0], [18.589827, 7.446059, 319.0], [18.305277, 7.025419, 336.0], [17.698069, 6.7022834, 352.0], [16.814222, 6.471118, 369.0], [15.876642, 6.330883, 385.0], [14.949401, 6.2855124, 402.0], [14.067802, 6.3792567, 418.0], [13.220106, 6.7097335, 435.0], [16.259565, 6.2857957, 0.0], [16.026623, 6.2391744, 37.0], [15.273687, 6.1920834, 53.0], [14.149963, 6.1453867, 70.0], [12.803309, 6.1928525, 86.0], [11.585413, 6.4285936, 103.0], [10.4211445, 6.8505793, 119.0], [9.637397, 7.503326, 136.0], [9.220792, 8.438894, 153.0], [9.082677, 9.519386, 169.0], [9.179144, 10.587687, 186.0], [9.602246, 11.518278, 202.0], [10.351673, 12.21504, 219.0], [11.385431, 12.870653, 235.0], [12.405705, 13.284299, 252.0], [13.379481, 13.655149, 268.0], [14.315016, 13.840859, 285.0], [15.303733, 14.31537, 302.0], [16.423975, 14.828766, 318.0], [17.49059, 15.719557, 335.0], [18.471857, 16.561832, 351.0], [19.113518, 17.492052, 368.0], [19.434692, 18.427511, 384.0], [19.475378, 19.410875, 401.0], [19.474209, 20.387064, 417.0], [19.4264, 21.322245, 434.0], [18.856323, 22.250618, 450.0], [18.251402, 23.132835, 467.0], [17.123016, 23.876469, 483.0], [16.152443, 24.334822, 500.0], [14.890064, 24.612, 517.0], [13.683985, 24.70216, 533.0], [12.556984, 24.558525, 550.0], [11.487645, 24.181406, 566.0], [10.940647, 23.432005, 583.0], [10.572969, 22.36221, 599.0], [10.670857, 20.989456, 616.0], [11.143583, 19.402987, 632.0], [11.979767, 17.788784, 649.0], [13.153862, 16.241901, 665.0], [14.411593, 14.893954, 682.0], [15.664453, 13.500348, 699.0], [16.784328, 12.098074, 715.0], [17.813206, 10.692698, 732.0], [18.410128, 9.440515, 748.0], [18.730608, 8.330877, 765.0], [18.728785, 7.3435745, 781.0], [18.445875, 6.650319, 798.0], [17.837105, 6.2346797, 814.0], [16.857124, 6.004139, 831.0], [15.823762, 5.9586973, 847.0], [14.857176, 5.959448, 864.0]"}