{"Image number":36871,"Image shape":0,"Path":"[19.9401, 7.404701, 0.0], [19.000916, 7.2172914, 53.0], [17.655825, 7.218218, 69.0], [15.787535, 7.6391916, 86.0], [13.97373, 8.384968, 102.0], [12.107243, 9.552966, 119.0], [10.469936, 10.864747, 135.0], [9.028647, 12.497278, 152.0], [8.009369, 14.311625, 168.0], [7.4486933, 16.329237, 185.0], [7.4070873, 18.338436, 201.0], [7.929488, 20.023048, 218.0], [8.912705, 21.269455, 234.0], [10.324044, 22.154644, 251.0], [11.841056, 22.652298, 268.0], [13.5787115, 22.79534, 284.0], [14.687147, 22.691582, 301.0], [15.199248, 22.601318, 317.0], [16.664991, 21.935715, 334.0], [18.731178, 20.804853, 350.0], [20.890148, 18.965809, 367.0], [21.439842, 17.878565, 384.0], [21.90207, 15.96152, 400.0], [22.644188, 11.723766, 433.0], [22.126982, 10.193562, 449.0], [21.289013, 8.893206, 466.0], [20.075794, 8.007799, 482.0], [18.66916, 7.493163, 499.0], [17.183186, 7.4041915, 516.0], [15.670517, 7.5028887, 532.0], [14.718326, 7.59599, 549.0]"}