{"Image number":30080,"Image shape":0,"Path":"[15.106796, 10.676109, 0.0], [15.067962, 10.453534, 83.0], [14.923593, 10.270618, 119.0], [14.811723, 10.097223, 136.0], [14.672134, 9.850104, 154.0], [14.476156, 9.6565, 172.0], [14.170752, 9.406113, 190.0], [13.930036, 9.226624, 207.0], [13.408177, 8.941321, 225.0], [12.873043, 8.664807, 243.0], [12.393298, 8.4077835, 261.0], [11.862701, 8.242249, 278.0], [11.346972, 8.113237, 296.0], [10.81374, 8.150303, 314.0], [10.124041, 8.222038, 332.0], [9.3888, 8.36866, 350.0], [8.784191, 8.647818, 367.0], [8.230619, 9.201875, 385.0], [7.7940526, 9.819461, 403.0], [7.4212346, 10.379027, 421.0], [7.080921, 11.181225, 438.0], [6.844151, 11.798227, 456.0], [6.6486917, 12.450155, 474.0], [6.56487, 13.258457, 492.0], [6.461243, 13.9975815, 509.0], [6.4466023, 14.728517, 527.0], [6.407767, 15.336087, 545.0], [6.407767, 15.95294, 563.0], [6.4596043, 16.596123, 580.0], [6.564144, 17.170671, 598.0], [6.655922, 17.75827, 616.0], [6.8386145, 18.342236, 634.0], [7.1554995, 18.972725, 651.0], [7.5096865, 19.596537, 669.0], [7.8440337, 20.179773, 687.0], [8.251901, 20.76882, 705.0], [8.643473, 21.18077, 723.0], [9.026278, 21.627647, 740.0], [9.429064, 21.807377, 758.0], [9.776593, 22.03732, 776.0], [10.165975, 22.118484, 794.0], [10.5142765, 22.30635, 811.0], [10.872894, 22.327044, 829.0], [11.341286, 22.372526, 847.0], [11.8191395, 22.372526, 865.0], [12.419884, 22.372526, 882.0], [12.993249, 22.290329, 900.0], [13.641346, 22.112976, 918.0], [14.225025, 21.990795, 936.0], [14.760435, 21.838257, 953.0], [15.314529, 21.691645, 971.0], [15.935941, 21.561087, 989.0], [16.588621, 21.39207, 1007.0], [17.208664, 21.17377, 1024.0], [18.006027, 20.861511, 1042.0], [18.699602, 20.586807, 1060.0], [19.35374, 20.234713, 1078.0], [19.889633, 19.95946, 1096.0], [20.409111, 19.580818, 1113.0], [20.92979, 19.124952, 1131.0], [21.293716, 18.787397, 1149.0], [21.539326, 18.45131, 1167.0], [21.810654, 18.135769, 1184.0], [22.070566, 17.810677, 1202.0], [22.341658, 17.44412, 1220.0], [22.58993, 17.066936, 1238.0], [22.77092, 16.754152, 1255.0], [22.899586, 16.427448, 1273.0], [23.020437, 16.118612, 1291.0], [23.11322, 15.766876, 1309.0], [23.178217, 15.454376, 1326.0], [23.184465, 15.183701, 1344.0], [23.184465, 14.845204, 1362.0], [23.184465, 14.543497, 1380.0], [23.162973, 14.160918, 1397.0], [23.049768, 13.8169985, 1415.0], [22.88412, 13.342615, 1433.0], [22.64953, 12.986275, 1451.0], [22.406658, 12.646793, 1469.0], [22.18449, 12.359198, 1486.0], [21.98669, 12.096115, 1504.0], [21.740929, 11.885449, 1522.0], [21.441433, 11.613254, 1540.0], [21.026669, 11.429668, 1557.0], [20.571201, 11.272402, 1575.0], [20.071213, 11.100781, 1593.0], [19.61892, 11.025836, 1611.0], [19.05606, 11.025836, 1628.0], [18.545267, 11.066925, 1646.0], [17.92707, 11.189561, 1664.0], [17.276281, 11.329985, 1682.0], [16.621597, 11.54258, 1700.0], [15.972709, 11.797231, 1717.0], [15.323944, 12.065821, 1735.0], [14.624589, 12.289329, 1753.0], [13.863152, 12.759575, 1770.0], [13.104301, 13.325217, 1788.0], [12.442435, 14.00268, 1806.0], [11.892788, 14.4809675, 1824.0], [11.432596, 14.877989, 1842.0], [11.060117, 15.129335, 1859.0], [10.848297, 15.3346815, 1877.0], [10.675199, 15.460123, 1895.0]"}