{"Image number":36724,"Image shape":6,"Path":"[14.302828, 5.2135086, 0.0], [13.976706, 5.3999934, 37.0], [13.082985, 6.3414016, 53.0], [10.560685, 9.569675, 87.0], [9.777874, 11.333895, 103.0], [9.313012, 13.252002, 120.0], [9.222954, 15.320473, 136.0], [9.554269, 17.310028, 153.0], [10.204189, 19.06323, 169.0], [11.1933565, 20.428574, 186.0], [13.715517, 21.817846, 219.0], [15.249414, 22.045984, 235.0], [16.827433, 22.137499, 252.0], [18.418081, 21.948683, 268.0], [19.963436, 21.382553, 285.0], [21.397207, 20.40329, 302.0], [22.471321, 19.32429, 318.0], [23.112686, 18.259977, 335.0], [23.202328, 17.136541, 351.0], [23.248196, 16.022987, 368.0], [22.96554, 14.805123, 384.0], [22.361456, 13.9765215, 401.0], [21.469004, 13.554648, 417.0], [20.444977, 13.464759, 434.0], [19.239943, 13.652139, 450.0], [16.394855, 14.866253, 483.0], [15.042255, 15.800646, 500.0], [13.033358, 17.815231, 533.0], [12.573282, 18.697954, 550.0], [12.333228, 19.375751, 566.0], [12.297, 19.7327, 583.0]"}