{"Image number":38442,"Image shape":8,"Path":"[14.815308, 5.8662043, 0.0], [14.206756, 6.05327, 69.0], [13.463345, 6.286072, 86.0], [12.529062, 6.613328, 102.0], [11.643279, 7.080447, 119.0], [10.7525, 7.643852, 135.0], [9.866485, 8.298163, 152.0], [9.078729, 9.042216, 168.0], [8.472512, 9.696346, 185.0], [8.151514, 10.391808, 201.0], [8.058734, 11.0493145, 218.0], [8.387901, 12.350927, 251.0], [9.838305, 13.283424, 284.0], [10.857545, 13.699499, 301.0], [11.978519, 14.166911, 317.0], [13.141923, 14.77283, 334.0], [14.274588, 15.43425, 350.0], [15.14512, 16.266214, 367.0], [15.895535, 17.158836, 383.0], [16.493038, 18.175074, 400.0], [16.869473, 19.25869, 416.0], [17.054552, 20.383236, 433.0], [17.05158, 21.357052, 450.0], [16.817072, 22.330036, 466.0], [16.34719, 23.172651, 483.0], [15.643459, 23.872423, 499.0], [14.85127, 24.19269, 516.0], [13.967653, 24.235409, 532.0], [12.993368, 23.906929, 549.0], [11.777549, 23.062841, 565.0], [10.79801, 22.079712, 582.0], [10.006639, 20.910116, 599.0], [9.689097, 19.988354, 615.0], [9.501714, 18.953285, 632.0], [9.645628, 18.164536, 648.0], [10.019807, 17.37489, 665.0], [10.723959, 16.721004, 681.0], [11.653875, 16.118547, 698.0], [12.723266, 15.46744, 715.0], [13.901308, 14.760166, 735.0], [15.003639, 14.070289, 748.0], [16.082136, 13.413394, 764.0], [17.01054, 12.762246, 780.0], [17.801395, 12.10982, 797.0], [18.408077, 11.454906, 813.0], [18.826054, 10.801679, 830.0], [19.055065, 10.154904, 847.0], [19.148302, 9.641324, 863.0], [19.148087, 9.172893, 880.0], [19.101395, 8.662356, 896.0], [18.914034, 8.100701, 913.0], [18.444654, 7.3978004, 929.0], [17.788443, 6.8379045, 946.0], [16.350956, 6.005287, 979.0], [15.699042, 5.7724423, 995.0], [14.763887, 5.5392528, 1028.0], [14.532534, 5.5398564, 1045.0], [14.254559, 5.5867586, 1062.0], [14.021489, 5.680442, 1078.0], [13.834616, 5.774124, 1095.0]"}