{"Image number":39251,"Image shape":6,"Path":"[15.327787, 4.1412225, 0.0], [15.141432, 4.3743277, 119.0], [14.482181, 5.269642, 135.0], [13.78577, 6.433296, 152.0], [13.131389, 7.6973867, 168.0], [12.71255, 8.914653, 185.0], [12.295559, 10.261303, 201.0], [11.925999, 11.8370695, 218.0], [11.596289, 13.534596, 235.0], [11.318291, 15.254585, 251.0], [11.133456, 16.739485, 268.0], [11.041124, 18.181522, 284.0], [11.1356735, 19.209742, 301.0], [11.417859, 20.049685, 317.0], [12.449426, 20.930307, 350.0], [13.845233, 21.017557, 383.0], [14.540733, 20.736364, 400.0], [15.192915, 20.03378, 416.0], [15.84249, 18.963087, 433.0], [16.404491, 17.508158, 450.0], [16.82138, 15.785212, 466.0], [17.053726, 14.1497345, 483.0], [17.193281, 12.88859, 499.0], [17.191334, 11.740352, 532.0], [17.00222, 11.598524, 549.0], [16.490484, 11.553799, 565.0], [15.83107, 11.6485405, 582.0], [14.996346, 12.02256, 598.0], [14.208794, 12.766939, 615.0], [13.407592, 13.663169, 632.0], [12.76454, 14.678939, 648.0], [12.199301, 15.66894, 665.0], [11.874818, 16.794012, 681.0]"}