{"Image number":38904,"Image shape":3,"Path":"[6.9417634, 11.087772, 0.0], [7.3162613, 10.478889, 85.0], [7.876206, 9.638521, 101.0], [8.762958, 8.846176, 118.0], [9.704061, 8.282371, 134.0], [10.671183, 8.01012, 151.0], [11.608395, 7.681722, 167.0], [12.355508, 7.5427995, 184.0], [13.004188, 7.4504886, 200.0], [13.464945, 7.4513245, 217.0], [14.164443, 7.544961, 250.0], [14.4898815, 7.7314477, 267.0], [14.769592, 8.058419, 283.0], [14.956976, 8.575461, 300.0], [15.048719, 9.226198, 317.0], [15.048253, 10.074058, 333.0], [15.001487, 11.044864, 349.0], [14.765455, 11.844813, 366.0], [14.39223, 12.540112, 383.0], [13.973888, 13.143174, 399.0], [13.321369, 13.654366, 417.0], [12.668627, 13.980077, 432.0], [12.156869, 14.118928, 449.0], [11.925, 14.212105, 465.0], [11.693, 14.211389, 498.0], [11.787952, 14.023505, 531.0], [12.490081, 13.557003, 565.0], [13.795202, 13.137367, 598.0], [14.542714, 12.950881, 614.0], [15.889064, 12.812754, 647.0], [16.544653, 12.859773, 664.0], [17.105051, 12.90657, 680.0], [17.988379, 13.328377, 713.0], [18.35769, 13.606528, 730.0], [18.682806, 13.838856, 747.0], [18.868698, 14.118367, 763.0], [18.961933, 14.445202, 780.0], [19.008745, 14.867926, 796.0], [19.054996, 15.377891, 813.0], [19.054909, 16.037416, 829.0], [19.054909, 16.685196, 846.0], [19.007595, 17.345142, 862.0], [18.914219, 17.994164, 879.0], [18.774725, 18.690262, 895.0], [18.586744, 19.536434, 912.0], [18.308105, 20.322664, 929.0], [17.934076, 21.164001, 945.0], [17.237562, 22.604048, 978.0], [16.816195, 23.868805, 1011.0], [16.396692, 24.424942, 1028.0], [15.929528, 24.93856, 1044.0]"}