{"Image number":38647,"Image shape":9,"Path":"[21.570715, 11.647226, 0.0], [21.66441, 11.1768875, 69.0], [21.56965, 10.4737015, 85.0], [21.056686, 8.565803, 118.0], [20.727932, 7.767512, 135.0], [20.168491, 7.213661, 151.0], [19.563526, 6.84287, 168.0], [18.76573, 6.656494, 184.0], [17.880362, 6.611626, 201.0], [16.853067, 6.706492, 217.0], [14.335346, 7.2684884, 250.0], [13.065818, 7.7405744, 267.0], [11.915253, 8.296045, 284.0], [10.887413, 8.999659, 300.0], [9.9621, 9.648086, 317.0], [9.260807, 10.352248, 333.0], [8.7083025, 10.999018, 350.0], [8.47772, 11.745212, 366.0], [8.43228, 12.444784, 383.0], [8.432612, 13.18841, 399.0], [8.479797, 13.988418, 416.0], [8.760091, 14.868382, 432.0], [9.229326, 15.947189, 449.0], [9.738722, 16.7782, 466.0], [10.210889, 17.3919, 482.0], [10.811736, 17.615921, 499.0], [11.518213, 17.709404, 515.0], [12.593736, 17.660713, 532.0], [13.573279, 17.471846, 548.0], [14.881734, 16.859575, 565.0], [17.488817, 14.989206, 598.0], [18.598644, 14.016474, 615.0], [19.578098, 12.893747, 631.0], [20.363108, 12.062889, 648.0], [21.062399, 11.363332, 664.0], [21.478563, 10.853413, 681.0], [21.710875, 10.527769, 697.0], [21.94367, 10.388454, 730.0], [21.756084, 10.482688, 796.0], [21.191578, 11.047582, 813.0], [20.397453, 11.889378, 830.0], [19.517141, 13.050676, 846.0], [17.590612, 15.828012, 879.0], [16.57194, 17.402895, 896.0], [15.4066725, 18.891808, 912.0], [14.432607, 20.286417, 929.0], [13.54595, 21.547194, 945.0], [12.9475355, 22.657595, 962.0], [12.389504, 23.540648, 978.0], [12.063175, 24.289286, 995.0], [11.972636, 24.939434, 1012.0]"}