{"Image number":10460,"Image shape":4,"Path":"[14.233334, 5.9888887, 0.0], [14.116667, 6.2222223, 22.0], [13.644778, 7.349221, 39.0], [12.94378, 9.019106, 56.0], [12.463889, 10.266666, 73.0], [11.6185665, 12.510969, 89.0], [11.055499, 14.146831, 106.0], [10.643404, 15.162846, 123.0], [10.404111, 15.756391, 139.0], [10.363889, 16.002777, 156.0], [11.098484, 16.009697, 206.0], [12.170338, 16.172218, 223.0], [13.552266, 16.231422, 240.0], [14.977343, 16.102203, 256.0], [16.130552, 15.795279, 273.0], [16.897223, 15.4777775, 290.0], [17.213411, 15.033086, 306.0], [17.49883, 14.600763, 323.0], [17.56169, 14.128715, 340.0], [17.577778, 13.733467, 356.0], [17.6295, 13.158842, 373.0], [17.68417, 12.547202, 390.0], [17.783894, 12.0419235, 407.0], [17.88889, 11.569445, 423.0], [17.95813, 11.220879, 440.0], [18.013378, 10.927555, 457.0], [17.596556, 11.968188, 507.0], [16.535265, 13.858318, 523.0], [15.269764, 16.360474, 540.0], [14.465729, 18.126554, 557.0], [13.953168, 19.841646, 573.0], [13.66122, 21.08839, 590.0], [13.572223, 21.952778, 607.0], [13.533333, 22.767561, 623.0], [13.585915, 23.367281, 640.0], [13.747222, 23.547222, 674.0]"}