{"Image number":38898,"Image shape":4,"Path":"[8.618968, 8.989822, 0.0], [8.665557, 9.222927, 34.0], [8.712455, 10.067677, 51.0], [8.805359, 11.461267, 68.0], [8.899029, 13.101707, 84.0], [8.945575, 14.646944, 101.0], [8.945091, 16.032269, 117.0], [8.992047, 17.345276, 134.0], [8.99168, 18.416494, 150.0], [9.17819, 19.853542, 183.0], [9.364776, 20.272997, 200.0], [9.552336, 20.46021, 216.0], [9.830854, 20.552055, 233.0], [10.203405, 20.505192, 250.0], [10.858259, 20.317896, 266.0], [11.741157, 19.945484, 282.0], [12.861196, 19.43175, 299.0], [14.070834, 19.013035, 316.0], [15.334665, 18.73211, 332.0], [16.496721, 18.64006, 349.0], [17.612585, 18.593697, 365.0], [18.68406, 18.593775, 382.0], [19.616196, 18.593775, 398.0], [20.36054, 18.593775, 415.0], [21.476921, 18.593775, 448.0], [21.849972, 18.640364, 465.0], [21.050789, 18.640396, 564.0], [20.30674, 18.687397, 580.0], [19.514673, 18.687017, 597.0], [19.05407, 18.687017, 613.0], [18.772877, 18.545904, 630.0], [18.587784, 18.030926, 647.0], [18.447474, 17.042828, 663.0], [18.355604, 15.462173, 680.0], [18.356073, 13.58926, 696.0], [18.356073, 11.686794, 713.0], [18.356073, 9.914583, 729.0], [18.309454, 8.522758, 746.0], [18.309483, 7.6373587, 762.0], [18.262749, 7.1701326, 779.0], [18.169716, 8.299596, 845.0], [18.216492, 10.162793, 862.0], [18.35709, 12.550357, 878.0], [18.54363, 15.207581, 895.0], [18.636055, 17.673233, 911.0], [18.729692, 19.873877, 928.0], [18.777777, 21.715496, 944.0], [18.775373, 22.751995, 961.0]"}