{"Image number":30783,"Image shape":9,"Path":"[21.708738, 9.782362, 0.0], [21.483519, 9.595863, 93.0], [21.320389, 9.319897, 147.0], [21.15459, 9.18379, 164.0], [20.99255, 9.026881, 182.0], [20.738613, 8.772789, 200.0], [20.469343, 8.54932, 218.0], [20.249273, 8.327436, 236.0], [19.8306, 8.018127, 253.0], [19.616863, 7.861473, 271.0], [19.428846, 7.695379, 289.0], [19.233492, 7.561271, 307.0], [19.036968, 7.4793725, 324.0], [18.802776, 7.375355, 342.0], [18.460285, 7.271793, 360.0], [18.061855, 7.205346, 378.0], [17.748459, 7.1788406, 395.0], [17.487553, 7.101123, 413.0], [17.117985, 7.101123, 431.0], [16.687809, 7.1788406, 449.0], [16.16211, 7.245996, 466.0], [15.64105, 7.2565565, 484.0], [15.200259, 7.415834, 502.0], [14.80891, 7.589063, 520.0], [14.304199, 7.719625, 537.0], [13.620445, 8.055725, 555.0], [13.046993, 8.374712, 573.0], [12.586389, 8.532233, 591.0], [12.322281, 8.75362, 609.0], [12.062205, 8.981807, 626.0], [11.66196, 9.224589, 644.0], [11.157488, 9.551511, 662.0], [10.561087, 9.952097, 680.0], [10.058759, 10.3371935, 697.0], [9.650237, 10.695788, 715.0], [9.255904, 11.017038, 733.0], [8.8644705, 11.404311, 751.0], [8.47096, 11.747074, 768.0], [8.078712, 12.074318, 786.0], [7.8197203, 12.423317, 804.0], [7.558693, 12.76299, 822.0], [7.3354115, 13.132988, 839.0], [7.2066793, 13.418357, 857.0], [7.075579, 13.691827, 875.0], [7.0258274, 13.91457, 893.0], [6.999752, 14.174372, 910.0], [6.9902916, 14.379283, 928.0], [7.0780334, 14.664873, 946.0], [7.2719464, 14.921503, 964.0], [7.590722, 15.124505, 982.0], [7.873066, 15.314485, 999.0], [8.349333, 15.483414, 1017.0], [8.9126215, 15.727716, 1035.0], [9.520886, 15.862968, 1053.0], [9.95507, 16.031292, 1070.0], [10.332932, 16.138912, 1088.0], [10.842642, 16.155159, 1106.0], [11.516079, 16.118093, 1124.0], [12.191917, 15.950682, 1141.0], [12.963497, 15.768421, 1159.0], [13.746025, 15.495085, 1177.0], [14.395034, 15.261353, 1195.0], [14.893394, 15.011503, 1212.0], [15.430817, 14.709053, 1230.0], [16.081987, 14.423798, 1248.0], [16.626772, 14.097132, 1266.0], [17.148117, 13.811127, 1283.0], [17.60525, 13.510888, 1301.0], [18.061848, 13.193794, 1319.0], [18.517294, 12.907135, 1337.0], [19.015812, 12.617449, 1355.0], [19.472586, 12.406659, 1372.0], [19.84969, 12.169644, 1390.0], [20.093912, 12.014253, 1408.0], [20.355263, 11.797252, 1426.0], [20.521603, 11.53634, 1443.0], [20.72638, 11.309337, 1461.0], [20.922493, 11.090381, 1479.0], [21.069052, 10.927597, 1497.0], [21.24272, 10.729662, 1532.0], [21.15549, 11.079042, 1728.0], [20.9628, 11.383642, 1745.0], [20.707067, 11.808357, 1763.0], [20.269554, 12.187026, 1781.0], [19.842503, 12.725539, 1799.0], [19.4911, 13.111853, 1816.0], [19.230274, 13.521746, 1834.0], [18.937685, 13.905113, 1852.0], [18.737865, 14.348239, 1870.0], [18.318247, 14.739394, 1887.0], [17.91859, 15.204253, 1905.0], [17.61837, 15.568736, 1923.0], [17.349848, 15.904594, 1941.0], [17.08974, 16.268784, 1958.0], [16.85572, 16.554447, 1976.0], [16.711977, 16.828705, 1994.0], [16.464296, 17.245352, 2012.0], [16.24054, 17.70603, 2030.0], [15.979414, 18.217003, 2047.0], [15.638527, 18.65886, 2065.0], [15.297046, 19.15316, 2083.0], [14.887662, 19.767607, 2101.0], [14.54192, 20.226128, 2118.0], [14.285948, 20.651299, 2136.0], [13.912543, 21.155067, 2154.0], [13.556389, 21.598341, 2171.0], [13.10193, 22.079279, 2189.0], [12.7220955, 22.52046, 2207.0], [12.350866, 23.085629, 2225.0], [12.026138, 23.506895, 2243.0], [11.639158, 23.959518, 2260.0], [11.293272, 24.419498, 2278.0], [10.891973, 24.688877, 2296.0], [10.550138, 24.972837, 2314.0], [10.286148, 25.153471, 2332.0], [10.099039, 25.400887, 2349.0], [9.88862, 25.612083, 2385.0]"}