{"Image number":36771,"Image shape":9,"Path":"[15.327787, 7.078354, 0.0], [14.480367, 7.54986, 52.0], [13.41051, 8.2954645, 69.0], [12.142205, 9.377731, 85.0], [11.172644, 10.444635, 102.0], [10.427683, 11.613516, 119.0], [10.058054, 12.829582, 135.0], [10.110001, 14.123318, 151.0], [10.720356, 15.387064, 168.0], [11.661464, 16.323559, 185.0], [12.778342, 16.82811, 201.0], [14.136325, 16.869478, 220.0], [15.626239, 16.30224, 234.0], [16.932081, 15.315085, 251.0], [17.806665, 14.057787, 267.0], [18.311462, 12.761089, 284.0], [18.543728, 11.312819, 300.0], [18.589685, 9.902174, 317.0], [18.448294, 8.88956, 333.0], [18.167576, 8.191902, 350.0], [17.746336, 7.6794395, 367.0], [17.283062, 7.169986, 383.0], [16.90922, 6.7960343, 400.0], [16.67769, 6.611199, 416.0], [16.445496, 7.269953, 466.0], [16.539814, 8.251386, 482.0], [16.819235, 9.458634, 499.0], [17.102055, 10.874106, 516.0], [17.381002, 12.364145, 532.0], [17.471952, 13.949859, 549.0], [17.423956, 15.575226, 565.0], [17.139858, 17.366053, 582.0], [16.62362, 19.089136, 598.0], [16.066523, 20.380997, 615.0], [15.362908, 21.692192, 631.0], [14.812952, 22.60712, 648.0], [14.200717, 23.407444, 664.0]"}