{"Image number":10357,"Image shape":7,"Path":"[6.0277777, 10.811111, 0.0], [6.1941895, 10.811111, 59.0], [6.404011, 10.880299, 75.0], [6.873406, 10.981743, 92.0], [7.673143, 11.028183, 109.0], [8.623175, 11.044444, 125.0], [9.783076, 10.991547, 142.0], [10.961673, 10.915231, 159.0], [12.220744, 10.813452, 176.0], [13.671981, 10.647037, 192.0], [15.107437, 10.455268, 209.0], [16.472153, 10.146237, 226.0], [17.577778, 9.838889, 243.0], [18.516848, 9.613355, 259.0], [19.340263, 9.447502, 276.0], [19.864626, 9.388538, 293.0], [20.340845, 9.293955, 309.0], [20.879087, 9.186406, 326.0], [21.268452, 9.081498, 343.0], [21.661467, 9.016616, 360.0], [21.972221, 8.963889, 376.0], [22.15887, 8.983334, 393.0], [22.383698, 9.00592, 427.0], [22.349226, 9.291209, 460.0], [21.994972, 9.717812, 476.0], [21.578756, 10.287542, 493.0], [21.038889, 10.986111, 510.0], [20.33807, 11.906609, 527.0], [19.62728, 12.970852, 543.0], [18.958332, 14.0, 560.0], [18.385944, 15.102513, 577.0], [17.783863, 16.154137, 594.0], [17.29925, 17.2015, 610.0], [16.903229, 18.156775, 627.0], [16.571411, 19.15799, 644.0], [16.27337, 19.847122, 660.0], [15.998212, 20.60056, 677.0], [15.847221, 21.058334, 694.0], [15.608238, 21.552296, 710.0], [15.287965, 22.145212, 727.0], [14.968255, 22.731348, 744.0], [14.726111, 23.245415, 761.0], [14.586479, 23.623093, 777.0], [14.39448, 24.061039, 794.0], [14.263252, 24.45362, 811.0], [14.155556, 24.88889, 828.0], [14.047813, 25.173225, 844.0], [13.942508, 25.440948, 861.0], [13.85717, 25.60233, 877.0]"}