{"Image number":38230,"Image shape":9,"Path":"[14.582361, 6.845248, 0.0], [14.0174465, 6.7980423, 53.0], [13.175453, 6.7043586, 69.0], [12.099534, 6.6581717, 86.0], [11.17056, 6.611602, 102.0], [10.521297, 6.8008633, 119.0], [10.006065, 7.1317086, 135.0], [9.501378, 8.814467, 168.0], [9.457478, 10.0646, 185.0], [9.64579, 11.3334675, 201.0], [10.490957, 13.292319, 234.0], [11.184256, 13.981175, 251.0], [11.936414, 14.497737, 268.0], [12.633831, 14.726957, 284.0], [13.937056, 14.34778, 317.0], [14.495541, 13.643985, 334.0], [14.865888, 12.803768, 350.0], [15.142363, 11.220649, 383.0], [15.141432, 10.665681, 400.0], [15.141432, 10.196959, 416.0], [15.0945015, 9.77931, 433.0], [15.048073, 9.407971, 450.0], [14.886064, 9.153869, 499.0], [15.517927, 11.052167, 632.0], [16.170734, 12.730692, 648.0], [16.865547, 14.631857, 665.0], [17.520857, 16.1306, 681.0], [18.12802, 17.767782, 698.0], [18.6378, 19.346497, 714.0], [18.915798, 20.975296, 731.0], [19.056263, 22.524866, 747.0], [19.10175, 23.916164, 764.0], [19.054907, 25.027517, 783.0], [18.91384, 25.921534, 797.0], [18.492313, 26.524466, 814.0], [17.888235, 26.799997, 830.0], [17.094687, 26.892748, 847.0], [16.210619, 26.752102, 863.0], [15.222598, 26.138962, 880.0]"}