{"Image number":39319,"Image shape":9,"Path":"[19.101498, 9.875623, 0.0], [19.101498, 9.642517, 85.0], [18.96001, 8.981785, 102.0], [18.680302, 8.285761, 119.0], [18.11821, 7.679099, 135.0], [17.460648, 7.2109017, 152.0], [16.67629, 7.0311265, 168.0], [15.978861, 6.891635, 185.0], [15.08083, 6.8918695, 201.0], [14.3362875, 7.2239656, 218.0], [13.369624, 7.685109, 234.0], [12.611237, 8.587326, 251.0], [11.915158, 9.612965, 267.0], [11.692606, 10.580141, 284.0], [11.553873, 11.50872, 300.0], [11.601204, 12.214774, 317.0], [11.741637, 12.81798, 334.0], [12.020032, 13.279073, 350.0], [12.444904, 13.562453, 367.0], [13.002118, 13.840313, 383.0], [14.2178335, 13.932291, 416.0], [14.823152, 13.789987, 433.0], [15.47111, 13.463673, 449.0], [16.22014, 12.900621, 466.0], [16.958883, 12.206229, 482.0], [18.078838, 10.571027, 516.0], [18.358305, 9.964024, 532.0], [18.54222, 9.596318, 565.0], [18.355902, 10.015914, 664.0], [18.214361, 10.72453, 681.0], [18.029284, 11.463411, 698.0], [17.796154, 12.349773, 714.0], [17.562372, 13.238756, 731.0], [17.375858, 14.31525, 747.0], [17.143845, 15.521535, 764.0], [16.81674, 16.82976, 780.0], [16.48917, 18.046747, 797.0], [16.115206, 19.16702, 813.0], [15.884561, 20.188995, 830.0], [15.698895, 21.025295, 846.0], [15.559631, 21.769882, 863.0], [15.279262, 22.936644, 896.0], [15.09248, 23.354448, 913.0], [14.95413, 23.63075, 929.0], [14.813574, 23.864855, 946.0], [14.533821, 24.23754, 982.0], [14.301233, 24.516254, 1012.0], [14.068286, 24.607903, 1045.0], [13.651117, 24.747585, 1128.0], [13.461422, 24.795086, 1144.0], [12.994906, 24.8882, 1177.0], [12.763175, 24.887629, 1194.0], [12.483472, 24.887629, 1210.0], [12.251178, 24.887629, 1227.0], [11.835222, 24.887629, 1260.0], [11.644445, 24.840305, 1277.0], [11.410732, 24.79367, 1293.0]"}