{"Image number":36125,"Image shape":6,"Path":"[19.381031, 5.5398564, 0.0], [18.91514, 5.8662043, 36.0], [17.702328, 6.9864964, 53.0], [16.101055, 8.730504, 69.0], [14.434049, 10.959312, 86.0], [12.996685, 13.28163, 102.0], [11.821481, 15.822725, 119.0], [11.176176, 18.052124, 135.0], [11.04121, 19.857576, 152.0], [11.558431, 21.912107, 185.0], [12.349071, 22.325043, 201.0], [13.479578, 22.323467, 218.0], [14.637989, 21.994585, 235.0], [15.756451, 21.38597, 251.0], [16.594734, 20.589937, 268.0], [17.100067, 19.522224, 284.0], [17.285606, 18.400803, 301.0], [17.237492, 17.136536, 317.0], [16.113714, 15.230248, 350.0], [14.950774, 14.722328, 367.0], [12.347483, 14.444494, 400.0], [11.271898, 14.7716465, 417.0], [10.387288, 15.284869, 433.0], [9.868366, 15.757622, 450.0]"}