{"Image number":38188,"Image shape":4,"Path":"[12.905158, 9.502654, 0.0], [12.530471, 9.971828, 52.0], [11.920945, 10.76907, 68.0], [11.075116, 11.897772, 85.0], [10.043043, 12.973733, 101.0], [9.157161, 14.050193, 118.0], [8.61226, 14.874154, 134.0], [8.429937, 15.526148, 151.0], [8.385808, 15.938315, 167.0], [8.433447, 16.221111, 184.0], [8.761772, 16.40432, 201.0], [10.164649, 16.776926, 234.0], [10.997599, 16.96261, 250.0], [13.254903, 17.055277, 283.0], [14.536403, 17.148567, 300.0], [15.850193, 17.28945, 316.0], [17.193699, 17.428493, 333.0], [18.544304, 17.568306, 349.0], [20.788136, 17.708384, 383.0], [21.573448, 17.754755, 399.0], [22.135508, 17.754595, 416.0], [22.405407, 17.754595, 449.0], [22.129072, 17.614376, 482.0], [21.659054, 17.473417, 498.0], [21.01052, 17.381464, 515.0], [20.312157, 17.241632, 531.0], [19.60693, 17.194672, 548.0], [18.82117, 17.101803, 564.0], [18.115786, 16.960566, 581.0], [17.46759, 16.727753, 598.0], [16.951933, 16.540092, 614.0], [16.488995, 16.260607, 631.0], [16.259048, 15.88892, 647.0], [16.165358, 15.371253, 664.0], [16.21357, 14.574308, 680.0], [16.307144, 13.594936, 697.0], [16.494398, 12.663459, 713.0], [16.680864, 12.060327, 730.0], [16.725979, 11.7839575, 747.0], [16.772045, 12.398622, 813.0], [16.819187, 15.2574835, 846.0], [16.818634, 17.107054, 865.0], [16.818634, 18.78522, 879.0], [16.865692, 20.004602, 896.0], [16.865225, 20.797354, 912.0], [16.865225, 21.177895, 929.0]"}