{"Image number":35936,"Image shape":0,"Path":"[16.865225, 6.9851117, 0.0], [16.5391, 7.078354, 36.0], [15.493134, 7.554124, 52.0], [13.871483, 8.577807, 69.0], [11.956305, 10.122479, 85.0], [10.321629, 11.761615, 102.0], [8.941403, 13.376513, 119.0], [7.865564, 14.969132, 135.0], [7.2645674, 16.504257, 152.0], [7.127297, 18.090275, 168.0], [8.070528, 20.991394, 201.0], [9.371822, 22.00296, 218.0], [11.14746, 22.56058, 234.0], [13.0466385, 22.603235, 251.0], [14.969757, 22.133398, 267.0], [16.882965, 21.148848, 284.0], [18.669832, 19.589697, 300.0], [20.09726, 17.732136, 317.0], [21.061876, 15.64884, 334.0], [21.571995, 13.693672, 350.0], [21.47652, 12.00188, 367.0], [20.962597, 10.755384, 383.0], [19.982048, 9.82458, 400.0], [18.534338, 9.219532, 416.0], [16.646309, 8.938313, 433.0], [14.628027, 9.036486, 449.0], [12.577437, 9.476355, 466.0], [11.35196, 9.847488, 482.0]"}