{"Image number":30432,"Image shape":7,"Path":"[7.184467, 11.686429, 0.0], [7.4375315, 11.686429, 92.0], [8.032343, 11.648162, 110.0], [8.8107195, 11.583209, 128.0], [10.120453, 11.4652815, 146.0], [11.395899, 11.374654, 164.0], [12.585766, 11.28342, 181.0], [14.0316515, 10.9377165, 199.0], [14.78207, 10.549993, 217.0], [15.77961, 10.168035, 235.0], [16.671522, 9.765173, 252.0], [17.2727, 9.412636, 270.0], [17.693298, 9.119112, 288.0], [18.084599, 8.8580885, 306.0], [18.267849, 8.761754, 323.0], [18.52324, 8.616607, 359.0], [18.378325, 8.927898, 483.0], [17.921604, 9.525167, 501.0], [17.428295, 10.273284, 519.0], [17.020403, 11.043291, 536.0], [16.743267, 11.900662, 554.0], [16.468864, 12.749175, 572.0], [16.170805, 13.648203, 590.0], [15.805711, 14.601142, 608.0], [15.441744, 15.446976, 625.0], [15.063237, 16.242332, 643.0], [14.7096, 17.145803, 661.0], [14.460296, 18.004982, 679.0], [14.187344, 18.947754, 696.0], [13.971884, 19.809624, 714.0], [13.912462, 20.5672, 732.0], [13.79281, 21.268682, 750.0], [13.704373, 21.828957, 767.0], [13.639145, 22.41637, 785.0], [13.518019, 22.941574, 803.0], [13.431369, 23.504786, 821.0], [13.327349, 23.962801, 838.0], [13.262556, 24.293917, 856.0], [13.2359495, 24.575695, 874.0], [13.203884, 24.731651, 892.0], [13.156799, 24.945444, 927.0], [13.3154335, 24.490723, 998.0], [13.444701, 23.716745, 1016.0], [13.569288, 22.7973, 1034.0], [13.858784, 21.581661, 1052.0], [14.1562805, 20.265661, 1069.0], [14.613281, 19.034826, 1087.0], [15.068499, 17.863321, 1105.0], [15.380581, 17.014591, 1123.0], [15.627629, 16.381485, 1140.0], [15.692625, 16.028666, 1158.0], [15.756001, 15.760704, 1176.0], [15.805826, 15.488537, 1211.0], [15.476845, 15.455708, 1265.0], [15.114475, 15.634487, 1282.0], [14.725746, 15.764143, 1300.0], [14.331512, 15.94073, 1318.0], [14.00563, 16.064915, 1336.0], [13.783254, 16.175379, 1354.0], [13.615555, 16.28726, 1371.0], [13.376187, 16.310593, 1407.0], [13.994435, 16.163496, 1478.0], [14.472519, 16.080673, 1496.0], [15.077243, 15.975484, 1513.0], [15.833725, 15.909968, 1531.0], [16.502485, 15.766838, 1549.0], [16.970875, 15.688859, 1562.0]"}