{"Image number":36581,"Image shape":6,"Path":"[16.259565, 5.1202664, 0.0], [15.886856, 5.353372, 36.0], [14.850929, 6.2957735, 53.0], [13.303375, 7.8926506, 69.0], [11.778495, 9.839861, 86.0], [10.606267, 11.814035, 102.0], [9.965265, 13.759544, 119.0], [9.686879, 15.728738, 135.0], [9.879268, 17.403212, 152.0], [10.345793, 18.789356, 168.0], [11.237968, 19.77038, 185.0], [12.401967, 20.32322, 201.0], [13.806667, 20.601753, 218.0], [15.353858, 20.598486, 235.0], [16.893864, 20.408525, 251.0], [18.294521, 20.03059, 268.0], [19.545033, 19.32624, 284.0], [20.566662, 18.57856, 301.0], [21.160576, 17.363287, 317.0], [21.245914, 16.15228, 334.0], [20.959183, 14.97946, 350.0], [20.40249, 14.347168, 367.0], [19.606493, 13.880635, 383.0], [18.623793, 13.743488, 400.0], [17.506834, 13.651049, 417.0], [16.33471, 13.888652, 433.0], [15.17417, 14.545496, 450.0], [14.063788, 15.756494, 466.0], [13.175707, 17.11562, 483.0], [12.617428, 18.379124, 499.0], [12.283216, 19.290703, 516.0], [12.201759, 19.833324, 532.0]"}