{"Image number":40047,"Image shape":9,"Path":"[16.758558, 14.945022, 0.0], [16.290453, 14.919108, 62.0], [15.958553, 14.919108, 79.0], [15.451208, 15.024801, 95.0], [14.923025, 15.16719, 111.0], [14.40656, 15.261177, 128.0], [13.9095545, 15.316416, 145.0], [13.5067005, 15.28565, 162.0], [13.069313, 15.245533, 179.0], [12.389154, 15.025768, 195.0], [11.765753, 14.733265, 212.0], [11.115793, 14.261238, 228.0], [10.606146, 13.686198, 245.0], [10.216648, 13.092203, 262.0], [10.058876, 12.326, 279.0], [10.049953, 11.634497, 295.0], [10.387306, 11.005148, 311.0], [11.053309, 10.172525, 327.0], [12.15092, 9.263423, 345.0], [13.387845, 8.684214, 362.0], [14.608754, 8.321787, 379.0], [15.719582, 8.127601, 395.0], [16.800694, 7.9564295, 412.0], [17.556576, 7.951368, 428.0], [18.274294, 8.015963, 444.0], [18.809906, 8.137804, 461.0], [19.098307, 8.311348, 478.0], [19.178062, 8.524713, 495.0], [19.152126, 9.195455, 511.0], [18.787096, 10.466231, 528.0], [18.032763, 12.175543, 545.0], [17.302498, 13.727137, 561.0], [16.804253, 14.882051, 578.0], [16.436312, 15.844065, 595.0], [16.106918, 16.56353, 612.0], [15.854952, 17.026525, 629.0], [15.624902, 17.405277, 645.0], [15.337263, 17.907024, 661.0], [15.047325, 18.435257, 679.0], [14.841797, 18.935572, 695.0], [14.6543455, 19.489822, 712.0], [14.463569, 20.096647, 729.0], [14.323632, 20.715616, 745.0], [14.200928, 21.273314, 762.0], [14.104874, 21.802004, 778.0], [14.090656, 22.24064, 795.0], [14.1424885, 22.641119, 811.0], [14.27931, 23.007347, 828.0], [14.439701, 23.33938, 845.0], [14.5745125, 23.51375, 862.0]"}