{"Image number":36374,"Image shape":2,"Path":"[13.930115, 4.8871613, 0.0], [14.681534, 4.792996, 52.0], [15.563596, 4.793919, 69.0], [17.287855, 5.3552465, 102.0], [17.751966, 6.1953464, 118.0], [17.750416, 7.3193054, 135.0], [17.376026, 8.810055, 151.0], [16.44124, 10.677552, 168.0], [15.226433, 12.733358, 184.0], [13.734213, 15.018578, 201.0], [12.237927, 17.028805, 217.0], [10.93778, 18.747707, 234.0], [9.912438, 19.817455, 251.0], [9.4104595, 20.412619, 267.0], [9.270402, 20.693354, 284.0], [9.598154, 20.87868, 300.0], [10.256754, 21.019613, 317.0], [12.9157095, 21.018076, 350.0], [14.7447605, 20.923672, 366.0], [16.742813, 20.579601, 383.0], [18.056671, 20.303581, 400.0]"}