{"Image number":35530,"Image shape":3,"Path":"[13.044924, 6.145932, 0.0], [13.660091, 6.0518255, 53.0], [14.450668, 6.0055933, 70.0], [15.470314, 6.146308, 86.0], [16.318045, 6.476907, 103.0], [17.110725, 6.945882, 119.0], [17.614462, 7.5021086, 136.0], [17.892935, 8.20415, 152.0], [17.937263, 9.092443, 169.0], [17.606274, 10.169731, 185.0], [16.951826, 11.144263, 202.0], [15.916199, 12.224722, 218.0], [14.813403, 13.047291, 235.0], [13.732494, 13.658307, 251.0], [12.944267, 13.887241, 268.0], [12.573282, 13.88504, 285.0], [12.67519, 13.555714, 318.0], [13.1391735, 13.3717785, 334.0], [13.933987, 13.325358, 351.0], [14.772232, 13.466038, 367.0], [15.564774, 13.793465, 384.0], [16.21491, 14.399669, 400.0], [16.726831, 15.192557, 417.0], [17.055933, 16.040813, 433.0], [17.23888, 16.873049, 450.0], [17.331116, 17.754606, 467.0], [17.190022, 18.554672, 483.0], [16.818357, 19.386961, 500.0], [16.065706, 20.186874, 516.0], [15.046776, 20.972595, 533.0], [13.692602, 21.719915, 549.0], [12.200016, 22.185574, 566.0], [10.664286, 22.464167, 582.0], [9.2159605, 22.41643, 599.0], [8.150365, 22.089535, 615.0]"}