{"Image number":19,"Image shape":9,"Path":"[15.583875, 13.763145, 0.0], [15.434497, 13.78805, 60.0], [15.262207, 13.868392, 72.0], [14.924089, 14.049, 103.0], [14.697731, 14.163882, 118.0], [14.406429, 14.233194, 127.0], [14.131527, 14.278453, 141.0], [13.858934, 14.323899, 155.0], [13.529025, 14.309486, 169.0], [13.244997, 14.24592, 183.0], [12.9331875, 14.114898, 198.0], [12.671027, 13.933136, 213.0], [12.434075, 13.6567, 225.0], [12.221154, 13.367202, 240.0], [12.080059, 13.012371, 252.0], [11.946542, 12.608896, 268.0], [11.829165, 12.175032, 282.0], [11.797139, 11.75289, 296.0], [11.797139, 11.382698, 310.0], [11.797139, 11.026772, 323.0], [11.9276, 10.659145, 337.0], [12.0906515, 10.298531, 350.0], [12.308434, 9.97302, 365.0], [12.534308, 9.656691, 378.0], [12.796254, 9.377263, 393.0], [13.0487, 9.087439, 408.0], [13.320175, 8.85126, 421.0], [13.634437, 8.669994, 435.0], [13.951887, 8.488532, 449.0], [14.269959, 8.368712, 462.0], [14.620165, 8.267566, 476.0], [14.982621, 8.176923, 490.0], [15.341179, 8.087254, 506.0], [15.700124, 8.117617, 519.0], [16.031471, 8.117617, 534.0], [16.391298, 8.1593895, 547.0], [16.702604, 8.204641, 560.0], [17.031538, 8.308946, 574.0], [17.333527, 8.399143, 588.0], [17.610094, 8.530079, 602.0], [17.87991, 8.665032, 616.0], [18.130377, 8.858831, 630.0], [18.296103, 9.009588, 644.0], [18.566471, 9.375105, 672.0], [18.56957, 9.725323, 710.0], [18.434769, 10.396763, 728.0], [18.351639, 10.683552, 741.0], [18.1599, 11.031565, 755.0], [17.9887, 11.392253, 769.0], [17.763233, 11.7538, 783.0], [17.595234, 12.106602, 798.0], [17.34913, 12.474859, 811.0], [17.088549, 12.871253, 824.0], [16.860064, 13.279112, 838.0], [16.585619, 13.68053, 852.0], [16.347933, 14.091806, 866.0], [16.077185, 14.531152, 881.0], [15.815124, 15.00843, 895.0], [15.532757, 15.526272, 908.0], [15.264099, 15.996007, 923.0], [15.025293, 16.478474, 937.0], [14.759005, 16.975628, 951.0], [14.537894, 17.470966, 965.0], [14.27467, 18.028084, 979.0], [14.079119, 18.570267, 993.0], [13.858548, 19.114511, 1007.0], [13.634111, 19.653334, 1021.0], [13.443916, 20.181145, 1035.0], [13.217555, 20.711754, 1049.0], [12.992134, 21.207836, 1063.0], [12.76593, 21.752214, 1077.0], [12.520947, 22.220581, 1091.0], [12.249665, 22.672863, 1105.0], [11.979287, 23.160048, 1118.0], [11.659665, 23.616837, 1132.0], [11.295333, 24.00721, 1146.0], [10.903434, 24.418442, 1161.0], [10.497176, 24.789612, 1174.0], [10.088375, 25.15311, 1189.0], [9.686878, 25.457678, 1203.0], [9.425814, 25.75085, 1216.0], [9.248375, 25.928349, 1231.0]"}