{"Image number":36454,"Image shape":5,"Path":"[20.685524, 8.243883, 0.0], [19.979443, 7.9151187, 52.0], [19.08811, 7.6809053, 69.0], [17.919731, 7.54252, 85.0], [15.779662, 7.2157774, 118.0], [14.859095, 7.0779343, 135.0], [14.02328, 6.9851108, 152.0], [13.367659, 7.031975, 168.0], [12.80766, 7.219659, 185.0], [12.344522, 7.7327757, 201.0], [11.922345, 8.484894, 218.0], [11.596218, 9.374869, 234.0], [11.4139385, 10.390495, 251.0], [11.27373, 11.560754, 267.0], [11.180772, 12.726928, 284.0], [11.134468, 13.845802, 301.0], [11.08795, 14.681851, 317.0], [11.181882, 15.287048, 333.0], [11.369704, 15.56638, 350.0], [11.694855, 15.656932, 367.0], [12.162437, 15.656643, 383.0], [12.768657, 15.656643, 400.0], [13.424223, 15.609551, 416.0], [14.174225, 15.562704, 433.0], [15.008481, 15.516401, 449.0], [15.794235, 15.563434, 466.0], [16.587967, 15.797177, 482.0], [17.289572, 16.172167, 499.0], [17.940298, 16.731953, 515.0], [18.502007, 17.294556, 532.0], [18.918045, 17.9456, 549.0], [19.14934, 18.691036, 565.0], [19.148087, 19.537895, 582.0], [18.911854, 20.4245, 598.0], [18.398499, 21.398996, 615.0], [17.696407, 22.28625, 631.0], [16.908546, 22.932232, 648.0], [15.879849, 23.305061, 664.0], [14.716669, 23.396193, 681.0], [13.551513, 23.255184, 697.0], [12.431147, 22.97413, 714.0], [11.554747, 22.58277, 731.0], [11.110236, 22.357807, 747.0]"}