{"Image number":36907,"Image shape":4,"Path":"[12.2995, 8.9432, 0.0], [12.019966, 9.176307, 36.0], [11.317267, 10.067004, 52.0], [10.380754, 11.520695, 69.0], [9.781344, 13.239035, 86.0], [9.68938, 14.695221, 102.0], [10.06511, 15.849016, 119.0], [10.720623, 16.547964, 135.0], [11.653154, 16.870861, 152.0], [12.634308, 16.727688, 168.0], [13.470523, 16.400131, 185.0], [14.5810795, 15.7041645, 218.0], [14.863324, 15.468969, 234.0], [15.050251, 15.281675, 251.0], [12.2995, 8.476988, 0.0], [11.925623, 9.318501, 53.0], [11.412604, 10.4388, 65.0], [10.617603, 11.888896, 81.0], [9.968073, 13.189679, 98.0], [9.501081, 14.218166, 114.0], [9.316671, 14.868048, 131.0], [9.224626, 15.517136, 164.0], [9.598349, 15.750225, 197.0], [10.111039, 15.890083, 214.0], [10.723, 15.984151, 230.0], [11.5153055, 16.030075, 247.0], [12.354323, 15.935456, 263.0], [13.378165, 15.701648, 280.0], [14.259954, 15.281914, 296.0], [15.102077, 14.578322, 313.0], [15.802927, 13.639594, 329.0], [16.35359, 12.344568, 346.0], [16.823673, 10.932786, 362.0], [17.285341, 9.546831, 379.0], [17.705786, 8.565653, 395.0], [17.983572, 8.05701, 412.0], [17.794596, 8.200275, 445.0], [17.421343, 8.855121, 462.0], [16.910074, 10.019437, 478.0], [16.302456, 11.751007, 495.0], [14.952656, 16.177546, 528.0], [14.388517, 18.437263, 545.0], [14.065933, 20.389095, 561.0], [13.835119, 21.962872, 577.0], [13.787764, 23.229914, 594.0], [13.74145, 23.896635, 611.0]"}