{"Image number":36787,"Image shape":5,"Path":"[24.13311, 8.989822, 0.0], [23.061563, 8.9432, 40.0], [19.548779, 8.661655, 69.0], [18.307243, 8.429952, 86.0], [17.370962, 8.148617, 102.0], [16.442183, 7.8697906, 119.0], [15.746466, 7.684263, 135.0], [14.625853, 7.825327, 168.0], [14.069134, 8.431179, 185.0], [13.413248, 9.369063, 201.0], [12.901014, 10.678734, 218.0], [12.391731, 11.975987, 234.0], [12.019408, 13.140846, 251.0], [11.83189, 14.033081, 267.0], [11.833611, 14.5434, 284.0], [12.022359, 14.773834, 300.0], [12.493217, 14.534053, 317.0], [13.283769, 14.115021, 333.0], [14.125692, 13.458274, 350.0], [14.918895, 13.040344, 367.0], [15.662276, 12.9515705, 383.0], [16.408588, 13.235818, 400.0], [17.11028, 13.89635, 416.0], [17.525066, 14.691958, 433.0], [17.705757, 15.855207, 449.0], [17.703827, 16.935614, 466.0], [17.561625, 18.196104, 482.0], [17.137262, 19.455458, 499.0], [16.537495, 20.648323, 515.0], [15.596979, 21.682156, 532.0], [14.616939, 22.425869, 549.0], [12.094698, 23.494675, 582.0], [10.748592, 23.536081, 598.0], [9.482891, 23.108932, 615.0], [8.379017, 22.318499, 631.0], [7.540643, 21.242514, 648.0], [7.0761456, 18.948706, 681.0], [7.1304893, 18.278477, 697.0]"}