{"Image number":30422,"Image shape":4,"Path":"[19.184465, 14.523103, 0.0], [18.845388, 14.59734, 78.0], [18.457167, 14.662642, 95.0], [18.03224, 14.72821, 113.0], [17.566286, 14.756254, 131.0], [16.635567, 14.795112, 149.0], [15.86387, 14.795112, 167.0], [15.116668, 14.795112, 184.0], [14.224282, 14.795112, 202.0], [13.553038, 14.898814, 220.0], [12.98679, 14.8728285, 238.0], [12.43382, 14.8728285, 255.0], [11.617698, 14.8728285, 273.0], [10.847031, 14.8728285, 291.0], [10.087578, 14.8728285, 309.0], [9.434857, 14.8728285, 326.0], [9.025433, 14.8728285, 344.0], [8.736631, 14.8728285, 362.0], [8.478566, 14.8728285, 380.0], [8.27965, 14.795112, 415.0], [8.175509, 14.61799, 486.0], [8.2871895, 14.329285, 504.0], [9.022768, 13.650175, 522.0], [9.804369, 12.950788, 539.0], [10.409215, 12.345574, 557.0], [11.068614, 11.8335705, 575.0], [11.821998, 11.310803, 593.0], [12.540559, 10.689552, 610.0], [13.484614, 10.11321, 628.0], [14.222952, 9.6126, 646.0], [14.8235035, 9.156582, 664.0], [15.182056, 8.775416, 681.0], [15.506325, 8.385576, 699.0], [15.727875, 8.0988655, 717.0], [15.962753, 7.837844, 735.0], [16.092001, 7.6696634, 753.0], [16.31275, 7.407849, 788.0], [16.427185, 7.6060486, 930.0], [16.38178, 7.9500175, 948.0], [16.355196, 8.487725, 966.0], [16.31068, 9.289192, 984.0], [16.263847, 10.166409, 1001.0], [16.198385, 11.30394, 1019.0], [16.11283, 12.397723, 1037.0], [16.029236, 13.666029, 1055.0], [16.0, 14.74963, 1072.0], [15.961164, 15.754726, 1090.0], [15.961164, 16.844221, 1108.0], [15.961164, 17.797909, 1126.0], [15.986103, 18.70839, 1143.0], [16.0, 19.592148, 1161.0], [16.038956, 20.23651, 1179.0], [16.065195, 20.730812, 1197.0], [16.077671, 21.187746, 1214.0], [16.117857, 21.643692, 1232.0], [16.15534, 22.16646, 1250.0], [16.20925, 22.687489, 1268.0], [16.235884, 22.969784, 1285.0]"}