{"Image number":37710,"Image shape":8,"Path":"[15.374375, 4.9337826, 0.0], [14.9045315, 5.3093886, 53.0], [14.252487, 5.775644, 69.0], [13.450556, 6.6266284, 86.0], [12.808233, 7.5499225, 102.0], [12.295552, 8.531152, 119.0], [11.831668, 9.36629, 135.0], [11.505722, 10.112764, 152.0], [11.319623, 10.860704, 169.0], [11.273922, 11.421573, 185.0], [11.227608, 11.883796, 202.0], [11.227953, 12.161252, 218.0], [11.274831, 12.441519, 235.0], [11.4150715, 12.81428, 268.0], [11.742182, 12.953055, 301.0], [11.929047, 13.046989, 317.0], [12.488633, 13.233137, 351.0], [12.817296, 13.374488, 369.0], [13.184899, 13.558798, 384.0], [13.557561, 13.838537, 400.0], [14.02813, 14.121051, 417.0], [14.492933, 14.494117, 433.0], [14.958589, 15.007816, 450.0], [15.374781, 15.517278, 466.0], [15.793957, 16.16991, 483.0], [16.167187, 16.823568, 499.0], [16.448048, 17.526804, 516.0], [16.587208, 18.369787, 533.0], [16.679794, 19.161104, 549.0], [16.678867, 20.046581, 566.0], [16.584135, 20.844837, 582.0], [16.304716, 21.675093, 599.0], [15.738311, 22.523125, 615.0], [14.951352, 23.212557, 632.0], [13.974684, 23.676443, 648.0], [12.847552, 23.910881, 665.0], [11.821139, 23.861399, 681.0], [10.889434, 23.436792, 698.0], [10.196305, 22.59516, 715.0], [9.731693, 21.518452, 731.0], [9.503666, 20.362913, 748.0], [9.456809, 19.322962, 764.0], [9.646956, 18.439508, 781.0], [9.972213, 17.796888, 797.0], [10.532348, 17.19164, 814.0], [11.185861, 16.678772, 830.0], [11.881394, 15.981796, 847.0], [12.5864105, 15.276295, 863.0], [13.281483, 14.580741, 880.0], [13.884164, 13.884306, 897.0], [14.443021, 13.278504, 913.0], [14.8172035, 12.810383, 930.0], [15.145345, 12.482489, 946.0], [15.376102, 12.251572, 963.0], [15.657972, 12.064107, 979.0], [15.934619, 11.83273, 996.0], [16.166931, 11.60006, 1012.0], [16.401382, 11.506542, 1029.0], [16.726088, 11.227003, 1062.0], [16.819197, 10.993127, 1079.0], [16.912916, 10.758666, 1095.0], [17.005873, 10.431988, 1112.0], [17.09854, 9.779782, 1145.0], [17.144964, 9.407768, 1161.0], [17.144758, 9.07938, 1178.0], [17.144758, 8.753764, 1194.0], [17.144758, 8.472721, 1211.0], [17.144758, 8.147395, 1227.0], [17.144758, 7.77359, 1244.0], [17.097635, 7.541895, 1261.0], [17.09817, 7.2617726, 1277.0], [17.004074, 6.935278, 1294.0], [16.957605, 6.5591645, 1310.0], [16.816545, 6.139656, 1327.0]"}