{"Image number":10266,"Image shape":1,"Path":"[15.594444, 3.5777779, 0.0], [15.594444, 3.9278727, 49.0], [15.505195, 4.323666, 65.0], [15.341666, 4.977778, 82.0], [15.069754, 6.153083, 99.0], [14.787768, 7.533381, 116.0], [14.507372, 9.126181, 132.0], [14.297693, 10.762901, 149.0], [14.042656, 12.266285, 166.0], [13.734523, 13.950204, 182.0], [13.416107, 15.428537, 199.0], [13.163889, 16.644445, 216.0], [13.1064825, 17.995354, 233.0], [13.105556, 19.03835, 249.0], [13.105556, 19.843035, 266.0], [13.105556, 20.510357, 283.0], [12.991249, 21.008831, 299.0], [12.957514, 21.867033, 316.0], [12.95, 22.638685, 333.0], [12.911111, 23.103136, 349.0], [12.911111, 23.578396, 366.0], [12.857536, 24.048834, 383.0], [12.638889, 24.383333, 399.0]"}