{"Image number":38226,"Image shape":1,"Path":"[15.374375, 7.218218, 0.0], [15.374375, 7.544566, 35.0], [15.374375, 8.617363, 51.0], [15.374375, 10.439548, 68.0], [15.140475, 14.653461, 101.0], [15.001068, 18.807648, 134.0], [14.906216, 20.547256, 151.0], [14.425464, 24.008595, 184.0], [14.245604, 25.042063, 200.0]"}