{"Image number":30841,"Image shape":7,"Path":"[9.902913, 14.367668, 0.0], [9.975904, 14.066163, 57.0], [10.155341, 13.823647, 75.0], [10.406742, 13.307932, 93.0], [10.639732, 12.932341, 110.0], [10.936527, 12.299186, 128.0], [11.286577, 11.54714, 146.0], [11.727228, 10.794537, 164.0], [12.175737, 10.157524, 181.0], [12.555813, 9.731373, 199.0], [12.787529, 9.41909, 217.0], [13.018021, 9.1236315, 235.0], [13.266703, 8.864616, 252.0], [13.52613, 8.602139, 270.0], [13.899643, 8.408732, 288.0], [14.112971, 8.155022, 306.0], [14.471164, 7.976435, 324.0], [14.736846, 7.8851113, 341.0], [14.952234, 7.839434, 359.0], [15.12987, 7.792881, 377.0], [15.359609, 7.8005757, 394.0], [15.604583, 7.8224773, 412.0], [15.980804, 7.936656, 430.0], [16.373472, 8.140379, 448.0], [16.72342, 8.423221, 466.0], [17.115486, 8.850186, 483.0], [17.351154, 9.189392, 501.0], [17.615078, 9.54464, 519.0], [17.82459, 9.884894, 537.0], [17.943604, 10.293097, 554.0], [18.00544, 10.708767, 572.0], [18.07404, 11.175258, 590.0], [18.019417, 11.866591, 608.0], [17.795776, 12.644514, 625.0], [17.524693, 13.538124, 643.0], [17.266216, 14.335994, 661.0], [17.004093, 15.053437, 679.0], [16.802454, 15.762751, 696.0], [16.605593, 16.446163, 714.0], [16.480663, 17.162613, 732.0], [16.408272, 17.93659, 750.0], [16.211433, 18.82058, 767.0], [16.049234, 19.517479, 785.0], [15.859678, 20.133404, 803.0], [15.661411, 20.698359, 821.0], [15.4661045, 21.183903, 838.0], [15.296153, 21.570957, 856.0], [15.113218, 22.02076, 874.0], [14.95599, 22.403822, 892.0], [14.834952, 22.702824, 910.0], [14.691793, 23.060934, 927.0], [14.601769, 23.344852, 945.0], [14.601943, 23.567463, 963.0]"}