{"Image number":37767,"Image shape":4,"Path":"[10.715474, 7.078354, 0.0], [10.479448, 7.787689, 52.0], [10.247396, 8.67179, 68.0], [9.9186, 9.846374, 84.0], [9.643582, 10.995962, 101.0], [9.363786, 12.302756, 118.0], [11.227953, 18.547155, 0.0], [12.118484, 18.547155, 53.0], [13.052342, 18.547155, 70.0], [14.269604, 18.547155, 86.0], [15.144581, 18.45358, 103.0], [16.081995, 18.31273, 120.0], [16.871351, 18.126123, 136.0], [17.665438, 17.986254, 153.0], [18.408184, 17.89377, 169.0], [19.11139, 17.847178, 186.0], [19.80857, 17.611984, 202.0], [20.504265, 17.286003, 219.0], [21.15464, 16.96042, 235.0], [21.808022, 16.774303, 252.0], [22.319351, 16.681725, 268.0], [22.69106, 16.588514, 285.0], [22.922092, 16.448906, 318.0], [22.50061, 16.449203, 368.0], [21.846102, 16.402285, 384.0], [20.870028, 16.44929, 401.0], [19.741661, 16.731953, 417.0], [18.67193, 17.058401, 434.0], [17.793266, 17.476643, 450.0], [16.994116, 17.711176, 467.0], [16.439264, 17.89668, 484.0], [15.973373, 17.89446, 500.0], [15.698949, 17.84758, 517.0], [15.606143, 17.564575, 533.0], [15.607322, 16.913214, 550.0], [15.7944, 15.885767, 566.0], [16.217567, 14.664332, 583.0], [16.868353, 13.365945, 599.0], [17.57266, 12.050753, 616.0], [18.264582, 10.851739, 632.0], [18.872778, 9.915737, 649.0], [19.43221, 9.123179, 666.0], [19.990747, 8.519209, 682.0], [20.3632, 8.052646, 699.0], [20.500504, 7.8220673, 715.0], [20.45142, 8.24775, 765.0], [20.169577, 9.046272, 781.0], [19.659155, 10.205177, 798.0], [19.095469, 11.380066, 814.0], [18.488987, 12.640512, 831.0], [17.886759, 14.032809, 848.0], [17.22884, 15.490318, 864.0], [16.57614, 17.031185, 881.0], [16.067566, 18.564102, 897.0], [15.647846, 19.918716, 914.0], [15.371845, 21.028198, 930.0], [15.041737, 21.969131, 947.0], [14.7183895, 22.657837, 963.0], [14.3922825, 23.309967, 980.0], [14.159977, 23.774899, 996.0], [14.0203705, 24.197086, 1013.0], [13.92861, 24.425186, 1030.0], [13.883098, 24.654953, 1063.0], [10.156405, 5.912827, 0.0], [9.969645, 6.66052, 53.0], [9.782944, 7.7353673, 69.0], [9.548242, 9.144732, 86.0], [9.21911, 10.504566, 102.0], [8.896649, 11.888278, 119.0], [8.613824, 13.304704, 135.0], [8.524422, 14.461604, 152.0], [8.478669, 15.246095, 169.0], [8.572487, 15.750481, 185.0], [8.806479, 16.171558, 201.0], [9.185636, 16.502478, 218.0], [9.601305, 16.778196, 235.0], [10.259669, 17.012259, 251.0], [11.045453, 17.242897, 268.0], [12.079965, 17.430689, 284.0], [13.207694, 17.523407, 301.0], [14.461121, 17.568798, 317.0], [15.717941, 17.568111, 334.0], [16.965403, 17.568111, 350.0], [18.178902, 17.568111, 367.0], [19.294155, 17.474342, 384.0], [20.275656, 17.33366, 400.0], [21.108904, 17.100763, 417.0], [21.761726, 16.914083, 433.0], [22.130642, 16.775229, 450.0], [22.363295, 16.634556, 483.0], [22.362728, 16.35389, 516.0], [22.31597, 16.02843, 532.0], [22.222546, 15.60815, 549.0], [22.128668, 15.091053, 566.0], [22.03541, 14.57778, 582.0], [21.989443, 14.065218, 599.0], [21.942942, 13.74179, 615.0], [21.943426, 13.511587, 648.0], [21.896463, 13.699306, 731.0], [21.616358, 13.979229, 764.0], [21.053156, 14.54282, 781.0], [20.398458, 14.962172, 797.0], [19.232407, 15.75472, 830.0], [18.722496, 16.174625, 847.0], [18.210732, 16.546501, 863.0], [17.745766, 16.96622, 880.0], [17.372528, 17.292917, 896.0], [17.095459, 17.570824, 913.0], [16.86331, 17.66212, 930.0], [16.678867, 17.000244, 1029.0], [16.678867, 16.209253, 1045.0], [16.678867, 15.141995, 1062.0], [16.772512, 14.113031, 1078.0], [17.006094, 13.0876255, 1095.0], [17.426712, 12.201568, 1112.0], [17.847555, 11.265451, 1128.0], [18.636396, 9.734067, 1161.0], [19.011526, 9.077446, 1178.0], [19.431747, 8.612263, 1194.0], [19.84948, 8.288511, 1211.0], [20.127192, 8.150271, 1228.0], [19.55986, 9.423896, 1327.0], [18.719841, 10.9172, 1343.0], [17.73299, 12.799352, 1360.0], [16.907448, 14.21891, 1376.0], [16.210323, 15.615335, 1393.0], [15.554048, 16.881693, 1409.0], [14.999636, 18.272497, 1426.0], [14.482396, 19.495632, 1442.0], [13.970742, 20.65867, 1459.0], [13.55371, 21.632776, 1475.0], [13.274935, 22.51925, 1492.0], [12.995047, 23.123156, 1509.0], [12.809497, 23.493963, 1525.0], [12.575415, 23.725725, 1542.0], [12.146044, 23.960688, 1575.0]"}