{"Image number":37624,"Image shape":1,"Path":"[15.374375, 7.824293, 0.0], [15.327169, 8.577635, 53.0], [15.233551, 9.560373, 70.0], [15.044867, 10.735979, 87.0], [14.765847, 11.9394045, 103.0], [14.438228, 13.155336, 120.0], [13.881549, 15.479662, 153.0], [13.647586, 16.603458, 169.0], [13.463326, 17.525993, 186.0], [13.229929, 18.41243, 202.0], [12.947825, 19.163692, 219.0], [12.667579, 19.911533, 235.0], [12.435607, 20.562119, 252.0], [12.298031, 21.211426, 269.0], [12.204983, 21.772062, 285.0], [12.112245, 22.375942, 302.0], [12.113144, 22.97785, 318.0], [12.066377, 23.49096, 335.0], [11.973153, 23.909594, 351.0], [11.926582, 24.236378, 368.0], [11.879616, 24.56303, 401.0], [11.781288, 24.759241, 417.0], [11.738071, 24.992683, 434.0]"}