{"Image number":35967,"Image shape":8,"Path":"[21.24459, 7.824293, 0.0], [20.820148, 7.6365223, 69.0], [20.071112, 7.496303, 86.0], [18.807573, 7.4979453, 102.0], [17.231737, 7.6383557, 119.0], [15.416557, 8.0116825, 136.0], [12.194804, 9.649954, 169.0], [11.174928, 10.721537, 185.0], [10.61938, 11.933273, 202.0], [10.388056, 13.098961, 218.0], [10.577862, 14.224329, 235.0], [11.043631, 15.241532, 251.0], [11.985071, 16.18118, 268.0], [13.205868, 16.881018, 285.0], [14.4521265, 17.291565, 301.0], [15.657613, 17.662495, 318.0], [16.546677, 18.037516, 334.0], [17.14856, 18.50346, 351.0], [17.471846, 18.968119, 367.0], [17.376434, 19.533829, 384.0], [16.813786, 20.231583, 400.0], [15.783285, 21.120298, 417.0], [14.346388, 21.95226, 433.0], [12.567323, 22.60751, 450.0], [10.845076, 22.97836, 466.0], [9.198421, 23.118275, 483.0], [8.243106, 23.069252, 500.0], [7.7757144, 22.786884, 516.0], [8.154888, 22.086966, 533.0], [9.09314, 20.961512, 549.0], [10.679203, 19.516783, 566.0], [12.592365, 18.023912, 582.0], [14.691322, 16.531214, 599.0], [16.829044, 14.996476, 615.0], [19.023651, 13.501626, 632.0], [21.067806, 12.060067, 648.0], [22.788515, 10.756515, 665.0], [23.862326, 9.539378, 682.0], [24.366873, 8.521974, 698.0], [24.366055, 7.635224, 715.0], [23.899141, 6.983675, 731.0], [22.868225, 6.6565413, 748.0], [21.277819, 6.6587644, 764.0], [19.23376, 7.148964, 781.0], [17.872177, 7.6127334, 797.0]"}