{"Image number":148,"Image shape":7,"Path":"[10.449936, 11.832738, 0.0], [10.658523, 11.660506, 81.0], [10.79286, 11.489702, 109.0], [10.974754, 11.219832, 137.0], [11.06469, 11.039902, 151.0], [11.155553, 10.814787, 166.0], [11.229797, 10.596968, 183.0], [11.3232, 10.280096, 197.0], [11.425242, 9.966019, 207.0], [11.560258, 9.599369, 222.0], [11.695912, 9.237505, 234.0], [11.8922825, 8.874258, 249.0], [12.104098, 8.515038, 263.0], [12.331921, 8.150404, 277.0], [12.606801, 7.790453, 296.0], [12.877525, 7.473952, 313.0], [13.147867, 7.1725817, 322.0], [13.422196, 6.892681, 336.0], [13.738935, 6.57584, 348.0], [14.003086, 6.391548, 360.0], [14.305234, 6.210458, 376.0], [14.542988, 6.0689206, 391.0], [14.815468, 5.9820743, 404.0], [15.069128, 5.911397, 416.0], [15.266026, 5.8660474, 430.0], [15.484983, 5.8978972, 444.0], [15.663532, 5.895828, 459.0], [15.843872, 5.9907265, 474.0], [16.162086, 6.1668167, 511.0], [16.321978, 6.276577, 515.0], [16.758757, 6.561173, 542.0], [16.929472, 6.6959224, 556.0], [17.201723, 6.967861, 585.0], [17.337912, 7.1304812, 598.0], [17.438261, 7.311173, 612.0], [17.528118, 7.5346017, 626.0], [17.61835, 7.7078857, 640.0], [17.684021, 7.888741, 657.0], [17.69571, 8.1017475, 679.0], [17.73212, 8.328725, 689.0], [17.73212, 8.556875, 700.0], [17.73212, 8.7852, 711.0], [17.69901, 9.011664, 724.0], [17.69571, 9.28061, 737.0], [17.644882, 9.500935, 751.0], [17.563374, 9.881995, 766.0], [17.51805, 10.1673355, 779.0], [17.473372, 10.47578, 798.0], [17.415327, 10.805684, 817.0], [17.346064, 11.148697, 827.0], [17.300758, 11.496791, 836.0], [17.215473, 11.860328, 849.0], [17.125006, 12.2223015, 863.0], [17.070278, 12.529124, 876.0], [16.980654, 12.87275, 891.0], [16.889389, 13.198866, 905.0], [16.800327, 13.557871, 919.0], [16.672997, 13.901854, 945.0], [16.452585, 14.614618, 960.0], [16.318031, 14.973536, 974.0], [16.239271, 15.2746935, 988.0], [16.110945, 15.596503, 1005.0], [16.020086, 15.91461, 1018.0], [15.885446, 16.13776, 1032.0], [15.785151, 16.384228, 1046.0], [15.702638, 16.565994, 1059.0], [15.575933, 16.846487, 1087.0], [15.474642, 16.993622, 1115.0], [15.401819, 17.244326, 1143.0], [15.268093, 17.515354, 1171.0], [15.189985, 17.683537, 1186.0], [15.009851, 18.057861, 1216.0], [14.860295, 18.306713, 1228.0], [14.724538, 18.578316, 1243.0], [14.548342, 18.89039, 1255.0], [14.366906, 19.208008, 1270.0], [14.22227, 19.583174, 1282.0], [14.072009, 19.91442, 1296.0], [13.896606, 20.271137, 1309.0], [13.715709, 20.681383, 1323.0], [13.572136, 21.065983, 1338.0], [13.420573, 21.427809, 1352.0], [13.208364, 21.828423, 1366.0], [13.028655, 22.189722, 1380.0], [12.812262, 22.530495, 1394.0], [12.631056, 22.875906, 1408.0], [12.486822, 23.127338, 1422.0], [12.397234, 23.353153, 1436.0], [12.440608, 23.20041, 1492.0], [12.62891, 22.807356, 1505.0], [12.846539, 22.393429, 1519.0], [13.096916, 21.871037, 1533.0], [13.369184, 21.28277, 1547.0], [13.741754, 20.648392, 1561.0], [14.104577, 19.98879, 1575.0], [14.499306, 19.343988, 1590.0], [14.90768, 18.666334, 1604.0], [15.263102, 18.141699, 1619.0], [15.565271, 17.69483, 1632.0], [15.819701, 17.29022, 1646.0], [16.044565, 16.93032, 1660.0], [16.218567, 16.622156, 1676.0], [16.26158, 16.442024, 1688.0], [16.275682, 16.291214, 1702.0], [16.141819, 16.057243, 1729.0], [15.950474, 16.094202, 1744.0], [15.665292, 16.124195, 1758.0], [15.3459015, 16.248257, 1772.0], [14.936483, 16.382917, 1786.0], [14.488852, 16.538877, 1800.0], [13.990591, 16.691122, 1814.0], [13.413889, 16.865772, 1829.0], [12.880132, 17.09061, 1842.0], [12.234069, 17.25973, 1856.0], [11.590448, 17.480106, 1869.0], [10.958008, 17.624321, 1883.0], [10.381672, 17.757391, 1896.0], [9.837678, 17.841375, 1911.0], [9.384103, 17.895472, 1925.0], [8.967342, 17.950624, 1940.0], [8.691693, 17.996012, 1954.0], [8.490896, 18.00461, 1968.0], [8.303932, 18.02461, 1996.0], [8.543407, 18.02461, 2022.0], [8.978196, 17.940258, 2037.0], [9.497548, 17.849516, 2051.0], [10.694394, 17.728424, 2070.0], [11.545261, 17.61429, 2086.0], [12.937482, 17.36323, 2099.0], [13.766236, 17.2333, 2112.0], [15.089927, 16.980562, 2122.0], [16.297098, 16.757986, 2135.0], [17.358236, 16.437225, 2149.0], [18.002682, 16.257042, 2163.0], [18.241873, 16.185259, 2177.0]"}