{"Image number":15017,"Image shape":0,"Path":"[17.5, 8.733796, 0.0], [18.567963, 8.840612, 86.0], [19.135677, 9.090879, 102.0], [19.713217, 9.4265585, 120.0], [20.250872, 9.890821, 136.0], [20.657032, 10.274273, 153.0], [21.077526, 10.64993, 170.0], [21.381817, 10.910866, 186.0], [21.546892, 11.083343, 204.0], [21.718895, 11.254801, 220.0], [21.918133, 11.4354725, 253.0], [22.13941, 11.683027, 286.0], [22.27946, 11.935381, 303.0], [22.368792, 12.193747, 320.0], [22.483604, 12.392148, 336.0], [22.534037, 12.583984, 353.0], [22.566654, 12.748568, 370.0], [22.585938, 12.929002, 386.0], [22.585938, 13.071971, 403.0], [22.585938, 13.295235, 419.0], [22.585938, 13.509497, 436.0], [22.543446, 13.805437, 453.0], [22.478207, 14.072254, 469.0], [22.394966, 14.322916, 486.0], [22.337973, 14.473233, 502.0], [22.254414, 14.725043, 520.0], [22.134716, 14.931802, 536.0], [21.993294, 15.183218, 552.0], [21.863663, 15.390753, 569.0], [21.676407, 15.621851, 586.0], [21.468323, 15.894124, 603.0], [21.19991, 16.230282, 619.0], [20.90128, 16.593643, 636.0], [20.596586, 16.892471, 653.0], [20.287062, 17.194265, 669.0], [19.972916, 17.500187, 686.0], [19.626616, 17.78097, 703.0], [19.252106, 18.162481, 720.0], [18.915806, 18.492023, 736.0], [18.566736, 18.757174, 753.0], [18.236607, 18.959328, 771.0], [17.949772, 19.157015, 786.0], [17.630642, 19.315895, 803.0], [17.313292, 19.47518, 820.0], [17.03283, 19.624338, 836.0], [16.778608, 19.724554, 854.0], [16.508904, 19.86813, 870.0], [16.210232, 19.974323, 886.0], [15.900391, 20.133102, 903.0], [15.626953, 20.230324, 920.0], [15.2950535, 20.332714, 936.0], [14.9559, 20.433207, 953.0], [14.565158, 20.540878, 970.0], [14.170988, 20.64176, 988.0], [13.798037, 20.743422, 1003.0], [13.409867, 20.789352, 1020.0], [13.069636, 20.886745, 1036.0], [12.614824, 20.908108, 1053.0], [12.220946, 20.935184, 1069.0], [11.824232, 20.935184, 1085.0], [11.429841, 20.85197, 1102.0], [11.056592, 20.708485, 1119.0], [10.693773, 20.575275, 1137.0], [10.346118, 20.4077, 1154.0], [10.025195, 20.30839, 1169.0], [9.7345, 20.108885, 1186.0], [9.403298, 19.887423, 1203.0], [9.096052, 19.632084, 1220.0], [8.801013, 19.36599, 1237.0], [8.605915, 19.123478, 1254.0], [8.4030905, 18.811512, 1270.0], [8.230226, 18.504198, 1286.0], [8.105188, 18.156416, 1303.0], [8.01556, 17.754166, 1320.0], [7.984375, 17.368525, 1336.0], [7.9570312, 16.935629, 1352.0], [7.9570312, 16.38327, 1369.0], [8.0460415, 15.805191, 1387.0], [8.155807, 15.415929, 1403.0], [8.319652, 14.853807, 1419.0], [8.558726, 14.299475, 1437.0], [8.818359, 13.813658, 1453.0], [9.318909, 13.08373, 1470.0], [9.911919, 12.279177, 1487.0], [10.627989, 11.4312725, 1503.0], [11.328698, 10.6979, 1520.0], [12.106657, 9.954963, 1536.0], [13.13112, 9.205833, 1553.0], [14.182314, 8.641962, 1570.0], [15.188093, 8.085898, 1587.0], [15.904062, 7.6474533, 1603.0], [16.491344, 7.2337103, 1620.0], [17.080624, 6.76423, 1636.0], [17.537457, 6.4066467, 1653.0], [18.021194, 6.0048585, 1670.0], [18.523209, 5.635213, 1687.0], [18.963633, 5.3214083, 1703.0], [19.449808, 5.015521, 1719.0], [19.849766, 4.7849426, 1736.0], [20.269741, 4.564691, 1753.0], [20.6736, 4.413476, 1770.0], [21.123047, 4.334491, 1787.0]"}