{"Image number":537,"Image shape":5,"Path":"[24.35891, 8.4089985, 0.0], [24.26503, 8.221184, 109.0], [23.981312, 8.1415615, 135.0], [23.832329, 8.131621, 149.0], [23.619225, 8.117617, 162.0], [23.353718, 8.117617, 177.0], [23.041456, 8.117617, 191.0], [22.732517, 8.117617, 205.0], [22.340296, 8.117617, 219.0], [21.93422, 8.117617, 232.0], [21.530401, 8.164897, 246.0], [21.06609, 8.2102585, 261.0], [20.588861, 8.255168, 274.0], [20.08721, 8.300787, 288.0], [19.639336, 8.3456955, 302.0], [19.147923, 8.427633, 317.0], [18.667065, 8.500535, 331.0], [18.206863, 8.627116, 345.0], [17.760748, 8.716507, 357.0], [17.325203, 8.803645, 372.0], [16.875225, 8.925402, 386.0], [16.504814, 9.025519, 400.0], [16.099192, 9.072084, 414.0], [15.814826, 9.165106, 429.0], [15.5066185, 9.198898, 442.0], [15.269297, 9.244098, 456.0], [14.999431, 9.289528, 470.0], [14.838255, 9.333025, 483.0], [14.651784, 9.379658, 498.0], [14.503803, 9.457086, 512.0], [14.232667, 9.55158, 539.0], [13.991993, 9.61095, 567.0], [13.836151, 9.647373, 612.0], [13.718591, 9.882572, 762.0], [13.539161, 10.162996, 791.0], [13.439673, 10.365717, 804.0], [13.304756, 10.5503845, 818.0], [13.171132, 10.780381, 832.0], [13.034423, 11.032815, 846.0], [12.898019, 11.305713, 860.0], [12.763029, 11.533618, 874.0], [12.730989, 11.701973, 888.0], [12.671001, 11.92624, 902.0], [12.671001, 12.106639, 916.0], [12.7688465, 12.343783, 944.0], [13.083656, 12.549052, 972.0], [13.303785, 12.600378, 986.0], [13.53002, 12.645639, 1003.0], [13.830563, 12.63404, 1015.0], [14.11875, 12.63404, 1029.0], [14.428014, 12.63404, 1042.0], [14.786547, 12.588048, 1056.0], [15.092328, 12.597617, 1070.0], [15.444094, 12.561194, 1084.0], [15.7685, 12.561194, 1099.0], [16.082735, 12.561194, 1112.0], [16.396042, 12.561194, 1126.0], [16.625256, 12.650077, 1140.0], [16.886976, 12.740743, 1154.0], [17.068842, 12.830423, 1168.0], [17.29918, 12.919734, 1184.0], [17.610773, 13.171293, 1212.0], [17.885958, 13.44354, 1239.0], [17.961662, 13.639617, 1255.0], [18.020037, 13.822509, 1266.0], [18.10604, 14.001308, 1282.0], [18.154549, 14.30239, 1309.0], [18.16905, 14.503151, 1322.0], [18.129328, 14.726701, 1336.0], [18.083279, 14.957023, 1350.0], [18.017147, 15.181075, 1366.0], [17.925896, 15.409283, 1381.0], [17.797768, 15.671482, 1395.0], [17.700695, 15.891634, 1413.0], [17.545523, 16.13744, 1427.0], [17.361177, 16.385023, 1441.0], [17.18016, 16.612816, 1454.0], [16.989853, 16.87313, 1467.0], [16.763319, 17.118734, 1479.0], [16.54184, 17.384596, 1493.0], [16.348898, 17.623466, 1505.0], [16.126726, 17.84581, 1520.0], [15.859278, 18.113344, 1534.0], [15.6332, 18.339493, 1550.0], [15.387954, 18.584824, 1561.0], [15.148057, 18.824797, 1574.0], [14.861891, 19.05746, 1589.0], [14.656994, 19.279594, 1601.0], [14.397097, 19.539577, 1616.0], [14.12557, 19.76839, 1630.0], [13.85228, 19.996204, 1643.0], [13.54596, 20.173004, 1657.0], [13.242556, 20.341152, 1671.0], [12.968691, 20.438519, 1685.0], [12.652825, 20.576792, 1699.0], [12.411349, 20.656242, 1715.0], [12.154545, 20.71494, 1729.0], [11.924166, 20.76004, 1747.0], [11.685257, 20.817905, 1761.0], [11.415211, 20.865585, 1776.0], [11.175626, 20.89523, 1791.0], [10.905159, 20.902008, 1808.0], [10.636564, 20.902008, 1821.0], [10.094059, 20.873028, 1845.0], [9.81968, 20.863707, 1863.0], [9.409211, 20.79274, 1886.0], [9.248374, 20.738106, 1910.0], [23.9948, 8.226885, 0.0], [23.722277, 8.117617, 115.0], [23.535099, 8.161632, 143.0], [23.284786, 8.154039, 171.0], [22.95476, 8.190462, 184.0], [22.678724, 8.233836, 199.0], [22.410084, 8.278624, 212.0], [22.058193, 8.359771, 227.0], [21.726257, 8.405376, 240.0], [21.32482, 8.492601, 254.0], [20.978884, 8.580458, 268.0], [20.516157, 8.708787, 282.0], [20.108871, 8.830584, 296.0], [19.699945, 8.926649, 312.0], [19.351746, 9.014692, 326.0], [18.948483, 9.106436, 341.0], [18.591871, 9.195618, 354.0], [18.225794, 9.287166, 371.0], [17.883165, 9.327998, 382.0], [17.568272, 9.428837, 395.0], [17.213957, 9.457205, 410.0], [16.928143, 9.502171, 422.0], [16.611742, 9.547316, 436.0], [16.34873, 9.5927, 450.0], [16.116158, 9.601124, 464.0], [15.843122, 9.61095, 478.0], [15.617785, 9.655157, 496.0], [15.392164, 9.647373, 509.0], [15.165385, 9.683796, 521.0], [14.945389, 9.683796, 534.0], [14.756491, 9.683796, 548.0], [14.57878, 9.683796, 563.0], [14.420467, 9.720219, 576.0], [14.219847, 9.785227, 590.0], [14.03574, 9.834208, 604.0], [13.854695, 9.929481, 618.0], [13.674575, 9.960952, 632.0], [13.494108, 10.036986, 646.0], [13.313274, 10.0877285, 659.0], [13.044802, 10.251188, 688.0], [12.850453, 10.451277, 715.0], [12.671001, 10.630787, 743.0], [12.578876, 10.815098, 757.0], [12.525272, 10.995361, 771.0], [12.438401, 11.168984, 785.0], [12.397921, 11.413877, 799.0], [12.308436, 11.682407, 827.0], [12.306891, 11.860662, 842.0], [12.367916, 12.174381, 869.0], [12.445584, 12.332228, 883.0], [12.536084, 12.509807, 897.0], [12.726205, 12.639033, 911.0], [12.932535, 12.78968, 925.0], [13.220749, 12.879618, 940.0], [13.539726, 12.970783, 954.0], [13.89748, 13.0104885, 969.0], [14.261673, 13.056027, 982.0], [14.655432, 13.071113, 995.0], [15.060501, 13.071113, 1009.0], [15.371353, 13.118792, 1023.0], [15.704969, 13.127724, 1037.0], [15.996096, 13.143958, 1051.0], [16.246086, 13.181744, 1065.0], [16.509485, 13.180381, 1081.0], [16.730818, 13.235015, 1093.0], [16.893366, 13.280218, 1107.0], [17.070055, 13.324405, 1121.0], [17.292152, 13.452034, 1149.0], [17.436619, 13.720401, 1176.0], [17.528769, 14.005741, 1206.0], [17.652214, 14.229553, 1233.0], [17.74556, 14.495512, 1260.0], [17.804941, 14.799996, 1288.0], [17.888855, 15.082319, 1316.0], [17.877764, 15.2328005, 1330.0], [17.877764, 15.383514, 1344.0], [17.830717, 15.699687, 1372.0], [17.785131, 15.882084, 1387.0], [17.711332, 16.062944, 1402.0], [17.582457, 16.24525, 1416.0], [17.385225, 16.569017, 1444.0], [17.250423, 16.748814, 1459.0], [17.11415, 16.930574, 1473.0], [16.93552, 17.154016, 1486.0], [16.755066, 17.379656, 1500.0], [16.547129, 17.607384, 1514.0], [16.356813, 17.797762, 1527.0], [16.1808, 18.015774, 1542.0], [15.9419985, 18.196943, 1554.0], [15.655489, 18.377502, 1572.0], [15.3867855, 18.589552, 1595.0], [14.843419, 18.977718, 1614.0], [14.570612, 19.13741, 1635.0], [13.958449, 19.456772, 1662.0], [13.378835, 19.764885, 1688.0], [12.795964, 20.036728, 1711.0], [12.526445, 20.173006, 1722.0], [12.278069, 20.250645, 1743.0], [11.750366, 20.395546, 1771.0], [11.251059, 20.519554, 1795.0], [11.002524, 20.565632, 1811.0], [10.78517, 20.574203, 1826.0], [10.50027, 20.574203, 1847.0], [9.933231, 20.574203, 1862.0], [9.693402, 20.504597, 1891.0], [9.220666, 20.396442, 1910.0], [9.066319, 20.319244, 1926.0]"}