{"Image number":39599,"Image shape":8,"Path":"[12.439267, 15.843128, 0.0], [12.159733, 15.6100235, 53.0], [11.685188, 15.182639, 70.0], [11.039741, 14.535878, 86.0], [10.570107, 13.688471, 103.0], [10.201693, 12.80966, 119.0], [10.063197, 11.880128, 136.0], [10.109952, 11.085468, 152.0], [10.390709, 10.431907, 169.0], [10.955716, 9.91555, 186.0], [11.801027, 9.543045, 202.0], [12.872058, 9.218819, 219.0], [14.085458, 8.986825, 235.0], [15.195439, 8.802098, 252.0], [16.321913, 8.661502, 268.0], [17.109024, 8.521693, 285.0], [17.620584, 8.61866, 301.0], [17.752487, 9.04266, 318.0], [17.70379, 9.642987, 334.0], [17.421227, 10.538033, 351.0], [16.8166, 11.604205, 368.0], [15.877897, 12.918546, 384.0], [14.847957, 14.229142, 401.0], [13.723755, 15.587591, 417.0], [12.715176, 16.686266, 434.0], [11.771607, 17.819729, 450.0], [11.1243305, 18.653831, 467.0], [10.614499, 19.492342, 483.0], [10.387703, 20.230795, 500.0], [10.342727, 20.97203, 516.0], [10.767213, 22.287151, 549.0], [11.279834, 22.700768, 566.0], [12.350371, 23.117195, 599.0], [12.8628845, 23.257069, 616.0], [13.377976, 23.397644, 632.0], [13.793014, 23.536507, 649.0], [14.491965, 23.62886, 682.0], [14.913303, 23.581703, 698.0], [15.236804, 23.347565, 715.0], [15.423347, 22.829739, 732.0], [15.420965, 22.177954, 748.0], [15.280063, 21.384607, 765.0], [15.047291, 20.548395, 781.0], [14.669715, 19.699568, 798.0], [14.301776, 18.777632, 814.0], [13.879928, 17.839834, 831.0], [13.366813, 17.048729, 847.0], [12.806419, 16.30192, 864.0], [12.341295, 15.697026, 880.0], [12.062272, 15.087907, 897.0]"}