{"Image number":39178,"Image shape":8,"Path":"[18.216305, 6.1925535, 0.0], [17.64793, 6.145932, 52.0], [16.806196, 6.145932, 69.0], [15.877665, 6.240094, 86.0], [14.982593, 6.5249267, 102.0], [14.342669, 7.0370393, 119.0], [13.9248705, 7.6925945, 135.0], [13.788973, 8.296469, 152.0], [13.743363, 8.76069, 168.0], [13.9791355, 9.274898, 185.0], [14.444797, 9.925325, 201.0], [15.24226, 10.863673, 218.0], [16.127768, 12.077727, 234.0], [16.874063, 13.576383, 251.0], [17.42629, 15.243054, 268.0], [17.705776, 17.02101, 284.0], [17.656454, 18.810028, 301.0], [17.32776, 20.475878, 317.0], [16.7702, 21.861872, 334.0], [16.161552, 22.938103, 350.0], [15.600853, 23.731272, 367.0], [14.953009, 24.236557, 383.0], [14.295688, 24.42346, 400.0], [13.410417, 24.280413, 416.0], [12.574412, 23.953407, 433.0], [11.494785, 23.153255, 449.0], [10.797826, 22.168436, 466.0], [10.3352785, 20.762503, 483.0], [10.247919, 19.171532, 499.0], [10.578524, 17.742111, 516.0], [11.139912, 16.578358, 532.0], [12.122018, 15.883406, 549.0], [13.152787, 15.369571, 565.0], [14.124699, 15.047826, 582.0], [15.002742, 14.863858, 598.0], [15.756469, 14.628045, 615.0], [16.456676, 14.441624, 631.0], [17.104172, 14.068092, 648.0], [17.84689, 13.415945, 665.0], [19.054996, 11.5538225, 698.0], [19.334908, 10.573313, 714.0], [19.381432, 9.493421, 731.0], [19.240314, 8.657772, 747.0], [18.81867, 7.958662, 764.0], [18.020546, 7.3037095, 780.0], [16.907919, 6.750058, 797.0], [15.646626, 6.423769, 813.0], [14.476626, 6.2371635, 830.0], [13.262007, 6.2391744, 849.0], [11.8518505, 6.5344157, 863.0], [10.798082, 6.7644405, 880.0]"}