{"Image number":38252,"Image shape":5,"Path":"[25.856905, 10.15535, 0.0], [25.623959, 10.15535, 34.0], [23.70963, 10.061946, 68.0], [22.095907, 9.966871, 84.0], [20.272507, 9.92121, 101.0], [18.300737, 9.922244, 117.0], [16.423508, 9.969426, 134.0], [14.790884, 10.016184, 150.0], [13.415483, 10.062178, 167.0], [12.296088, 10.1088705, 183.0], [11.361223, 10.108727, 200.0], [10.80517, 10.108727, 216.0], [10.482495, 10.108727, 233.0], [10.717655, 10.437261, 299.0], [11.089637, 10.622288, 316.0], [11.654442, 10.810444, 332.0], [12.307696, 10.949667, 349.0], [13.049383, 11.04171, 365.0], [13.748904, 11.182044, 382.0], [14.453724, 11.323106, 398.0], [15.007624, 11.415114, 415.0], [15.517571, 11.507986, 431.0], [15.890946, 11.554494, 448.0], [16.120932, 11.647678, 464.0], [16.072704, 12.021208, 531.0], [15.697687, 12.489924, 547.0], [15.185942, 13.048128, 564.0], [14.530606, 13.656736, 580.0], [13.828723, 14.312304, 597.0], [12.480166, 15.756896, 630.0], [12.015436, 16.503075, 646.0], [11.689248, 17.157719, 663.0], [11.457703, 17.71565, 680.0], [11.272523, 18.13211, 696.0], [11.180508, 18.409864, 713.0], [11.134035, 18.641878, 746.0], [11.368608, 18.733639, 829.0], [11.836867, 18.780804, 862.0], [12.492419, 18.827353, 878.0], [13.008184, 18.969433, 895.0], [13.471152, 19.156, 911.0], [13.653618, 19.342749, 928.0], [13.790811, 19.714529, 961.0], [13.649508, 20.041538, 977.0], [12.620685, 21.069286, 1010.0], [11.685982, 21.581856, 1027.0], [10.714893, 22.044016, 1043.0], [9.676968, 22.327164, 1060.0], [8.937587, 22.511827, 1077.0], [8.288333, 22.556892, 1093.0], [7.773064, 22.320145, 1110.0], [7.143299, 21.882114, 1126.0], [6.6845603, 21.46244, 1143.0]"}