{"Image number":10257,"Image shape":1,"Path":"[20.533333, 7.8944445, 0.0], [20.446604, 8.111267, 17.0], [20.047222, 8.905556, 33.0], [19.164692, 9.924196, 50.0], [18.595694, 10.493195, 67.0], [17.413635, 11.768736, 83.0], [16.162134, 13.201019, 100.0], [14.425907, 15.044695, 117.0], [13.113088, 16.524008, 133.0], [11.932653, 18.06572, 150.0], [11.005073, 19.179626, 167.0], [10.305871, 19.976559, 183.0], [9.692739, 20.698986, 200.0], [9.387972, 21.29327, 217.0], [8.945732, 21.85401, 234.0], [8.725803, 22.128857, 251.0]"}