{"Image number":37008,"Image shape":1,"Path":"[18.356073, 4.793919, 0.0], [17.747158, 5.3096848, 52.0], [16.999113, 6.0115833, 69.0], [16.065847, 7.180806, 85.0], [15.321604, 8.581832, 102.0], [14.484606, 10.210881, 118.0], [13.834801, 11.885833, 135.0], [13.229721, 13.749981, 151.0], [12.8069515, 15.868282, 168.0], [12.6235, 18.059294, 184.0], [12.578182, 20.075745, 201.0], [12.579036, 21.739378, 217.0], [12.579036, 23.137505, 234.0], [12.628183, 23.905533, 250.0]"}