{"Image number":10756,"Image shape":3,"Path":"[5.522222, 10.2277775, 0.0], [5.896414, 10.114785, 50.0], [6.2805557, 10.072223, 84.0], [6.711779, 10.033333, 100.0], [7.2611694, 10.033333, 117.0], [7.9472866, 10.101773, 133.0], [8.788058, 10.197942, 150.0], [9.527779, 10.247222, 167.0], [10.318251, 10.402728, 184.0], [11.201284, 10.513876, 200.0], [11.869859, 10.584583, 217.0], [12.442831, 10.655377, 234.0], [13.151866, 10.709972, 251.0], [13.571676, 10.762431, 267.0], [13.965744, 10.7722225, 284.0], [14.388889, 10.830556, 301.0], [14.553818, 10.913021, 317.0], [14.699999, 11.194159, 351.0], [14.699999, 11.352289, 368.0], [14.645292, 11.519677, 384.0], [14.521904, 11.681034, 401.0], [14.412938, 11.844481, 418.0], [14.267841, 12.03547, 434.0], [14.064623, 12.302043, 451.0], [13.844527, 12.570729, 468.0], [13.555212, 12.897738, 485.0], [13.260709, 13.222626, 501.0], [12.980442, 13.50289, 518.0], [12.649827, 13.731074, 535.0], [12.399317, 13.967349, 551.0], [12.055555, 14.252778, 568.0], [11.767923, 14.4867735, 585.0], [11.553345, 14.696655, 601.0], [11.392017, 14.857982, 635.0], [11.723383, 14.855556, 685.0], [12.230556, 14.738889, 702.0], [13.1768675, 14.558484, 718.0], [14.278114, 14.442743, 735.0], [15.478315, 14.334736, 752.0], [16.715635, 14.270876, 768.0], [18.065186, 14.214646, 785.0], [19.059301, 14.233334, 802.0], [20.04899, 14.277721, 818.0], [20.824999, 14.330555, 835.0], [21.32291, 14.56979, 852.0], [21.557108, 14.686887, 869.0], [21.834753, 14.885581, 885.0], [22.108608, 15.1903305, 902.0], [22.298635, 15.533724, 919.0], [22.44721, 15.854612, 935.0], [22.568233, 16.222147, 952.0], [22.613888, 16.644445, 969.0], [22.633333, 16.982859, 986.0], [22.633333, 17.35335, 1002.0], [22.539114, 17.704884, 1019.0], [22.4043, 18.034407, 1035.0], [22.143997, 18.402851, 1052.0], [21.868748, 18.653475, 1068.0], [21.506207, 18.882961, 1085.0], [21.136112, 19.094444, 1102.0], [20.750849, 19.281199, 1119.0], [20.216549, 19.49338, 1135.0], [19.813889, 19.619444, 1152.0], [19.12238, 19.712942, 1169.0], [18.729427, 19.768812, 1186.0], [18.111353, 19.794445, 1202.0], [17.485819, 19.794445, 1219.0], [16.838888, 19.794445, 1236.0], [16.32788, 19.794445, 1252.0], [15.881683, 19.794445, 1269.0], [15.3147335, 19.816883, 1286.0], [14.672028, 19.909431, 1302.0], [14.337175, 19.911112, 1319.0], [13.914216, 19.949999, 1336.0], [13.529434, 19.995, 1352.0], [13.280556, 19.988888, 1369.0], [13.073491, 20.027779, 1386.0]"}