{"Image number":40115,"Image shape":0,"Path":"[18.41628, 5.279684, 0.0], [18.105457, 5.6165457, 48.0], [17.668184, 6.2015686, 65.0], [16.982368, 6.9342184, 82.0], [16.138813, 7.737174, 99.0], [15.213424, 8.498292, 115.0], [14.265623, 9.288445, 132.0], [13.235036, 10.379564, 148.0], [12.129565, 11.661084, 165.0], [11.131052, 12.98879, 181.0], [10.335194, 14.372749, 199.0], [9.739958, 15.772146, 215.0], [9.401485, 16.980846, 232.0], [9.177109, 18.015388, 248.0], [9.117484, 18.832426, 265.0], [9.183573, 19.185707, 282.0], [9.279462, 19.732615, 299.0], [9.406524, 20.329489, 315.0], [9.685229, 21.003433, 332.0], [10.110325, 21.68765, 348.0], [10.558343, 22.250341, 365.0], [11.050355, 22.623035, 381.0], [11.562557, 22.925577, 398.0], [12.282105, 23.142046, 415.0], [13.086838, 23.195858, 432.0], [14.0645275, 22.756279, 448.0], [15.217391, 21.928421, 465.0], [16.017368, 20.86338, 482.0], [16.75557, 19.407047, 498.0], [17.477816, 17.529562, 515.0], [18.118912, 15.777761, 532.0], [18.591131, 14.2901, 548.0], [18.914711, 12.9588995, 565.0], [19.245146, 11.667097, 581.0], [19.273129, 10.533421, 598.0], [19.19095, 9.896165, 615.0], [18.836674, 8.774427, 631.0], [18.21013, 7.6879644, 648.0], [17.258892, 6.9600825, 665.0]"}