{"Image number":36807,"Image shape":9,"Path":"[15.840265, 7.078354, 0.0], [15.607322, 7.171596, 36.0], [14.759457, 7.5958214, 55.0], [13.594346, 8.531333, 69.0], [12.292517, 9.882861, 86.0], [11.505901, 11.463916, 102.0], [11.041597, 14.326372, 135.0], [11.465433, 15.15289, 152.0], [12.4032545, 15.615315, 168.0], [13.860781, 15.6100235, 185.0], [15.493956, 15.231016, 201.0], [16.877497, 14.484566, 218.0], [18.002895, 13.352659, 234.0], [18.785557, 12.144476, 251.0], [19.339336, 10.890271, 267.0], [19.52415, 9.667344, 284.0], [19.473824, 8.701999, 301.0], [19.23907, 7.957136, 317.0], [18.912931, 7.4947877, 334.0], [17.979074, 6.8426766, 367.0], [17.701412, 6.7041774, 383.0], [17.704996, 7.270696, 433.0], [17.845358, 8.350664, 449.0], [17.891048, 9.761753, 466.0], [17.93746, 11.580889, 483.0], [17.889761, 13.247516, 499.0], [17.558832, 15.079721, 516.0], [16.904427, 16.700788, 532.0], [15.96162, 18.441374, 549.0], [14.954458, 19.993362, 565.0], [13.914192, 21.554808, 582.0], [13.1291685, 22.898169, 598.0]"}