{"Image number":39102,"Image shape":1,"Path":"[17.237936, 7.078354, 0.0], [16.909992, 7.594829, 52.0], [16.536873, 8.576082, 68.0], [16.02417, 10.022396, 85.0], [15.510844, 11.51697, 102.0], [14.999573, 13.098948, 118.0], [14.389618, 14.74143, 135.0], [13.000767, 17.796505, 168.0], [12.388638, 19.162252, 184.0], [11.786829, 20.365765, 201.0], [11.318412, 21.584606, 217.0], [10.90183, 22.743055, 245.0]"}