{"Image number":35600,"Image shape":1,"Path":"[17.331114, 7.6378083, 0.0], [17.237936, 7.9175353, 36.0], [16.627977, 8.950483, 53.0], [15.785001, 10.780233, 69.0], [14.618831, 13.018684, 86.0], [13.829107, 15.117936, 103.0], [13.125779, 16.947477, 119.0], [12.7581005, 18.626604, 136.0], [12.470325, 20.4146, 152.0], [12.288761, 21.600761, 169.0]"}