{"Image number":40031,"Image shape":8,"Path":"[20.592045, 11.395018, 0.0], [20.52996, 10.778058, 119.0], [20.661558, 10.208541, 136.0], [20.867, 9.516577, 153.0], [21.087194, 8.794734, 169.0], [21.337738, 8.042795, 186.0], [21.59232, 7.502051, 203.0], [21.77483, 7.001649, 219.0], [21.896547, 6.6248145, 236.0], [21.913044, 6.4225216, 252.0], [21.790602, 6.342093, 286.0], [21.608177, 6.3070087, 303.0], [21.233612, 6.3402815, 319.0], [20.668839, 6.43294, 336.0], [19.973337, 6.526184, 353.0], [19.250872, 6.675323, 369.0], [18.539099, 6.828385, 386.0], [17.750225, 6.9849706, 402.0], [16.968216, 7.1836367, 419.0], [16.158209, 7.444525, 436.0], [15.3833475, 7.6611443, 452.0], [14.685459, 7.8529124, 469.0], [13.976338, 8.106024, 485.0], [13.219156, 8.398073, 502.0], [12.474123, 8.854039, 519.0], [11.738338, 9.344763, 535.0], [11.083711, 9.900607, 552.0], [10.517624, 10.42382, 569.0], [10.07019, 10.935291, 585.0], [9.745718, 11.41346, 602.0], [9.482625, 11.938048, 619.0], [9.323409, 12.367148, 635.0], [9.20398, 12.741995, 652.0], [9.221092, 13.036071, 669.0], [9.2563925, 13.229993, 686.0], [9.495942, 13.632607, 702.0], [9.894542, 14.038085, 719.0], [10.695891, 14.464834, 736.0], [11.623377, 14.755508, 752.0], [12.520837, 14.935097, 769.0], [13.350567, 15.0420885, 786.0], [14.029137, 15.147554, 802.0], [14.596756, 15.238032, 819.0], [15.098156, 15.427599, 836.0], [15.421361, 15.680277, 852.0], [15.626172, 15.998385, 869.0], [15.617737, 16.131315, 886.0], [15.670674, 16.520802, 903.0], [15.612564, 17.036285, 920.0], [15.584606, 17.67217, 936.0], [15.500586, 18.386627, 952.0], [15.349405, 19.099174, 969.0], [15.226752, 19.812193, 986.0], [14.923492, 20.481833, 1003.0], [14.653159, 21.06128, 1020.0], [14.262312, 21.565573, 1036.0], [13.87491, 22.027647, 1052.0], [13.435975, 22.404217, 1069.0], [12.940105, 22.705654, 1086.0], [12.491194, 22.95315, 1102.0], [12.002969, 23.145304, 1119.0], [11.545096, 23.312634, 1136.0], [11.154453, 23.315765, 1152.0], [10.713289, 23.33645, 1169.0], [10.364996, 23.286112, 1186.0], [10.0193815, 23.143967, 1202.0], [9.614875, 22.842152, 1219.0], [9.284142, 22.427309, 1236.0], [8.989969, 21.867632, 1252.0], [8.837782, 21.287235, 1269.0], [8.766424, 20.635178, 1286.0], [8.726616, 20.01467, 1302.0], [8.728954, 19.402084, 1319.0], [8.728954, 18.83611, 1336.0], [8.7751665, 18.343666, 1352.0], [8.849099, 17.911695, 1369.0], [9.081349, 17.429222, 1385.0], [9.397074, 17.012392, 1403.0], [9.770727, 16.544754, 1419.0], [10.199909, 16.198368, 1436.0], [10.633806, 15.845198, 1453.0], [10.9932575, 15.559692, 1470.0], [11.360121, 15.348364, 1486.0], [11.629902, 15.1696415, 1502.0], [12.225707, 14.810281, 1519.0], [12.860314, 14.3749485, 1535.0]"}