{"Image number":39030,"Image shape":9,"Path":"[13.371048, 6.7986274, 0.0], [13.134422, 6.9399633, 102.0], [12.477639, 7.316158, 119.0], [11.728411, 7.643071, 136.0], [10.988718, 8.013926, 152.0], [10.523766, 8.293717, 169.0], [10.151435, 8.668447, 185.0], [9.968321, 9.13401, 202.0], [9.828191, 9.744831, 218.0], [9.735764, 10.350554, 235.0], [9.643533, 11.0441065, 251.0], [9.643927, 11.742636, 268.0], [9.73885, 12.357894, 284.0], [9.924837, 12.910131, 301.0], [10.25477, 13.474349, 318.0], [10.858979, 14.122175, 334.0], [11.608837, 14.636601, 351.0], [12.446153, 15.00701, 367.0], [13.2895565, 15.09849, 384.0], [14.172504, 15.097191, 400.0], [15.0039015, 14.863462, 417.0], [15.758752, 14.2958765, 433.0], [16.3599, 13.54988, 450.0], [16.824547, 12.708864, 466.0], [17.05188, 11.692522, 483.0], [17.097708, 9.492023, 516.0], [16.957611, 8.6587305, 533.0], [16.677366, 8.007269, 549.0], [16.35117, 7.5423136, 566.0], [16.117208, 7.356005, 582.0], [15.885475, 7.31215, 615.0], [15.839953, 7.592748, 665.0], [15.934504, 8.722824, 682.0], [16.450644, 11.858681, 715.0], [16.726423, 13.471086, 731.0], [17.00787, 15.0668955, 748.0], [17.240034, 16.60292, 764.0], [17.473785, 18.241152, 781.0], [17.611565, 19.76938, 797.0], [17.752066, 21.221613, 814.0], [17.891722, 22.430056, 830.0], [17.984026, 23.590582, 849.0], [18.172546, 24.52881, 863.0], [18.26411, 25.317564, 880.0]"}