{"Image number":30848,"Image shape":1,"Path":"[17.786407, 7.6451416, 0.0], [17.551096, 7.5674253, 36.0], [17.24852, 7.5674253, 72.0], [17.040026, 7.686843, 90.0], [16.845385, 7.926141, 107.0], [16.646988, 8.237094, 125.0], [16.451906, 8.60128, 143.0], [16.234274, 9.2506, 161.0], [15.963814, 9.758293, 179.0], [15.579325, 10.423459, 196.0], [15.175732, 11.252373, 214.0], [14.851924, 12.119744, 232.0], [14.56955, 13.004488, 250.0], [14.342237, 13.92645, 267.0], [14.155339, 14.7951145, 285.0], [14.046366, 15.777634, 303.0], [13.982974, 16.626822, 321.0], [13.956974, 17.59755, 338.0], [13.941748, 18.648804, 356.0], [13.669734, 19.53649, 374.0], [13.410886, 20.365248, 392.0], [13.149401, 21.07105, 409.0], [12.966957, 21.686138, 427.0], [12.810145, 22.233269, 445.0], [12.670139, 22.706854, 463.0], [12.538349, 23.129541, 481.0], [12.407381, 23.500195, 498.0], [12.38835, 23.76236, 516.0]"}