{"Image number":30234,"Image shape":4,"Path":"[12.970875, 5.974226, 0.0], [12.765242, 6.09768, 91.0], [12.506897, 6.485523, 108.0], [12.249376, 6.8822675, 126.0], [11.905074, 7.4396195, 144.0], [11.325572, 8.371434, 162.0], [10.717929, 9.325503, 179.0], [10.139127, 10.14671, 197.0], [9.647318, 10.90036, 215.0], [9.191305, 11.789319, 233.0], [8.862762, 12.407946, 250.0], [8.641735, 12.921189, 268.0], [8.504962, 13.376401, 286.0], [8.504854, 13.718974, 304.0], [8.649685, 14.0693655, 322.0], [8.818785, 14.515057, 339.0], [9.043976, 14.971693, 357.0], [9.521149, 15.367232, 375.0], [9.962855, 15.524556, 393.0], [10.501838, 15.670919, 410.0], [11.201174, 15.725704, 428.0], [11.871936, 15.727716, 446.0], [12.507407, 15.727716, 464.0], [13.276258, 15.727716, 481.0], [13.954435, 15.727716, 499.0], [14.477659, 15.727716, 517.0], [14.840974, 15.727716, 535.0], [15.260279, 15.727716, 552.0], [15.825846, 15.727716, 570.0], [16.574226, 15.397404, 588.0], [17.231817, 14.941759, 606.0], [17.707651, 14.263903, 623.0], [18.082928, 13.708896, 641.0], [18.364983, 13.23155, 659.0], [18.746029, 12.6553545, 677.0], [19.136896, 12.024818, 694.0], [19.5347, 11.405352, 712.0], [19.917927, 10.933832, 730.0], [20.059408, 10.641801, 748.0], [20.144018, 10.45995, 765.0], [20.194176, 10.291739, 819.0], [19.79286, 10.474056, 854.0], [19.210583, 11.0023155, 872.0], [18.384888, 11.88701, 890.0], [17.583881, 12.855757, 908.0], [17.059694, 13.801335, 925.0], [16.512856, 14.973395, 943.0], [15.827835, 16.191305, 961.0], [15.066424, 17.362389, 979.0], [14.611872, 18.364038, 996.0], [14.206133, 19.254105, 1014.0], [13.932983, 20.143286, 1032.0], [13.686459, 20.929405, 1050.0], [13.415187, 21.699375, 1067.0], [13.153403, 22.240395, 1085.0], [12.961073, 22.829391, 1103.0], [12.822087, 23.246601, 1121.0], [12.65201, 23.679424, 1138.0], [12.552183, 23.923237, 1156.0], [12.460161, 24.210602, 1192.0]"}