{"Image number":36680,"Image shape":2,"Path":"[10.855241, 6.2857957, 0.0], [11.275079, 6.005609, 52.0], [12.677145, 5.3978343, 84.0], [13.702775, 5.3999934, 101.0], [14.687756, 5.5416026, 117.0], [15.708659, 5.8688016, 134.0], [16.640985, 6.572056, 151.0], [17.291443, 7.6491823, 169.0], [17.706799, 8.9055, 184.0], [17.844975, 10.21486, 200.0], [17.890516, 11.469758, 217.0], [17.560453, 12.733431, 233.0], [16.903717, 14.182706, 250.0], [16.014662, 15.724051, 266.0], [14.989884, 17.306602, 283.0], [14.007258, 18.804712, 299.0], [13.078305, 20.104158, 316.0], [12.293975, 21.118473, 332.0], [11.642177, 21.863062, 349.0], [11.03305, 22.235487, 365.0], [10.568767, 22.419485, 382.0], [10.340796, 22.13462, 398.0], [10.200841, 21.521566, 415.0], [10.250136, 20.681778, 431.0], [10.580383, 19.745932, 448.0], [11.186796, 18.912596, 465.0], [12.027183, 18.308834, 481.0], [13.002449, 17.986328, 498.0], [14.076512, 17.89388, 514.0], [15.256776, 18.22702, 531.0], [17.42849, 19.295893, 564.0], [18.419813, 19.767475, 580.0], [19.01911, 20.233826, 597.0]"}