{"Image number":30049,"Image shape":9,"Path":"[23.06796, 8.150303, 0.0], [22.810495, 8.150303, 62.0], [22.537731, 8.186467, 79.0], [21.989323, 8.213097, 96.0], [21.16961, 8.278484, 113.0], [19.243011, 8.421457, 131.0], [18.02694, 8.52622, 149.0], [16.680084, 8.855176, 167.0], [15.276523, 9.243901, 184.0], [13.933566, 9.70573, 202.0], [12.618244, 10.212846, 221.0], [11.2395935, 10.740824, 238.0], [9.849919, 11.225794, 255.0], [8.775734, 11.63336, 273.0], [8.184124, 11.863604, 291.0], [7.8420653, 11.982794, 309.0], [7.572816, 12.055584, 327.0], [7.3505096, 12.10852, 362.0], [7.1878915, 12.188164, 415.0], [7.029126, 12.230449, 522.0], [6.839386, 12.303731, 753.0], [7.028375, 12.4634495, 1587.0], [7.512178, 12.620569, 1605.0], [8.034323, 12.81649, 1623.0], [8.907098, 13.129543, 1641.0], [9.556761, 13.256989, 1659.0], [10.213841, 13.442911, 1676.0], [11.068217, 13.673802, 1694.0], [11.94239, 13.950079, 1712.0], [12.807739, 14.14766, 1730.0], [13.729963, 14.419404, 1747.0], [14.330744, 14.624264, 1765.0], [14.863885, 14.810828, 1783.0], [15.221208, 14.962801, 1801.0], [15.472279, 15.094542, 1819.0], [15.652388, 15.263317, 1836.0], [15.831688, 15.300274, 1854.0], [16.027613, 15.374247, 1872.0], [16.292992, 15.466287, 1907.0], [16.451647, 15.480187, 1943.0], [16.62166, 15.572283, 1978.0], [16.98882, 15.756124, 2014.0], [17.17039, 15.927352, 2032.0], [17.33803, 16.056238, 2050.0], [17.523985, 16.187347, 2067.0], [17.72101, 16.40059, 2085.0], [17.876978, 16.724997, 2103.0], [17.95949, 17.173183, 2120.0], [18.108128, 17.581682, 2139.0], [18.058252, 18.116768, 2156.0], [17.94175, 18.87526, 2174.0], [17.723677, 19.880592, 2191.0], [17.454819, 20.78978, 2209.0], [17.012291, 21.845171, 2227.0], [16.406479, 22.977154, 2245.0], [15.900795, 23.819477, 2263.0], [15.402424, 24.435192, 2280.0], [14.99572, 24.99471, 2298.0], [14.72189, 25.39832, 2316.0], [14.525962, 25.724495, 2333.0], [14.368934, 25.94751, 2350.0], [22.446604, 8.461172, 0.0], [22.254017, 8.396938, 44.0], [22.058289, 8.279856, 61.0], [21.675278, 8.3057375, 79.0], [20.994774, 8.360039, 97.0], [19.5648, 8.43722, 115.0], [18.685183, 8.460823, 132.0], [17.709515, 8.526697, 150.0], [16.612816, 8.820854, 168.0], [15.544199, 9.185936, 186.0], [14.436852, 9.47798, 203.0], [13.5483675, 9.796255, 221.0], [12.879204, 10.039009, 240.0], [12.361465, 10.2946205, 257.0], [11.65991, 10.661223, 275.0], [10.938101, 10.989517, 292.0], [10.298675, 11.318193, 310.0], [9.728156, 11.62814, 328.0], [9.015828, 11.974809, 345.0], [8.525318, 12.259069, 363.0], [8.128252, 12.622193, 381.0], [7.8875413, 12.949062, 399.0], [7.7286034, 13.238533, 416.0], [7.6116514, 13.415631, 434.0], [7.6504855, 13.730913, 452.0], [7.9283924, 14.02401, 470.0], [8.24667, 14.420197, 488.0], [8.791308, 14.744133, 505.0], [9.426833, 15.041059, 524.0], [9.956534, 15.234449, 541.0], [10.465528, 15.373011, 559.0], [11.165228, 15.504311, 577.0], [11.911652, 15.674124, 594.0], [12.775713, 15.747086, 612.0], [13.77737, 15.812603, 630.0], [14.390648, 15.910811, 647.0], [14.944256, 15.92201, 665.0], [15.497015, 15.92201, 683.0], [16.159103, 15.996218, 701.0], [16.72653, 16.022598, 718.0], [17.249792, 16.088043, 736.0], [17.621887, 16.114464, 754.0], [17.905216, 16.140078, 772.0], [18.134943, 16.155159, 789.0], [18.31771, 16.194021, 825.0], [18.485435, 16.194021, 878.0], [18.601942, 16.410355, 932.0], [18.601942, 17.050262, 967.0], [18.466438, 17.59787, 985.0], [18.214045, 18.252388, 1003.0], [17.77641, 19.355286, 1020.0], [17.387348, 20.290909, 1038.0], [17.056108, 21.20112, 1056.0], [16.632187, 22.166122, 1074.0], [16.102383, 23.258423, 1091.0], [15.549982, 24.138855, 1109.0], [15.062109, 24.862288, 1127.0], [14.760927, 25.28236, 1145.0], [14.475149, 25.736542, 1162.0]"}