{"Image number":36900,"Image shape":5,"Path":"[16.07321, 5.772962, 0.0], [15.59991, 6.7677665, 52.0], [14.994849, 7.9777927, 69.0], [14.248272, 9.189265, 86.0], [13.695015, 9.925122, 102.0], [13.275211, 10.203745, 119.0], [12.996046, 10.3429785, 135.0], [18.589016, 10.15535, 0.0], [17.790619, 9.779431, 53.0], [16.805742, 9.451732, 69.0], [15.739392, 9.174296, 86.0], [14.712662, 8.941048, 102.0], [13.873904, 8.801731, 119.0], [13.171758, 8.708367, 136.0], [12.71205, 8.75739, 152.0], [12.387712, 8.993373, 168.0], [12.251852, 9.50654, 185.0], [12.252911, 10.207987, 202.0], [12.158618, 11.098371, 218.0], [12.066013, 12.119401, 235.0], [11.925182, 13.103736, 251.0], [11.879696, 13.940731, 268.0], [11.880199, 14.547133, 284.0], [11.880199, 14.865988, 301.0], [12.349442, 15.05057, 334.0], [13.325015, 14.677367, 367.0], [13.889617, 14.489085, 383.0], [14.402167, 14.4439335, 400.0], [14.774006, 14.633624, 416.0], [15.190424, 15.146753, 433.0], [15.658699, 15.944519, 450.0], [16.078587, 16.880743, 467.0], [16.35406, 17.89928, 483.0], [16.446795, 18.78855, 499.0], [16.257729, 19.768955, 516.0], [15.884778, 20.509401, 532.0], [15.229347, 21.116205, 549.0], [14.387751, 21.487959, 565.0], [13.31696, 21.62513, 582.0], [12.105145, 21.718006, 599.0], [10.937247, 21.52912, 615.0], [9.915397, 21.108017, 632.0], [9.135242, 20.421154, 648.0], [8.785091, 19.868797, 665.0]"}