{"Image number":39350,"Image shape":8,"Path":"[17.890182, 7.4513245, 0.0], [17.494196, 7.092936, 51.0], [16.777428, 6.8615007, 67.0], [15.767791, 6.801688, 84.0], [14.701077, 7.0160437, 100.0], [13.541876, 7.249298, 117.0], [12.552837, 7.6557035, 134.0], [11.664396, 8.073811, 150.0], [11.078653, 8.62639, 168.0], [10.650567, 9.098251, 184.0], [10.491972, 9.607869, 200.0], [10.525887, 10.206562, 216.0], [10.789044, 10.985559, 233.0], [11.27977, 11.855462, 249.0], [11.970088, 12.792825, 266.0], [12.750821, 13.633755, 282.0], [13.636913, 14.437162, 300.0], [14.48038, 15.318405, 316.0], [15.271576, 16.243164, 332.0], [16.023632, 17.310308, 349.0], [16.767843, 18.337406, 366.0], [17.469639, 19.362753, 382.0], [18.08071, 20.343435, 398.0], [18.51529, 21.284071, 415.0], [18.80287, 22.256594, 431.0], [18.952356, 23.149866, 448.0], [18.961731, 23.90643, 464.0], [18.875517, 24.51597, 481.0], [18.566856, 25.07883, 497.0], [18.024338, 25.639183, 514.0], [17.159262, 25.98401, 532.0], [16.23301, 26.17969, 547.0], [15.184918, 26.107618, 565.0], [14.098185, 25.709515, 580.0], [13.075235, 24.860846, 597.0], [12.307501, 23.67101, 614.0], [11.906145, 22.324343, 631.0], [11.793819, 21.06329, 646.0], [11.959891, 19.717274, 663.0], [12.535083, 18.36554, 680.0], [13.446081, 16.835814, 696.0], [14.536176, 15.446346, 713.0], [15.580116, 14.205416, 729.0], [16.388826, 13.25294, 746.0], [17.095472, 12.492392, 762.0], [17.667019, 11.873613, 779.0], [18.093744, 11.226754, 796.0], [18.427399, 10.528555, 812.0], [18.665682, 9.702005, 828.0], [18.768822, 8.992368, 845.0], [18.818438, 8.296797, 862.0], [18.735624, 7.7254863, 878.0], [18.555504, 7.250929, 896.0], [18.107738, 6.870227, 911.0], [17.468794, 6.584607, 928.0], [16.552935, 6.434728, 944.0], [15.496521, 6.4256587, 961.0]"}