{"Image number":35601,"Image shape":6,"Path":"[18.868551, 5.912827, 0.0], [18.449251, 6.2391744, 36.0], [17.176115, 7.230072, 52.0], [15.308136, 9.008504, 69.0], [13.387173, 11.2159605, 86.0], [12.017437, 13.329468, 102.0], [11.028453, 15.451724, 118.0], [10.572312, 17.301971, 135.0], [10.481756, 18.792625, 151.0], [10.905906, 19.910042, 168.0], [11.745633, 20.462091, 185.0], [13.004936, 20.739815, 201.0], [14.596542, 20.173887, 218.0], [16.185022, 19.046825, 234.0], [17.435228, 17.508114, 251.0], [18.178427, 16.153675, 267.0], [18.12294, 15.280134, 284.0], [17.558826, 14.860158, 300.0], [16.388216, 15.005283, 317.0], [13.121934, 16.786047, 350.0], [11.682055, 18.091595, 367.0], [10.612416, 19.556631, 383.0], [10.080373, 20.510185, 400.0]"}