{"Image number":39353,"Image shape":6,"Path":"[19.334442, 4.0946016, 0.0], [18.494568, 4.8539057, 70.0], [17.485876, 5.5882792, 86.0], [16.338871, 6.632373, 104.0], [15.30505, 7.703978, 119.0], [14.323515, 8.776223, 136.0], [13.3023815, 9.891247, 152.0], [12.27586, 11.229153, 170.0], [11.25649, 12.616997, 185.0], [10.227711, 13.9774685, 202.0], [9.3750515, 15.07061, 219.0], [8.754855, 16.053818, 235.0], [8.539038, 16.945684, 252.0], [8.612297, 17.701187, 268.0], [8.834825, 18.40261, 286.0], [9.241641, 19.017239, 302.0], [9.660898, 19.449936, 319.0], [10.037065, 19.739668, 334.0], [10.583784, 19.802711, 351.0], [11.270405, 19.805923, 367.0], [12.18014, 19.719965, 388.0], [13.061161, 19.329565, 403.0], [13.998152, 18.647612, 418.0], [14.885821, 17.863222, 439.0], [15.6871395, 17.15483, 451.0], [16.349289, 16.585367, 467.0], [16.829391, 16.155127, 485.0], [17.080942, 15.90699, 500.0], [17.14115, 15.717703, 517.0], [17.059254, 15.524461, 550.0], [16.79528, 15.474034, 566.0], [16.297638, 15.513317, 583.0], [15.574542, 15.688154, 601.0], [14.755386, 16.040722, 616.0], [13.858769, 16.549425, 634.0], [12.932455, 17.10416, 649.0], [11.910672, 17.665913, 665.0], [10.971921, 18.26846, 684.0]"}