{"Image number":40106,"Image shape":8,"Path":"[17.924145, 7.637716, 0.0], [17.665123, 7.559977, 74.0], [17.457909, 7.430415, 90.0], [17.095734, 7.308387, 107.0], [16.65857, 7.1887684, 123.0], [16.009266, 7.1455994, 140.0], [15.187804, 7.174839, 156.0], [14.26539, 7.2269487, 173.0], [13.522104, 7.3185153, 190.0], [12.852014, 7.3588657, 207.0], [12.294948, 7.4205213, 223.0], [11.836483, 7.465815, 240.0], [11.642186, 7.5046625, 256.0], [11.339329, 7.654248, 273.0], [11.0692835, 7.8589764, 290.0], [10.846628, 8.168539, 307.0], [10.739724, 8.689482, 324.0], [10.743822, 9.4455185, 340.0], [10.919303, 10.337532, 357.0], [11.275835, 11.448342, 374.0], [11.639533, 12.448381, 390.0], [11.981504, 13.406947, 407.0], [12.307, 14.21489, 423.0], [12.620613, 14.875988, 440.0], [13.084923, 15.570623, 457.0], [13.554238, 16.06678, 474.0], [14.055529, 16.372688, 490.0], [14.681237, 16.597021, 507.0], [15.341288, 16.865751, 523.0], [15.968167, 17.105965, 540.0], [16.496386, 17.353296, 557.0], [16.807415, 17.69905, 573.0], [16.990261, 17.993734, 591.0], [17.043478, 18.404043, 607.0], [16.935246, 18.94849, 624.0], [16.533829, 19.674023, 640.0], [15.987787, 20.408302, 656.0], [15.4755945, 21.087355, 673.0], [14.981997, 21.752909, 690.0], [14.537571, 22.245743, 707.0], [14.125939, 22.624079, 723.0], [13.919908, 22.811834, 740.0], [13.534506, 22.997696, 757.0], [13.180868, 23.05561, 773.0], [12.790907, 23.05561, 790.0], [12.404669, 22.954311, 807.0], [11.963709, 22.712688, 823.0], [11.43698, 21.93792, 840.0], [11.166571, 21.096184, 857.0], [11.210504, 20.203812, 873.0], [11.403243, 19.10186, 891.0], [11.957495, 17.888968, 907.0], [12.697412, 16.92637, 923.0], [13.6071, 15.883937, 940.0], [14.615742, 14.867205, 957.0], [15.554819, 13.920779, 973.0], [16.43127, 12.947149, 990.0], [17.156353, 12.068929, 1007.0], [17.656021, 11.177742, 1024.0], [17.955727, 10.3272705, 1040.0], [18.058846, 9.503316, 1057.0], [17.974682, 8.921318, 1073.0], [17.791014, 8.505585, 1090.0], [17.449879, 7.981142, 1107.0], [17.08905, 7.5350833, 1123.0], [16.721134, 7.208395, 1140.0], [16.404905, 6.948826, 1156.0], [16.091867, 6.8289576, 1173.0], [15.916744, 6.795561, 1190.0]"}