{"Image number":39754,"Image shape":9,"Path":"[18.589016, 7.9175353, 0.0], [17.69728, 7.729894, 102.0], [16.623611, 7.5430584, 119.0], [15.365087, 7.4036694, 135.0], [14.336159, 7.310253, 152.0], [13.27367, 7.4050674, 169.0], [12.238705, 7.830109, 185.0], [11.409532, 8.527595, 201.0], [10.708984, 9.46469, 218.0], [10.249252, 10.575737, 234.0], [9.92194, 11.699063, 251.0], [9.829647, 12.820383, 267.0], [9.877058, 13.748927, 284.0], [9.971367, 14.54894, 300.0], [10.158165, 15.149532, 317.0], [10.484465, 15.518995, 334.0], [11.001369, 15.752781, 350.0], [12.49899, 15.843128, 383.0], [14.176045, 15.748442, 416.0], [15.011772, 15.419603, 433.0], [15.6123085, 14.906485, 449.0], [16.356485, 13.784934, 482.0], [16.44695, 13.556126, 499.0], [16.445396, 13.935347, 549.0], [16.398863, 14.590955, 565.0], [16.30492, 15.62362, 582.0], [16.212032, 16.69318, 598.0], [16.306965, 18.976463, 631.0], [16.542576, 20.196976, 651.0], [17.243206, 22.669403, 681.0], [17.566618, 23.730518, 697.0], [17.848156, 24.527594, 724.0]"}