{"Image number":37465,"Image shape":5,"Path":"[22.455906, 10.901288, 0.0], [22.124983, 10.854667, 51.0], [21.797548, 10.759677, 68.0], [21.189209, 10.714127, 85.0], [20.541029, 10.667845, 101.0], [19.751322, 10.527892, 117.0], [18.02361, 10.247534, 150.0], [17.096527, 10.155186, 167.0], [16.35063, 10.015088, 183.0], [15.69453, 9.968437, 200.0], [15.278661, 9.921962, 216.0], [14.907873, 9.922244, 249.0], [14.768157, 10.109571, 365.0], [14.441993, 10.575664, 398.0], [13.83353, 11.2781925, 415.0], [13.2263, 11.83831, 431.0], [12.6680765, 12.350339, 448.0], [12.391815, 12.58037, 464.0], [12.159308, 12.907271, 498.0], [12.439732, 13.232529, 547.0], [12.911018, 13.279552, 564.0], [14.211504, 13.278965, 597.0], [14.823822, 13.3262415, 613.0], [15.334895, 13.372853, 630.0], [15.657532, 13.560764, 646.0], [15.840756, 14.027847, 680.0], [15.840265, 14.25932, 696.0], [15.840265, 14.541806, 713.0], [15.840265, 14.818853, 729.0], [15.793261, 15.099696, 746.0], [15.747029, 15.423943, 762.0], [15.607283, 15.7033415, 779.0], [15.465897, 15.986307, 795.0], [15.046117, 16.63868, 828.0], [14.813599, 17.011393, 845.0], [14.627642, 17.243404, 861.0], [14.440362, 17.477663, 878.0], [14.067552, 17.850172, 912.0], [13.36764, 18.222172, 944.0], [12.758071, 18.362362, 961.0], [12.249234, 18.454582, 977.0], [11.644292, 18.453913, 994.0], [11.039402, 18.453913, 1010.0], [10.387781, 18.313713, 1027.0], [9.687265, 18.079859, 1043.0], [9.083346, 17.707045, 1060.0], [8.385859, 17.334917, 1077.0], [7.7305074, 16.819603, 1093.0], [7.1694956, 16.351614, 1110.0], [6.753111, 15.793442, 1126.0], [6.5211773, 15.374604, 1143.0]"}