{"Image number":39780,"Image shape":5,"Path":"[25.95008, 8.337125, 0.0], [25.11148, 8.430367, 36.0], [23.598923, 8.666866, 53.0], [21.745346, 8.8980465, 69.0], [20.284637, 9.039171, 86.0], [19.043674, 9.130519, 102.0], [17.699375, 9.223235, 119.0], [16.329647, 9.365182, 135.0], [15.185933, 9.4562, 152.0], [14.252693, 9.549629, 168.0], [13.597609, 9.737585, 185.0], [13.132296, 10.0661745, 202.0], [12.759722, 10.582743, 218.0], [12.48343, 11.327353, 235.0], [12.249381, 12.172775, 251.0], [11.880547, 13.743791, 284.0], [11.786429, 14.308185, 301.0], [11.693116, 14.680511, 317.0], [12.119002, 14.9590025, 350.0], [13.613592, 15.003948, 383.0], [14.640709, 14.956793, 400.0], [15.6685095, 14.957327, 417.0], [16.685629, 14.957327, 433.0], [17.42473, 15.003975, 450.0], [18.083471, 15.145298, 466.0], [18.542631, 15.330378, 483.0], [18.86908, 15.517082, 499.0], [19.05616, 15.892253, 516.0], [19.054909, 16.406595, 532.0], [18.960903, 17.108103, 549.0], [18.773792, 17.854164, 565.0], [18.445078, 18.60332, 582.0], [18.164732, 19.353018, 599.0], [17.933601, 20.048546, 615.0], [17.561672, 20.83667, 632.0], [16.94874, 21.54206, 648.0], [16.250772, 22.239025, 665.0], [15.363266, 22.702286, 681.0], [14.5702715, 23.122433, 698.0], [13.450962, 23.304726, 714.0], [12.474891, 23.349655, 731.0], [11.261757, 23.066448, 748.0], [10.152285, 22.507889, 764.0], [9.033528, 21.620394, 781.0], [8.052295, 20.590513, 797.0], [7.3138566, 19.385324, 814.0], [6.7073684, 18.124552, 830.0], [6.429681, 15.974279, 863.0], [6.807322, 15.13182, 880.0], [7.603444, 14.388988, 896.0], [8.763201, 13.789476, 913.0], [11.533772, 13.275336, 946.0]"}