{"Image number":36342,"Image shape":4,"Path":"[9.6905155, 7.5911875, 0.0], [9.643715, 8.3865, 68.0], [9.597226, 9.178196, 85.0], [9.5034275, 9.881112, 102.0], [9.457537, 10.435474, 118.0], [9.410915, 11.042018, 135.0], [9.363782, 11.891333, 151.0], [9.317579, 12.629856, 168.0], [9.317803, 13.283006, 184.0], [9.317803, 13.698616, 201.0], [9.317803, 13.97942, 217.0], [9.317803, 14.351681, 250.0], [10.019979, 14.678511, 317.0], [11.468928, 14.817936, 350.0], [12.162483, 14.817462, 366.0], [13.102884, 14.770273, 383.0], [13.980606, 14.724015, 399.0], [15.053513, 14.583672, 416.0], [15.943302, 14.301516, 432.0], [16.920563, 14.022404, 449.0], [17.613602, 13.650359, 465.0], [18.317884, 13.1329365, 482.0], [18.827896, 12.47885, 498.0], [19.24799, 11.586392, 515.0], [19.429546, 10.846952, 532.0], [19.474508, 10.244694, 548.0], [19.474209, 9.964574, 565.0], [19.286573, 9.968864, 581.0], [18.961323, 10.062223, 598.0], [18.540462, 10.436826, 614.0], [17.930445, 11.141698, 631.0], [17.23571, 12.163326, 647.0], [16.304638, 13.467577, 664.0], [15.458769, 15.020067, 681.0], [14.529688, 16.646343, 697.0], [13.831085, 18.187073, 714.0], [13.226281, 19.584364, 730.0], [12.809966, 20.743946, 747.0], [12.483091, 21.819725, 763.0], [12.297144, 22.707634, 780.0], [12.20549, 23.49608, 796.0], [12.206323, 23.881191, 813.0]"}