{"Image number":35256,"Image shape":4,"Path":"[10.296173, 8.756715, 0.0], [10.156405, 9.176307, 36.0], [9.593078, 10.256762, 52.0], [8.755013, 11.840744, 69.0], [7.8695383, 13.4260025, 86.0], [7.2189302, 14.588589, 102.0], [6.8917937, 15.573552, 119.0], [6.7055597, 16.274944, 135.0], [6.896406, 16.77894, 152.0], [7.363388, 17.056671, 168.0], [8.21008, 17.24408, 185.0], [9.381773, 17.383717, 201.0], [10.722719, 17.334755, 218.0], [12.0762615, 17.194138, 234.0], [13.378034, 16.913916, 251.0], [14.728083, 16.493977, 267.0], [15.992146, 15.789774, 284.0], [17.258747, 14.848658, 301.0], [18.417683, 13.636303, 317.0], [19.487076, 12.37805, 334.0], [20.268919, 11.223668, 350.0], [20.832485, 10.141549, 367.0], [21.199335, 9.1260195, 383.0], [21.432028, 8.1461, 400.0], [21.525038, 7.4444785, 416.0], [21.477236, 7.1228633, 433.0], [21.289095, 7.124975, 450.0], [20.961473, 7.549179, 466.0], [20.499073, 8.337286, 483.0], [19.93859, 9.646048, 499.0], [19.286636, 11.277299, 516.0], [18.541027, 13.095903, 532.0], [17.840908, 15.011296, 549.0], [17.18501, 16.933985, 565.0], [16.631672, 18.782282, 582.0], [16.207537, 20.480404, 598.0], [15.418537, 22.796621, 631.0], [15.273966, 23.574215, 648.0], [15.330069, 23.877949, 665.0]"}