{"Image number":10311,"Image shape":4,"Path":"[12.172222, 9.099999, 0.0], [11.6896715, 9.730986, 39.0], [11.666666, 10.461885, 56.0], [11.580839, 11.218143, 73.0], [11.396938, 12.314688, 89.0], [11.285698, 13.523991, 106.0], [11.216386, 14.351966, 123.0], [11.066901, 14.865965, 139.0], [10.973155, 15.147201, 156.0], [11.666666, 15.244444, 290.0], [13.275815, 15.112082, 306.0], [15.240906, 14.791331, 323.0], [16.86222, 14.425385, 340.0], [18.112156, 14.014266, 356.0], [18.990114, 13.593866, 373.0], [19.531889, 12.784798, 390.0], [20.03922, 11.749265, 407.0], [20.33465, 10.766203, 423.0], [20.300001, 10.148573, 440.0], [20.300001, 9.904762, 457.0], [20.300001, 10.150001, 490.0], [20.015392, 10.88998, 506.0], [19.082373, 12.542343, 523.0], [17.802416, 14.68972, 540.0], [16.605555, 17.169445, 557.0], [16.056997, 18.972729, 573.0], [15.660149, 20.59446, 590.0], [15.410869, 21.90701, 606.0], [15.2749605, 23.067066, 623.0]"}