{"Image number":30319,"Image shape":9,"Path":"[17.669903, 11.375563, 0.0], [17.461437, 11.329551, 113.0], [17.27781, 11.039645, 148.0], [17.147285, 10.748249, 166.0], [16.982927, 10.511966, 184.0], [16.84753, 10.250984, 201.0], [16.716957, 10.072312, 219.0], [16.55882, 9.841408, 237.0], [16.261246, 9.562325, 255.0], [15.9539385, 9.269968, 273.0], [15.61639, 9.123663, 290.0], [15.35486, 8.967915, 308.0], [15.093603, 8.875601, 326.0], [14.792631, 8.771343, 343.0], [14.319066, 8.733181, 361.0], [13.785156, 8.786772, 379.0], [13.20763, 8.8109, 397.0], [12.66386, 8.907127, 415.0], [12.144628, 9.201326, 432.0], [11.451633, 9.658591, 450.0], [10.842492, 10.119789, 468.0], [10.364141, 10.564326, 486.0], [9.946281, 10.982439, 503.0], [9.7377405, 11.441352, 521.0], [9.534878, 11.840067, 539.0], [9.469394, 12.391396, 557.0], [9.508979, 12.957325, 574.0], [9.733402, 13.5621395, 592.0], [10.103744, 14.256826, 610.0], [10.499922, 14.840342, 628.0], [10.7529125, 15.301926, 645.0], [11.12862, 15.75967, 663.0], [11.747362, 16.027676, 681.0], [12.358115, 16.179337, 699.0], [13.113465, 16.295515, 717.0], [13.97575, 16.155563, 734.0], [14.602036, 15.986752, 752.0], [15.187624, 15.647893, 770.0], [15.852813, 15.217661, 788.0], [16.476006, 14.551969, 805.0], [16.956905, 13.963746, 823.0], [17.331116, 13.458898, 841.0], [17.600824, 13.058055, 859.0], [17.852097, 12.786457, 876.0], [17.949797, 12.486352, 894.0], [18.080067, 12.286339, 912.0], [18.180529, 12.024609, 947.0], [18.145864, 12.511475, 1089.0], [17.948732, 13.301158, 1107.0], [17.677385, 14.298861, 1125.0], [17.416521, 15.2939, 1143.0], [17.155104, 16.311543, 1161.0], [16.933937, 17.388508, 1178.0], [16.802002, 18.504625, 1196.0], [16.67105, 19.724113, 1214.0], [16.620096, 20.680439, 1232.0], [16.62136, 21.529188, 1249.0], [16.62136, 22.209862, 1267.0], [16.62136, 23.11117, 1285.0], [16.689026, 23.88448, 1303.0], [16.69903, 24.605959, 1320.0], [16.7805, 25.204573, 1338.0], [16.815533, 25.764822, 1356.0], [16.815533, 26.286928, 1374.0], [16.815533, 26.683308, 1391.0], [16.7767, 26.918976, 1403.0]"}