{"Image number":39740,"Image shape":0,"Path":"[12.951746, 9.083064, 0.0], [13.045143, 8.381772, 69.0], [13.139139, 7.7237864, 85.0], [13.32633, 7.118887, 102.0], [13.561547, 6.555573, 119.0], [13.841128, 6.2342825, 135.0], [14.07247, 6.0034814, 152.0], [14.444525, 5.8186173, 185.0], [14.678433, 5.8195834, 201.0], [14.9596195, 5.8669615, 218.0], [15.237387, 6.0074587, 234.0], [15.563175, 6.2409205, 251.0], [15.795893, 6.5686255, 267.0], [16.02957, 6.9904213, 284.0], [16.167286, 7.407395, 301.0], [16.354595, 7.828459, 317.0], [16.587202, 8.293529, 334.0], [16.821457, 8.667989, 350.0], [17.056273, 9.043957, 367.0], [17.334373, 9.366597, 383.0], [17.56512, 9.643793, 400.0], [17.7514, 9.876853, 416.0], [17.890709, 10.203197, 433.0], [18.078438, 10.531647, 449.0], [18.498577, 11.184303, 482.0], [18.730942, 11.46333, 499.0], [18.963219, 11.742256, 516.0], [19.101807, 12.114261, 532.0], [19.195892, 12.444051, 549.0], [19.289154, 12.865232, 565.0], [19.38165, 13.328687, 582.0], [19.47486, 13.8889475, 598.0], [19.568031, 14.401428, 615.0], [19.614655, 14.965465, 631.0], [19.661015, 15.428026, 648.0], [19.708132, 15.94713, 665.0], [19.75445, 16.45697, 681.0], [19.800833, 17.014656, 698.0], [19.800333, 17.38524, 714.0], [19.847006, 17.708578, 731.0], [19.893686, 17.941963, 747.0], [19.940435, 18.269781, 764.0], [19.9401, 18.502798, 780.0], [19.987186, 18.736135, 799.0], [19.9401, 18.966743, 896.0], [19.9401, 19.154112, 1012.0], [19.9401, 19.530136, 1045.0], [19.9401, 20.14074, 1062.0], [19.9401, 20.64744, 1078.0], [19.8931, 21.115414, 1095.0], [19.752565, 21.533852, 1128.0], [19.613556, 21.764713, 1144.0], [19.425737, 21.999477, 1161.0], [19.101233, 22.277071, 1177.0], [18.723003, 22.560911, 1194.0], [18.303135, 22.840532, 1210.0], [17.934755, 23.070665, 1227.0], [17.607758, 23.30458, 1243.0], [17.329216, 23.5372, 1260.0], [16.907183, 23.818434, 1277.0], [16.441769, 24.097567, 1293.0], [16.023182, 24.283085, 1310.0], [15.651275, 24.375454, 1326.0], [15.22868, 24.422075, 1343.0], [14.766668, 24.42142, 1359.0], [14.253052, 24.327595, 1376.0], [13.783857, 24.139093, 1392.0], [13.319433, 23.953197, 1409.0], [12.855904, 23.720768, 1425.0], [11.925814, 22.88173, 1458.0], [11.458336, 22.367268, 1475.0], [10.528065, 21.296537, 1508.0], [9.5959835, 19.944027, 1541.0], [9.126193, 19.427174, 1558.0], [8.709436, 18.91681, 1574.0], [8.290701, 18.26409, 1591.0], [7.9173822, 17.609917, 1608.0], [7.6394424, 16.91252, 1624.0], [7.406576, 16.259699, 1641.0], [7.3142805, 15.608658, 1657.0], [7.267294, 14.901814, 1674.0], [7.2678866, 14.254761, 1690.0], [7.3618917, 13.599525, 1707.0], [7.5951757, 13.043058, 1723.0], [8.06231, 12.38979, 1740.0], [8.6303835, 11.631994, 1756.0], [9.328602, 10.937103, 1773.0], [9.9285965, 10.336694, 1789.0], [10.580174, 9.87243, 1806.0], [11.230404, 9.454456, 1823.0], [11.93222, 9.080164, 1839.0], [12.63459, 8.799747, 1856.0], [13.37838, 8.709176, 1872.0], [14.075447, 8.7100935, 1889.0], [14.735536, 8.852831, 1905.0], [15.2866, 9.085318, 1922.0], [15.89368, 9.365942, 1938.0], [16.407965, 9.647228, 1955.0], [17.008455, 9.830069, 1971.0]"}