{"Image number":36792,"Image shape":6,"Path":"[16.632278, 3.9081168, 0.0], [16.399334, 4.1412225, 37.0], [15.692656, 5.0841117, 54.0], [14.527212, 6.7643437, 70.0], [13.214117, 9.019263, 87.0], [12.147068, 11.537118, 104.0], [11.408496, 14.0445385, 120.0], [11.229258, 18.472181, 153.0], [11.746215, 20.00977, 170.0], [12.724828, 20.83676, 186.0], [13.990054, 21.255634, 203.0], [15.196752, 21.204224, 219.0], [16.37023, 20.73135, 236.0], [17.24746, 20.031506, 252.0], [18.132772, 18.907928, 269.0], [18.827911, 17.744678, 285.0], [19.388256, 16.479557, 302.0], [19.568317, 15.2776165, 319.0], [19.47325, 14.153241, 335.0], [18.958504, 13.132644, 352.0], [18.068323, 12.339188, 368.0], [16.848976, 11.826831, 385.0], [15.594669, 11.59826, 401.0], [14.393091, 11.647338, 418.0], [13.181956, 12.1144905, 434.0], [11.566894, 14.188554, 467.0], [11.40427, 15.002538, 484.0]"}