{"Image number":30597,"Image shape":6,"Path":"[19.572817, 5.158197, 0.0], [19.399101, 5.158197, 42.0], [19.233595, 5.3033323, 78.0], [18.838268, 5.525695, 114.0], [18.577833, 5.696323, 131.0], [18.193857, 5.8253746, 149.0], [17.552452, 6.1549034, 166.0], [17.215044, 6.3572283, 184.0], [16.773046, 6.7055655, 202.0], [16.304216, 7.1464477, 220.0], [15.652704, 7.798357, 238.0], [15.117177, 8.3342085, 255.0], [14.671818, 8.832948, 273.0], [14.364212, 9.245425, 291.0], [14.103803, 9.569954, 309.0], [13.949633, 9.844301, 327.0], [13.695938, 10.267877, 344.0], [13.436985, 10.646807, 362.0], [13.117503, 11.107981, 380.0], [12.791653, 11.564447, 397.0], [12.456883, 11.960152, 415.0], [12.196187, 12.286221, 433.0], [12.017563, 12.576794, 451.0], [11.822909, 12.895714, 468.0], [11.667436, 13.225457, 487.0], [11.47025, 13.601463, 504.0], [11.279016, 14.031466, 522.0], [11.016807, 14.5089, 540.0], [10.7053995, 14.984368, 558.0], [10.454681, 15.365862, 575.0], [10.320596, 15.591296, 593.0], [10.188974, 15.75235, 611.0], [10.098308, 15.920179, 628.0], [9.875027, 16.235876, 664.0], [9.704685, 16.549154, 682.0], [9.536933, 16.981758, 699.0], [9.407118, 17.317682, 717.0], [9.236479, 17.809069, 735.0], [9.136094, 18.233063, 753.0], [9.016027, 18.678267, 771.0], [9.048544, 19.20189, 788.0], [9.048544, 19.61356, 806.0], [9.048544, 19.938866, 824.0], [9.048544, 20.182852, 842.0], [9.19202, 20.372932, 859.0], [9.323657, 20.625526, 877.0], [9.633762, 20.75709, 895.0], [9.960899, 20.92688, 912.0], [10.226138, 21.035046, 930.0], [10.487933, 21.100533, 948.0], [10.898069, 21.243202, 966.0], [11.320389, 21.303913, 984.0], [11.859196, 21.323345, 1001.0], [12.234867, 21.362206, 1019.0], [12.649369, 21.362206, 1037.0], [13.157662, 21.362206, 1055.0], [13.683255, 21.321672, 1072.0], [14.111647, 21.295012, 1090.0], [14.613342, 21.119919, 1108.0], [15.013878, 20.8841, 1126.0], [15.404306, 20.580864, 1143.0], [15.962391, 20.15232, 1162.0], [16.516193, 19.735535, 1179.0], [17.032396, 19.273123, 1197.0], [17.495148, 18.991835, 1214.0], [17.832684, 18.688953, 1232.0], [18.259687, 18.46361, 1251.0], [18.710876, 18.229012, 1268.0], [19.121027, 18.03268, 1285.0], [19.51281, 17.797812, 1303.0], [19.83279, 17.582857, 1321.0], [20.13259, 17.315813, 1339.0], [20.456457, 17.017702, 1357.0], [20.741785, 16.719358, 1374.0], [21.019608, 16.405075, 1392.0], [21.318066, 16.11921, 1410.0], [21.659712, 15.815634, 1428.0], [21.959217, 15.515943, 1446.0], [22.139404, 15.256188, 1463.0], [22.267944, 14.9972105, 1481.0], [22.291264, 14.730354, 1499.0], [22.231586, 14.355818, 1534.0], [22.10094, 14.159723, 1552.0], [21.928045, 14.008802, 1570.0], [21.669903, 13.804222, 1605.0], [21.277266, 13.745932, 1641.0], [20.68747, 13.864821, 1659.0], [19.971182, 13.998457, 1676.0], [19.107094, 14.200187, 1694.0], [18.301321, 14.479212, 1712.0], [17.687168, 14.761528, 1730.0], [17.214745, 15.022051, 1748.0], [16.63601, 15.470214, 1765.0], [15.993134, 16.033112, 1783.0], [15.262844, 16.620754, 1801.0], [14.793999, 17.155, 1818.0], [14.456988, 17.714111, 1837.0], [14.255834, 18.397594, 1854.0], [14.174759, 19.10691, 1872.0], [14.228874, 19.874796, 1890.0], [14.330097, 20.235306, 1898.0]"}