{"Image number":10819,"Image shape":9,"Path":"[17.577778, 9.566667, 0.0], [17.002584, 9.221551, 21.0], [15.703359, 8.1863365, 38.0], [14.73078, 7.465131, 54.0], [13.967773, 7.342098, 71.0], [12.900429, 7.311111, 88.0], [11.827273, 7.7988386, 104.0], [11.083075, 8.737363, 121.0], [10.496079, 9.768951, 138.0], [10.277025, 10.9874735, 155.0], [10.619187, 12.252122, 171.0], [11.3261, 13.346809, 188.0], [12.422195, 13.920447, 205.0], [13.610369, 14.003413, 222.0], [15.19833, 13.011055, 238.0], [16.760162, 10.662453, 255.0], [17.70861, 8.914568, 272.0], [18.253141, 7.5671473, 288.0], [18.306133, 7.10209, 305.0], [17.947693, 7.291197, 339.0], [17.430775, 8.41704, 355.0], [16.803856, 9.853923, 372.0], [16.075346, 11.91868, 389.0], [15.624657, 14.604054, 405.0], [15.442286, 16.958717, 422.0], [15.373376, 19.041773, 439.0], [15.319718, 20.725113, 460.0], [15.26553, 22.067307, 472.0], [15.176338, 23.003672, 489.0], [15.250182, 23.76238, 506.0]"}