{"Image number":36603,"Image shape":7,"Path":"[11.507487, 8.756715, 0.0], [12.213184, 9.039563, 69.0], [13.104545, 9.367594, 86.0], [14.135163, 9.69509, 102.0], [15.212825, 9.78454, 119.0], [16.36945, 9.78238, 135.0], [17.437437, 9.78238, 152.0], [18.422218, 9.78238, 168.0], [19.020468, 9.78238, 185.0], [19.387287, 9.78238, 201.0], [19.240019, 10.53131, 251.0], [18.816656, 11.472545, 268.0], [17.599775, 13.906026, 301.0], [16.857527, 15.34522, 317.0], [15.50908, 18.278236, 350.0], [14.898919, 19.735508, 367.0], [14.3465185, 21.071705, 383.0], [13.974481, 22.237183, 400.0], [13.694237, 23.172434, 416.0]"}