{"Image number":40091,"Image shape":0,"Path":"[21.135984, 5.6165457, 0.0], [20.507544, 5.8213816, 76.0], [19.99636, 5.985281, 92.0], [19.17819, 6.3654714, 108.0], [18.117685, 6.8746066, 125.0], [16.917543, 7.6517797, 142.0], [15.894579, 8.353698, 159.0], [14.937298, 9.018982, 175.0], [13.913002, 9.821796, 192.0], [12.85041, 10.691029, 208.0], [11.735529, 11.803607, 225.0], [10.800223, 12.887714, 242.0], [9.98116, 14.000137, 258.0], [9.30437, 15.070033, 275.0], [8.708807, 16.086405, 292.0], [8.275516, 16.948818, 308.0], [7.89635, 17.7634, 325.0], [7.6653214, 18.42225, 342.0], [7.4342446, 18.908846, 359.0], [7.258922, 19.389194, 375.0], [7.134349, 19.782598, 392.0], [7.068377, 20.153206, 408.0], [7.045328, 20.343025, 425.0], [7.2255917, 20.644701, 458.0], [7.563235, 20.844343, 476.0], [8.190957, 21.046858, 492.0], [9.198473, 21.06169, 508.0], [10.602097, 20.760714, 525.0], [12.042597, 20.29886, 542.0], [13.355522, 19.844246, 558.0], [14.552679, 19.258554, 575.0], [15.759876, 18.542307, 592.0], [16.964804, 17.5544, 608.0], [17.840569, 16.614534, 625.0], [18.42623, 15.601683, 642.0], [18.78431, 14.585118, 658.0], [19.062874, 13.571335, 675.0], [19.285786, 12.583576, 692.0], [19.419867, 11.952673, 708.0], [19.56398, 11.1484995, 725.0], [19.724064, 10.40837, 742.0], [19.81406, 9.664132, 758.0], [19.934273, 9.0103855, 775.0], [20.11641, 8.420685, 792.0], [20.247776, 7.8584685, 808.0], [20.333025, 7.5599785, 826.0]"}