{"Image number":10908,"Image shape":4,"Path":"[12.25, 7.3888893, 0.0], [12.226425, 7.8898234, 23.0], [12.053627, 8.915682, 40.0], [11.559579, 10.338377, 56.0], [11.138863, 11.743975, 73.0], [10.690734, 13.337757, 90.0], [10.325, 15.108334, 107.0], [10.20134, 16.294373, 123.0], [10.14241, 17.379574, 140.0], [10.150001, 17.892637, 157.0], [10.188239, 18.158512, 173.0], [10.517006, 18.11372, 207.0], [10.97492, 17.818573, 224.0], [11.802777, 17.266666, 240.0], [13.121953, 16.680367, 257.0], [14.959551, 16.159924, 274.0], [16.605555, 15.925001, 290.0], [17.653212, 15.909773, 307.0], [18.608738, 15.751073, 324.0], [19.412308, 15.363459, 340.0], [19.848328, 14.873026, 357.0], [20.037092, 14.334111, 374.0], [19.903654, 13.506528, 390.0], [19.619663, 12.707491, 407.0], [19.470581, 12.362836, 424.0], [19.156807, 11.932862, 441.0], [18.935383, 11.603076, 457.0], [18.716713, 11.948025, 491.0], [18.45176, 12.739168, 508.0], [18.162603, 14.225866, 524.0], [17.836319, 16.351318, 541.0], [17.624367, 18.624695, 558.0], [17.44366, 20.53085, 574.0], [17.3296, 22.248648, 591.0], [17.344444, 23.527779, 608.0], [17.44244, 24.465754, 625.0], [17.654778, 25.255606, 641.0], [17.679905, 25.661934, 658.0], [17.654957, 25.942484, 675.0]"}