{"Image number":15215,"Image shape":7,"Path":"[5.9335938, 9.171296, 0.0], [7.2754893, 9.171296, 131.0], [8.14925, 9.171296, 147.0], [9.178975, 9.171296, 164.0], [10.273701, 9.039293, 180.0], [11.473637, 8.955931, 197.0], [12.509656, 8.855333, 214.0], [13.458478, 8.703995, 232.0], [14.178664, 8.636574, 248.0], [14.821379, 8.587963, 264.0], [15.377466, 8.539351, 281.0], [15.890731, 8.441338, 298.0], [16.414568, 8.343428, 315.0], [16.933548, 8.192139, 332.0], [17.500738, 8.080101, 348.0], [17.880508, 8.053241, 365.0], [18.205101, 8.053241, 381.0], [18.421486, 8.053241, 397.0], [18.60518, 8.189644, 414.0], [18.726582, 8.199074, 431.0], [18.842972, 8.247685, 447.0], [18.98802, 8.247685, 465.0], [19.131968, 8.296296, 481.0], [19.315714, 8.367645, 499.0], [19.441406, 8.417824, 514.0], [19.584238, 8.471869, 530.0], [19.763538, 8.577309, 565.0], [19.934336, 8.636574, 598.0], [20.103716, 8.733796, 632.0], [20.19115, 8.900009, 665.0], [20.179688, 9.128907, 681.0], [20.064442, 9.7182455, 698.0], [19.874046, 10.390676, 715.0], [19.540266, 11.449784, 733.0], [19.12632, 12.464576, 747.0], [18.60781, 13.735445, 764.0], [18.192123, 14.769853, 781.0], [17.695574, 15.96697, 798.0], [17.43164, 16.80324, 815.0], [17.101665, 17.830654, 833.0], [16.833986, 18.749762, 847.0], [16.526937, 19.776905, 864.0], [16.208172, 20.691744, 881.0], [15.900961, 21.548172, 898.0], [15.433766, 22.671892, 914.0], [15.029333, 23.489677, 931.0], [14.42734, 24.441721, 947.0], [13.978664, 25.202282, 964.0], [13.890625, 25.407408, 979.0]"}