{"Image number":36928,"Image shape":1,"Path":"[15.141432, 10.15535, 0.0], [15.094841, 10.574941, 37.0], [14.764085, 11.804312, 53.0], [14.2005205, 13.587623, 70.0], [13.546867, 15.64316, 86.0], [13.130639, 17.460606, 103.0], [12.757165, 19.096, 119.0], [12.431709, 20.395636, 136.0], [12.192298, 21.403372, 153.0], [12.107577, 21.98671, 169.0]"}