{"Image number":10608,"Image shape":3,"Path":"[7.0388885, 10.111111, 0.0], [7.1342697, 9.929152, 23.0], [7.431967, 9.522193, 40.0], [8.146012, 8.975288, 57.0], [8.929239, 8.632398, 73.0], [10.4843, 8.232553, 90.0], [12.618797, 8.105108, 107.0], [14.180912, 8.088889, 123.0], [15.663855, 8.186211, 140.0], [16.485214, 8.636789, 157.0], [17.092451, 9.010347, 173.0], [17.427217, 9.443698, 190.0], [17.48114, 9.744586, 207.0], [17.454971, 10.379241, 223.0], [17.002783, 11.107629, 240.0], [16.113197, 12.026123, 257.0], [15.18409, 13.01848, 273.0], [14.563889, 13.513889, 290.0], [13.7592945, 14.019191, 307.0], [13.032586, 14.306269, 323.0], [12.716213, 14.408447, 340.0], [12.338436, 14.513621, 357.0], [12.041085, 14.614082, 373.0], [12.338671, 14.644424, 424.0], [13.171631, 14.699312, 440.0], [14.30119, 14.75323, 457.0], [15.555939, 14.806539, 474.0], [16.627256, 14.896513, 490.0], [17.554962, 15.17368, 507.0], [18.186226, 15.575073, 524.0], [18.746595, 16.008389, 541.0], [18.954643, 16.489384, 557.0], [19.164337, 17.087456, 574.0], [19.33389, 17.757782, 590.0], [19.354641, 18.106623, 607.0], [19.366667, 18.743708, 624.0], [19.092081, 19.513283, 641.0], [18.430426, 20.257214, 657.0], [17.596136, 21.09831, 674.0], [16.636059, 21.973585, 691.0], [15.566673, 22.896107, 707.0], [14.431852, 23.601181, 724.0], [13.568967, 23.971563, 741.0], [12.814362, 24.233614, 757.0], [12.217546, 24.339739, 774.0], [11.625434, 24.344444, 791.0], [11.037421, 24.297846, 807.0], [10.848875, 24.258438, 824.0], [10.577608, 24.188856, 841.0], [10.343063, 24.095005, 858.0], [10.150001, 23.877777, 874.0]"}