{"Image number":36580,"Image shape":7,"Path":"[10.249584, 9.129684, 0.0], [10.626735, 8.846784, 68.0], [11.093983, 8.56675, 85.0], [11.841543, 8.24041, 102.0], [12.6325865, 8.008728, 118.0], [13.670624, 7.8206472, 135.0], [14.639599, 7.777165, 151.0], [15.704572, 7.6840754, 168.0], [16.777899, 7.5906777, 184.0], [17.664536, 7.5441823, 201.0], [18.318668, 7.544566, 217.0], [18.640915, 7.544566, 234.0], [18.539396, 8.112367, 267.0], [18.166725, 9.043925, 283.0], [17.5593, 10.493055, 300.0], [16.944601, 12.245982, 316.0], [16.342697, 14.102463, 333.0], [15.834201, 15.911265, 350.0], [15.269168, 17.747099, 366.0], [14.711807, 19.464808, 383.0], [14.293503, 21.196304, 399.0], [14.020261, 22.57175, 416.0], [13.882516, 23.730536, 432.0], [13.742821, 24.379187, 449.0], [13.597258, 24.814606, 465.0]"}