{"Image number":35671,"Image shape":0,"Path":"[16.818634, 7.358081, 0.0], [16.064114, 7.9233875, 53.0], [14.850956, 8.764295, 70.0], [13.134399, 10.205075, 86.0], [11.34519, 12.043336, 103.0], [9.5904875, 13.939057, 119.0], [8.237817, 15.855069, 136.0], [7.3080945, 17.626867, 152.0], [6.894061, 19.344294, 169.0], [6.8951745, 20.84295, 185.0], [7.4081755, 21.951637, 202.0], [8.528723, 22.55816, 218.0], [10.174417, 22.697977, 235.0], [12.210641, 22.22924, 251.0], [14.45199, 21.20025, 268.0], [16.735716, 19.518656, 284.0], [18.974073, 17.557302, 301.0], [20.935474, 15.404901, 318.0], [22.522627, 13.440565, 334.0], [23.389135, 11.737641, 351.0], [23.807346, 10.43396, 367.0], [23.480124, 9.500538, 384.0], [22.733772, 8.755044, 400.0], [21.285534, 8.3354845, 417.0], [19.28737, 8.24386, 433.0], [16.855263, 8.477947, 450.0], [14.223677, 9.090628, 467.0], [11.825376, 10.205772, 483.0], [9.7760935, 11.672638, 500.0], [8.754498, 12.723753, 516.0]"}