{"Image number":37012,"Image shape":1,"Path":"[16.5391, 8.010777, 0.0], [16.399334, 8.523609, 35.0], [15.836828, 9.8370285, 52.0], [15.089571, 11.941782, 69.0], [14.15325, 14.376781, 85.0], [13.452738, 16.673244, 102.0], [12.852613, 18.801348, 118.0], [12.57286, 20.591, 135.0], [12.381594, 22.033699, 152.0], [12.34348, 22.787447, 168.0]"}