{"Image number":37288,"Image shape":7,"Path":"[9.550749, 8.290504, 0.0], [9.878321, 8.477403, 52.0], [10.442281, 8.618439, 68.0], [11.234945, 8.804982, 85.0], [12.032754, 8.898085, 102.0], [12.913414, 9.084804, 118.0], [13.701603, 9.270592, 134.0], [14.549416, 9.411688, 151.0], [15.2488, 9.504548, 168.0], [15.751026, 9.502654, 184.0], [16.123917, 9.54979, 201.0], [16.402328, 9.596396, 217.0], [16.63559, 9.832314, 234.0], [16.725754, 10.249924, 250.0], [16.725456, 10.81379, 267.0], [16.725456, 11.467198, 283.0], [16.678585, 12.023608, 300.0], [16.632202, 12.720653, 316.0], [16.585606, 13.373378, 333.0], [16.492218, 14.120499, 352.0], [16.445576, 14.822647, 369.0], [16.351725, 15.524429, 383.0], [16.258976, 16.267435, 399.0], [16.118814, 17.013908, 416.0], [16.02516, 17.813662, 432.0], [15.979716, 18.552214, 449.0], [15.932808, 19.256014, 465.0], [15.933444, 19.999996, 482.0], [15.886555, 20.696247, 498.0], [15.886856, 21.399286, 515.0], [15.886856, 22.097748, 532.0], [15.840174, 22.837763, 548.0], [15.7932205, 23.683712, 565.0], [15.746537, 24.430246, 581.0], [15.7470875, 25.124554, 598.0], [15.700104, 25.68493, 614.0]"}