{"Image number":36504,"Image shape":6,"Path":"[13.836939, 4.560814, 0.0], [12.991842, 5.124599, 53.0], [12.107231, 6.058919, 70.0], [11.035519, 7.459258, 86.0], [10.292614, 9.044011, 103.0], [9.782154, 10.953651, 119.0], [9.54932, 12.777282, 136.0], [9.73952, 14.513478, 152.0], [10.2072, 16.0435, 169.0], [11.055912, 17.404707, 185.0], [12.079636, 18.51481, 202.0], [13.379568, 19.298267, 219.0], [14.790182, 19.766464, 235.0], [16.234188, 19.99583, 252.0], [17.78471, 19.894108, 268.0], [18.754932, 19.755733, 285.0], [19.967175, 19.139683, 301.0], [20.65678, 18.101372, 318.0], [21.344744, 16.385363, 334.0], [21.290722, 14.519342, 353.0], [21.05508, 12.742145, 368.0], [20.682909, 11.263783, 384.0], [20.171953, 10.3398485, 403.0], [19.561409, 9.82394, 417.0], [17.798113, 10.108358, 450.0], [16.769558, 10.949948, 469.0], [15.136959, 13.802349, 500.0], [14.814035, 15.3831005, 516.0], [14.815308, 16.930874, 533.0], [15.208619, 18.342155, 549.0], [15.58012, 19.052168, 566.0]"}