{"Image number":38403,"Image shape":2,"Path":"[10.855241, 5.7263412, 0.0], [11.088186, 5.7263412, 54.0], [11.744682, 5.7263412, 70.0], [12.630293, 5.9138107, 87.0], [13.609218, 6.475268, 104.0], [14.452251, 7.3682785, 120.0], [15.334463, 8.391482, 137.0], [16.034822, 9.421448, 153.0], [16.587456, 10.485086, 170.0], [16.866623, 11.559348, 186.0], [16.9593, 12.49538, 203.0], [16.911453, 13.379038, 219.0], [16.724749, 14.261373, 236.0], [16.206385, 15.249651, 252.0], [15.459103, 16.321495, 269.0], [14.525503, 17.487719, 286.0], [13.506418, 18.598576, 302.0], [12.429076, 19.723324, 319.0], [11.409939, 20.649082, 335.0], [10.568499, 21.58554, 352.0], [9.869349, 22.284374, 368.0], [9.308248, 22.751022, 385.0], [8.891157, 23.075119, 401.0], [8.661415, 23.164307, 418.0], [8.90172, 23.161842, 501.0], [9.747142, 23.068287, 517.0], [10.827889, 22.974485, 534.0], [13.494518, 22.977283, 567.0], [14.831484, 23.117702, 583.0], [15.945763, 23.257431, 600.0], [16.824265, 23.443562, 616.0], [17.477497, 23.583656, 633.0], [17.988644, 23.676443, 650.0], [18.217972, 23.722435, 666.0]"}