{"Image number":36780,"Image shape":0,"Path":"[16.865225, 6.4256587, 0.0], [16.115297, 6.5195947, 52.0], [14.950026, 6.9403105, 69.0], [13.454707, 7.7361126, 85.0], [12.106192, 8.996299, 102.0], [10.853049, 10.484297, 118.0], [9.77559, 12.407619, 135.0], [8.889896, 14.558588, 151.0], [8.522931, 16.74574, 168.0], [8.478896, 18.84057, 184.0], [8.998464, 20.338507, 201.0], [9.927041, 21.395166, 218.0], [11.145329, 21.908344, 234.0], [12.695257, 22.140476, 251.0], [14.432121, 21.994186, 267.0], [16.29656, 21.5692, 284.0], [18.064259, 20.67456, 300.0], [19.725792, 19.418968, 317.0], [20.843712, 17.726944, 333.0], [21.438738, 15.912986, 350.0], [21.430948, 14.09463, 366.0], [21.05136, 12.551269, 383.0], [20.206158, 11.158537, 400.0], [18.946798, 10.096001, 416.0], [17.687235, 9.116771, 433.0], [16.340935, 8.28317, 449.0], [15.166954, 7.768398, 466.0], [14.002488, 7.6788096, 482.0], [13.3854265, 7.8801227, 499.0]"}