{"Image number":37672,"Image shape":8,"Path":"[19.5208, 6.2857957, 0.0], [19.146542, 6.0980735, 54.0], [18.72669, 5.818186, 71.0], [18.118692, 5.443883, 87.0], [17.374561, 5.259344, 104.0], [16.438835, 5.166178, 120.0], [15.558055, 5.1668878, 137.0], [14.668266, 5.213892, 153.0], [13.974149, 5.3538833, 170.0], [13.414495, 5.5877876, 186.0], [12.950178, 5.9139247, 203.0], [12.624025, 6.3344717, 220.0], [12.43716, 6.756753, 236.0], [12.391796, 7.227059, 253.0], [12.392678, 7.640541, 269.0], [12.486094, 8.198689, 286.0], [12.723631, 8.815901, 302.0], [13.094318, 9.413972, 319.0], [13.564439, 9.977311, 335.0], [14.168146, 10.627042, 352.0], [14.827474, 11.428904, 368.0], [15.569388, 12.12156, 385.0], [16.269178, 12.916899, 402.0], [16.922174, 13.663784, 418.0], [17.527473, 14.599758, 435.0], [18.084953, 15.62546, 451.0], [18.452341, 16.738209, 468.0], [18.636177, 17.804493, 484.0], [18.68254, 18.834478, 501.0], [18.729094, 19.718521, 517.0], [18.635342, 20.601015, 534.0], [18.307053, 21.396952, 551.0], [17.747137, 22.094463, 567.0], [17.143417, 22.744503, 584.0], [16.342934, 23.167847, 600.0], [15.363819, 23.445395, 617.0], [14.144645, 23.489704, 633.0], [12.992473, 23.442142, 650.0], [11.911887, 22.92241, 666.0], [11.123549, 22.125748, 683.0], [10.714727, 20.96938, 699.0], [10.715623, 18.825684, 732.0], [10.9952965, 17.70682, 749.0], [11.606961, 16.436117, 766.0], [12.260473, 15.175838, 782.0], [12.95836, 14.060936, 799.0], [13.65187, 13.277505, 815.0], [14.350744, 12.81187, 832.0], [14.965532, 12.528197, 848.0], [15.515382, 12.252682, 865.0], [16.032154, 11.970555, 881.0], [16.58809, 11.645824, 898.0], [17.197807, 11.223161, 914.0], [17.84617, 10.665971, 931.0], [18.45222, 9.965434, 947.0], [19.430775, 8.611942, 981.0], [19.80088, 7.54156, 1014.0], [19.567318, 7.031584, 1030.0], [19.191614, 6.608698, 1047.0], [18.680803, 6.144665, 1063.0], [18.072529, 5.8643527, 1080.0]"}