{"Image number":39101,"Image shape":4,"Path":"[19.148087, 15.237055, 0.0], [18.82054, 15.33077, 53.0], [18.260338, 15.517633, 69.0], [17.608059, 15.797618, 86.0], [17.003902, 16.123442, 102.0], [16.350237, 16.450459, 119.0], [15.740427, 16.873407, 135.0], [14.945324, 17.246357, 152.0], [14.202158, 17.477215, 169.0], [13.262834, 17.569616, 185.0], [12.385111, 17.568111, 202.0], [11.460063, 17.568111, 218.0], [10.714305, 17.428028, 235.0], [10.109514, 17.241669, 251.0], [9.783637, 17.008615, 268.0], [9.596763, 16.86836, 284.0], [9.457459, 16.542002, 317.0], [9.504873, 16.305761, 334.0], [9.644173, 15.935712, 351.0], [10.019329, 15.466794, 367.0], [10.999388, 14.393091, 400.0], [11.51387, 13.784249, 417.0], [12.068966, 13.0426445, 433.0], [12.68299, 12.191748, 450.0], [13.232742, 11.225075, 466.0], [13.791002, 10.107419, 483.0], [14.6297455, 7.868628, 516.0], [15.001596, 6.5191674, 549.0], [15.140862, 6.1474485, 566.0], [15.187776, 5.960425, 582.0], [15.18802, 6.1925535, 648.0], [15.702753, 9.653789, 681.0], [15.981224, 11.796233, 698.0], [16.120256, 13.985439, 714.0], [15.979957, 18.269094, 748.0], [15.792273, 20.146322, 764.0], [15.560366, 23.07453, 797.0], [15.467266, 24.051456, 814.0], [15.420568, 24.659702, 830.0], [15.420965, 25.047215, 847.0], [15.420965, 25.272379, 863.0]"}