{"Image number":39349,"Image shape":3,"Path":"[12.346089, 10.341834, 0.0], [12.533116, 9.8736105, 52.0], [12.907667, 9.171597, 69.0], [13.465813, 8.241235, 85.0], [14.166577, 7.494191, 102.0], [14.910962, 7.030185, 119.0], [15.564171, 6.7973986, 135.0], [16.07827, 6.9398723, 152.0], [16.400702, 7.313022, 168.0], [16.540865, 8.0196, 185.0], [16.585775, 8.851475, 205.0], [16.58569, 9.692961, 218.0], [16.538414, 10.493372, 234.0], [16.351974, 11.2307205, 251.0], [16.072155, 11.929596, 267.0], [15.745905, 12.582017, 284.0], [15.321955, 13.146882, 300.0], [14.906065, 13.561114, 320.0], [14.3020115, 13.838584, 350.0], [14.53616, 13.88504, 449.0], [15.14184, 13.978346, 466.0], [15.799883, 14.072413, 483.0], [16.548126, 14.260266, 499.0], [17.145355, 14.444678, 516.0], [17.611925, 14.678238, 532.0], [17.983536, 14.817529, 549.0], [18.265444, 15.146787, 565.0], [18.403616, 15.566266, 582.0], [18.495838, 16.454025, 615.0], [18.402187, 17.011505, 631.0], [18.214205, 17.621567, 648.0], [17.84041, 18.273005, 664.0], [17.372446, 18.833197, 681.0], [16.90616, 19.440313, 698.0], [16.351248, 19.94716, 714.0], [15.789236, 20.462694, 731.0], [15.228264, 20.977274, 747.0], [14.67066, 21.441736, 764.0], [14.157954, 21.908522, 780.0], [13.4989, 22.331131, 797.0], [12.854135, 22.745909, 813.0], [12.1493, 23.074276, 830.0], [11.362392, 23.304081, 846.0]"}