{"Image number":10728,"Image shape":3,"Path":"[6.688889, 5.288889, 0.0], [6.8444443, 5.327778, 31.0], [7.651865, 5.327778, 48.0], [8.332052, 5.327778, 65.0], [9.77521, 5.327778, 82.0], [11.153915, 5.363519, 98.0], [12.605249, 5.5768766, 115.0], [13.785041, 6.153631, 131.0], [14.716642, 6.6826653, 148.0], [15.361111, 7.3499994, 165.0], [15.769315, 7.793828, 181.0], [16.134811, 8.29231, 198.0], [16.41932, 8.762312, 215.0], [16.676659, 9.129544, 231.0], [16.988817, 9.495286, 248.0], [17.223143, 9.823372, 265.0], [17.398716, 10.097859, 282.0], [17.5, 10.422222, 298.0], [17.531258, 10.687538, 315.0], [17.538889, 11.009866, 332.0], [17.538889, 11.316667, 349.0], [17.538889, 11.540693, 365.0], [17.538889, 11.763338, 382.0], [17.341835, 11.941498, 398.0], [17.03438, 12.158562, 415.0], [16.430557, 12.425, 432.0], [15.656485, 12.648941, 449.0], [14.65226, 12.915488, 466.0], [13.689937, 13.095157, 482.0], [12.647334, 13.259777, 499.0], [11.719952, 13.369221, 516.0], [11.047852, 13.474433, 532.0], [10.524839, 13.539215, 549.0], [10.307739, 13.587342, 566.0], [10.103992, 13.611111, 599.0], [10.267793, 13.650001, 632.0], [10.424617, 13.702651, 649.0], [10.813883, 13.757291, 666.0], [11.340557, 13.848788, 683.0], [12.077309, 14.06177, 699.0], [13.125349, 14.455536, 716.0], [14.225751, 14.891411, 733.0], [14.8705845, 15.259662, 749.0], [15.690159, 15.92611, 766.0], [16.144373, 16.32355, 783.0], [16.698814, 16.959793, 799.0], [17.162338, 17.555338, 816.0], [17.546032, 18.104649, 833.0], [17.887196, 18.813036, 849.0], [18.073336, 19.336674, 866.0], [18.232958, 19.76764, 883.0], [18.396496, 20.267944, 900.0], [18.449837, 20.648848, 916.0], [18.407372, 20.961323, 933.0], [18.228197, 21.371384, 950.0], [17.95214, 21.694096, 966.0], [17.116703, 22.16387, 983.0], [16.222963, 22.4439, 1000.0], [14.961526, 22.695711, 1017.0], [13.484775, 22.912495, 1033.0], [12.061674, 23.052721, 1050.0], [10.66257, 23.193396, 1066.0], [9.490033, 23.259205, 1083.0], [8.624497, 23.255556, 1100.0], [7.923052, 23.044722, 1117.0], [7.6103854, 22.924154, 1133.0], [7.0194445, 22.536112, 1150.0]"}