{"Image number":30640,"Image shape":2,"Path":"[12.310679, 6.7902555, 0.0], [12.116505, 6.6736794, 91.0], [12.372223, 6.4459066, 162.0], [12.5631075, 6.3822403, 180.0], [12.765608, 6.3146996, 198.0], [13.14328, 6.2498665, 216.0], [13.618693, 6.1457796, 233.0], [14.284412, 5.98316, 251.0], [14.628551, 5.937814, 269.0], [14.930023, 5.8576508, 287.0], [15.190657, 5.8576508, 305.0], [15.369141, 5.8576508, 322.0], [15.595856, 5.8576508, 340.0], [15.858076, 5.8576508, 358.0], [16.080631, 5.8576508, 376.0], [16.404915, 5.8576508, 393.0], [16.789564, 5.9655623, 411.0], [17.18052, 6.0182443, 429.0], [17.474215, 6.1483326, 447.0], [17.734417, 6.3335104, 464.0], [17.99713, 6.4918036, 482.0], [18.257214, 6.756186, 500.0], [18.51649, 7.071961, 518.0], [18.736311, 7.3581104, 535.0], [18.866985, 7.6567817, 553.0], [18.990292, 7.9171505, 571.0], [19.07508, 8.139945, 589.0], [19.140295, 8.395618, 606.0], [19.184465, 8.622714, 624.0], [19.184465, 8.836214, 642.0], [19.184465, 9.067394, 660.0], [19.184465, 9.316058, 678.0], [19.056768, 9.682928, 695.0], [18.955484, 9.96658, 713.0], [18.873787, 10.243745, 731.0], [18.718414, 10.533671, 749.0], [18.486567, 10.868989, 766.0], [18.213066, 11.057236, 784.0], [17.867302, 11.318581, 802.0], [17.507477, 11.536668, 820.0], [17.210842, 11.757186, 837.0], [16.89611, 11.96447, 855.0], [16.528273, 12.199303, 873.0], [16.195875, 12.475137, 891.0], [15.730959, 12.761765, 908.0], [15.269972, 13.023128, 926.0], [14.8455715, 13.324358, 944.0], [14.511634, 13.642001, 962.0], [14.193092, 13.761314, 979.0], [13.92599, 13.994851, 997.0], [13.553399, 14.3093815, 1016.0], [13.158286, 14.599982, 1033.0], [12.656715, 14.992885, 1050.0], [12.282018, 15.44923, 1068.0], [12.002275, 15.7642975, 1086.0], [11.777587, 16.066841, 1104.0], [11.5597725, 16.385197, 1122.0], [11.349025, 16.709711, 1139.0], [10.926726, 17.11251, 1157.0], [10.534452, 17.56809, 1175.0], [10.14231, 17.975119, 1193.0], [9.867162, 18.289293, 1210.0], [9.631285, 18.590004, 1228.0], [9.487246, 18.852211, 1246.0], [9.35656, 19.07488, 1264.0], [9.2265415, 19.268694, 1281.0], [9.043015, 19.517323, 1299.0], [8.964847, 19.700335, 1317.0], [8.795747, 19.934708, 1335.0], [8.577952, 20.201021, 1370.0], [8.504854, 20.371313, 1459.0], [8.768524, 20.490137, 1512.0], [9.144014, 20.555618, 1530.0], [9.682394, 20.585032, 1548.0], [10.204464, 20.670183, 1566.0], [10.7781515, 20.751423, 1583.0], [11.405135, 20.932016, 1601.0], [11.928291, 21.062542, 1619.0], [12.39982, 21.244997, 1637.0], [12.934055, 21.40182, 1654.0], [13.492962, 21.635822, 1672.0], [14.070247, 21.779364, 1690.0], [14.539301, 22.028439, 1708.0], [14.936381, 22.184725, 1725.0], [15.261531, 22.325655, 1743.0], [15.671098, 22.457115, 1761.0], [16.090689, 22.655668, 1779.0], [16.488426, 22.79449, 1796.0], [16.800257, 22.969543, 1814.0], [17.124626, 23.09466, 1832.0], [17.397398, 23.16896, 1850.0], [17.735155, 23.279491, 1868.0], [18.100716, 23.29926, 1885.0], [18.433168, 23.364614, 1903.0], [18.759937, 23.430008, 1921.0], [19.087275, 23.460566, 1939.0], [19.417475, 23.382847, 1952.0]"}