{"Image number":35794,"Image shape":3,"Path":"[12.579036, 8.476988, 0.0], [13.237819, 8.476988, 53.0], [14.173664, 8.476988, 69.0], [15.34169, 8.476988, 86.0], [16.081024, 8.712538, 102.0], [16.63634, 9.038813, 119.0], [16.865513, 9.596586, 135.0], [16.865225, 10.297357, 152.0], [16.535446, 11.3323765, 168.0], [15.884189, 12.39755, 185.0], [14.947327, 13.427358, 202.0], [14.017593, 14.263142, 218.0], [13.365932, 14.727877, 235.0], [12.994243, 14.959887, 251.0], [13.329181, 15.003948, 284.0], [13.9842825, 15.003948, 301.0], [14.918015, 15.098145, 317.0], [15.845962, 15.331721, 334.0], [16.636461, 15.798968, 350.0], [17.196045, 16.36066, 367.0], [17.522535, 17.160835, 384.0], [17.659006, 18.045525, 400.0], [17.375864, 19.019812, 417.0], [16.72061, 19.999685, 433.0], [15.734978, 20.98357, 450.0], [14.523031, 21.866575, 466.0], [13.214037, 22.66029, 483.0], [11.953261, 23.338455, 499.0], [11.332154, 23.695818, 516.0]"}