{"Image number":35850,"Image shape":2,"Path":"[9.131447, 5.0270247, 0.0], [9.83403, 4.9804034, 52.0], [10.817187, 4.9804034, 69.0], [12.132878, 5.2643614, 86.0], [13.24024, 5.7300763, 102.0], [14.216202, 6.3834085, 118.0], [15.5646, 7.9241176, 152.0], [15.842919, 8.90587, 168.0], [15.653534, 10.017742, 185.0], [15.2339115, 11.416445, 201.0], [14.299827, 12.957572, 218.0], [13.042114, 14.447827, 234.0], [11.596457, 15.8004465, 251.0], [8.937071, 17.853485, 284.0], [8.055393, 18.41014, 301.0], [7.5905385, 18.78304, 317.0], [7.7840576, 18.967974, 350.0], [8.38885, 19.013582, 367.0], [10.953972, 19.246841, 400.0], [12.537479, 19.38678, 416.0], [14.166975, 19.666733, 433.0], [15.84833, 20.08767, 449.0], [17.429886, 20.600296, 466.0], [18.967514, 21.253635, 483.0], [20.4196, 21.862965, 499.0], [21.63156, 22.445934, 516.0], [22.30705, 22.858814, 532.0]"}