{"Image number":37206,"Image shape":9,"Path":"[10.202994, 14.118147, 0.0], [10.063112, 13.697865, 202.0], [9.969039, 13.038785, 219.0], [9.922434, 12.617021, 235.0], [9.923461, 12.244873, 252.0], [9.923461, 11.9213915, 268.0], [9.923461, 11.644645, 285.0], [9.923461, 11.363758, 301.0], [9.923461, 11.131578, 318.0], [9.923461, 10.850766, 334.0], [9.970811, 10.617752, 351.0], [10.017037, 10.386457, 367.0], [10.111424, 10.151327, 384.0], [10.204387, 9.918763, 400.0], [10.342979, 9.595569, 433.0], [10.436655, 9.408338, 483.0], [10.529118, 9.176423, 599.0], [10.762065, 9.036442, 715.0], [10.995889, 8.989529, 748.0], [11.276399, 8.942892, 764.0], [11.881422, 8.803054, 781.0], [12.350729, 8.709166, 797.0], [12.719707, 8.569892, 814.0], [12.952877, 8.523382, 831.0], [13.419128, 8.429869, 864.0], [13.65354, 8.383155, 880.0], [13.885288, 8.336772, 897.0], [14.118329, 8.2901325, 913.0], [14.351728, 8.24342, 930.0], [14.722551, 8.150499, 963.0], [15.097004, 8.1506405, 996.0], [15.515651, 8.1506405, 1029.0], [15.98187, 8.010042, 1062.0], [16.25987, 7.964156, 1095.0], [16.492512, 7.8709145, 1261.0], [16.725502, 7.9642, 1443.0], [16.911922, 8.2441025, 1492.0], [17.145945, 8.478174, 1525.0], [17.425648, 8.71145, 1575.0], [17.657738, 8.850457, 1625.0], [17.890656, 9.083538, 1740.0], [17.936771, 9.316234, 1922.0], [17.98336, 9.596042, 1972.0], [17.98336, 9.875547, 2022.0], [17.98336, 10.108856, 2038.0], [17.98336, 10.342149, 2055.0], [18.030071, 10.57556, 2071.0], [18.02995, 10.762434, 2088.0], [18.02995, 10.949588, 2104.0], [18.02995, 11.228862, 2138.0], [18.02995, 11.509484, 2171.0], [18.02995, 11.74155, 2204.0], [17.936533, 12.067532, 2253.0], [17.749891, 12.300447, 2286.0], [17.56344, 12.5336485, 2319.0], [17.42406, 12.766599, 2353.0], [17.236998, 13.000177, 2386.0], [17.050354, 13.186951, 2419.0], [16.911255, 13.419389, 2468.0], [16.725245, 13.698981, 2551.0], [16.49239, 13.931784, 2617.0], [16.259565, 14.118147, 2716.0], [16.119534, 14.351521, 2882.0], [16.026205, 14.631812, 2965.0], [15.980032, 14.865177, 3014.0], [15.933444, 15.0975685, 3064.0], [15.886856, 15.330743, 3097.0], [15.840269, 15.563392, 3130.0], [15.793584, 15.796783, 3163.0], [15.746936, 16.076693, 3196.0], [15.653821, 16.309605, 3229.0], [15.513139, 16.544119, 3246.0], [15.420253, 16.77733, 3262.0], [15.185581, 17.340862, 3279.0], [14.9081745, 18.03494, 3312.0], [14.67486, 18.31507, 3345.0], [14.581662, 18.501936, 3362.0], [14.394929, 18.735256, 3395.0], [14.207935, 19.015942, 3428.0], [13.975338, 19.295143, 3461.0], [13.7893095, 19.621, 3494.0], [13.650124, 19.899624, 3527.0], [13.41743, 20.179308, 3626.0], [13.371048, 20.459326, 3726.0], [13.324458, 20.73867, 3792.0], [13.27787, 20.972223, 3842.0], [13.231008, 21.205378, 3875.0], [13.23128, 21.43799, 3908.0], [13.184691, 21.718716, 3941.0], [13.137404, 22.045835, 3991.0], [13.091514, 22.416672, 4040.0], [13.044924, 22.650417, 4073.0], [12.951437, 22.88354, 4123.0], [12.8109, 23.117105, 4172.0], [12.5787, 23.396423, 4239.0], [12.392206, 23.629095, 4288.0], [12.252525, 23.909357, 4338.0], [12.113144, 24.141706, 4404.0], [12.019966, 24.374939, 4487.0], [11.926788, 24.608047, 4553.0]"}