{"Image number":37166,"Image shape":3,"Path":"[9.783693, 6.7986274, 0.0], [10.11546, 6.515674, 53.0], [10.773089, 6.2818546, 70.0], [11.562216, 6.191595, 87.0], [12.446983, 6.145526, 103.0], [13.941308, 6.0519896, 136.0], [14.591264, 5.958176, 153.0], [15.144869, 5.9125404, 169.0], [15.564629, 5.912827, 185.0], [15.796181, 5.959949, 202.0], [16.027128, 6.193312, 235.0], [16.1198, 6.613032, 268.0], [16.166616, 6.893234, 285.0], [16.166388, 7.317988, 301.0], [16.166388, 7.641885, 318.0], [16.166388, 8.01328, 334.0], [16.166388, 8.484636, 351.0], [16.119602, 8.991979, 367.0], [16.072662, 9.414355, 384.0], [15.978514, 9.693698, 400.0], [15.745638, 10.01742, 433.0], [15.5582695, 10.346143, 450.0], [15.279751, 10.669871, 467.0], [14.951433, 11.045316, 483.0], [14.580429, 11.416056, 500.0], [14.255129, 11.97548, 516.0], [13.974838, 12.489832, 533.0], [13.695637, 13.002051, 549.0], [13.369479, 13.42085, 566.0], [12.997103, 13.793034, 582.0], [12.671714, 14.118646, 599.0], [12.484471, 14.306017, 616.0], [12.252668, 14.584842, 665.0], [12.488849, 14.771591, 715.0], [12.906957, 14.817662, 731.0], [13.475719, 14.769882, 748.0], [14.123484, 14.72372, 764.0], [14.728581, 14.629986, 781.0], [15.376616, 14.584197, 797.0], [15.990119, 14.53696, 814.0], [16.451853, 14.537736, 831.0], [16.821695, 14.537736, 847.0], [17.101036, 14.537736, 864.0], [17.379686, 14.537736, 880.0], [17.612024, 14.772908, 913.0], [17.704586, 15.005846, 930.0], [17.79801, 15.23957, 946.0], [17.891418, 15.520489, 963.0], [17.937128, 15.798649, 979.0], [17.983429, 16.170023, 996.0], [18.077219, 16.451244, 1013.0], [18.123444, 16.683887, 1029.0], [18.263727, 16.916664, 1062.0], [18.310287, 17.104313, 1112.0], [18.356468, 17.47645, 1145.0], [18.356073, 18.08916, 1162.0], [18.356073, 18.603958, 1178.0], [18.308928, 19.11274, 1195.0], [18.262226, 19.390347, 1211.0], [18.075287, 19.856302, 1244.0], [17.981997, 20.183674, 1261.0], [17.888859, 20.55716, 1277.0], [17.795507, 20.883453, 1294.0], [17.703012, 21.301882, 1327.0], [17.609121, 21.53473, 1343.0], [17.515854, 21.862917, 1360.0], [17.144566, 22.4636, 1393.0], [16.90886, 22.793812, 1410.0], [16.677109, 23.024542, 1426.0], [16.350838, 23.162647, 1459.0], [16.11815, 23.162647, 1492.0], [15.886774, 23.20927, 1575.0], [15.557327, 23.256573, 1608.0], [14.94672, 23.303156, 1625.0], [14.437878, 23.349564, 1641.0], [13.973348, 23.39609, 1658.0], [13.740761, 23.395754, 1674.0], [13.270385, 23.443125, 1691.0], [12.755829, 23.489864, 1707.0], [12.340078, 23.488995, 1724.0], [11.830922, 23.394855, 1757.0], [11.455799, 23.301235, 1774.0], [11.086717, 23.162096, 1790.0], [10.7588625, 22.974333, 1807.0], [10.526152, 22.740088, 1823.0], [10.293393, 22.412811, 1840.0], [10.060863, 21.945763, 1856.0], [9.408549, 20.780447, 1889.0], [9.223678, 20.316387, 1906.0], [9.131447, 19.945787, 1933.0]"}