{"Image number":36333,"Image shape":1,"Path":"[15.933444, 6.006069, 0.0], [15.793341, 6.567372, 53.0], [15.559313, 7.503624, 70.0], [15.27947, 8.952122, 86.0], [14.951375, 10.546304, 103.0], [14.580434, 12.355949, 119.0], [14.017225, 14.608645, 136.0], [13.409602, 16.85186, 153.0], [12.903843, 18.972246, 169.0], [12.527153, 20.668936, 186.0], [12.288458, 22.15887, 202.0], [12.201534, 22.923647, 219.0]"}