{"Image number":10565,"Image shape":1,"Path":"[19.094444, 5.0944443, 0.0], [18.659912, 6.32026, 32.0], [18.064947, 7.730987, 49.0], [17.503672, 8.759315, 66.0], [16.411112, 10.616667, 83.0], [15.440643, 12.735788, 99.0], [14.624669, 14.797504, 116.0], [14.024039, 16.623688, 132.0], [13.47604, 18.222471, 149.0], [13.026375, 19.779911, 166.0], [12.755805, 20.911194, 182.0], [12.585837, 21.770813, 199.0], [12.483334, 22.458332, 216.0], [12.408776, 22.808455, 232.0], [12.405556, 23.003204, 249.0], [12.405556, 23.264242, 266.0], [12.405556, 23.449999, 299.0]"}