{"Image number":38738,"Image shape":7,"Path":"[9.597338, 10.528319, 0.0], [10.391271, 9.827604, 86.0], [11.141838, 9.499562, 103.0], [11.935961, 9.172526, 119.0], [12.819153, 8.988311, 136.0], [13.850625, 8.848089, 152.0], [14.86686, 8.756264, 169.0], [15.896637, 8.756715, 185.0], [16.86752, 8.756715, 202.0], [17.705849, 8.756715, 218.0], [18.404175, 8.756715, 235.0], [18.873, 8.803782, 251.0], [19.199112, 8.803335, 268.0], [19.429688, 8.756302, 285.0], [19.707438, 8.663332, 318.0], [19.142376, 9.510446, 433.0], [18.49162, 10.581878, 450.0], [17.649813, 11.985959, 466.0], [16.814672, 13.238293, 483.0], [15.96849, 14.50844, 500.0], [15.086538, 15.714636, 516.0], [14.43497, 16.929586, 533.0], [13.88099, 18.039402, 549.0], [13.318335, 19.212616, 566.0], [12.204844, 21.440893, 599.0], [11.876832, 22.379715, 615.0], [11.501688, 23.269672, 632.0], [11.037367, 24.008602, 649.0], [10.618925, 24.565779, 665.0], [10.387469, 25.031261, 682.0], [10.2483015, 25.403885, 698.0], [10.202321, 25.636936, 715.0]"}