{"Image number":40163,"Image shape":4,"Path":"[13.158187, 5.5906334, 0.0], [12.579793, 6.42931, 78.0], [12.101795, 7.3251534, 95.0], [11.686186, 8.182978, 111.0], [11.227953, 9.139458, 128.0], [10.760197, 10.195149, 145.0], [10.343704, 11.258036, 162.0], [10.045075, 12.273875, 178.0], [9.879282, 13.196366, 195.0], [9.816837, 14.083745, 212.0], [9.816837, 14.573153, 228.0], [10.029654, 15.151343, 244.0], [10.269641, 15.643698, 261.0], [10.545836, 15.906993, 278.0], [10.877738, 16.007431, 294.0], [11.097956, 16.007431, 311.0], [11.349309, 15.945549, 328.0], [11.616012, 15.86705, 345.0], [11.864785, 15.778252, 361.0], [12.097367, 15.669989, 378.0], [12.417912, 15.6225, 394.0], [12.681461, 15.553609, 411.0], [13.047114, 15.513248, 428.0], [13.49776, 15.403857, 444.0], [13.9755745, 15.291229, 461.0], [14.441352, 15.173574, 478.0], [14.988287, 15.014206, 494.0], [15.501112, 14.693519, 511.0], [15.916132, 14.427317, 528.0], [16.278763, 14.13213, 545.0], [16.587112, 13.771308, 561.0], [17.012892, 13.25683, 578.0], [17.426601, 12.650108, 595.0], [17.748764, 12.196617, 611.0], [18.008821, 11.695175, 628.0], [18.24918, 11.211107, 645.0], [18.441736, 10.774016, 661.0], [18.65644, 10.3815365, 678.0], [18.79153, 10.069933, 695.0], [18.893581, 9.93285, 711.0], [18.908419, 9.819005, 728.0], [18.83663, 9.99982, 761.0], [18.31994, 10.841058, 778.0], [17.427647, 12.034046, 795.0], [16.660614, 13.148563, 812.0], [15.9197035, 14.254576, 828.0], [15.229583, 15.252467, 845.0], [14.5718, 16.270096, 861.0], [13.98145, 17.266119, 879.0], [13.622302, 18.063276, 895.0], [13.111715, 18.902998, 912.0], [12.641631, 19.748495, 928.0], [12.217171, 20.63694, 945.0], [11.838721, 21.336906, 961.0], [11.472666, 21.96139, 978.0], [11.168444, 22.462662, 995.0], [10.907961, 22.783522, 1011.0], [10.704651, 23.066328, 1028.0], [10.547123, 23.231962, 1045.0], [10.451057, 23.3414, 1062.0], [10.523936, 22.979866, 1145.0], [10.859932, 22.048903, 1162.0], [11.348792, 21.01585, 1179.0], [12.090277, 19.970196, 1194.0], [12.951206, 18.945427, 1211.0], [13.982858, 17.995436, 1228.0], [15.106385, 17.19506, 1245.0], [16.302818, 16.505909, 1261.0], [17.386253, 15.964104, 1278.0], [18.287067, 15.605106, 1295.0], [19.038921, 15.411179, 1312.0], [19.84919, 15.237881, 1328.0], [20.662863, 15.145235, 1345.0], [21.342476, 15.090866, 1362.0], [22.020597, 15.042342, 1378.0], [22.495834, 15.009801, 1395.0]"}