{"Image number":35547,"Image shape":8,"Path":"[18.356073, 7.7776723, 0.0], [18.02995, 7.8709145, 36.0], [17.040686, 8.200894, 53.0], [15.550031, 8.854643, 70.0], [14.057313, 9.931286, 86.0], [12.940884, 11.099094, 103.0], [12.199573, 12.263857, 119.0], [11.8317175, 13.284173, 136.0], [11.88079, 14.176005, 152.0], [12.25592, 14.91673, 169.0], [12.865642, 15.712519, 185.0], [13.565673, 16.552374, 202.0], [14.264443, 17.438646, 219.0], [14.771688, 18.319181, 235.0], [15.051001, 19.161484, 252.0], [15.189304, 20.188334, 268.0], [15.047574, 21.256395, 285.0], [14.437843, 22.378864, 301.0], [13.459723, 23.353638, 318.0], [12.192392, 24.197603, 334.0], [10.846393, 24.610651, 351.0], [9.542327, 24.84251, 367.0], [8.377118, 24.747053, 384.0], [7.7321844, 24.42062, 400.0], [7.4518585, 23.904213, 417.0], [7.548465, 23.060001, 434.0], [8.155914, 22.038937, 450.0], [9.327095, 20.77493, 467.0], [10.949974, 19.338335, 483.0], [14.777488, 16.162127, 516.0], [16.773174, 14.536818, 533.0], [18.661476, 12.836078, 549.0], [20.08287, 11.457833, 566.0], [20.873257, 10.246486, 582.0], [21.153473, 9.262334, 599.0], [20.682463, 7.912283, 632.0], [18.568256, 7.6894226, 665.0], [17.50961, 7.9293795, 682.0]"}