{"Image number":36652,"Image shape":8,"Path":"[16.306156, 7.031733, 0.0], [15.835187, 7.031733, 52.0], [15.177724, 7.1738043, 69.0], [14.342576, 7.500609, 85.0], [13.63963, 7.971463, 102.0], [12.990609, 8.671756, 118.0], [12.523897, 9.185716, 135.0], [12.247429, 9.746729, 151.0], [12.1589155, 10.206062, 168.0], [12.253644, 10.718837, 184.0], [12.535771, 11.233738, 201.0], [13.095852, 11.556516, 218.0], [13.846695, 11.7429085, 234.0], [14.683184, 11.83456, 251.0], [15.428072, 12.021974, 267.0], [16.270359, 12.161859, 284.0], [16.966112, 12.537144, 300.0], [17.52163, 13.049675, 317.0], [17.846088, 13.7035475, 335.0], [17.985666, 14.362016, 350.0], [18.078287, 15.206186, 366.0], [18.029188, 16.280207, 383.0], [17.887346, 17.404322, 400.0], [17.655464, 18.462072, 416.0], [17.137297, 19.683708, 433.0], [16.487835, 20.746042, 449.0], [15.642, 21.825861, 466.0], [14.900697, 22.470148, 482.0], [13.962665, 22.983889, 499.0], [13.134139, 23.163528, 515.0], [11.737859, 23.255892, 548.0], [11.268304, 23.01966, 565.0], [10.993403, 22.460117, 581.0], [11.09083, 20.208324, 614.0], [11.465967, 18.855116, 631.0], [12.027852, 17.738813, 648.0], [12.815162, 16.584383, 664.0], [13.6542015, 15.371687, 681.0], [14.546385, 14.008698, 697.0], [15.380214, 12.757371, 714.0], [16.129698, 11.774089, 730.0], [16.87, 10.942532, 747.0], [18.22379, 9.400319, 780.0], [18.64008, 8.702637, 797.0], [18.917938, 8.14504, 813.0], [18.962477, 7.6769614, 830.0], [18.820538, 7.3547525, 846.0], [18.493465, 7.123277, 863.0], [17.840513, 7.0781336, 879.0], [17.047806, 7.0315113, 896.0], [16.113989, 7.125556, 912.0], [15.275333, 7.265817, 929.0]"}