{"Image number":36015,"Image shape":5,"Path":"[22.036604, 6.05269, 0.0], [21.473433, 6.1463423, 70.0], [20.730015, 6.145932, 86.0], [19.789406, 6.1931005, 103.0], [18.955332, 6.1925535, 119.0], [18.071384, 6.286338, 138.0], [17.325092, 6.3327928, 152.0], [16.622025, 6.4270277, 169.0], [16.018347, 6.520174, 185.0], [15.511837, 6.612563, 202.0], [15.090884, 6.753327, 218.0], [14.670027, 6.988177, 235.0], [14.15396, 7.4121513, 252.0], [13.596069, 8.019368, 268.0], [13.090299, 8.758484, 285.0], [12.619349, 9.559949, 301.0], [12.205376, 10.53053, 318.0], [11.829463, 11.6125345, 334.0], [11.599161, 12.773656, 351.0], [11.506819, 13.893062, 367.0], [11.554327, 14.916229, 384.0], [11.64853, 15.71412, 400.0], [11.88302, 16.316679, 417.0], [12.208142, 16.684391, 433.0], [12.58434, 16.918732, 450.0], [13.098555, 16.962675, 467.0], [13.751758, 16.962034, 483.0], [14.546328, 16.86755, 500.0], [15.33831, 16.632591, 516.0], [16.227322, 16.30405, 533.0], [16.962227, 16.028177, 549.0], [17.71222, 15.793884, 566.0], [18.266773, 15.796507, 582.0], [18.82646, 15.796507, 599.0], [19.200464, 15.9858885, 616.0], [19.335968, 16.3129, 632.0], [19.381975, 16.785019, 649.0], [19.333853, 17.247667, 665.0], [19.097578, 17.952845, 682.0], [18.586203, 18.737991, 698.0], [17.829485, 19.731213, 715.0], [16.904587, 20.605356, 731.0], [15.779203, 21.401304, 748.0], [14.522864, 22.097538, 764.0], [13.224272, 22.652819, 781.0], [10.939922, 23.725998, 814.0], [9.957475, 24.147083, 831.0], [9.171093, 24.4709, 847.0]"}