{"Image number":30336,"Image shape":2,"Path":"[5.7087383, 8.616607, 0.0], [5.8631415, 8.423252, 100.0], [5.993435, 8.25402, 118.0], [6.1228485, 8.072779, 135.0], [6.5711937, 7.677067, 153.0], [7.07809, 7.4007993, 171.0], [7.9988136, 6.845369, 189.0], [8.729622, 6.462903, 206.0], [9.346189, 6.3052635, 224.0], [9.822559, 6.119708, 242.0], [10.741195, 6.0908012, 260.0], [11.602988, 6.0908012, 277.0], [12.365019, 6.1487346, 295.0], [13.196448, 6.1739244, 313.0], [14.052463, 6.341934, 331.0], [14.776395, 6.6541123, 349.0], [15.369696, 7.0715413, 366.0], [16.127369, 7.5284324, 384.0], [16.824814, 8.020801, 402.0], [17.433886, 8.480419, 419.0], [17.804949, 9.046354, 437.0], [18.16968, 9.655624, 455.0], [18.445953, 10.256916, 473.0], [18.784, 10.887439, 491.0], [19.133507, 11.536682, 508.0], [19.474644, 12.13912, 526.0], [19.763247, 12.803961, 544.0], [19.998451, 13.455805, 562.0], [20.1421, 14.158798, 579.0], [20.15525, 14.912743, 597.0], [20.15534, 15.633478, 615.0], [20.049496, 16.454979, 633.0], [19.917883, 17.269909, 650.0], [19.72102, 18.020643, 668.0], [19.471706, 18.626879, 686.0], [19.25995, 19.07338, 704.0], [18.988396, 19.608124, 721.0], [18.783562, 20.083282, 739.0], [18.460648, 20.542044, 757.0], [18.024467, 20.898165, 775.0], [17.635582, 21.1649, 793.0], [17.372448, 21.297302, 810.0], [17.07824, 21.323345, 828.0], [16.61399, 21.362206, 846.0], [16.041357, 21.362206, 863.0], [15.453781, 21.327383, 881.0], [14.801109, 21.201126, 899.0], [13.921791, 20.92485, 917.0], [13.314833, 20.639029, 934.0], [12.767097, 20.35057, 952.0], [12.358889, 20.12342, 970.0], [12.081154, 19.849335, 988.0], [11.756971, 19.601788, 1006.0], [11.48247, 19.41948, 1023.0], [11.260504, 19.224169, 1041.0], [11.103641, 19.039434, 1059.0], [10.910876, 18.755188, 1094.0], [10.9126215, 18.491087, 1112.0], [11.021195, 18.176214, 1130.0], [11.110231, 17.76316, 1148.0], [11.511241, 17.136925, 1165.0], [12.078143, 16.487091, 1183.0], [12.624487, 16.001844, 1201.0], [13.209395, 15.647243, 1219.0], [13.916611, 15.264537, 1237.0], [14.508503, 14.993853, 1254.0], [14.95746, 14.889253, 1272.0], [15.368296, 14.774385, 1290.0], [15.874613, 14.756254, 1308.0], [16.396976, 14.791333, 1325.0], [16.95627, 14.956609, 1343.0], [17.47616, 15.183914, 1361.0], [18.148886, 15.631174, 1379.0], [18.901749, 16.064444, 1396.0], [19.487383, 16.481575, 1414.0], [20.031046, 17.076628, 1432.0], [20.46249, 17.780159, 1450.0], [20.956955, 18.821377, 1467.0], [21.556753, 19.813831, 1485.0], [22.255733, 20.776184, 1503.0], [22.718216, 21.434038, 1521.0], [23.286575, 22.086105, 1538.0], [23.683578, 22.513296, 1556.0], [23.728157, 22.735361, 1574.0], [23.961166, 22.799969, 1582.0], [5.398059, 8.3057375, 0.0], [5.5280623, 7.9425025, 129.0], [5.7221947, 7.6356544, 147.0], [5.9635015, 7.384783, 165.0], [6.286344, 7.13031, 182.0], [6.6796117, 6.8679714, 200.0], [7.296532, 6.5171347, 218.0], [7.7277246, 6.2686877, 236.0], [8.203997, 6.0081706, 253.0], [8.775022, 5.7461395, 271.0], [9.290361, 5.6330833, 289.0], [9.748522, 5.5467815, 307.0], [10.092994, 5.6384034, 324.0], [10.583235, 5.663357, 342.0], [11.191219, 5.7501984, 360.0], [11.8432865, 5.830312, 378.0], [12.456373, 5.9703655, 395.0], [13.136254, 6.11565, 413.0], [13.907158, 6.3771796, 431.0], [14.494063, 6.638658, 449.0], [15.024678, 6.9258575, 466.0], [15.37426, 7.305697, 484.0], [15.821987, 7.700173, 502.0], [16.306257, 8.0886965, 520.0], [16.771923, 8.534111, 537.0], [17.22619, 8.914656, 555.0], [17.58696, 9.370843, 573.0], [17.912, 9.938618, 591.0], [18.102577, 10.3780575, 609.0], [18.276619, 10.896833, 626.0], [18.4058, 11.406548, 644.0], [18.537443, 11.933436, 662.0], [18.667742, 12.454952, 680.0], [18.737864, 12.910473, 697.0], [18.766348, 13.295198, 715.0], [18.757282, 13.686432, 733.0], [18.757282, 14.221123, 751.0], [18.757282, 14.856319, 768.0], [18.720942, 15.581193, 786.0], [18.568987, 16.397755, 804.0], [18.2728, 17.275686, 822.0], [17.985918, 18.161926, 839.0], [17.724665, 18.815987, 857.0], [17.465553, 19.41304, 875.0], [17.203186, 19.847767, 893.0], [17.03388, 20.225796, 910.0], [16.903513, 20.539822, 928.0], [16.772594, 20.746628, 946.0], [16.641947, 20.95302, 964.0], [16.512634, 21.136805, 982.0], [16.29914, 21.334892, 999.0], [15.965025, 21.492004, 1017.0], [15.583459, 21.630665, 1035.0], [15.23469, 21.761774, 1053.0], [14.979164, 21.75079, 1070.0], [14.662363, 21.75079, 1088.0], [14.118145, 21.75079, 1106.0], [13.562317, 21.75079, 1124.0], [13.077486, 21.75079, 1141.0], [12.6851425, 21.703138, 1159.0], [12.333844, 21.638077, 1177.0], [11.979558, 21.533659, 1195.0], [11.5878, 21.369701, 1212.0], [11.19676, 21.174942, 1230.0], [10.80513, 20.876009, 1248.0], [10.464844, 20.56443, 1266.0], [10.099871, 20.276949, 1283.0], [9.799492, 19.84693, 1301.0], [9.539069, 19.45606, 1319.0], [9.402287, 19.00664, 1337.0], [9.266083, 18.673386, 1355.0], [9.135689, 18.335514, 1372.0], [9.084984, 17.928276, 1390.0], [9.048544, 17.613756, 1408.0], [9.048544, 17.334711, 1426.0], [9.048544, 16.995934, 1443.0], [9.079003, 16.602411, 1461.0], [9.256683, 16.204931, 1479.0], [9.581543, 15.8105, 1497.0], [9.978119, 15.490145, 1514.0], [10.367597, 15.223448, 1532.0], [10.725836, 15.03629, 1550.0], [11.148633, 14.921934, 1568.0], [11.706262, 14.773987, 1585.0], [12.358501, 14.756254, 1603.0], [12.899054, 14.756254, 1621.0], [13.593965, 14.82469, 1639.0], [14.229179, 14.922057, 1656.0], [14.777748, 15.099089, 1674.0], [15.210197, 15.356295, 1692.0], [15.65551, 15.720924, 1710.0], [16.18953, 16.151672, 1727.0], [16.812595, 16.631802, 1745.0], [17.452755, 17.10276, 1763.0], [17.871569, 17.600422, 1781.0], [18.576395, 18.239803, 1798.0], [19.248802, 18.847704, 1816.0], [19.804058, 19.26258, 1834.0], [20.261127, 19.709505, 1852.0], [20.587135, 20.04563, 1870.0], [21.039095, 20.411743, 1887.0], [21.593935, 20.845224, 1905.0], [22.121902, 21.178574, 1923.0], [22.659012, 21.560463, 1941.0], [23.108292, 21.918396, 1958.0], [23.505814, 22.185349, 1976.0], [23.754484, 22.30359, 1994.0]"}