{"Image number":39146,"Image shape":2,"Path":"[7.1747084, 8.383746, 0.0], [7.552854, 8.337125, 53.0], [8.20929, 8.147889, 69.0], [9.144117, 7.914365, 86.0], [10.163911, 7.541835, 102.0], [11.3358555, 7.402934, 119.0], [12.504596, 7.3099594, 135.0], [13.655037, 7.405058, 152.0], [14.5932665, 7.734871, 168.0], [15.33208, 8.387505, 185.0], [15.703728, 9.371272, 201.0], [15.841791, 10.588168, 218.0], [15.793214, 12.034585, 234.0], [15.181175, 15.263689, 268.0], [14.71754, 16.837788, 284.0], [14.206098, 18.2305, 301.0], [13.833356, 19.303402, 317.0], [13.413134, 20.094166, 334.0], [13.040762, 20.698496, 350.0], [12.617754, 21.071697, 367.0], [12.342395, 21.300882, 383.0], [12.111284, 21.62694, 416.0], [13.011622, 21.575037, 499.0], [14.174036, 21.48341, 516.0], [15.619648, 21.437267, 532.0], [17.166065, 21.579468, 549.0], [18.786013, 21.85908, 565.0], [20.468225, 22.186647, 582.0], [23.323132, 22.652882, 615.0]"}