{"Image number":37961,"Image shape":4,"Path":"[10.808652, 7.544566, 0.0], [10.902603, 8.207316, 52.0], [10.9488325, 9.279072, 69.0], [11.0420265, 12.266626, 102.0], [11.041597, 13.619093, 118.0], [11.135535, 14.59234, 135.0], [11.323847, 15.246564, 151.0], [11.603415, 15.566611, 168.0], [12.070442, 15.704433, 184.0], [12.771994, 15.750327, 201.0], [13.621777, 15.702277, 217.0], [14.494784, 15.656348, 234.0], [16.170784, 14.861642, 267.0], [17.662277, 13.788647, 300.0], [18.224886, 13.17642, 317.0], [18.736658, 12.380987, 333.0], [19.198816, 11.17024, 350.0], [19.664978, 9.769129, 366.0], [20.035751, 8.468318, 383.0], [20.31353, 7.682393, 399.0], [20.406378, 7.403534, 416.0], [20.405975, 7.684517, 466.0], [20.26377, 8.206263, 482.0], [19.986626, 9.03663, 499.0], [19.61091, 10.446577, 515.0], [19.000965, 12.275374, 532.0], [18.402416, 14.585294, 548.0], [17.694693, 16.993109, 565.0], [16.952993, 19.450878, 581.0], [16.24493, 22.05082, 598.0], [15.176985, 24.803923, 615.0], [14.547647, 26.520422, 631.0]"}