{"Image number":39709,"Image shape":6,"Path":"[15.560732, 5.3067513, 0.0], [15.467554, 5.6330986, 36.0], [15.091537, 6.573789, 52.0], [14.485188, 8.161099, 69.0], [13.641804, 10.082115, 85.0], [12.939946, 11.958439, 102.0], [12.295143, 13.804258, 119.0], [11.924958, 15.43155, 135.0], [11.691572, 16.929955, 152.0], [11.740686, 18.22794, 168.0], [12.023686, 19.44909, 185.0], [12.626946, 20.507584, 201.0], [14.2629795, 22.095331, 234.0], [16.086065, 22.5585, 267.0], [16.874002, 22.320883, 284.0], [17.619827, 21.898708, 301.0], [18.078749, 21.341772, 317.0], [18.356602, 20.830622, 334.0], [18.44946, 20.411064, 350.0], [18.35487, 20.128664, 367.0], [17.839714, 19.94468, 400.0], [17.227983, 19.945787, 416.0], [16.536558, 20.226534, 433.0], [15.829441, 20.556921, 449.0], [15.448952, 21.188185, 466.0], [15.3201885, 21.551182, 482.0]"}