{"Image number":36020,"Image shape":8,"Path":"[14.116471, 4.700677, 0.0], [13.222487, 5.5481663, 100.0], [12.243664, 6.763464, 116.0], [11.227741, 8.244191, 133.0], [10.900314, 9.414827, 149.0], [10.760733, 10.39777, 166.0], [11.232593, 12.0289, 199.0], [11.933856, 12.6324, 215.0], [12.9621525, 13.097215, 232.0], [14.028368, 13.560901, 249.0], [16.047218, 14.50245, 282.0], [16.87062, 15.05417, 298.0], [17.570261, 15.803127, 315.0], [18.034418, 16.643736, 331.0], [18.311243, 17.714727, 348.0], [18.309483, 18.789879, 364.0], [18.07494, 20.000732, 381.0], [17.603971, 20.938198, 397.0], [16.861036, 21.721844, 414.0], [15.922681, 22.236149, 431.0], [14.951593, 22.510944, 447.0], [13.918792, 22.50995, 464.0], [12.989926, 22.321783, 480.0], [12.201482, 21.995125, 497.0], [11.784644, 21.622036, 513.0], [11.553606, 21.20371, 530.0], [11.554076, 20.592169, 546.0], [11.790108, 19.653704, 563.0], [12.260909, 18.622787, 580.0], [12.963028, 17.408678, 596.0], [13.899968, 16.099821, 613.0], [14.923523, 14.751005, 629.0], [15.944967, 13.356481, 646.0], [16.876741, 12.145077, 662.0], [17.758017, 10.984521, 679.0], [18.408718, 10.147556, 695.0], [18.778276, 9.403603, 712.0], [18.869759, 8.842705, 728.0], [18.726534, 8.376236, 745.0], [18.350548, 8.099873, 762.0], [17.699997, 7.6819673, 778.0], [16.950674, 7.307593, 795.0], [16.111036, 6.887485, 811.0], [15.414952, 6.5627136, 828.0], [14.614749, 6.28078, 844.0], [14.015396, 6.191337, 861.0]"}