{"Image number":38347,"Image shape":6,"Path":"[15.094841, 4.793919, 0.0], [14.675187, 5.4938407, 69.0], [14.060387, 6.5349827, 86.0], [13.268218, 8.076148, 102.0], [12.526942, 9.654218, 119.0], [11.966647, 11.529806, 135.0], [11.642596, 13.398842, 152.0], [11.506523, 15.390736, 168.0], [11.507487, 17.165792, 185.0], [11.649111, 18.7547, 201.0], [11.835454, 19.910696, 218.0], [12.211504, 20.844555, 234.0], [12.678123, 21.53978, 251.0], [13.235092, 22.047237, 268.0], [13.796635, 22.373756, 284.0], [14.446918, 22.463947, 301.0], [15.194942, 22.322166, 317.0], [16.13483, 21.991856, 334.0], [16.966656, 21.196758, 350.0], [17.8054, 20.121536, 367.0], [18.35908, 18.81986, 383.0], [18.730942, 17.467041, 400.0], [18.8224, 16.069677, 416.0], [18.775246, 14.907497, 433.0], [17.885607, 13.227061, 466.0], [17.049967, 12.811947, 483.0], [16.158377, 12.57754, 499.0], [15.459762, 12.579649, 516.0], [14.810354, 12.673598, 532.0], [14.2478695, 12.956806, 549.0], [13.691984, 13.470207, 565.0], [13.129223, 14.128514, 582.0], [12.62323, 14.9612465, 598.0], [12.108607, 15.70987, 615.0], [11.3631, 17.110483, 648.0], [11.037301, 17.574253, 665.0], [10.748366, 18.00826, 681.0], [10.614959, 18.331182, 698.0]"}