{"Image number":30623,"Image shape":9,"Path":"[20.582523, 8.461172, 0.0], [20.413025, 8.29157, 133.0], [20.102896, 8.171668, 168.0], [19.871174, 8.107337, 186.0], [19.634832, 8.0026, 204.0], [19.379297, 7.936746, 222.0], [19.033762, 7.871452, 239.0], [18.416107, 7.839434, 257.0], [17.923822, 7.783761, 275.0], [17.51128, 7.7228603, 293.0], [17.260681, 7.7228603, 310.0], [17.009708, 7.7228603, 328.0], [16.42969, 7.7228603, 346.0], [15.797967, 7.7228603, 364.0], [15.230914, 7.8005757, 381.0], [14.711343, 7.850037, 399.0], [14.1852665, 7.952068, 417.0], [13.63911, 8.225339, 435.0], [13.100962, 8.473807, 452.0], [12.69888, 8.616666, 470.0], [12.41289, 8.841056, 492.0], [12.080107, 9.104272, 506.0], [11.797106, 9.363644, 524.0], [11.471532, 9.650558, 541.0], [11.09124, 10.031078, 559.0], [10.61795, 10.388079, 577.0], [10.229969, 10.716996, 595.0], [10.006544, 11.034349, 612.0], [9.732501, 11.312923, 630.0], [9.578338, 11.553219, 648.0], [9.437898, 11.743208, 666.0], [9.308412, 12.021267, 683.0], [9.178372, 12.281502, 701.0], [9.10613, 12.543985, 719.0], [9.040666, 12.852742, 737.0], [9.048544, 13.03281, 754.0], [9.009708, 13.2449045, 772.0], [9.009708, 13.544888, 808.0], [9.048544, 13.944061, 843.0], [9.20087, 14.206203, 861.0], [9.419248, 14.491318, 879.0], [9.679707, 14.766064, 897.0], [10.016535, 15.026532, 914.0], [10.3173275, 15.248636, 932.0], [10.579546, 15.511016, 950.0], [10.840858, 15.732151, 968.0], [11.128965, 15.955301, 985.0], [11.508785, 16.107897, 1003.0], [11.863922, 16.281372, 1021.0], [12.352677, 16.378994, 1039.0], [12.931534, 16.388313, 1056.0], [13.688175, 16.344692, 1074.0], [14.291933, 16.14712, 1092.0], [14.940439, 15.887558, 1110.0], [15.479922, 15.5410385, 1127.0], [16.409191, 14.973223, 1145.0], [17.194439, 14.394186, 1163.0], [17.946054, 13.795394, 1181.0], [18.591736, 13.31398, 1198.0], [19.204699, 12.878897, 1216.0], [19.762894, 12.389982, 1234.0], [20.170776, 11.946899, 1252.0], [20.453775, 11.45596, 1270.0], [20.70555, 11.03548, 1287.0], [20.812473, 10.722618, 1305.0], [20.916239, 10.467339, 1323.0], [21.02817, 10.211725, 1341.0], [21.087124, 9.977424, 1358.0], [21.21298, 9.725301, 1376.0], [21.348927, 9.453247, 1394.0], [21.38572, 9.185319, 1429.0], [21.398058, 9.005192, 1483.0], [21.150526, 9.221283, 1625.0], [20.835773, 9.528959, 1642.0], [20.414818, 9.932802, 1660.0], [19.973495, 10.391762, 1678.0], [19.62816, 10.737305, 1696.0], [19.320389, 11.045263, 1714.0], [18.973646, 11.558754, 1731.0], [18.612198, 11.985326, 1749.0], [18.194462, 12.388788, 1767.0], [17.784466, 12.867404, 1785.0], [17.43727, 13.279103, 1802.0], [17.185663, 13.56987, 1820.0], [16.96289, 13.901729, 1838.0], [16.81414, 14.216417, 1856.0], [16.624332, 14.594869, 1873.0], [16.415462, 15.068586, 1891.0], [16.302004, 15.356491, 1909.0], [16.114511, 15.678566, 1927.0], [15.79418, 16.068111, 1944.0], [15.468222, 16.49746, 1962.0], [15.07782, 16.953205, 1980.0], [14.689929, 17.349453, 1998.0], [14.339088, 17.867886, 2015.0], [14.050774, 18.326172, 2033.0], [13.786407, 18.719826, 2051.0], [13.185489, 19.367123, 2069.0], [12.694305, 19.958273, 2087.0], [12.318165, 20.487562, 2104.0], [12.039463, 21.059635, 2122.0], [11.777551, 21.499146, 2140.0], [11.542092, 21.874332, 2158.0], [11.296893, 22.33109, 2175.0], [10.9633875, 22.780869, 2193.0], [10.6353245, 23.30609, 2211.0], [10.359058, 23.779007, 2229.0], [10.097335, 24.198505, 2246.0], [9.927878, 24.498642, 2264.0], [9.79735, 24.812672, 2282.0], [9.603294, 25.09828, 2317.0], [9.553398, 25.413834, 2353.0]"}