{"Image number":35658,"Image shape":3,"Path":"[12.532446, 6.3324165, 0.0], [13.1938505, 6.048107, 53.0], [14.264487, 5.723829, 69.0], [15.670444, 5.34896, 86.0], [16.911844, 5.399995, 102.0], [17.948694, 5.730138, 119.0], [18.738153, 6.339586, 135.0], [19.195078, 7.2189837, 152.0], [19.24159, 8.204124, 168.0], [18.816116, 9.379044, 185.0], [17.881956, 10.679707, 201.0], [16.526201, 11.986038, 218.0], [14.941056, 13.055349, 235.0], [13.460558, 13.700163, 251.0], [12.282425, 13.982385, 268.0], [11.644455, 14.0251045, 284.0], [11.411804, 13.977781, 301.0], [11.6480465, 13.978283, 317.0], [12.165749, 13.931115, 334.0], [13.057155, 14.073458, 350.0], [14.081575, 14.401596, 367.0], [15.151014, 14.96233, 383.0], [16.224724, 15.664309, 400.0], [17.10381, 16.54809, 417.0], [17.757118, 17.531551, 433.0], [18.082214, 18.517574, 450.0], [18.170485, 19.34663, 466.0], [17.841627, 20.277763, 483.0], [17.188562, 21.06808, 499.0], [16.064913, 21.722237, 516.0], [14.620156, 22.186443, 532.0], [12.900831, 22.464031, 549.0], [11.124192, 22.46333, 565.0], [9.394825, 22.228039, 582.0], [8.007682, 21.621708, 598.0], [7.0364203, 20.842098, 615.0], [6.6424465, 20.243544, 632.0]"}