{"Image number":69,"Image shape":0,"Path":"[19.224968, 17.150461, 0.0], [19.199512, 17.354155, 58.0], [19.120205, 17.646973, 72.0], [18.986557, 17.918816, 86.0], [18.80118, 18.341045, 100.0], [18.618402, 18.776636, 114.0], [18.437323, 19.262552, 128.0], [18.214588, 19.760103, 141.0], [17.98978, 20.254837, 156.0], [17.762295, 20.732365, 170.0], [17.536686, 21.215546, 183.0], [17.268492, 21.715849, 198.0], [17.001755, 22.205023, 214.0], [16.730042, 22.587727, 232.0], [16.456535, 23.028673, 240.0], [16.185879, 23.401405, 254.0], [15.863866, 23.717857, 267.0], [15.583554, 23.977406, 282.0], [15.267016, 24.189466, 296.0], [14.949499, 24.332344, 311.0], [14.634993, 24.46718, 326.0], [14.284496, 24.49062, 341.0], [13.939906, 24.507862, 356.0], [13.611086, 24.507862, 365.0], [13.201433, 24.461596, 378.0], [12.868345, 24.32408, 393.0], [12.550924, 24.142637, 407.0], [12.234392, 23.925325, 421.0], [11.917372, 23.744066, 435.0], [11.603382, 23.439894, 451.0], [11.312029, 23.122204, 464.0], [11.04048, 22.770199, 477.0], [10.770982, 22.454353, 490.0], [10.500921, 22.086975, 505.0], [10.325367, 21.686049, 519.0], [10.132869, 21.323927, 533.0], [9.996214, 20.924465, 546.0], [9.825779, 20.536129, 569.0], [9.711584, 20.169432, 579.0], [9.621024, 19.77492, 588.0], [9.571331, 19.365982, 603.0], [9.526309, 19.010427, 616.0], [9.525529, 18.588917, 631.0], [9.570781, 18.181513, 645.0], [9.655675, 17.775549, 659.0], [9.745073, 17.373127, 672.0], [9.951669, 16.866776, 686.0], [10.132483, 16.384714, 701.0], [10.313248, 15.887448, 715.0], [10.491913, 15.395965, 729.0], [10.668399, 14.965097, 744.0], [10.852875, 14.475839, 763.0], [11.034869, 13.97519, 774.0], [11.262341, 13.47589, 784.0], [11.433672, 12.996662, 799.0], [11.614889, 12.54347, 812.0], [11.832374, 12.053864, 828.0], [12.056751, 11.604728, 842.0], [12.33606, 11.135779, 857.0], [12.609017, 10.66128, 868.0], [12.879176, 10.210872, 881.0], [13.149743, 9.803174, 895.0], [13.420698, 9.344462, 909.0], [13.695751, 9.009052, 923.0], [13.966057, 8.648528, 939.0], [14.238016, 8.328512, 952.0], [14.506943, 8.065795, 967.0], [14.80328, 7.81683, 984.0], [15.118078, 7.6242, 998.0], [15.478281, 7.4834065, 1008.0], [15.78817, 7.3984137, 1021.0], [16.16514, 7.4343615, 1035.0], [16.464151, 7.524851, 1049.0], [16.736609, 7.656122, 1063.0], [17.00311, 7.8862796, 1077.0], [17.255253, 8.156388, 1092.0], [17.481947, 8.503941, 1105.0], [17.708904, 8.867192, 1120.0], [17.931425, 9.317657, 1134.0], [18.09623, 9.756641, 1148.0], [18.29171, 10.349045, 1161.0], [18.427763, 10.863392, 1175.0], [18.562305, 11.449162, 1190.0], [18.642395, 11.978429, 1203.0], [18.76071, 12.488277, 1217.0], [18.86045, 13.0322485, 1231.0], [18.99317, 13.47587, 1245.0], [19.07691, 14.040036, 1259.0], [19.22926, 14.530197, 1273.0], [19.366037, 15.05607, 1287.0], [19.542744, 15.590933, 1301.0], [19.673252, 16.087286, 1315.0], [19.75941, 16.620853, 1329.0], [19.789337, 16.950136, 1343.0]"}