{"Image number":10524,"Image shape":9,"Path":"[14.816666, 13.494444, 0.0], [14.641666, 13.611111, 22.0], [14.206151, 14.181276, 38.0], [13.658073, 14.730814, 55.0], [13.253601, 15.1274805, 72.0], [12.691893, 15.696999, 89.0], [12.057708, 16.33118, 105.0], [11.499, 16.82032, 122.0], [11.067234, 17.152351, 138.0], [10.4336815, 17.453094, 155.0], [9.822159, 17.61264, 172.0], [9.215836, 17.616667, 189.0], [8.549047, 17.296282, 205.0], [7.854362, 16.682138, 222.0], [7.2506733, 15.803506, 239.0], [6.9265165, 14.877074, 255.0], [6.704949, 13.980755, 272.0], [6.688889, 13.020755, 289.0], [6.839268, 12.002363, 305.0], [7.1437774, 10.98, 322.0], [7.6423426, 10.11855, 339.0], [8.17408, 9.402214, 356.0], [8.698047, 8.932869, 372.0], [9.366627, 8.646843, 389.0], [10.040958, 8.456428, 406.0], [10.947223, 8.361111, 422.0], [11.85004, 8.433012, 439.0], [12.748265, 8.674518, 456.0], [13.696704, 9.180667, 472.0], [14.565697, 9.82478, 489.0], [15.506049, 10.653049, 506.0], [16.281265, 11.62752, 523.0], [16.976112, 12.609105, 539.0], [17.5, 13.688889, 556.0], [17.780706, 14.838437, 573.0], [17.94677, 15.967046, 589.0], [18.07315, 17.217916, 606.0], [18.31087, 18.332367, 623.0], [18.64035, 19.272661, 639.0], [18.95537, 20.04031, 656.0], [19.10614, 20.451754, 673.0], [19.327778, 20.824999, 690.0], [19.833519, 21.479876, 706.0], [20.238468, 22.050991, 723.0], [20.407618, 22.52148, 740.0], [20.531294, 22.97416, 756.0], [20.636223, 23.394897, 773.0], [20.785563, 23.740025, 790.0], [20.939804, 24.068497, 806.0], [21.026337, 24.293613, 823.0], [21.1781, 24.475489, 840.0], [21.241196, 24.687006, 856.0], [21.291668, 24.88889, 873.0], [21.348375, 25.115728, 890.0], [21.40283, 25.33354, 907.0], [21.505219, 25.510775, 940.0]"}