{"Image number":35409,"Image shape":0,"Path":"[16.259565, 7.264838, 0.0], [16.026623, 7.404701, 36.0], [15.181633, 7.9684157, 53.0], [13.868491, 9.001644, 69.0], [12.27989, 10.311374, 86.0], [10.704875, 11.7970705, 103.0], [7.8192186, 14.732515, 136.0], [7.078435, 16.081848, 152.0], [6.8478775, 17.245308, 169.0], [7.083088, 18.368149, 185.0], [7.8377395, 19.306581, 202.0], [9.190263, 20.04578, 218.0], [11.049244, 20.507156, 235.0], [13.170804, 20.694635, 251.0], [15.440739, 20.456604, 268.0], [17.72632, 19.940735, 284.0], [19.762955, 19.056005, 301.0], [21.436617, 17.984076, 318.0], [22.694338, 16.442493, 334.0], [23.345741, 14.618036, 351.0], [23.387814, 12.807794, 370.0], [22.824697, 11.40431, 384.0], [21.699202, 10.378106, 400.0], [20.157349, 9.776195, 417.0], [18.045702, 9.498539, 433.0], [15.817213, 9.69106, 450.0], [13.695888, 10.528822, 466.0], [12.392678, 11.367499, 480.0]"}