{"Image number":410,"Image shape":2,"Path":"[9.175553, 4.6574545, 0.0], [9.264401, 4.505926, 35.0], [9.389108, 4.336198, 49.0], [9.611176, 4.1558666, 65.0], [9.886318, 3.9770608, 78.0], [10.373469, 3.8171818, 91.0], [10.860054, 3.6813538, 105.0], [11.403658, 3.595049, 124.0], [11.965832, 3.5647712, 134.0], [12.539415, 3.635258, 147.0], [13.128582, 3.738856, 161.0], [13.673621, 3.9112277, 176.0], [14.214416, 4.1048717, 191.0], [14.756275, 4.3527884, 204.0], [15.233745, 4.6832113, 220.0], [15.717067, 5.009225, 240.0], [16.100883, 5.450383, 247.0], [16.399885, 5.9779153, 260.0], [16.582598, 6.504697, 273.0], [16.718239, 7.0091467, 287.0], [16.759375, 7.643346, 301.0], [16.654951, 8.221876, 315.0], [16.519619, 8.8643675, 331.0], [16.310411, 9.46963, 343.0], [16.086243, 10.097848, 358.0], [15.768131, 10.754139, 371.0], [15.406185, 11.433008, 384.0], [15.011941, 12.106381, 399.0], [14.070972, 13.542225, 412.0], [13.817288, 13.91893, 427.0], [13.040818, 14.92572, 440.0], [12.38601, 15.817867, 454.0], [12.086702, 16.260693, 468.0], [11.767867, 16.713593, 481.0], [11.449171, 17.229155, 495.0], [11.167106, 17.755327, 510.0], [10.935438, 18.301361, 524.0], [10.712768, 18.835947, 538.0], [10.601886, 19.375504, 552.0], [10.497387, 19.857845, 566.0], [10.446817, 20.314014, 580.0], [10.4982605, 20.669552, 594.0], [10.620963, 20.989214, 608.0], [10.785828, 21.260319, 622.0], [11.042979, 21.45533, 636.0], [11.407621, 21.635963, 650.0], [11.861323, 21.649542, 664.0], [12.358498, 21.666885, 679.0], [12.964735, 21.59369, 692.0], [13.599748, 21.502943, 706.0], [14.318296, 21.25116, 721.0], [15.02134, 20.972912, 737.0], [15.775099, 20.693089, 747.0], [16.50035, 20.334352, 761.0], [17.328014, 19.9728, 775.0], [18.118887, 19.646538, 789.0], [18.924023, 19.283464, 803.0], [19.695005, 18.921734, 817.0], [20.45618, 18.665462, 831.0], [21.168476, 18.319946, 845.0], [21.89183, 18.016174, 860.0], [22.576624, 17.698368, 874.0], [23.07287, 17.497501, 889.0], [23.485044, 17.332579, 902.0]"}