{"Image number":301,"Image shape":7,"Path":"[9.794539, 11.905583, 0.0], [9.936481, 11.432288, 88.0], [10.071249, 11.262135, 105.0], [10.207571, 11.063314, 119.0], [10.382864, 10.80427, 132.0], [10.608066, 10.535668, 144.0], [10.88612, 10.267305, 159.0], [11.161755, 10.019201, 177.0], [11.468336, 9.793852, 186.0], [11.741277, 9.566461, 199.0], [12.101199, 9.395519, 216.0], [12.445642, 9.266657, 229.0], [12.772379, 9.140822, 242.0], [13.133222, 9.049179, 256.0], [13.5427265, 8.959862, 270.0], [13.883662, 8.955341, 284.0], [14.255622, 8.955341, 298.0], [14.660923, 8.955341, 313.0], [15.063331, 8.955341, 331.0], [15.473827, 8.955341, 343.0], [15.878539, 8.955341, 355.0], [16.283047, 9.001494, 375.0], [16.694492, 9.06461, 388.0], [17.101793, 9.08763, 405.0], [17.510403, 9.133046, 432.0], [18.22438, 9.259832, 445.0], [18.543673, 9.30546, 453.0], [18.826239, 9.350218, 466.0], [19.056643, 9.421274, 487.0], [19.348095, 9.477839, 498.0], [19.713797, 9.567552, 527.0], [19.889072, 9.6138525, 543.0], [20.101974, 9.723366, 568.0], [20.254635, 9.959083, 608.0], [20.253126, 10.13133, 633.0], [20.162237, 10.3676605, 661.0], [20.044712, 10.602723, 689.0], [19.954838, 10.77317, 704.0], [19.720356, 11.099162, 733.0], [19.584179, 11.306704, 745.0], [19.41401, 11.53262, 766.0], [19.279415, 11.754102, 779.0], [18.849403, 12.402408, 806.0], [18.65435, 12.688942, 817.0], [18.390787, 13.000521, 838.0], [18.156155, 13.353263, 858.0], [17.612267, 14.088674, 871.0], [17.303532, 14.491275, 886.0], [17.03396, 14.888583, 916.0], [16.459023, 15.681492, 935.0], [16.185122, 16.084394, 947.0], [15.914962, 16.478193, 967.0], [15.404055, 17.27459, 991.0], [14.899433, 18.04998, 1014.0], [14.691807, 18.443472, 1030.0], [14.428022, 18.837793, 1037.0], [14.194697, 19.200153, 1062.0], [13.969796, 19.59542, 1073.0], [13.743333, 19.957882, 1086.0], [13.54388, 20.321207, 1101.0], [13.365111, 20.714712, 1117.0], [13.18096, 21.083712, 1129.0], [12.983182, 21.46172, 1144.0], [12.783544, 21.868866, 1159.0], [12.566509, 22.242064, 1173.0], [12.377937, 22.617434, 1186.0], [12.1671715, 23.055834, 1199.0], [11.96183, 23.435684, 1214.0], [11.7342615, 23.799911, 1228.0], [11.517259, 24.114557, 1240.0], [11.3367605, 24.430534, 1254.0], [11.153837, 24.726461, 1267.0], [11.005476, 24.965723, 1283.0], [10.875279, 25.150229, 1295.0], [10.785353, 25.330141, 1310.0], [10.717615, 25.489273, 1323.0], [10.672773, 25.655893, 1337.0]"}