{"Image number":30592,"Image shape":1,"Path":"[15.495146, 5.5467815, 0.0], [15.618039, 5.837969, 145.0], [15.650487, 6.0740366, 162.0], [15.6893215, 6.3104463, 180.0], [15.73761, 6.6527214, 198.0], [15.76699, 7.002589, 216.0], [15.829094, 7.5126595, 234.0], [15.844662, 8.083092, 251.0], [15.844662, 8.680679, 269.0], [15.844662, 9.301796, 287.0], [15.844662, 9.950811, 305.0], [15.805826, 10.802101, 322.0], [15.658953, 11.715057, 340.0], [15.397141, 12.417321, 358.0], [15.177619, 13.061896, 376.0], [15.029171, 13.629221, 393.0], [14.876222, 14.259559, 412.0], [14.7484665, 14.795948, 429.0], [14.618087, 15.352234, 447.0], [14.443483, 15.892515, 465.0], [14.317293, 16.523682, 482.0], [14.219856, 17.03136, 500.0], [14.15534, 17.612356, 518.0], [14.174759, 18.077772, 535.0], [14.140272, 18.598583, 553.0], [14.113883, 19.19032, 571.0], [14.097088, 19.774288, 589.0], [14.097088, 20.361486, 607.0], [14.097088, 20.915329, 625.0], [14.097088, 21.423079, 642.0], [14.097088, 21.93648, 660.0], [14.122068, 22.31435, 678.0], [14.135922, 22.772543, 695.0], [14.2910795, 23.110107, 713.0], [14.461448, 23.412558, 731.0]"}