{"Image number":35402,"Image shape":4,"Path":"[12.113144, 7.964156, 0.0], [11.54863, 8.953494, 53.0], [10.801402, 10.308362, 70.0], [10.150446, 11.847768, 86.0], [9.828464, 13.099503, 103.0], [9.877107, 14.029607, 119.0], [10.2512245, 14.633646, 136.0], [10.905813, 14.912415, 152.0], [11.883056, 15.00422, 169.0], [13.057785, 14.815404, 185.0], [14.449293, 14.442707, 202.0], [15.8084345, 13.78467, 218.0], [17.016615, 12.897495, 235.0], [17.984625, 11.97237, 251.0], [18.544758, 11.224531, 268.0], [18.776505, 10.852857, 284.0], [18.635607, 11.087772, 317.0], [18.121483, 11.789331, 334.0], [17.421139, 12.911042, 351.0], [16.396368, 14.40219, 367.0], [15.597749, 16.002148, 384.0], [14.860098, 17.712135, 400.0], [14.34289, 19.45493, 417.0], [14.02126, 21.16869, 433.0], [13.836348, 22.701311, 450.0], [13.984178, 24.071613, 466.0], [14.074626, 24.785736, 483.0]"}