{"Image number":39422,"Image shape":0,"Path":"[19.054909, 6.612143, 0.0], [18.398758, 6.659065, 54.0], [17.415407, 6.846942, 70.0], [15.969057, 7.174076, 87.0], [14.706476, 7.8324146, 103.0], [13.412577, 8.807133, 120.0], [12.190305, 10.12599, 136.0], [11.124199, 11.66241, 153.0], [10.333634, 13.439247, 170.0], [9.684617, 15.253496, 186.0], [9.265612, 16.937838, 203.0], [9.0362215, 18.514471, 219.0], [9.226421, 19.912643, 236.0], [9.60152, 21.077776, 252.0], [10.114693, 22.005987, 269.0], [10.815713, 22.797686, 285.0], [11.65364, 23.541296, 302.0], [12.721174, 24.00286, 318.0], [13.985483, 24.283506, 335.0], [15.389079, 24.187332, 352.0], [16.836367, 23.857958, 368.0], [18.227701, 23.203945, 385.0], [19.486242, 22.03259, 401.0], [21.249634, 18.53454, 434.0], [21.573654, 16.759583, 451.0], [21.66456, 15.085198, 467.0], [21.289192, 13.456742, 484.0], [20.631815, 11.815898, 500.0], [19.742222, 10.227957, 517.0], [18.580677, 8.8869, 533.0], [17.109283, 7.6132574, 550.0], [16.106808, 6.9937906, 567.0]"}