{"Image number":10223,"Image shape":1,"Path":"[17.927778, 5.0166664, 0.0], [17.927778, 5.211111, 28.0], [17.82356, 5.627982, 44.0], [17.618654, 6.314475, 61.0], [17.266003, 7.084756, 78.0], [16.685513, 8.265285, 94.0], [16.169603, 9.457132, 111.0], [15.722142, 10.778019, 128.0], [15.278525, 12.162992, 144.0], [14.892113, 13.423954, 161.0], [14.473038, 14.78624, 178.0], [14.06106, 16.016045, 194.0], [13.767365, 17.147203, 211.0], [13.630556, 17.98611, 228.0], [13.463692, 18.78425, 245.0], [13.294126, 19.360321, 261.0], [13.249632, 19.732946, 278.0], [13.183998, 20.369795, 295.0], [13.163889, 20.61111, 312.0]"}