{"Image number":10038,"Image shape":9,"Path":"[14.622222, 8.788889, 0.0], [14.445858, 8.788889, 36.0], [14.233334, 8.691667, 69.0], [14.008353, 8.711111, 86.0], [13.777849, 8.75554, 103.0], [13.354667, 8.936555, 119.0], [12.7217865, 9.252995, 136.0], [11.987547, 9.620115, 153.0], [11.031843, 10.142006, 169.0], [10.215178, 10.721833, 186.0], [9.372222, 11.472221, 203.0], [8.72924, 12.005914, 220.0], [7.9389677, 12.78881, 236.0], [7.466667, 13.377778, 253.0], [7.0554442, 14.204361, 270.0], [6.666455, 15.084611, 287.0], [6.5620713, 15.635048, 303.0], [6.447779, 16.049438, 320.0], [6.398136, 16.538996, 337.0], [6.416667, 17.009129, 353.0], [6.508541, 17.485657, 370.0], [6.6694446, 17.830555, 387.0], [6.876596, 18.189894, 403.0], [7.254109, 18.570776, 420.0], [7.717375, 18.778091, 437.0], [8.164916, 18.909286, 453.0], [8.602771, 19.005554, 470.0], [9.091139, 19.045929, 487.0], [9.679375, 19.055557, 504.0], [10.422222, 18.997223, 520.0], [11.019295, 18.830606, 537.0], [11.768021, 18.512117, 554.0], [12.414544, 18.162252, 570.0], [13.251147, 17.69998, 587.0], [14.049422, 17.11635, 604.0], [14.642413, 16.517235, 620.0], [15.147965, 15.865677, 637.0], [15.788889, 15.011111, 654.0], [16.18871, 14.575507, 671.0], [16.736376, 13.764879, 687.0], [16.999992, 13.250014, 704.0], [17.22009, 12.66195, 721.0], [17.388546, 12.102997, 738.0], [17.481035, 11.69415, 754.0], [17.587273, 11.322328, 771.0], [17.636112, 11.063889, 788.0], [17.652252, 10.859912, 804.0], [17.713888, 10.675, 854.0], [17.927778, 10.908333, 921.0], [18.068466, 11.248044, 938.0], [18.3102, 11.640761, 955.0], [18.669167, 12.209844, 972.0], [19.071758, 12.802139, 988.0], [19.56787, 13.517169, 1005.0], [19.998543, 14.349843, 1021.0], [20.287708, 15.03606, 1038.0], [20.61111, 15.730556, 1055.0], [20.844566, 16.598164, 1071.0], [21.114685, 17.555086, 1088.0], [21.252777, 17.88889, 1105.0], [21.420197, 18.527256, 1122.0], [21.635803, 19.122074, 1138.0], [21.861706, 19.668255, 1155.0], [21.980593, 20.100157, 1172.0], [22.205555, 20.591667, 1188.0], [22.305147, 20.801752, 1205.0], [22.45483, 21.021254, 1222.0]"}