{"Image number":37120,"Image shape":2,"Path":"[14.628951, 10.108727, 0.0], [14.159388, 10.155758, 51.0], [13.6013155, 10.202193, 68.0], [12.992011, 10.20197, 84.0], [12.67151, 10.108527, 101.0], [12.344343, 9.874374, 117.0], [12.158538, 9.312584, 134.0], [12.112912, 8.56652, 150.0], [12.299971, 7.635456, 167.0], [12.62717, 6.700965, 183.0], [13.046559, 5.816131, 200.0], [13.423916, 5.203299, 216.0], [13.793118, 4.8847375, 233.0], [14.16687, 4.698771, 249.0], [14.490652, 4.513354, 266.0], [14.768988, 4.467526, 283.0], [15.051252, 4.4675713, 299.0], [15.424421, 4.4675713, 316.0], [15.935087, 4.561113, 332.0], [16.772846, 5.0276256, 365.0], [17.285814, 5.681527, 398.0], [17.426302, 6.0107613, 415.0], [17.471035, 6.380255, 432.0], [17.423992, 6.8482523, 448.0], [17.330956, 7.4056535, 465.0], [17.190811, 7.966308, 481.0], [17.004526, 8.478266, 498.0], [16.816158, 8.949394, 514.0], [16.585089, 9.363873, 531.0], [16.257088, 9.832544, 547.0], [15.883054, 10.252872, 564.0], [15.508711, 10.626996, 580.0], [15.232266, 10.997657, 597.0], [14.999867, 11.370371, 613.0], [14.814202, 11.7426815, 630.0], [14.580442, 12.116511, 646.0], [14.301916, 12.487623, 663.0], [14.02087, 12.956659, 680.0], [13.741146, 13.376132, 696.0], [13.507815, 13.844424, 713.0], [13.23004, 14.213044, 729.0], [12.996636, 14.540117, 746.0], [12.8105545, 14.866582, 762.0], [12.5781975, 15.144817, 779.0], [12.29891, 15.564288, 795.0], [11.970551, 15.9396, 812.0], [11.737882, 16.454819, 829.0], [11.457561, 16.732271, 845.0], [11.226484, 17.057337, 862.0], [10.993569, 17.336731, 878.0], [10.712178, 17.57086, 895.0], [10.435469, 17.754913, 911.0], [10.0589905, 17.89605, 928.0], [9.314188, 18.315659, 961.0], [8.944869, 18.453995, 977.0], [8.472195, 18.501234, 994.0], [8.010236, 18.59439, 1011.0], [7.6348186, 18.73581, 1027.0], [7.404553, 18.875366, 1044.0], [7.1266418, 19.060726, 1077.0], [7.363475, 19.294296, 1143.0], [8.117494, 19.48233, 1160.0], [9.003967, 19.526844, 1176.0], [10.027415, 19.526197, 1192.0], [10.723783, 19.526197, 1209.0], [11.332708, 19.526197, 1226.0], [11.840426, 19.57344, 1242.0], [12.350287, 19.713827, 1259.0], [12.91077, 19.901037, 1275.0], [13.471674, 20.182621, 1292.0], [13.983412, 20.36782, 1308.0], [14.402648, 20.602177, 1325.0], [14.773607, 20.881882, 1341.0], [15.100931, 21.06818, 1358.0], [15.470027, 21.393208, 1375.0], [15.794285, 21.624586, 1391.0], [16.122171, 21.90591, 1408.0], [16.450111, 22.045536, 1424.0], [16.82117, 22.137615, 1441.0], [17.287003, 22.136982, 1457.0], [17.658073, 22.090256, 1474.0], [18.032665, 21.996437, 1490.0], [18.357298, 21.85673, 1507.0], [18.732384, 21.6219, 1523.0], [19.009684, 21.389906, 1540.0], [19.335686, 21.016655, 1556.0], [19.663866, 20.547144, 1573.0], [19.94196, 20.129482, 1590.0], [20.269642, 19.755388, 1606.0], [20.550217, 19.569841, 1623.0], [20.889631, 19.327024, 1639.0], [21.117624, 19.192165, 1656.0]"}