{"Image number":35219,"Image shape":6,"Path":"[19.474209, 3.8614957, 0.0], [17.837008, 5.1727853, 69.0], [16.532814, 6.4317255, 85.0], [13.925449, 9.415414, 118.0], [12.619527, 11.282974, 135.0], [11.500325, 13.057207, 151.0], [9.920433, 16.08381, 184.0], [9.687606, 17.492338, 201.0], [10.017601, 18.643835, 217.0], [10.675415, 19.535067, 234.0], [11.7426195, 20.18023, 251.0], [14.57901, 20.551762, 284.0], [16.176853, 20.082575, 300.0], [17.659836, 19.151602, 317.0], [19.065971, 17.884497, 333.0], [20.039799, 16.580364, 350.0], [20.551643, 15.457306, 366.0], [20.218285, 14.163033, 399.0], [19.562737, 13.976953, 416.0], [18.392696, 14.119342, 433.0], [16.945026, 14.494569, 449.0], [13.82588, 15.94301, 482.0], [12.65819, 16.9272, 499.0], [12.061161, 17.90318, 515.0]"}