{"Image number":30317,"Image shape":2,"Path":"[14.019418, 6.7902555, 0.0], [14.357502, 6.5118523, 116.0], [14.7324915, 6.249819, 134.0], [15.087526, 5.9896507, 151.0], [15.405775, 5.755871, 169.0], [16.02826, 5.411251, 187.0], [16.407225, 5.24162, 205.0], [16.801554, 5.1193385, 222.0], [17.295176, 5.2198906, 240.0], [17.775217, 5.4260073, 258.0], [18.32155, 5.67441, 276.0], [18.853008, 6.007205, 293.0], [19.261803, 6.440138, 311.0], [19.561588, 6.9357433, 329.0], [19.768444, 7.4417725, 347.0], [19.887217, 7.852465, 365.0], [19.817093, 8.42615, 382.0], [19.641214, 9.252641, 400.0], [19.374693, 10.024995, 418.0], [19.142025, 10.833553, 436.0], [18.82571, 11.7918825, 453.0], [18.288544, 12.730661, 471.0], [17.692215, 13.646508, 489.0], [17.171532, 14.550609, 507.0], [16.899433, 15.417429, 524.0], [16.678215, 16.193596, 542.0], [16.444366, 17.000309, 560.0], [16.15375, 17.900476, 578.0], [15.792339, 18.595606, 595.0], [15.401625, 19.307064, 613.0], [15.008915, 19.84778, 631.0], [14.729578, 20.254671, 649.0], [14.443985, 20.602673, 667.0], [14.021382, 20.96083, 684.0], [13.408781, 21.279121, 702.0], [12.911472, 21.515356, 720.0], [12.456911, 21.659021, 737.0], [11.921364, 21.712036, 755.0], [11.347293, 21.71193, 773.0], [10.690155, 21.658583, 791.0], [10.158359, 21.43377, 809.0], [9.706363, 21.105148, 826.0], [9.30555, 20.779907, 844.0], [9.03447, 20.330757, 862.0], [8.873283, 19.912962, 880.0], [8.743084, 19.512661, 897.0], [8.776699, 19.096434, 915.0], [9.01814, 18.485014, 933.0], [9.334109, 17.666035, 951.0], [9.953835, 16.978848, 968.0], [10.395886, 16.378256, 986.0], [10.970875, 15.727716, 1004.0], [11.739191, 15.287355, 1022.0], [12.348641, 14.965446, 1039.0], [12.870129, 14.752312, 1057.0], [13.443012, 14.669219, 1075.0], [13.996638, 14.678535, 1093.0], [14.555784, 14.826365, 1110.0], [15.07666, 15.121138, 1128.0], [15.558429, 15.635605, 1146.0], [16.272947, 16.223183, 1164.0], [16.985645, 16.908255, 1182.0], [17.593935, 17.751013, 1199.0], [18.140888, 18.650387, 1217.0], [18.668747, 19.513329, 1235.0], [19.311817, 20.404848, 1253.0], [19.829754, 21.168695, 1270.0], [20.169168, 21.679665, 1288.0], [20.424973, 22.019852, 1306.0], [20.70018, 22.305387, 1324.0], [14.640778, 7.956011, 0.0], [14.642139, 7.6785502, 100.0], [14.7351265, 7.5229607, 118.0], [14.974258, 7.2183228, 136.0], [15.197121, 6.968721, 154.0], [15.3890705, 6.7504334, 171.0], [15.693904, 6.4912605, 189.0], [16.066223, 6.1456823, 207.0], [16.579996, 5.7353277, 225.0], [16.960108, 5.476246, 242.0], [17.188007, 5.4244637, 260.0], [17.480902, 5.3592257, 278.0], [17.92233, 5.4107776, 296.0], [18.382618, 5.561797, 313.0], [18.839073, 5.910556, 331.0], [19.254549, 6.1398063, 349.0], [19.521606, 6.532344, 367.0], [19.68571, 7.07222, 384.0], [19.76699, 7.6267443, 402.0], [19.76699, 8.2658825, 420.0], [19.692596, 8.985522, 438.0], [19.650486, 9.75465, 456.0], [19.599285, 10.501331, 473.0], [19.53378, 11.300056, 491.0], [19.36459, 12.041134, 509.0], [19.195631, 12.652067, 529.0], [19.070847, 13.188916, 545.0], [18.896559, 13.798826, 566.0], [18.602646, 14.552501, 581.0], [18.276941, 15.447892, 600.0], [17.92237, 16.19394, 615.0], [17.585161, 16.924585, 633.0], [17.263058, 17.479134, 651.0], [17.002739, 18.003433, 669.0], [16.798286, 18.404615, 687.0], [16.69418, 18.894672, 704.0], [16.453493, 19.444345, 722.0], [16.194176, 20.021584, 740.0], [15.672785, 20.617409, 758.0], [15.178757, 21.061783, 775.0], [14.786059, 21.509949, 793.0], [14.392848, 21.921152, 811.0], [14.002512, 22.124746, 829.0], [13.565251, 22.40208, 846.0], [13.092965, 22.59773, 864.0], [12.783606, 22.681667, 882.0], [12.500668, 22.683395, 900.0], [12.072601, 22.683395, 918.0], [11.577228, 22.490757, 935.0], [11.07065, 22.334564, 953.0], [10.530966, 22.031845, 971.0], [10.049974, 21.744873, 989.0], [9.631778, 21.401773, 1006.0], [9.122868, 21.000252, 1024.0], [8.798646, 20.606995, 1042.0], [8.408514, 20.323364, 1060.0], [8.018798, 19.943245, 1077.0], [7.7860575, 19.667553, 1095.0], [7.6681194, 19.355637, 1113.0], [7.6504855, 19.08085, 1130.0], [7.6504855, 18.565155, 1148.0], [7.7911005, 18.149654, 1166.0], [8.038587, 17.690506, 1184.0], [8.296661, 17.283669, 1202.0], [8.807335, 16.674408, 1219.0], [9.412518, 16.164463, 1237.0], [9.975635, 15.702903, 1255.0], [10.351105, 15.473549, 1273.0], [10.638307, 15.293489, 1290.0], [10.96461, 15.1136265, 1308.0], [11.366464, 14.993465, 1326.0], [11.808751, 14.927923, 1344.0], [12.282381, 14.911688, 1361.0], [12.774868, 15.027803, 1379.0], [13.425399, 15.236235, 1397.0], [14.078428, 15.510415, 1415.0], [14.653688, 15.96991, 1433.0], [15.064379, 16.32056, 1450.0], [15.416212, 16.713207, 1468.0], [15.6614485, 17.065361, 1486.0], [15.921835, 17.524055, 1504.0], [16.346167, 18.088228, 1521.0], [16.811224, 18.676653, 1539.0], [17.255966, 19.188635, 1557.0], [17.724068, 19.72547, 1575.0], [18.130798, 20.317535, 1592.0], [18.590395, 20.767773, 1610.0], [18.984722, 21.162336, 1628.0], [19.42019, 21.552282, 1646.0], [19.743246, 21.73891, 1663.0], [19.925478, 21.888369, 1681.0]"}