{"Image number":38129,"Image shape":3,"Path":"[12.113144, 7.8709145, 0.0], [12.44177, 7.5897565, 51.0], [14.077681, 7.0295043, 84.0], [15.148496, 6.750162, 100.0], [16.376854, 6.609359, 117.0], [17.712458, 6.612143, 133.0], [18.824812, 6.658882, 150.0], [20.038279, 7.081358, 183.0], [20.266327, 7.4514923, 200.0], [20.360184, 7.968476, 216.0], [20.3594, 8.664331, 233.0], [20.218193, 9.511309, 249.0], [19.468094, 11.144186, 283.0], [18.81944, 11.836414, 299.0], [18.01606, 12.402976, 315.0], [17.092724, 12.815206, 332.0], [16.148771, 13.050268, 349.0], [15.230673, 13.186314, 365.0], [14.389767, 13.232692, 382.0], [13.644233, 13.232344, 398.0], [13.086754, 13.279363, 415.0], [12.809792, 13.278965, 431.0], [13.282658, 13.372807, 514.0], [13.841276, 13.466174, 530.0], [14.403792, 13.607263, 547.0], [15.148624, 13.746528, 563.0], [15.851022, 13.839855, 580.0], [16.588324, 14.025563, 597.0], [17.23819, 14.30474, 613.0], [17.708853, 14.6345005, 630.0], [17.985666, 15.054033, 646.0], [18.124739, 15.427839, 663.0], [18.123127, 15.89499, 679.0], [18.028452, 16.458185, 696.0], [17.79671, 17.102726, 712.0], [17.515287, 17.853666, 729.0], [17.092432, 18.651243, 746.0], [16.115263, 19.904118, 779.0], [15.505579, 20.371973, 795.0], [14.858309, 20.92791, 812.0], [14.116445, 21.391062, 828.0], [13.358401, 21.912575, 845.0], [12.622015, 22.325497, 861.0], [11.874258, 22.7464, 878.0], [10.993563, 22.976542, 894.0], [10.005932, 23.117558, 911.0], [8.043703, 23.16346, 944.0], [7.2095327, 23.115372, 961.0], [6.6556196, 23.068851, 977.0]"}