{"Image number":36099,"Image shape":8,"Path":"[24.272879, 7.68443, 0.0], [23.480865, 7.68443, 35.0], [22.066896, 7.68443, 52.0], [20.183033, 7.731967, 69.0], [18.468977, 8.109832, 85.0], [16.702385, 8.76522, 102.0], [14.8020525, 9.69561, 118.0], [13.174254, 10.72137, 135.0], [12.0083, 11.656565, 151.0], [11.505971, 12.488889, 168.0], [11.507487, 13.143853, 184.0], [11.981251, 13.708012, 201.0], [12.868093, 14.264029, 217.0], [13.846087, 14.916808, 234.0], [14.6894245, 15.621601, 251.0], [15.328405, 16.356667, 267.0], [15.797789, 17.249577, 283.0], [16.028172, 18.461985, 301.0], [15.839114, 19.814276, 317.0], [15.369442, 21.219368, 333.0], [14.440048, 22.420025, 350.0], [13.317293, 23.44895, 366.0], [12.012904, 24.098606, 383.0], [10.665795, 24.375439, 399.0], [9.40116, 24.327812, 416.0], [8.522495, 24.000614, 432.0], [8.10453, 23.392923, 449.0], [8.436413, 22.499628, 465.0], [9.279418, 21.427177, 482.0], [10.68097, 20.309082, 499.0], [12.368922, 19.279129, 515.0], [14.194926, 18.296879, 532.0], [18.138155, 15.458343, 565.0], [20.087927, 13.691258, 581.0], [21.679947, 11.7677145, 598.0], [22.928915, 9.817922, 614.0], [23.715168, 8.007663, 631.0], [24.087944, 6.4664097, 647.0], [24.180397, 5.251061, 664.0], [22.63724, 4.326565, 697.0], [20.947067, 4.798919, 714.0], [18.95653, 5.7253413, 730.0], [17.738907, 6.526305, 747.0]"}