{"Image number":36344,"Image shape":6,"Path":"[11.647254, 4.5141926, 0.0], [11.600665, 4.793919, 36.0], [11.272881, 5.7310905, 53.0], [10.851121, 7.374112, 69.0], [10.479592, 9.331594, 86.0], [10.389298, 11.228712, 102.0], [10.576187, 13.003805, 119.0], [10.90478, 14.645744, 135.0], [11.511381, 16.132448, 152.0], [12.30612, 17.392149, 168.0], [13.34552, 18.380787, 185.0], [14.423264, 19.077774, 201.0], [15.622434, 19.720825, 218.0], [16.738222, 20.106314, 235.0], [17.364832, 20.37984, 251.0], [16.5391, 13.512073, 0.0], [16.445923, 13.791799, 37.0], [16.021816, 14.734908, 54.0], [15.45985, 16.18939, 70.0], [14.99887, 17.810999, 87.0], [14.954356, 18.89002, 103.0], [15.251377, 19.614767, 120.0], [15.530947, 19.869362, 136.0]"}