{"Image number":35042,"Image shape":8,"Path":"[18.682196, 5.912827, 0.0], [18.122122, 5.6794176, 69.0], [17.420544, 5.4922357, 85.0], [16.438694, 5.3523383, 102.0], [15.598139, 5.259109, 119.0], [14.62158, 5.26013, 135.0], [13.7279415, 5.4024925, 152.0], [12.760718, 5.727899, 168.0], [11.916123, 6.2929106, 185.0], [11.080213, 6.991761, 201.0], [10.525016, 7.8304496, 218.0], [10.151844, 8.626553, 234.0], [10.062546, 9.368248, 251.0], [10.346415, 10.118473, 267.0], [10.813557, 10.862521, 284.0], [11.561605, 11.608139, 300.0], [12.353768, 12.400849, 317.0], [13.3843355, 13.195997, 334.0], [14.311137, 14.12646, 350.0], [15.239824, 14.962025, 367.0], [15.992098, 15.904843, 383.0], [17.195503, 17.714905, 416.0], [17.65997, 18.45828, 433.0], [18.030697, 19.857782, 466.0], [17.983086, 20.509098, 482.0], [17.750034, 21.205708, 499.0], [17.376831, 21.765324, 515.0], [16.86224, 22.232939, 532.0], [16.255465, 22.558783, 549.0], [15.555521, 22.791414, 565.0], [14.57672, 22.883457, 582.0], [13.739178, 22.789165, 598.0], [12.751984, 22.506115, 615.0], [11.960376, 22.083473, 631.0], [11.1742115, 21.572897, 648.0], [10.571039, 21.013763, 664.0], [10.060039, 20.361319, 681.0], [9.78166, 19.520092, 698.0], [9.736728, 18.492222, 714.0], [9.9248295, 17.467335, 731.0], [10.345896, 16.535475, 747.0], [10.905128, 15.698315, 764.0], [11.704622, 14.947176, 780.0], [12.444433, 14.300107, 797.0], [13.424546, 13.600375, 813.0], [14.362209, 12.943657, 830.0], [15.387969, 12.244027, 846.0], [16.264786, 11.737444, 863.0], [17.104435, 11.2238035, 879.0], [17.75933, 10.802311, 896.0], [18.312098, 10.433332, 913.0], [18.682919, 10.014671, 929.0], [18.915403, 9.595422, 946.0], [19.05601, 9.079025, 962.0], [19.101673, 8.568302, 979.0], [19.148184, 8.103046, 995.0], [19.148087, 7.5889044, 1012.0], [19.101099, 7.073996, 1028.0], [19.007437, 6.654788, 1045.0], [18.868378, 6.2386518, 1061.0], [18.68169, 5.865193, 1078.0], [18.30459, 5.5828047, 1094.0]"}