{"Image number":30098,"Image shape":8,"Path":"[10.213593, 11.569855, 0.0], [10.370167, 11.726524, 94.0], [10.765941, 12.043377, 111.0], [11.372688, 12.424485, 129.0], [12.196035, 12.987984, 147.0], [13.584958, 13.9650345, 165.0], [14.467105, 14.652472, 182.0], [15.259098, 15.413807, 200.0], [16.039497, 16.159416, 218.0], [16.598217, 16.903738, 236.0], [17.054926, 17.574295, 253.0], [17.429972, 18.273207, 271.0], [17.609392, 19.021648, 289.0], [17.631067, 19.920485, 307.0], [17.546432, 20.545135, 325.0], [17.520515, 21.153158, 342.0], [17.189728, 21.763454, 360.0], [16.672512, 22.368374, 378.0], [16.187914, 22.772032, 395.0], [15.612036, 23.097757, 413.0], [15.070832, 23.29434, 431.0], [14.552451, 23.269796, 449.0], [14.048617, 23.11781, 467.0], [13.540594, 22.87128, 484.0], [13.095681, 22.382217, 502.0], [12.753918, 21.707531, 520.0], [12.493826, 20.940512, 538.0], [12.465846, 20.272434, 555.0], [12.427185, 19.622631, 573.0], [12.479853, 18.969986, 591.0], [12.862103, 18.15878, 609.0], [13.281111, 17.510288, 626.0], [13.792193, 16.857094, 644.0], [14.233927, 16.284433, 662.0], [14.86646, 15.696189, 680.0], [15.451322, 15.055398, 697.0], [15.962628, 14.482781, 715.0], [16.549112, 13.787397, 733.0], [17.135128, 13.135873, 751.0], [17.634317, 12.52002, 768.0], [18.06437, 11.971967, 786.0], [18.38835, 11.453279, 804.0], [18.631845, 10.9271345, 822.0], [18.746933, 10.44034, 840.0], [18.856152, 9.983603, 857.0], [18.873787, 9.621715, 875.0], [18.873787, 9.221412, 893.0], [18.828098, 8.790322, 911.0], [18.697542, 8.349108, 928.0], [18.456852, 7.8926525, 946.0], [18.19356, 7.459641, 964.0], [17.932343, 7.169429, 982.0], [17.633307, 6.908173, 999.0], [17.378847, 6.7417855, 1017.0], [17.110556, 6.7125382, 1035.0], [16.772005, 6.7125382, 1053.0], [16.286825, 6.9770536, 1070.0], [15.662356, 7.289476, 1088.0], [15.004684, 7.8201413, 1106.0], [14.182978, 8.406427, 1124.0], [13.515333, 9.043282, 1142.0], [12.895445, 9.737601, 1159.0], [12.422711, 10.351406, 1177.0], [11.960905, 11.10955, 1195.0], [11.453678, 11.953335, 1213.0], [11.111506, 12.475961, 1230.0], [10.834951, 12.813327, 1245.0], [15.184466, 7.684002, 0.0], [14.859904, 7.684002, 56.0], [14.425735, 7.781768, 74.0], [13.919329, 7.932476, 91.0], [13.183155, 8.266276, 109.0], [12.336405, 8.662024, 127.0], [11.645703, 9.101801, 145.0], [11.065699, 9.594399, 163.0], [10.687111, 10.01278, 180.0], [10.457511, 10.517472, 199.0], [10.443305, 11.0738535, 216.0], [10.7578, 11.889739, 234.0], [11.134801, 12.6250725, 251.0], [11.602692, 13.305682, 269.0], [12.310897, 14.042908, 287.0], [13.079962, 14.724164, 305.0], [13.902849, 15.261368, 323.0], [14.527605, 15.847628, 340.0], [15.035282, 16.404957, 358.0], [15.544844, 17.024021, 376.0], [15.971264, 17.608084, 393.0], [16.3618, 18.194244, 411.0], [16.55204, 18.744896, 429.0], [16.679178, 19.46546, 447.0], [16.80959, 20.18316, 465.0], [16.7767, 20.783646, 482.0], [16.637691, 21.575012, 500.0], [16.336376, 22.357449, 518.0], [15.960167, 23.095757, 536.0], [15.651356, 23.569649, 554.0], [15.264017, 23.905869, 571.0], [14.870109, 24.18838, 589.0], [14.407675, 24.304379, 607.0], [13.993155, 24.315453, 624.0], [13.619195, 24.173508, 642.0], [13.2267275, 24.016014, 660.0], [12.959801, 23.682634, 678.0], [12.69713, 23.32171, 695.0], [12.587499, 22.856249, 713.0], [12.504855, 22.272728, 731.0], [12.504855, 21.685116, 749.0], [12.620099, 20.90347, 766.0], [12.876854, 20.16781, 784.0], [13.22171, 19.42246, 802.0], [13.63464, 18.596102, 820.0], [13.944273, 18.01279, 837.0], [14.352046, 17.425907, 855.0], [14.806407, 16.839172, 873.0], [15.185083, 16.361683, 891.0], [15.6476345, 15.8309, 909.0], [15.979656, 15.356401, 926.0], [16.368626, 14.8732395, 944.0], [16.816841, 14.405225, 962.0], [17.191973, 13.947655, 980.0], [17.569633, 13.545641, 997.0], [17.846869, 13.09604, 1015.0], [18.120716, 12.661291, 1033.0], [18.277922, 12.309351, 1051.0], [18.46602, 11.919582, 1069.0], [18.577673, 11.526129, 1086.0], [18.640778, 11.078809, 1104.0], [18.69879, 10.619513, 1122.0], [18.76592, 10.2443075, 1139.0], [18.757282, 9.843739, 1157.0], [18.757282, 9.470987, 1176.0], [18.70893, 9.0162525, 1193.0], [18.5672, 8.555278, 1211.0], [18.224424, 8.098184, 1228.0], [17.83525, 7.7441583, 1246.0], [17.404911, 7.4168878, 1264.0], [16.898203, 7.2582254, 1281.0], [16.363216, 7.062549, 1299.0], [15.995119, 7.0622654, 1317.0], [15.76699, 7.1788406, 1330.0]"}