{"Image number":36765,"Image shape":1,"Path":"[17.936771, 8.989822, 0.0], [17.657238, 9.222927, 36.0], [16.852581, 10.122869, 52.0], [14.196369, 13.623477, 86.0], [12.9859495, 15.536325, 102.0], [11.862473, 17.458551, 119.0], [10.98636, 19.264236, 135.0], [10.379854, 20.809093, 152.0]"}