{"Image number":30499,"Image shape":5,"Path":"[25.048544, 10.36524, 0.0], [24.86384, 10.287523, 57.0], [24.558594, 10.287523, 92.0], [24.22089, 10.287523, 110.0], [23.711325, 10.287523, 128.0], [23.189468, 10.287523, 145.0], [22.628618, 10.287523, 163.0], [22.252426, 10.287523, 181.0], [21.666786, 10.287523, 199.0], [21.214636, 10.287523, 216.0], [20.725765, 10.248665, 234.0], [20.20668, 10.14493, 252.0], [19.763548, 9.97567, 270.0], [19.153198, 9.676585, 288.0], [18.49736, 9.360881, 305.0], [17.85078, 9.076995, 323.0], [17.385452, 8.804592, 341.0], [16.990353, 8.49684, 358.0], [16.560709, 8.291185, 376.0], [16.20776, 8.167788, 394.0], [15.928155, 7.979813, 413.0], [15.711513, 7.8671937, 430.0], [15.458923, 7.8005757, 465.0], [15.267447, 7.684002, 501.0], [15.076269, 7.684002, 554.0], [14.760214, 7.9022446, 589.0], [14.491929, 8.143806, 607.0], [14.196302, 8.417301, 625.0], [13.838699, 8.810285, 643.0], [13.282833, 9.237384, 660.0], [12.724787, 9.8602295, 678.0], [12.358199, 10.345306, 696.0], [12.109639, 10.684696, 714.0], [11.916161, 11.0211115, 731.0], [11.721834, 11.334288, 749.0], [11.485359, 11.825854, 767.0], [11.136302, 12.327054, 785.0], [10.675714, 12.9854355, 802.0], [10.261627, 13.518404, 820.0], [9.964958, 14.010354, 838.0], [9.713134, 14.45712, 856.0], [9.619097, 14.624776, 874.0], [9.455967, 14.834659, 909.0], [9.359222, 15.011125, 962.0], [9.653435, 15.144839, 1087.0], [9.904067, 15.222555, 1104.0], [10.164755, 15.2614155, 1122.0], [10.371961, 15.314238, 1140.0], [10.806025, 15.340548, 1158.0], [11.358078, 15.339131, 1175.0], [11.840795, 15.339131, 1193.0], [12.255852, 15.377991, 1211.0], [12.715906, 15.408158, 1229.0], [13.228188, 15.416848, 1247.0], [13.843339, 15.500263, 1264.0], [14.274109, 15.558275, 1282.0], [14.736519, 15.630376, 1300.0], [15.025913, 15.695987, 1318.0], [15.243177, 15.795951, 1335.0], [15.495146, 15.863724, 1353.0], [15.680107, 16.019487, 1371.0], [15.873012, 16.109308, 1389.0], [16.13777, 16.409592, 1424.0], [16.23301, 16.709616, 1460.0], [16.23301, 16.89137, 1478.0], [16.23301, 17.049063, 1495.0], [16.23301, 17.26944, 1513.0], [16.180555, 17.530859, 1531.0], [15.875666, 17.952055, 1549.0], [15.414568, 18.411865, 1567.0], [14.959124, 18.867584, 1584.0], [14.581123, 19.164629, 1602.0], [14.0622, 19.511192, 1620.0], [13.643571, 19.968128, 1637.0], [13.082275, 20.21843, 1655.0], [12.699371, 20.513508, 1673.0], [12.369289, 20.720823, 1691.0], [12.087818, 20.956285, 1709.0], [11.7200985, 21.219965, 1726.0], [11.39806, 21.420494, 1744.0], [10.79697, 21.701893, 1762.0], [10.355928, 21.895144, 1779.0], [9.936164, 22.029945, 1798.0], [9.479073, 22.160624, 1815.0], [9.058805, 22.369102, 1833.0], [8.668944, 22.47469, 1850.0], [8.328448, 22.641638, 1868.0], [8.078964, 22.64421, 1886.0], [7.922331, 22.683395, 1921.0]"}