{"Image number":39581,"Image shape":0,"Path":"[13.371048, 9.222927, 0.0], [14.264534, 8.894366, 53.0], [15.290152, 8.661436, 69.0], [16.463825, 8.52146, 85.0], [17.244799, 8.476584, 102.0], [18.085838, 8.42985, 119.0], [18.788105, 8.667719, 135.0], [19.384335, 9.038478, 151.0], [20.034487, 10.485329, 185.0], [20.22009, 11.369671, 201.0], [20.313736, 12.356249, 218.0], [20.3594, 14.26123, 251.0], [20.406744, 15.110791, 267.0], [20.405989, 16.037863, 284.0], [20.312168, 16.968483, 300.0], [20.123878, 18.001877, 317.0], [19.845255, 18.831882, 333.0], [19.610353, 19.537073, 350.0], [19.047, 20.188128, 366.0], [18.441849, 20.886757, 383.0], [17.696468, 21.584429, 400.0], [16.951756, 22.236042, 416.0], [16.155775, 22.70268, 433.0], [14.241951, 22.976875, 466.0], [13.176507, 22.882208, 482.0], [12.299213, 22.696375, 499.0], [11.351677, 22.459316, 515.0], [9.964069, 21.479156, 548.0], [9.221699, 19.703896, 582.0], [9.083657, 18.584162, 598.0], [9.084858, 17.418062, 615.0], [9.225043, 16.352753, 631.0], [10.302396, 14.388532, 664.0], [11.142709, 13.45663, 681.0], [11.977949, 12.668569, 697.0], [12.868616, 11.965637, 714.0], [13.700134, 11.178213, 730.0]"}