{"Image number":36893,"Image shape":6,"Path":"[16.865225, 3.6750116, 0.0], [16.632278, 3.8148746, 36.0], [15.886772, 4.514271, 53.0], [14.708236, 6.023865, 69.0], [13.358074, 7.93589, 86.0], [12.295869, 10.069374, 102.0], [11.54796, 12.271277, 119.0], [11.085813, 14.689949, 135.0], [11.088186, 16.949167, 152.0], [11.468088, 19.053837, 169.0], [12.408512, 20.388353, 185.0], [13.657264, 21.39649, 202.0], [15.168483, 22.008116, 218.0], [16.707882, 22.329624, 235.0], [18.239302, 22.276148, 251.0], [19.652235, 21.606281, 268.0], [20.615683, 20.430822, 284.0], [21.160332, 19.085037, 301.0], [21.151413, 17.680662, 317.0], [20.821493, 16.48171, 334.0], [20.069574, 15.5505295, 350.0], [19.047081, 14.952699, 367.0], [17.873306, 14.578952, 384.0], [16.520243, 14.395269, 400.0], [15.132167, 14.491734, 417.0], [13.87209, 14.914522, 433.0], [12.750061, 15.897006, 450.0], [12.221619, 16.63082, 466.0]"}