{"Image number":39033,"Image shape":1,"Path":"[18.542429, 5.493235, 0.0], [18.07387, 6.1499395, 53.0], [17.56002, 7.1326942, 69.0], [16.902472, 8.590932, 86.0], [16.203064, 10.035988, 102.0], [15.507414, 11.615869, 119.0], [14.903759, 13.010149, 135.0], [14.438793, 14.315283, 152.0], [14.0191345, 15.481725, 168.0], [13.694289, 16.693014, 185.0], [13.41426, 17.861917, 202.0], [12.942493, 18.988964, 218.0], [12.480225, 20.051992, 235.0], [12.10604, 20.989231, 251.0], [11.923695, 21.871962, 268.0], [11.8322315, 22.472298, 284.0], [11.692197, 22.935032, 301.0], [11.455225, 23.118866, 334.0]"}