{"Image number":10198,"Image shape":9,"Path":"[18.666668, 7.5055556, 0.0], [17.876675, 7.3148494, 32.0], [16.90308, 7.311111, 49.0], [16.09326, 7.400963, 66.0], [15.097982, 7.6459846, 83.0], [13.57905, 8.57951, 99.0], [12.097992, 9.6591015, 116.0], [10.787453, 10.897007, 133.0], [9.825415, 12.098949, 149.0], [9.314539, 13.266076, 166.0], [9.394948, 14.28231, 183.0], [9.810211, 14.946608, 199.0], [10.77219, 15.390837, 216.0], [12.100801, 15.400001, 233.0], [13.963751, 15.0082855, 250.0], [15.25219, 14.250635, 266.0], [16.477554, 13.355471, 283.0], [17.519901, 12.251566, 300.0], [18.181412, 11.089301, 316.0], [18.655119, 10.003872, 333.0], [18.977777, 9.080556, 350.0], [19.012207, 8.634589, 366.0], [19.055557, 8.458334, 400.0], [19.055557, 8.672222, 417.0], [19.055557, 9.132981, 433.0], [18.706463, 10.137899, 450.0], [18.041176, 11.653021, 467.0], [17.305557, 13.338889, 483.0], [16.71597, 15.178901, 500.0], [16.107658, 17.429031, 517.0], [15.684711, 19.005596, 533.0], [15.422376, 20.485111, 550.0], [15.334021, 21.63621, 567.0], [15.501251, 22.720226, 584.0], [15.606668, 23.631683, 600.0], [15.733807, 24.07553, 617.0], [15.769444, 24.324999, 634.0]"}