{"Image number":35451,"Image shape":7,"Path":"[13.044924, 8.10402, 0.0], [13.603992, 8.10402, 53.0], [14.406418, 8.10402, 69.0], [15.516846, 8.10402, 86.0], [16.364025, 8.245765, 103.0], [17.108076, 8.621809, 119.0], [17.658594, 9.177662, 136.0], [17.987406, 9.8842945, 152.0], [18.170574, 10.718666, 169.0], [17.935373, 11.793522, 186.0], [17.46496, 13.014647, 202.0], [16.622324, 14.3673, 218.0], [15.641217, 15.720805, 235.0], [14.435909, 17.1565, 252.0], [13.314853, 18.653214, 268.0], [12.205503, 20.180021, 285.0], [11.363707, 21.724754, 301.0], [10.288902, 24.206905, 334.0], [10.099533, 25.024607, 351.0], [10.109817, 25.471651, 367.0]"}