{"Image number":408,"Image shape":1,"Path":"[16.057217, 6.114364, 0.0], [16.017324, 6.473518, 88.0], [15.995889, 6.7239904, 105.0], [15.926424, 7.131337, 113.0], [15.850428, 7.616306, 127.0], [15.720531, 8.193001, 141.0], [15.441898, 9.592613, 155.0], [15.397455, 9.892109, 168.0], [15.278311, 10.461998, 182.0], [15.143066, 11.085964, 196.0], [15.009294, 11.756334, 216.0], [14.928252, 12.435417, 231.0], [14.865394, 13.133819, 247.0], [14.819323, 13.7984705, 254.0], [14.819246, 14.424237, 267.0], [14.819246, 15.702133, 281.0], [14.845445, 16.278986, 295.0], [14.855658, 16.87405, 309.0], [14.899304, 17.50678, 323.0], [14.943495, 18.0742, 337.0], [14.928477, 18.69123, 352.0], [14.928477, 19.287266, 369.0], [14.928477, 19.87088, 379.0], [14.928477, 20.521185, 392.0], [14.928477, 21.113821, 406.0], [14.928477, 21.717451, 419.0], [14.969212, 22.305843, 435.0], [15.013788, 22.885544, 450.0], [15.138152, 23.416418, 465.0], [15.23797, 23.815826, 478.0]"}