{"Image number":38353,"Image shape":9,"Path":"[18.076538, 11.320878, 0.0], [17.796349, 10.946859, 51.0], [17.47066, 10.248112, 68.0], [16.629328, 8.658878, 101.0], [15.601416, 7.867959, 134.0], [15.044645, 7.730148, 151.0], [14.294107, 7.7310505, 167.0], [13.4142275, 7.8246517, 184.0], [12.475222, 8.107212, 200.0], [11.546769, 8.620873, 217.0], [10.711974, 9.131825, 233.0], [9.917279, 9.74049, 250.0], [9.21487, 10.4448395, 266.0], [8.753174, 11.237095, 283.0], [8.522223, 12.126999, 300.0], [8.478993, 12.862691, 316.0], [8.666504, 13.421673, 333.0], [9.041805, 13.842401, 349.0], [9.603576, 14.168408, 366.0], [10.3074045, 14.543731, 382.0], [11.097902, 14.820895, 399.0], [11.985023, 15.053636, 415.0], [13.7579155, 15.096445, 448.0], [14.591983, 14.86141, 465.0], [15.376062, 14.396878, 482.0], [16.032578, 13.645125, 498.0], [16.543247, 12.711967, 515.0], [16.819283, 11.504551, 531.0], [16.957909, 8.956524, 564.0], [16.958403, 8.00876, 581.0], [16.9117, 7.357625, 614.0], [16.724062, 7.829873, 663.0], [16.678867, 9.366449, 697.0], [16.725971, 10.635427, 713.0], [16.725456, 12.217235, 730.0], [16.819101, 13.846601, 746.0], [16.86558, 15.576527, 763.0], [16.865225, 17.355518, 779.0], [16.91225, 19.170246, 796.0], [16.864574, 20.807724, 812.0], [16.77093, 22.247547, 829.0], [16.583584, 23.408926, 846.0], [16.445377, 24.42542, 862.0], [16.305252, 25.172178, 879.0], [16.259117, 25.732214, 895.0], [16.212425, 26.009853, 912.0], [16.114536, 26.302067, 928.0]"}