{"Image number":10856,"Image shape":8,"Path":"[12.405556, 6.1833334, 0.0], [12.189735, 6.5484767, 25.0], [11.960743, 7.0383277, 42.0], [11.9777775, 7.641667, 58.0], [12.208798, 8.167967, 75.0], [12.648036, 8.9909525, 92.0], [13.533333, 9.838889, 109.0], [14.609295, 10.837071, 125.0], [15.426143, 11.755926, 142.0], [16.174952, 12.679902, 158.0], [16.88676, 13.595935, 175.0], [17.450523, 14.367382, 192.0], [17.914686, 15.025314, 209.0], [18.446068, 15.827434, 226.0], [19.02294, 16.664177, 242.0], [19.645699, 17.374935, 259.0], [20.218613, 18.264227, 276.0], [20.455366, 19.041767, 292.0], [20.614508, 19.97152, 309.0], [20.661509, 20.806759, 326.0], [20.568747, 21.720856, 342.0], [20.114773, 22.561176, 359.0], [19.413252, 23.304104, 376.0], [18.35235, 23.785145, 393.0], [17.30318, 24.1196, 409.0], [16.120422, 24.15, 426.0], [14.978625, 23.938627, 443.0], [13.873575, 23.527763, 460.0], [12.976314, 23.02247, 476.0], [12.219466, 22.412718, 493.0], [11.635949, 21.713192, 510.0], [11.36322, 20.81303, 526.0], [11.221672, 20.118923, 543.0], [11.238889, 19.230555, 560.0], [11.7250185, 18.343855, 576.0], [12.397355, 17.388704, 593.0], [13.539119, 16.463837, 610.0], [14.724738, 15.604287, 626.0], [16.017368, 14.848664, 643.0], [17.099495, 14.144471, 660.0], [17.90107, 13.495116, 677.0], [18.391281, 12.99205, 694.0], [18.847836, 12.441188, 710.0], [19.180315, 11.852754, 727.0], [19.415218, 11.3799515, 744.0], [19.632929, 11.015985, 760.0], [19.85155, 10.580235, 777.0], [20.035675, 10.211987, 794.0], [20.105995, 9.953356, 810.0], [20.159754, 9.684567, 827.0], [19.92606, 9.327339, 844.0], [19.553051, 8.98198, 861.0], [18.783333, 8.380556, 877.0], [17.782536, 7.8062634, 894.0], [16.654911, 7.1615357, 911.0], [15.342766, 6.460635, 927.0], [14.027206, 5.769703, 944.0], [12.981842, 5.3992004, 961.0], [12.365053, 5.3392835, 977.0], [11.9957075, 5.327778, 994.0]"}