{"Image number":37945,"Image shape":4,"Path":"[10.43594, 6.612143, 0.0], [10.294244, 7.513393, 53.0], [10.154807, 8.582497, 70.0], [9.920659, 10.032865, 86.0], [9.410253, 12.676831, 119.0], [9.316322, 13.478053, 136.0], [9.317803, 14.030985, 152.0], [9.412433, 14.356333, 169.0], [9.597752, 14.584875, 186.0], [10.579122, 14.677599, 219.0], [11.37828, 14.677599, 235.0], [13.479423, 14.488581, 268.0], [15.669539, 14.0216465, 301.0], [17.80476, 13.7444725, 334.0], [18.546661, 13.651405, 351.0], [19.011333, 13.605013, 368.0], [19.242777, 13.605314, 384.0], [19.381031, 13.183321, 483.0], [19.521593, 12.482428, 500.0], [19.80166, 11.690082, 517.0], [20.129826, 10.845995, 533.0], [20.314697, 10.3837385, 550.0], [20.453793, 10.153322, 566.0], [20.31194, 10.3429985, 649.0], [19.751398, 11.371799, 665.0], [19.045864, 12.642563, 682.0], [18.2524, 14.232393, 698.0], [17.605576, 15.808835, 715.0], [16.997932, 17.400097, 732.0], [16.391684, 18.845139, 748.0], [15.926366, 20.104778, 765.0], [15.509424, 21.2643, 781.0], [14.994308, 22.433434, 798.0]"}