{"Image number":35378,"Image shape":2,"Path":"[13.790349, 3.395285, 0.0], [14.402646, 3.4425702, 52.0], [15.19341, 3.5827212, 69.0], [16.079409, 3.9104028, 86.0], [16.730738, 4.5191016, 102.0], [17.148699, 5.3612595, 118.0], [17.378113, 6.380845, 135.0], [17.42461, 7.5525317, 152.0], [17.189129, 8.862392, 168.0], [16.629185, 10.443848, 185.0], [15.735128, 12.230615, 201.0], [14.474959, 14.045465, 218.0], [13.171232, 15.626377, 234.0], [12.013074, 16.923141, 253.0], [11.267762, 17.903366, 267.0], [10.945962, 18.5051, 287.0], [10.90126, 18.878065, 302.0], [11.136128, 19.10796, 318.0], [12.918476, 19.340872, 350.0], [14.080434, 19.433802, 370.0], [15.284455, 19.526447, 387.0], [16.366468, 19.762287, 403.0], [17.574339, 20.101587, 417.0], [18.252064, 20.379692, 433.0]"}