{"Image number":103,"Image shape":7,"Path":"[7.5370607, 11.905583, 0.0], [7.810143, 11.632413, 45.0], [8.138677, 11.495411, 59.0], [8.517345, 11.36018, 74.0], [8.92849, 11.177702, 88.0], [9.458544, 11.015303, 102.0], [10.028053, 10.879471, 116.0], [10.652794, 10.708093, 130.0], [11.286563, 10.5269575, 143.0], [11.972353, 10.293123, 158.0], [12.712021, 10.117728, 171.0], [13.4357815, 9.947824, 185.0], [14.201916, 9.766963, 199.0], [14.912473, 9.587636, 212.0], [15.707184, 9.404098, 226.0], [16.442778, 9.256357, 241.0], [17.125473, 9.078315, 255.0], [17.74626, 9.000149, 269.0], [18.301844, 8.908919, 282.0], [18.780851, 8.850433, 297.0], [19.192226, 8.846073, 311.0], [19.503706, 8.896312, 324.0], [19.71561, 8.963994, 338.0], [19.896378, 9.054406, 353.0], [20.038496, 9.284201, 381.0], [19.983322, 9.441391, 395.0], [19.862997, 9.621972, 408.0], [19.72754, 9.880276, 423.0], [19.541855, 10.155307, 437.0], [19.381605, 10.390255, 451.0], [19.217388, 10.660375, 465.0], [19.036463, 11.007922, 479.0], [18.854746, 11.324414, 493.0], [18.678806, 11.687047, 506.0], [18.456533, 12.123578, 521.0], [18.275982, 12.492952, 535.0], [18.093998, 12.949211, 549.0], [17.914993, 13.342441, 562.0], [17.696156, 13.816662, 576.0], [17.479904, 14.267741, 590.0], [17.297438, 14.722722, 604.0], [17.012064, 15.223297, 618.0], [16.774061, 15.726555, 632.0], [16.573105, 16.223017, 646.0], [16.346148, 16.770042, 661.0], [16.073097, 17.24882, 675.0], [15.799502, 17.836504, 688.0], [15.524813, 18.363604, 702.0], [15.2567005, 18.897707, 716.0], [14.9845705, 19.39079, 732.0], [14.714596, 19.873, 744.0], [14.40851, 20.387335, 759.0], [14.096709, 20.918278, 772.0], [13.776573, 21.366983, 786.0], [13.461784, 21.875528, 800.0], [13.11118, 22.345753, 815.0], [12.755356, 22.830208, 828.0], [12.439971, 23.28224, 842.0], [12.086451, 23.714302, 862.0], [11.740131, 24.151175, 876.0], [11.419493, 24.56234, 893.0], [11.15928, 24.935211, 903.0], [10.952417, 25.343739, 916.0], [10.814043, 25.655178, 927.0]"}