{"Image number":30837,"Image shape":5,"Path":"[21.747574, 6.9456887, 0.0], [21.53024, 6.906831, 93.0], [21.352196, 6.906831, 111.0], [21.030724, 6.906831, 129.0], [20.60993, 6.906831, 146.0], [20.206339, 6.9456887, 164.0], [19.672018, 6.9456887, 182.0], [19.218723, 6.9456887, 200.0], [18.626663, 6.9456887, 218.0], [18.031324, 6.9456887, 235.0], [17.398058, 6.9456887, 253.0], [16.474817, 6.9456887, 271.0], [15.811928, 6.9456887, 289.0], [15.306677, 6.9456887, 306.0], [14.941587, 6.9456887, 324.0], [14.651877, 6.9456887, 342.0], [14.454051, 6.9456887, 360.0], [14.258589, 6.9456887, 377.0], [14.062251, 6.9456887, 395.0], [13.890645, 6.9456887, 431.0], [13.682125, 6.9456887, 466.0], [13.429705, 6.9456887, 502.0], [13.109765, 6.9456887, 520.0], [12.7174225, 7.111351, 537.0], [12.249711, 7.516287, 555.0], [11.993919, 7.8986554, 573.0], [11.618457, 8.413235, 591.0], [11.1785965, 9.204837, 608.0], [10.724436, 9.899767, 626.0], [10.326769, 10.50624, 644.0], [10.03107, 11.04137, 662.0], [9.802113, 11.38823, 679.0], [9.686859, 11.63553, 697.0], [9.556064, 11.914247, 733.0], [9.856961, 12.008794, 857.0], [10.173018, 11.943245, 875.0], [10.37685, 11.878742, 892.0], [10.53765, 11.8157425, 910.0], [10.791223, 11.688876, 928.0], [11.04655, 11.643213, 946.0], [11.306287, 11.53938, 964.0], [11.624388, 11.474045, 981.0], [12.036362, 11.330637, 999.0], [12.396108, 11.226347, 1017.0], [12.64355, 11.18127, 1035.0], [12.923977, 11.103552, 1070.0], [13.136665, 11.064693, 1106.0], [13.320389, 11.064693, 1177.0], [13.477133, 11.064693, 1230.0], [13.743015, 11.120701, 1265.0], [13.9518585, 11.223501, 1283.0], [14.235359, 11.356915, 1301.0], [14.6275215, 11.543791, 1319.0], [14.976227, 11.694692, 1336.0], [15.229276, 11.972639, 1354.0], [15.492335, 12.170053, 1372.0], [15.707994, 12.494741, 1390.0], [15.974691, 12.8142, 1407.0], [16.349514, 13.143625, 1425.0], [16.662445, 13.5703335, 1443.0], [17.137068, 13.951085, 1461.0], [17.527985, 14.2817135, 1479.0], [17.87278, 14.609527, 1496.0], [18.161064, 14.934102, 1514.0], [18.496595, 15.23372, 1532.0], [18.81739, 15.503822, 1550.0], [19.06193, 15.800607, 1567.0], [19.285612, 16.062075, 1585.0], [19.495834, 16.324467, 1603.0], [19.65057, 16.699429, 1621.0], [19.71652, 17.083988, 1638.0], [19.78178, 17.487425, 1656.0], [19.728157, 17.841959, 1674.0], [19.669596, 18.244576, 1692.0], [19.595116, 18.6802, 1710.0], [19.447905, 19.262836, 1727.0], [19.286076, 19.85258, 1745.0], [19.094421, 20.427883, 1763.0], [18.93911, 20.861427, 1781.0], [18.744915, 21.276997, 1798.0], [18.521563, 21.675785, 1816.0], [18.260431, 22.030214, 1834.0], [17.892187, 22.387943, 1852.0], [17.54084, 22.652914, 1869.0], [17.245163, 22.962065, 1887.0], [16.908123, 23.140738, 1905.0], [16.55877, 23.313053, 1923.0], [16.21593, 23.444088, 1940.0], [15.663746, 23.611025, 1958.0], [15.213895, 23.693714, 1976.0], [14.784664, 23.745314, 1994.0], [14.128311, 23.771433, 2012.0], [13.553841, 23.771433, 2029.0], [13.006793, 23.771433, 2047.0], [12.604802, 23.690954, 2065.0], [12.215958, 23.654858, 2082.0], [11.823139, 23.599457, 2100.0], [11.341943, 23.485651, 2118.0], [10.733383, 23.406013, 2136.0], [10.174758, 23.32456, 2154.0], [9.655485, 23.168573, 2171.0], [9.13316, 23.116562, 2189.0], [8.679612, 23.052551, 2207.0], [8.295104, 23.033123, 2225.0], [8.054709, 22.959373, 2242.0], [7.7699566, 22.825657, 2261.0], [7.4424534, 22.662306, 2278.0], [7.2284956, 22.418316, 2296.0], [7.0965466, 22.245697, 2313.0], [6.965792, 22.063745, 2331.0], [6.873787, 21.892376, 2384.0]"}