{"Image number":36712,"Image shape":0,"Path":"[13.464226, 6.4722795, 0.0], [12.857327, 6.659075, 53.0], [12.064142, 7.0796328, 70.0], [10.897817, 7.826864, 86.0], [9.221128, 10.487919, 119.0], [8.243833, 14.316487, 152.0], [8.152664, 16.458721, 169.0], [8.3407755, 18.515303, 186.0], [8.716262, 20.150293, 202.0], [9.411277, 21.344936, 219.0], [10.2087555, 22.142746, 235.0], [11.19384, 22.609137, 252.0], [12.363452, 22.792458, 268.0], [13.81132, 22.553188, 285.0], [15.527298, 22.13378, 301.0], [18.988384, 20.773205, 334.0], [20.23529, 19.840942, 351.0], [21.20357, 18.77416, 367.0], [22.098358, 17.452507, 384.0], [22.603745, 15.959493, 401.0], [22.926006, 14.471849, 417.0], [22.827705, 13.125863, 434.0], [22.49807, 12.052266, 450.0], [21.798956, 10.987312, 467.0], [19.833761, 8.7424, 500.0], [18.583025, 7.819851, 516.0], [17.144526, 7.264749, 533.0], [14.433495, 6.938166, 566.0], [13.409616, 6.938491, 583.0], [12.567942, 6.9857287, 599.0], [12.088408, 7.2305937, 616.0], [11.866511, 7.4650216, 632.0]"}