{"Image number":40088,"Image shape":5,"Path":"[20.66975, 5.461071, 0.0], [19.9234, 5.383334, 80.0], [18.961746, 5.5168595, 96.0], [18.014212, 5.6025586, 113.0], [17.248667, 5.6165457, 130.0], [16.661243, 5.506843, 146.0], [15.877079, 5.4091177, 163.0], [15.183797, 5.3424873, 179.0], [14.525379, 5.3315086, 196.0], [13.992227, 5.349882, 213.0], [13.553741, 5.4221025, 229.0], [13.258749, 5.5052733, 246.0], [13.128876, 5.548583, 263.0], [13.002774, 5.6165457, 279.0], [13.000732, 5.7263255, 313.0], [12.8001175, 5.998391, 330.0], [12.55756, 6.3934197, 346.0], [12.1556635, 6.9724727, 363.0], [11.788506, 7.614888, 379.0], [11.315107, 8.329466, 397.0], [10.881311, 9.032992, 413.0], [10.481272, 9.6586895, 430.0], [10.097191, 10.28992, 446.0], [9.749338, 10.924834, 463.0], [9.484276, 11.655526, 479.0], [9.281327, 12.34583, 496.0], [9.223366, 13.087923, 513.0], [9.221092, 13.773431, 530.0], [9.300743, 14.389542, 546.0], [9.381262, 14.839256, 563.0], [9.462536, 15.2157135, 579.0], [9.499437, 15.385132, 596.0], [9.654209, 15.1667595, 663.0], [9.972248, 14.724768, 680.0], [10.501406, 14.127969, 696.0], [11.226054, 13.6615925, 713.0], [12.093118, 13.350032, 730.0], [12.989922, 13.17295, 747.0], [13.965202, 13.157063, 763.0], [14.910468, 13.301262, 780.0], [15.954486, 13.587934, 796.0], [16.893639, 13.932006, 813.0], [17.60408, 14.296869, 829.0], [18.159906, 14.695906, 846.0], [18.542692, 15.014823, 862.0], [18.85497, 15.402911, 879.0], [19.057186, 15.889155, 896.0], [19.205873, 16.35544, 913.0], [19.245144, 16.897045, 929.0], [19.082592, 17.547602, 946.0], [18.582567, 18.536678, 963.0], [17.99681, 19.419384, 979.0], [17.334002, 20.155106, 996.0], [16.553848, 20.758333, 1013.0], [15.732586, 21.299952, 1030.0], [14.861733, 21.815079, 1046.0], [14.0175, 22.260641, 1063.0], [13.257795, 22.538696, 1080.0], [12.581969, 22.67627, 1096.0], [11.890779, 22.794533, 1113.0], [11.223711, 22.8224, 1129.0], [10.8499565, 22.787521, 1146.0], [10.229331, 22.744417, 1163.0], [9.578465, 22.610813, 1179.0], [8.862609, 22.420467, 1196.0], [8.203562, 22.136114, 1213.0], [7.670379, 21.817894, 1230.0], [7.3374267, 21.460949, 1246.0], [7.1244597, 21.17118, 1263.0], [7.0971317, 20.713884, 1280.0], [7.44478, 20.066566, 1296.0], [7.8094354, 19.53152, 1313.0]"}