{"Image number":30532,"Image shape":7,"Path":"[10.330097, 10.8704, 0.0], [10.504855, 11.045261, 95.0], [10.789322, 11.103552, 131.0], [11.208582, 11.079282, 148.0], [11.749136, 10.9111, 166.0], [13.093125, 10.440888, 184.0], [14.089995, 10.064171, 202.0], [14.783053, 9.764273, 220.0], [15.428528, 9.427107, 237.0], [16.06698, 8.977705, 255.0], [16.751022, 8.442867, 273.0], [17.308807, 7.971007, 291.0], [17.660812, 7.6542397, 308.0], [17.875847, 7.4390764, 326.0], [18.019417, 7.2252297, 362.0], [17.807812, 7.6498914, 451.0], [17.60301, 7.899182, 468.0], [17.359224, 8.26688, 486.0], [17.080757, 8.974841, 504.0], [16.785065, 9.759347, 522.0], [16.530983, 10.558815, 539.0], [16.309916, 11.4827585, 557.0], [15.850104, 12.491568, 575.0], [15.415356, 13.439306, 593.0], [14.946408, 14.328569, 610.0], [14.634636, 15.040551, 628.0], [14.400454, 15.633097, 646.0], [14.206195, 16.161945, 664.0], [13.969234, 16.733246, 682.0], [13.745588, 17.40459, 699.0], [13.425558, 18.138582, 717.0], [13.111204, 19.173494, 735.0], [12.87719, 20.019783, 752.0], [12.73878, 20.697025, 770.0], [12.609024, 21.256142, 788.0], [12.582524, 21.817677, 806.0], [12.582524, 22.275381, 823.0], [12.582524, 22.910137, 841.0], [12.582524, 23.38789, 859.0], [12.582524, 23.846779, 877.0], [12.582524, 24.20546, 894.0], [12.582524, 24.49939, 912.0], [12.582524, 24.805828, 948.0], [12.582524, 24.988962, 983.0], [12.609573, 25.158548, 1037.0]"}