{"Image number":30254,"Image shape":3,"Path":"[8.0, 7.1788406, 0.0], [8.073526, 7.013219, 107.0], [8.268228, 6.883338, 125.0], [8.81215, 6.6748075, 143.0], [9.335472, 6.4785843, 160.0], [10.063709, 6.2314625, 178.0], [10.494139, 6.086448, 196.0], [11.239714, 5.9858103, 214.0], [11.919949, 5.920062, 231.0], [12.808855, 5.935367, 249.0], [13.800814, 5.935367, 267.0], [14.437157, 5.935367, 285.0], [14.944437, 5.974226, 302.0], [15.39381, 6.072933, 320.0], [15.90749, 6.3165283, 338.0], [16.342941, 6.5840034, 356.0], [16.693375, 6.8697324, 373.0], [17.029129, 7.139982, 391.0], [17.229847, 7.5740285, 409.0], [17.386932, 7.9226146, 427.0], [17.475729, 8.293113, 445.0], [17.475729, 8.663252, 462.0], [17.332804, 9.309375, 480.0], [17.037312, 10.0492325, 498.0], [16.777029, 10.733571, 516.0], [16.519714, 11.49531, 533.0], [16.144087, 12.259245, 551.0], [15.587266, 12.976995, 569.0], [15.061344, 13.519401, 587.0], [14.349804, 14.090975, 604.0], [13.552272, 14.783192, 622.0], [12.886066, 15.267128, 640.0], [12.486295, 15.563826, 658.0], [12.268539, 15.769884, 675.0], [12.11198, 15.846558, 693.0], [11.918351, 15.92201, 747.0], [11.883495, 15.677617, 800.0], [12.15538, 15.475117, 836.0], [12.377374, 15.409879, 853.0], [12.603959, 15.383793, 871.0], [12.860917, 15.377991, 889.0], [13.2174015, 15.377991, 906.0], [13.714115, 15.4126625, 924.0], [14.221523, 15.561974, 942.0], [14.709869, 15.708612, 960.0], [15.136413, 16.029362, 977.0], [15.498132, 16.313583, 995.0], [15.823922, 16.689823, 1013.0], [16.226992, 17.157454, 1031.0], [16.576883, 17.739893, 1048.0], [16.96627, 18.324333, 1066.0], [17.399979, 18.956179, 1084.0], [17.698357, 19.541624, 1102.0], [17.957188, 20.019478, 1119.0], [18.062098, 20.40036, 1137.0], [18.097088, 20.707443, 1155.0], [18.097088, 21.014322, 1173.0], [17.971245, 21.458609, 1191.0], [17.715858, 21.919563, 1208.0], [17.446226, 22.37561, 1226.0], [17.186089, 22.666792, 1244.0], [16.830933, 22.986609, 1262.0], [16.151031, 23.431515, 1279.0], [15.516679, 23.640965, 1297.0], [14.972619, 23.719234, 1315.0], [14.271845, 23.674286, 1333.0], [13.723215, 23.646954, 1350.0], [13.094534, 23.472069, 1368.0], [12.709169, 23.340275, 1386.0], [12.430273, 23.113928, 1404.0], [12.239412, 22.96181, 1421.0], [12.108815, 22.792276, 1439.0], [12.038835, 22.605677, 1467.0]"}