{"Image number":15170,"Image shape":9,"Path":"[14.574219, 17.19213, 0.0], [13.787507, 17.386574, 167.0], [13.54879, 17.258919, 184.0], [13.260693, 17.143154, 200.0], [13.00442, 16.98972, 217.0], [12.700695, 16.841791, 234.0], [12.396865, 16.59657, 251.0], [12.123908, 16.392063, 267.0], [11.871053, 16.126122, 284.0], [11.653193, 15.917674, 300.0], [11.475185, 15.725629, 317.0], [11.308794, 15.548729, 334.0], [11.159144, 15.299727, 350.0], [11.0487385, 15.05821, 367.0], [10.961802, 14.853388, 384.0], [10.903454, 14.591909, 400.0], [10.8828125, 14.317751, 417.0], [10.8828125, 14.01101, 434.0], [10.855469, 13.706057, 450.0], [10.855469, 13.362947, 467.0], [10.855469, 12.99432, 484.0], [10.963522, 12.629737, 501.0], [11.046336, 12.237629, 517.0], [11.132843, 11.87252, 534.0], [11.246752, 11.579263, 550.0], [11.363603, 11.26766, 567.0], [11.453875, 11.002632, 583.0], [11.568306, 10.746089, 600.0], [11.682226, 10.490917, 617.0], [11.786339, 10.23864, 634.0], [11.908717, 10.021078, 650.0], [12.049307, 9.819752, 667.0], [12.196251, 9.607684, 683.0], [12.370916, 9.400673, 700.0], [12.512561, 9.239243, 717.0], [12.760455, 9.033531, 733.0], [13.029085, 8.7825575, 750.0], [13.320355, 8.544862, 767.0], [13.609994, 8.3403015, 784.0], [13.924207, 8.087694, 802.0], [14.241963, 7.9297886, 817.0], [14.5318775, 7.7669067, 834.0], [14.812994, 7.6669536, 850.0], [15.070082, 7.615741, 867.0], [15.446001, 7.56713, 884.0], [15.886537, 7.56713, 900.0], [16.381002, 7.896187, 917.0], [16.81996, 8.167059, 934.0], [17.13198, 8.389854, 951.0], [17.383423, 8.67238, 967.0], [17.52395, 8.873599, 984.0], [17.631126, 9.141474, 1002.0], [17.688667, 9.540704, 1017.0], [17.691406, 9.949928, 1034.0], [17.606178, 10.360693, 1050.0], [17.521347, 10.769494, 1067.0], [17.401312, 11.238384, 1084.0], [17.294235, 11.714279, 1101.0], [17.150238, 12.213504, 1118.0], [17.02224, 12.620891, 1134.0], [16.894932, 13.005757, 1151.0], [16.673954, 13.6280985, 1168.0], [16.481339, 14.166408, 1184.0], [16.277935, 14.645676, 1201.0], [16.142706, 15.072539, 1217.0], [15.969182, 15.586428, 1233.0], [15.793986, 16.105785, 1250.0], [15.655235, 16.541758, 1267.0], [15.509754, 16.951416, 1284.0], [15.366293, 17.356287, 1300.0], [15.195398, 17.809984, 1317.0], [15.025858, 18.260466, 1333.0], [14.829106, 18.76503, 1350.0], [14.612526, 19.294504, 1367.0], [14.357021, 19.98313, 1384.0], [14.161722, 20.576843, 1401.0], [13.98028, 21.14436, 1417.0], [13.821351, 21.708652, 1434.0], [13.674793, 22.33453, 1450.0], [13.562269, 22.880655, 1467.0], [13.442075, 23.463467, 1484.0], [13.356209, 24.125687, 1501.0], [13.306198, 24.689896, 1518.0], [13.2890625, 25.130629, 1534.0], [13.2890625, 25.616528, 1551.0], [13.407312, 26.264713, 1567.0], [13.425781, 26.37963, 1584.0]"}