{"Image number":36440,"Image shape":0,"Path":"[18.728785, 6.6587644, 0.0], [18.166513, 6.4238787, 53.0], [17.421183, 6.191581, 69.0], [16.255829, 6.0522413, 86.0], [14.764212, 6.473549, 102.0], [12.987384, 7.410469, 119.0], [11.223478, 8.760133, 135.0], [9.777393, 10.442397, 152.0], [8.614593, 12.260131, 168.0], [8.0573015, 14.173651, 185.0], [7.9189215, 15.998757, 202.0], [8.386503, 17.709755, 218.0], [9.229054, 19.160862, 235.0], [10.262158, 20.285864, 251.0], [11.513492, 20.974792, 268.0], [12.924419, 21.44409, 284.0], [14.264334, 21.672167, 301.0], [15.523785, 21.67077, 317.0], [16.787304, 21.340464, 334.0], [17.852425, 20.451323, 350.0], [18.92889, 18.947601, 367.0], [19.760324, 17.228228, 384.0], [20.504564, 15.316459, 400.0], [20.87352, 13.50407, 417.0], [21.059555, 11.8687725, 433.0], [20.96482, 10.665116, 450.0], [20.73127, 9.592013, 466.0], [20.124084, 8.800233, 483.0], [19.372639, 8.19044, 499.0], [18.255423, 7.868734, 516.0], [16.994453, 7.724454, 532.0], [16.023914, 7.7310505, 549.0]"}