{"Image number":15200,"Image shape":7,"Path":"[4.1289062, 11.018518, 0.0], [4.3287897, 10.914875, 157.0], [5.2812495, 10.5601845, 175.0], [6.0148864, 10.372967, 191.0], [6.804311, 10.136685, 207.0], [7.4905086, 9.99008, 223.0], [8.272911, 9.818686, 240.0], [9.050777, 9.75463, 257.0], [9.955715, 9.706018, 274.0], [10.703289, 9.657408, 290.0], [11.281704, 9.657408, 307.0], [11.7570305, 9.596818, 324.0], [12.184449, 9.592981, 341.0], [12.607316, 9.560185, 357.0], [13.023267, 9.511574, 374.0], [13.423514, 9.511574, 390.0], [13.851496, 9.511574, 406.0], [14.249427, 9.511574, 424.0], [14.656305, 9.511574, 441.0], [15.037531, 9.511574, 458.0], [15.371834, 9.511574, 475.0], [15.725794, 9.684503, 491.0], [16.078384, 9.657408, 507.0], [16.42314, 9.719124, 525.0], [16.765686, 9.75463, 540.0], [17.069263, 9.803241, 557.0], [17.357506, 9.851851, 573.0], [17.581291, 9.851851, 590.0], [17.78976, 9.883411, 607.0], [17.978107, 9.900463, 623.0], [18.204483, 9.900463, 640.0], [18.373507, 9.900463, 657.0], [18.553864, 9.900463, 675.0], [18.702377, 9.949074, 691.0], [18.903719, 9.949074, 725.0], [19.028442, 10.019495, 742.0], [19.22612, 10.046296, 775.0], [19.33937, 10.077125, 790.0], [19.521292, 10.139705, 823.0], [19.662724, 10.196693, 858.0], [19.714844, 10.302596, 891.0], [19.691006, 10.71438, 923.0], [19.600906, 11.237294, 940.0], [19.419395, 12.001019, 957.0], [19.171303, 12.902496, 974.0], [18.88179, 13.980486, 991.0], [18.52808, 15.137651, 1007.0], [18.215445, 16.060715, 1023.0], [17.855711, 17.077988, 1040.0], [17.501253, 18.257118, 1057.0], [17.137058, 19.272144, 1074.0], [16.840294, 20.20697, 1091.0], [16.611425, 20.842514, 1107.0], [16.331858, 21.810905, 1123.0], [16.175663, 22.588696, 1140.0], [16.055153, 23.35995, 1157.0], [15.971128, 24.031494, 1174.0], [15.915422, 24.61512, 1190.0], [15.85802, 25.076757, 1207.0], [15.832031, 25.395872, 1223.0]"}