{"Image number":10760,"Image shape":3,"Path":"[10.2277775, 5.0944443, 0.0], [10.4767685, 5.0944443, 56.0], [10.636111, 5.0944443, 73.0], [11.125629, 5.0206094, 89.0], [11.832806, 5.0166664, 106.0], [12.612595, 5.0166664, 122.0], [13.426717, 5.058614, 139.0], [13.89821, 5.113381, 156.0], [14.392933, 5.3338966, 172.0], [14.816646, 5.541656, 189.0], [15.217661, 5.884329, 207.0], [15.506663, 6.246106, 223.0], [15.671013, 6.6212535, 239.0], [15.803177, 6.99168, 256.0], [15.914416, 7.3376956, 273.0], [15.963888, 7.777778, 290.0], [15.944444, 8.086096, 306.0], [15.944444, 8.475534, 323.0], [15.886111, 8.847221, 340.0], [15.7586, 9.190864, 356.0], [15.595751, 9.525165, 373.0], [15.36882, 9.780642, 390.0], [15.062103, 10.055655, 406.0], [14.836246, 10.235447, 423.0], [14.512779, 10.46311, 441.0], [14.241219, 10.635268, 456.0], [13.922222, 10.791666, 473.0], [13.702161, 11.031174, 490.0], [13.478779, 11.202027, 506.0], [13.29704, 11.397405, 523.0], [13.109006, 11.585441, 540.0], [12.943647, 11.804767, 557.0], [12.786237, 11.947097, 573.0], [12.561111, 12.172222, 607.0], [12.386111, 12.25, 673.0], [12.7313795, 12.25, 773.0], [13.069756, 12.25, 790.0], [13.527294, 12.25, 807.0], [14.035812, 12.25, 824.0], [14.668676, 12.25, 840.0], [15.158004, 12.25, 857.0], [15.632307, 12.33187, 874.0], [16.046036, 12.440136, 890.0], [16.391376, 12.585986, 907.0], [16.682503, 12.770448, 924.0], [16.876287, 13.063685, 940.0], [16.98725, 13.340346, 957.0], [17.062908, 13.633013, 974.0], [17.072222, 13.954797, 991.0], [17.072222, 14.2722225, 1007.0], [17.038876, 14.588976, 1024.0], [16.985567, 14.8610525, 1041.0], [16.994444, 15.196291, 1057.0], [16.994444, 15.521463, 1074.0], [16.994444, 15.944246, 1091.0], [16.994444, 16.351456, 1107.0], [16.994444, 16.82778, 1124.0], [16.994444, 17.227777, 1141.0], [16.994444, 17.702469, 1157.0], [16.945986, 18.159893, 1174.0], [16.828651, 18.756742, 1191.0], [16.723475, 19.24436, 1208.0], [16.614552, 19.68068, 1224.0], [16.503992, 20.122921, 1241.0], [16.348618, 20.510635, 1258.0], [16.211838, 20.776321, 1274.0], [15.968025, 21.081295, 1291.0], [15.798234, 21.311615, 1308.0], [15.550937, 21.524805, 1324.0], [15.319169, 21.702291, 1341.0], [15.045852, 21.865822, 1358.0], [14.778593, 21.99523, 1374.0], [14.490058, 22.135529, 1391.0], [14.219803, 22.242077, 1408.0], [13.910425, 22.350273, 1425.0], [13.5981245, 22.45618, 1441.0], [13.290786, 22.541843, 1458.0], [12.978047, 22.596252, 1475.0], [12.611866, 22.648306, 1491.0], [12.38169, 22.633333, 1508.0], [12.1145315, 22.633333, 1525.0], [11.9021635, 22.633333, 1542.0], [11.6942425, 22.633333, 1575.0]"}