{"Image number":10702,"Image shape":7,"Path":"[8.127778, 9.488889, 0.0], [8.295668, 9.368111, 139.0], [8.457333, 9.314223, 155.0], [8.913639, 9.14769, 172.0], [9.340584, 9.039853, 189.0], [9.969017, 8.801671, 210.0], [10.606716, 8.584799, 222.0], [11.3347435, 8.392587, 239.0], [12.22642, 8.237167, 256.0], [13.144782, 8.162071, 272.0], [14.116667, 8.108334, 289.0], [15.062613, 8.201483, 306.0], [16.082417, 8.406532, 323.0], [16.858648, 8.661731, 340.0], [17.621586, 8.969346, 356.0], [18.074799, 9.192955, 373.0], [18.476402, 9.503584, 389.0], [18.8017, 9.902266, 407.0], [18.958332, 10.461111, 423.0], [18.90411, 11.216154, 439.0], [18.799385, 12.03238, 456.0], [18.563417, 12.948635, 473.0], [18.17549, 13.85278, 490.0], [17.638884, 14.875565, 506.0], [16.991302, 15.893588, 523.0], [16.485384, 16.971985, 539.0], [16.002777, 18.102777, 556.0], [15.510954, 19.031776, 573.0], [14.973946, 19.900574, 589.0], [14.298378, 20.628796, 606.0], [13.598679, 21.43614, 623.0], [13.052801, 22.29774, 640.0], [12.605419, 23.10996, 656.0], [12.217093, 23.604273, 673.0], [11.900001, 23.975, 690.0], [11.6117735, 24.356636, 706.0], [11.365553, 24.651337, 723.0], [11.234368, 24.837337, 740.0], [11.070303, 24.979698, 773.0]"}