{"Image number":37551,"Image shape":5,"Path":"[18.775373, 4.84054, 0.0], [18.07352, 4.8873763, 52.0], [15.604585, 5.1671615, 85.0], [14.435595, 5.260691, 102.0], [13.556749, 5.3067856, 118.0], [12.667771, 5.2598963, 135.0], [11.916505, 5.26013, 151.0], [11.037271, 5.213281, 168.0], [10.387773, 5.353711, 184.0], [9.830162, 5.5398965, 201.0], [9.456599, 5.914285, 234.0], [9.458256, 6.1013694, 267.0], [9.59822, 6.6153803, 284.0], [9.7861395, 7.320638, 300.0], [9.970843, 8.154215, 317.0], [10.157506, 8.994776, 333.0], [10.391787, 9.790665, 350.0], [10.672012, 10.536665, 367.0], [11.042785, 11.276632, 383.0], [11.421345, 12.081776, 400.0], [11.788279, 12.81527, 416.0], [12.25846, 13.378871, 433.0], [12.861159, 13.934056, 449.0], [13.564275, 14.355377, 466.0], [14.359056, 14.7759495, 482.0], [15.104029, 15.006823, 499.0], [15.900883, 15.146288, 515.0], [16.64522, 15.238673, 532.0], [17.37958, 15.330531, 548.0], [18.0774, 15.610367, 565.0], [18.642384, 15.940327, 582.0], [19.102602, 16.403687, 598.0], [19.47471, 16.962786, 615.0], [19.75634, 17.573744, 631.0], [19.988684, 18.2264, 649.0], [20.12744, 18.737247, 664.0], [20.126455, 19.295023, 681.0], [19.891476, 19.810406, 697.0], [18.958214, 21.068802, 730.0], [18.262863, 21.764044, 747.0], [17.548698, 22.526348, 764.0], [16.721426, 23.118942, 780.0], [16.117514, 23.490402, 797.0], [15.505824, 23.678041, 813.0], [14.950791, 23.769438, 830.0], [14.344093, 23.862785, 846.0], [13.643974, 23.909027, 863.0], [12.945287, 23.908587, 879.0], [12.385249, 23.814104, 896.0], [11.831263, 23.487625, 912.0], [11.314023, 22.969046, 929.0], [10.660129, 22.361952, 946.0], [9.867231, 21.520693, 962.0]"}