{"Image number":36444,"Image shape":6,"Path":"[14.955075, 8.9432, 0.0], [14.489183, 9.595897, 35.0], [12.379105, 13.868845, 68.0], [11.689711, 16.558435, 85.0], [11.553556, 18.788586, 101.0], [12.023473, 20.42428, 118.0], [12.823162, 21.310308, 134.0], [13.9931135, 21.628746, 151.0], [15.251667, 21.48239, 167.0], [16.49974, 20.78095, 184.0], [17.527683, 19.607826, 200.0], [18.12617, 18.166925, 217.0], [18.309917, 16.86576, 234.0], [18.16915, 15.838964, 250.0], [17.654156, 15.045805, 267.0], [16.815138, 14.582412, 283.0], [15.835693, 14.397001, 300.0], [14.671242, 14.585045, 316.0], [13.49348, 15.15214, 333.0], [12.38488, 16.223577, 349.0], [11.602613, 17.649076, 366.0], [11.206087, 18.598213, 382.0]"}