{"Image number":38449,"Image shape":1,"Path":"[16.306156, 5.26013, 0.0], [16.118172, 5.6846075, 52.0], [15.8380375, 6.38461, 68.0], [15.417367, 7.5075426, 85.0], [14.857223, 8.908273, 101.0], [14.249572, 10.640554, 118.0], [13.643308, 12.650348, 134.0], [13.180782, 14.694814, 151.0], [12.756596, 16.581566, 168.0], [12.387801, 18.19554, 184.0], [12.108506, 19.738214, 201.0], [11.829221, 21.085924, 217.0], [11.550202, 22.340906, 234.0], [11.268426, 23.323933, 250.0], [10.944025, 24.200247, 267.0], [10.662656, 24.760233, 283.0], [10.432308, 25.12655, 300.0], [10.293405, 25.358458, 316.0], [9.9553995, 25.642363, 349.0]"}