{"Image number":39334,"Image shape":0,"Path":"[15.23461, 8.803335, 0.0], [14.908485, 8.7100935, 54.0], [14.202194, 8.52162, 71.0], [13.027932, 8.287103, 87.0], [11.879607, 8.243858, 104.0], [10.006968, 8.854796, 137.0], [9.261258, 9.464128, 153.0], [8.708069, 10.160448, 170.0], [8.2454, 10.949365, 186.0], [7.8255243, 12.726309, 220.0], [7.732568, 13.475131, 236.0], [7.827807, 14.359358, 253.0], [7.9672394, 15.380711, 269.0], [8.2012825, 16.550531, 286.0], [8.573855, 17.61898, 302.0], [9.043989, 18.747377, 319.0], [9.648443, 19.719986, 335.0], [10.305757, 20.658808, 352.0], [11.045797, 21.442131, 369.0], [11.839783, 22.189417, 385.0], [12.772753, 22.747477, 402.0], [13.619128, 23.075294, 418.0], [15.614199, 22.975222, 451.0], [16.684757, 22.554264, 468.0], [17.761848, 21.849796, 484.0], [18.729853, 20.877144, 501.0], [19.568813, 19.663998, 517.0], [20.175524, 18.355328, 534.0], [20.639269, 15.885228, 567.0], [20.638933, 14.705806, 583.0], [20.545462, 13.461464, 600.0], [20.123976, 12.199233, 617.0], [19.469149, 10.891161, 633.0], [18.671194, 9.577763, 650.0], [17.884653, 8.469178, 666.0], [17.094296, 7.4931574, 683.0], [16.254986, 6.747932, 699.0], [14.301233, 5.9590864, 732.0]"}