{"Image number":30729,"Image shape":3,"Path":"[12.194176, 9.626927, 0.0], [12.019417, 9.626927, 64.0], [12.201752, 9.448272, 170.0], [12.382519, 9.332904, 188.0], [12.653805, 9.204279, 205.0], [12.903963, 9.055405, 223.0], [13.283051, 8.744887, 241.0], [13.666908, 8.502527, 259.0], [14.158892, 8.164927, 276.0], [14.51531, 7.9010096, 294.0], [14.879068, 7.6797743, 312.0], [15.137939, 7.551845, 330.0], [15.401629, 7.365594, 348.0], [15.738311, 7.0909634, 383.0], [16.088934, 6.9030733, 419.0], [16.320936, 6.7609286, 436.0], [16.522709, 6.635863, 454.0], [16.80083, 6.5899267, 472.0], [16.990881, 6.491946, 490.0], [17.184467, 6.4210997, 507.0], [17.466154, 6.401669, 543.0], [17.72751, 6.401669, 578.0], [17.988747, 6.681849, 614.0], [18.212238, 7.058201, 649.0], [18.252426, 7.2849755, 667.0], [18.304691, 7.5957522, 685.0], [18.330097, 7.843339, 703.0], [18.330097, 8.127806, 720.0], [18.330097, 8.508635, 738.0], [18.250406, 8.861896, 756.0], [18.121628, 9.268975, 774.0], [17.928566, 9.635957, 792.0], [17.73333, 10.033329, 809.0], [17.472387, 10.320847, 827.0], [17.209364, 10.649823, 845.0], [17.033083, 10.979057, 863.0], [16.837208, 11.261699, 880.0], [16.64242, 11.644283, 898.0], [16.44467, 11.962307, 916.0], [16.14485, 12.279805, 934.0], [15.70874, 12.657891, 951.0], [15.326637, 13.012122, 969.0], [15.009084, 13.303446, 987.0], [14.744556, 13.558006, 1005.0], [14.4824505, 13.738459, 1022.0], [14.145998, 13.9341755, 1040.0], [13.7463455, 14.154561, 1058.0], [13.221927, 14.365756, 1076.0], [12.816293, 14.522724, 1093.0], [12.530419, 14.646317, 1111.0], [12.302202, 14.733177, 1129.0], [12.02198, 14.900692, 1164.0], [11.722181, 15.03125, 1200.0], [11.464183, 15.160329, 1236.0], [11.300971, 15.222555, 1307.0], [11.359222, 15.047692, 1395.0], [11.515814, 14.940207, 1413.0], [11.79453, 14.76473, 1431.0], [12.143599, 14.630642, 1449.0], [12.481277, 14.551138, 1466.0], [12.772158, 14.409936, 1484.0], [13.161842, 14.316927, 1502.0], [13.554381, 14.237976, 1520.0], [13.985357, 14.093747, 1538.0], [14.38601, 14.030069, 1555.0], [14.767704, 13.964394, 1573.0], [15.036636, 13.979084, 1591.0], [15.241796, 13.979084, 1609.0], [15.585377, 13.979084, 1644.0], [15.810976, 13.979084, 1662.0], [16.015049, 13.979084, 1680.0], [16.211761, 14.017942, 1697.0], [16.447157, 14.135628, 1733.0], [16.654873, 14.357019, 1768.0], [16.719711, 14.528165, 1786.0], [16.737865, 14.744161, 1804.0], [16.737865, 15.014169, 1822.0], [16.737865, 15.338651, 1839.0], [16.688368, 15.763536, 1857.0], [16.625635, 16.060331, 1875.0], [16.55806, 16.432987, 1893.0], [16.492634, 16.811413, 1910.0], [16.427818, 17.162312, 1928.0], [16.404068, 17.560553, 1946.0], [16.334648, 17.993057, 1964.0], [16.230083, 18.378885, 1982.0], [16.138628, 18.692268, 1999.0], [16.007664, 19.03095, 2017.0], [15.878092, 19.435497, 2035.0], [15.679586, 19.788483, 2053.0], [15.485792, 20.121376, 2070.0], [15.205168, 20.534534, 2088.0], [15.01313, 20.818956, 2106.0], [14.817384, 21.08773, 2124.0], [14.7113495, 21.333994, 2141.0], [14.543771, 21.56934, 2159.0], [14.405862, 21.752695, 2177.0], [14.274261, 21.931738, 2195.0], [14.1439085, 22.092525, 2212.0], [14.013609, 22.261765, 2230.0], [13.643098, 22.55779, 2266.0], [13.382118, 22.691368, 2283.0], [13.123411, 22.820799, 2301.0], [12.860291, 22.991299, 2319.0], [12.597395, 23.058544, 2337.0], [12.336258, 23.123869, 2354.0], [12.152737, 23.268875, 2372.0], [11.920615, 23.331608, 2390.0], [11.668926, 23.397661, 2408.0], [11.3689785, 23.504257, 2426.0], [11.012064, 23.64475, 2443.0], [10.730721, 23.710073, 2461.0], [10.469185, 23.7755, 2479.0], [10.208112, 23.840805, 2497.0], [9.948177, 23.905828, 2514.0], [9.769263, 24.010303, 2532.0], [9.5025425, 24.075592, 2550.0], [9.30097, 24.140587, 2568.0], [9.0266, 24.16734, 2585.0], [8.724005, 24.193878, 2603.0], [8.459052, 24.198877, 2621.0], [8.196338, 24.198877, 2639.0], [7.9723353, 24.198877, 2656.0], [7.7361317, 24.198877, 2674.0], [7.540798, 24.14934, 2692.0], [7.3052692, 24.04631, 2710.0], [7.1103787, 23.979874, 2727.0], [6.9650955, 23.811335, 2745.0], [6.795262, 23.69286, 2763.0], [6.6316676, 23.544039, 2781.0], [6.4444914, 23.262049, 2816.0], [6.2755103, 23.05622, 2852.0], [6.2135925, 22.838829, 2902.0]"}