{"Image number":333,"Image shape":8,"Path":"[14.054616, 13.28965, 0.0], [13.797702, 13.253226, 52.0], [13.528303, 13.253226, 80.0], [13.36361, 13.216804, 95.0], [13.181309, 13.180519, 106.0], [12.956178, 13.13545, 120.0], [12.675298, 13.09004, 134.0], [12.43912, 12.865676, 148.0], [12.204128, 12.640511, 163.0], [11.890226, 12.3704405, 177.0], [11.592492, 11.965046, 191.0], [11.323106, 11.5403185, 205.0], [11.052572, 11.101309, 219.0], [10.8210745, 10.644851, 232.0], [10.647397, 10.246607, 246.0], [10.548452, 9.823036, 260.0], [10.458203, 9.429631, 274.0], [10.449936, 9.022747, 288.0], [10.499232, 8.620784, 302.0], [10.625386, 8.246703, 316.0], [10.791281, 7.8717766, 330.0], [11.050966, 7.549738, 344.0], [11.32157, 7.28212, 358.0], [11.690101, 7.0522866, 372.0], [12.126436, 6.8713174, 385.0], [12.539443, 6.766844, 399.0], [12.988312, 6.677354, 413.0], [13.499126, 6.6052647, 428.0], [13.968285, 6.5322876, 441.0], [14.457819, 6.4416814, 455.0], [14.954743, 6.30587, 469.0], [15.445861, 6.1718836, 484.0], [15.907173, 6.0725203, 497.0], [16.4068, 5.936214, 511.0], [16.90768, 5.843794, 525.0], [17.397799, 5.754653, 538.0], [17.872736, 5.7251444, 552.0], [18.32471, 5.713714, 567.0], [18.73441, 5.713714, 580.0], [19.13393, 5.713714, 594.0], [19.522915, 5.737311, 608.0], [19.842588, 5.812186, 625.0], [20.154085, 5.941676, 644.0], [20.439648, 6.1029253, 660.0], [20.736958, 6.330647, 669.0], [20.948933, 6.588634, 679.0], [21.126171, 6.854576, 693.0], [21.26189, 7.1300254, 707.0], [21.34061, 7.4571342, 722.0], [21.373213, 7.7738237, 736.0], [21.373213, 8.086264, 750.0], [21.281755, 8.447136, 763.0], [21.190638, 8.756842, 777.0], [21.072874, 9.046289, 790.0], [20.937849, 9.352327, 805.0], [20.756882, 9.67004, 818.0], [20.579517, 9.980535, 833.0], [20.372416, 10.236816, 847.0], [20.14633, 10.508205, 861.0], [19.880808, 10.733617, 877.0], [19.632343, 10.922473, 903.0], [19.03288, 11.344164, 917.0], [18.722893, 11.48083, 931.0], [18.35192, 11.668428, 945.0], [17.992329, 11.848283, 958.0], [17.632444, 12.028282, 972.0], [17.2307, 12.248995, 986.0], [16.82733, 12.47316, 1000.0], [16.400528, 12.699076, 1016.0], [15.919161, 12.896173, 1029.0], [15.459257, 13.1531925, 1042.0], [14.964279, 13.376018, 1056.0], [14.505223, 13.637726, 1071.0], [14.062069, 13.891724, 1085.0], [13.617307, 14.091102, 1099.0], [13.172895, 14.35791, 1113.0], [12.739935, 14.644362, 1130.0], [12.356332, 14.937109, 1140.0], [11.993879, 15.278212, 1154.0], [11.631117, 15.684616, 1168.0], [11.325974, 16.034477, 1182.0], [11.032933, 16.482004, 1196.0], [10.796084, 16.964167, 1210.0], [10.569181, 17.421812, 1225.0], [10.346649, 17.966621, 1240.0], [10.178614, 18.47461, 1257.0], [9.99897, 19.013714, 1268.0], [9.858446, 19.51421, 1280.0], [9.770337, 20.01533, 1294.0], [9.700864, 20.585115, 1309.0], [9.714851, 21.022305, 1322.0], [9.760183, 21.507393, 1336.0], [9.851698, 21.90597, 1350.0], [10.035115, 22.23691, 1364.0], [10.290329, 22.527065, 1380.0], [10.594659, 22.795202, 1396.0], [10.958693, 22.977608, 1406.0], [11.338143, 23.158503, 1420.0], [11.771419, 23.286194, 1433.0], [12.223742, 23.341301, 1448.0], [12.708702, 23.428656, 1461.0], [13.268538, 23.415176, 1476.0], [13.747977, 23.390083, 1489.0], [14.243552, 23.345018, 1503.0], [14.747999, 23.299145, 1516.0], [15.182464, 23.204103, 1531.0], [15.639365, 23.05251, 1546.0], [16.09317, 22.883587, 1559.0], [16.49259, 22.667355, 1573.0], [16.859713, 22.435406, 1587.0], [17.218891, 22.188517, 1601.0], [17.580658, 21.948246, 1616.0], [17.940697, 21.643667, 1629.0], [18.205387, 21.375578, 1643.0], [18.45527, 21.104774, 1658.0], [18.6527, 20.802011, 1671.0], [18.829788, 20.567526, 1685.0], [18.967197, 20.241016, 1700.0], [19.045752, 19.982916, 1713.0], [19.10781, 19.739704, 1727.0], [19.115736, 19.514557, 1740.0], [19.070034, 19.197927, 1755.0], [19.079323, 18.882927, 1770.0], [18.988995, 18.654646, 1782.0], [18.898457, 18.392403, 1796.0], [18.765636, 18.081596, 1810.0], [18.542027, 17.761787, 1825.0], [18.269745, 17.444023, 1839.0], [17.930225, 17.093674, 1852.0], [17.612505, 16.732738, 1867.0], [17.19113, 16.421986, 1881.0], [16.761244, 16.130674, 1895.0], [16.341063, 15.82536, 1908.0], [15.938133, 15.470305, 1922.0], [15.531081, 15.158747, 1936.0], [15.160539, 14.79658, 1950.0], [14.815252, 14.387604, 1967.0], [14.460607, 13.983284, 1979.0], [14.199163, 13.530641, 1992.0], [13.969048, 13.075661, 2007.0], [13.83615, 12.743306, 2020.0]"}