{"Image number":35962,"Image shape":6,"Path":"[12.485857, 3.1621788, 0.0], [12.252911, 3.2554207, 34.0], [11.548052, 3.7256515, 51.0], [10.476083, 4.706566, 67.0], [9.257554, 6.2093782, 84.0], [8.382602, 7.9710035, 100.0], [7.7771664, 10.120055, 117.0], [7.4986916, 12.551583, 133.0], [7.453435, 15.046784, 150.0], [7.6900134, 17.268908, 166.0], [8.295305, 19.11418, 183.0], [9.413998, 20.462267, 199.0], [10.861272, 21.207676, 216.0], [12.590292, 21.533037, 232.0], [14.452315, 21.249722, 249.0], [16.506004, 20.312624, 266.0], [18.662653, 18.808054, 282.0], [20.606361, 16.854767, 299.0], [22.280743, 14.850709, 315.0], [23.444328, 12.8420725, 332.0], [24.089272, 11.080309, 348.0], [24.320786, 9.540558, 365.0], [23.296383, 7.8258166, 398.0], [21.848026, 7.730907, 414.0], [17.927328, 9.274602, 448.0], [16.149961, 11.010536, 464.0], [14.713324, 12.91765, 481.0], [13.796328, 14.95392, 497.0], [13.348035, 16.087185, 514.0]"}