{"Image number":35371,"Image shape":7,"Path":"[7.8735437, 13.092481, 0.0], [8.153078, 12.812754, 36.0], [9.047039, 12.059426, 52.0], [10.442618, 10.89572, 69.0], [12.038632, 9.722025, 86.0], [13.439674, 8.835991, 102.0], [14.635326, 8.28756, 119.0], [15.712286, 7.960566, 135.0], [16.592773, 7.8701677, 152.0], [17.425879, 7.9643326, 168.0], [18.080273, 8.151709, 185.0], [18.635979, 8.617163, 202.0], [19.056812, 9.178848, 218.0], [19.615107, 9.783607, 234.0], [20.176422, 10.298311, 251.0], [20.736917, 10.859478, 268.0], [21.339804, 11.182111, 284.0], [21.855371, 11.4164505, 301.0], [22.129782, 11.929675, 334.0], [21.709476, 12.534483, 350.0], [20.912952, 13.518892, 367.0], [19.659681, 14.818381, 383.0], [18.202578, 16.370583, 400.0], [16.571758, 18.001644, 416.0], [14.897571, 19.817757, 433.0], [13.274132, 21.441408, 449.0], [12.060759, 22.796146, 466.0], [11.269362, 23.822052, 483.0], [10.834093, 24.74582, 499.0], [10.66014, 25.28685, 516.0]"}