{"Image number":37096,"Image shape":8,"Path":"[19.148087, 7.31146, 0.0], [18.723452, 7.029064, 51.0], [18.255537, 6.794946, 68.0], [17.504236, 6.7511787, 84.0], [16.765556, 6.7520065, 101.0], [15.727726, 6.8470106, 117.0], [14.599695, 7.227976, 134.0], [13.407493, 7.7353463, 150.0], [12.323769, 8.444935, 167.0], [11.490518, 9.143836, 183.0], [10.893534, 9.838582, 200.0], [10.570984, 10.396557, 216.0], [10.480895, 10.957714, 233.0], [10.718861, 11.515497, 249.0], [11.236777, 12.029025, 266.0], [12.028211, 12.397047, 282.0], [12.955967, 12.814655, 299.0], [13.904192, 13.24165, 316.0], [12.019966, 22.370087, 0.0], [11.693843, 22.370087, 37.0], [11.080926, 22.228546, 53.0], [10.332479, 21.852108, 70.0], [9.964362, 21.1946, 86.0], [9.781101, 20.400976, 103.0], [9.877985, 19.515615, 119.0], [10.254676, 18.581038, 136.0], [10.81751, 17.551859, 153.0], [11.61109, 16.528942, 169.0], [12.538005, 15.555092, 186.0], [13.175447, 14.969248, 202.0], [19.613977, 6.006069, 0.0], [18.956053, 5.7714124, 69.0], [18.065224, 5.772962, 85.0], [16.907295, 6.1005774, 102.0], [15.735863, 6.711226, 118.0], [14.467831, 7.606224, 135.0], [13.316358, 8.57704, 151.0], [12.329246, 9.471282, 168.0], [11.684149, 10.165743, 185.0], [11.364632, 10.861289, 201.0], [11.274042, 11.41712, 218.0], [11.416089, 12.027913, 234.0], [12.257505, 13.050458, 267.0], [12.860295, 13.466647, 284.0], [13.513024, 13.792905, 300.0], [14.263335, 14.121254, 317.0], [15.013103, 14.544174, 333.0], [15.854777, 14.964588, 350.0], [16.744728, 15.52896, 367.0], [17.387995, 16.179775, 383.0], [17.805536, 16.740313, 400.0], [18.080833, 17.486328, 416.0], [17.09817, 21.99712, 0.0], [16.865225, 22.04374, 38.0], [16.387882, 22.425877, 54.0], [15.45686, 22.935425, 71.0], [14.567592, 23.450932, 88.0], [13.496941, 23.631275, 104.0], [12.753173, 23.72363, 121.0], [11.8172455, 23.674662, 137.0], [11.077362, 23.486286, 154.0], [10.429367, 23.159359, 170.0], [10.055588, 22.734453, 187.0], [9.874935, 22.224895, 203.0], [9.782204, 21.51972, 220.0], [9.926676, 20.577034, 236.0], [10.396623, 19.55681, 253.0], [11.09701, 18.486996, 270.0], [12.077415, 17.463486, 286.0], [13.110687, 16.525002, 303.0], [14.28129, 15.685215, 319.0], [15.298347, 14.707838, 336.0], [16.230217, 13.916998, 352.0], [16.925629, 13.123434, 369.0], [17.432705, 12.712624, 385.0], [17.803051, 12.245736, 402.0], [18.033314, 12.01683, 418.0], [20.31281, 6.1925535, 0.0], [19.794342, 6.051358, 69.0], [19.095459, 5.958642, 86.0], [18.15607, 5.959448, 103.0], [17.091946, 6.1939063, 119.0], [16.01293, 6.4286366, 136.0], [14.9450035, 6.9433117, 152.0], [13.963221, 7.458394, 169.0], [13.179783, 7.920425, 185.0], [12.5289755, 8.339356, 202.0], [12.109699, 8.666155, 218.0], [11.784001, 9.08695, 235.0], [11.692998, 9.506461, 251.0], [11.646303, 10.025959, 268.0], [11.694491, 10.629998, 285.0], [11.835158, 11.187209, 301.0], [12.161679, 11.743808, 318.0], [12.581572, 12.303307, 334.0], [13.184849, 12.71962, 351.0], [13.892424, 13.0500145, 367.0], [14.830546, 13.330161, 384.0], [15.713208, 13.656621, 400.0], [16.639809, 14.027918, 417.0], [17.383514, 14.494749, 433.0], [17.988941, 15.008675, 450.0], [18.452446, 15.708061, 466.0], [18.827127, 16.459536, 483.0], [19.011652, 17.255941, 500.0], [19.150715, 18.191723, 516.0], [19.006233, 19.215147, 533.0], [18.630148, 20.335148, 549.0], [18.068394, 21.312067, 566.0], [17.365986, 22.198458, 582.0], [16.627752, 23.027878, 599.0], [15.737948, 23.682219, 615.0], [14.902455, 24.05113, 632.0], [13.8744135, 24.283628, 648.0], [12.107159, 24.09374, 681.0], [11.457397, 23.860714, 698.0], [10.946466, 23.534376, 715.0], [10.620257, 23.254143, 731.0], [10.481617, 22.786638, 748.0], [10.482529, 22.135092, 764.0], [10.6236515, 21.242582, 781.0], [10.903544, 20.31304, 797.0], [11.230035, 19.380383, 814.0], [11.696537, 18.542303, 830.0], [12.303793, 17.74898, 847.0], [13.003793, 16.955845, 864.0], [13.840704, 16.212748, 880.0], [14.824056, 15.228301, 897.0], [15.850505, 14.342402, 913.0], [16.733355, 13.363472, 930.0], [17.521248, 12.529026, 946.0], [18.269085, 11.63987, 963.0], [19.013779, 10.8958235, 979.0], [19.616972, 10.057956, 996.0], [20.085957, 9.259188, 1012.0], [20.41001, 8.608805, 1029.0], [20.545992, 8.05645, 1046.0], [20.498783, 7.634346, 1062.0], [20.217693, 7.262251, 1079.0], [19.70242, 6.935476, 1095.0], [18.911942, 6.6576347, 1112.0]"}