{"Image number":10735,"Image shape":7,"Path":"[8.75, 12.794444, 0.0], [8.535337, 12.61867, 29.0], [8.839752, 12.435465, 63.0], [9.3751335, 12.0961275, 80.0], [10.681183, 11.339379, 96.0], [12.03351, 10.625019, 113.0], [13.499702, 10.180254, 130.0], [14.681206, 10.193277, 147.0], [15.79871, 10.290981, 163.0], [16.74208, 10.589145, 180.0], [17.575588, 10.76452, 197.0], [18.361149, 10.931754, 213.0], [18.928259, 10.955615, 230.0], [19.490505, 10.966667, 247.0], [19.852777, 10.908333, 263.0], [20.276798, 10.743277, 280.0], [20.544426, 10.537794, 297.0], [20.669445, 10.344444, 313.0], [20.80305, 10.116127, 330.0], [20.858337, 9.9527645, 347.0], [20.922222, 9.755471, 380.0], [20.107338, 10.622425, 447.0], [19.146597, 11.72336, 464.0], [18.00014, 13.260643, 480.0], [16.877625, 14.713169, 497.0], [15.781393, 16.144745, 514.0], [14.622222, 17.85, 530.0], [13.766078, 19.151268, 547.0], [13.171622, 20.138039, 564.0], [12.777089, 21.029728, 581.0], [12.448464, 21.922615, 597.0], [12.229589, 22.739038, 614.0], [12.181804, 23.236956, 630.0], [12.172222, 23.739029, 647.0]"}