{"Image number":38125,"Image shape":1,"Path":"[19.846922, 6.612143, 0.0], [19.472153, 7.1279116, 53.0], [18.908651, 7.973896, 69.0], [18.06966, 9.045236, 86.0], [17.183191, 10.212708, 102.0], [16.10156, 11.576998, 119.0], [14.99106, 13.154129, 135.0], [13.871032, 14.836219, 152.0], [12.198338, 17.722458, 185.0], [11.644143, 18.692467, 201.0], [11.224626, 19.485868, 218.0], [10.993311, 20.09007, 234.0], [10.761176, 20.740835, 251.0], [10.621252, 21.255009, 268.0]"}