{"Image number":39428,"Image shape":9,"Path":"[16.911814, 9.176307, 0.0], [15.925714, 8.800893, 101.0], [14.847164, 8.519763, 118.0], [13.683336, 8.523609, 134.0], [13.038704, 8.806004, 151.0], [12.481792, 9.225978, 168.0], [12.018118, 9.878212, 184.0], [11.738308, 10.674206, 201.0], [11.551282, 11.851184, 217.0], [11.459434, 12.970198, 234.0], [11.649999, 14.040691, 250.0], [11.88327, 14.780677, 267.0], [12.493257, 15.4787035, 283.0], [13.145771, 15.847514, 300.0], [14.264897, 15.93709, 316.0], [15.196556, 15.465886, 333.0], [16.223347, 14.434117, 350.0], [17.014538, 12.981815, 366.0], [17.705143, 11.411133, 383.0], [18.218609, 10.056033, 399.0], [18.545994, 9.1194935, 416.0], [18.684044, 8.657308, 432.0], [18.260113, 8.617316, 482.0], [17.888311, 8.804272, 498.0], [17.418816, 9.322198, 515.0], [16.954762, 10.067935, 531.0], [16.440342, 11.193203, 548.0], [16.02201, 12.547897, 565.0], [15.60082, 14.048035, 581.0], [15.040941, 15.725208, 598.0], [14.391444, 17.34642, 614.0], [13.691976, 18.93191, 631.0], [13.036046, 20.337797, 647.0], [12.481698, 21.63386, 664.0], [12.063719, 22.656748, 680.0], [11.878759, 23.589441, 697.0], [11.645269, 24.33453, 713.0], [11.413217, 24.890255, 730.0], [11.179413, 25.310734, 747.0], [10.896827, 25.686861, 763.0], [10.616787, 26.15559, 780.0], [10.385282, 26.573324, 796.0]"}