{"Image number":35919,"Image shape":7,"Path":"[11.693843, 8.849957, 0.0], [11.973376, 8.89658, 36.0], [12.773171, 8.990737, 53.0], [13.988249, 9.083953, 69.0], [15.292878, 9.130102, 86.0], [17.700832, 9.129684, 119.0], [18.727951, 9.129684, 135.0], [19.42911, 9.129684, 152.0], [19.895073, 9.176462, 168.0], [20.127264, 9.410222, 185.0], [19.986378, 9.970105, 201.0], [19.518982, 10.951729, 218.0], [18.909115, 12.407544, 235.0], [18.025805, 14.032544, 251.0], [17.23264, 15.94915, 268.0], [15.269936, 20.112137, 301.0], [14.156484, 22.102154, 317.0], [13.135048, 24.007526, 334.0], [12.1954975, 25.511034, 350.0], [11.470599, 26.818918, 367.0], [11.164816, 27.48728, 383.0]"}