{"Image number":36113,"Image shape":6,"Path":"[15.560732, 6.938491, 0.0], [15.467554, 7.544566, 35.0], [14.812844, 9.135674, 52.0], [13.96158, 11.645167, 68.0], [13.26635, 14.538762, 85.0], [13.042997, 17.029486, 102.0], [13.092042, 19.036083, 118.0], [13.420892, 20.331787, 135.0], [13.98891, 21.128618, 151.0], [14.778097, 21.53588, 168.0], [15.673765, 21.673908, 184.0], [16.596962, 21.623585, 201.0], [17.390028, 21.482111, 217.0], [18.036322, 21.107674, 234.0], [18.40688, 20.49838, 250.0], [18.40266, 19.609371, 267.0], [17.886023, 18.63245, 284.0], [15.591789, 16.577553, 317.0], [14.238712, 15.927903, 333.0], [13.038561, 15.70204, 350.0], [12.055853, 15.703265, 366.0], [11.432927, 16.191006, 383.0], [11.225804, 16.592937, 399.0]"}