{"Image number":37836,"Image shape":5,"Path":"[23.853577, 9.31617, 0.0], [23.428791, 9.080625, 53.0], [22.732264, 8.848898, 69.0], [21.613144, 8.756369, 86.0], [20.483025, 8.898599, 102.0], [19.423162, 9.08384, 119.0], [18.301693, 9.364738, 136.0], [17.368938, 9.645147, 152.0], [16.255371, 10.016886, 168.0], [15.220446, 10.440875, 185.0], [14.115421, 11.088385, 202.0], [13.082132, 11.793489, 218.0], [12.110316, 12.535184, 235.0], [11.227493, 13.139417, 251.0], [10.430342, 13.890313, 268.0], [9.730098, 14.685547, 284.0], [9.035019, 15.520684, 301.0], [8.569603, 16.314062, 317.0], [8.058412, 17.71319, 352.0], [8.013221, 18.455359, 367.0], [8.013311, 19.15439, 384.0], [8.244061, 20.12832, 417.0], [8.620094, 20.459606, 435.0], [9.742036, 21.160975, 466.0], [11.420735, 21.672462, 500.0], [12.348362, 21.717506, 520.0], [13.329282, 21.764244, 533.0], [14.266958, 21.669697, 549.0], [15.196828, 21.341337, 566.0], [15.937239, 20.688404, 582.0], [16.499346, 19.842285, 599.0], [16.773485, 18.868464, 615.0], [16.819191, 17.835577, 632.0], [16.444881, 16.819305, 648.0], [15.78934, 15.93048, 665.0], [14.623035, 15.233501, 681.0], [13.454803, 14.673073, 698.0], [12.238019, 14.2528515, 714.0], [11.129943, 14.023897, 731.0], [10.049446, 13.930463, 748.0], [9.078222, 13.931663, 764.0]"}