{"Image number":39376,"Image shape":0,"Path":"[18.775373, 6.938491, 0.0], [18.067795, 6.7501307, 52.0], [16.945992, 6.5634527, 69.0], [15.368174, 6.4719152, 85.0], [13.83514, 6.6589823, 102.0], [12.288071, 7.034506, 118.0], [10.928209, 7.7415113, 135.0], [9.672646, 8.534869, 152.0], [8.895056, 9.553739, 168.0], [8.42754, 10.774621, 185.0], [8.338539, 12.314701, 201.0], [8.4817295, 14.198503, 218.0], [8.994551, 16.08694, 234.0], [9.73858, 17.851345, 251.0], [10.726001, 19.214397, 267.0], [11.793845, 20.41972, 284.0], [13.013739, 21.450708, 300.0], [15.51997, 22.511463, 333.0], [16.746777, 22.46251, 350.0], [18.094208, 21.565945, 366.0], [19.436134, 20.029333, 383.0], [20.59696, 17.885963, 400.0], [21.39262, 15.868839, 416.0], [21.850676, 14.069861, 433.0], [22.03745, 12.432374, 449.0], [21.753828, 10.789104, 466.0], [21.287981, 9.212041, 482.0], [20.353611, 7.8625116, 499.0], [19.176733, 6.829449, 515.0], [17.587246, 6.1355996, 532.0], [15.690074, 5.751695, 549.0], [14.464034, 5.625122, 565.0]"}