{"Image number":35541,"Image shape":8,"Path":"[19.148087, 7.404701, 0.0], [18.821962, 7.4513245, 35.0], [17.83118, 7.640174, 52.0], [16.24783, 7.966574, 68.0], [14.605828, 8.531544, 85.0], [13.413592, 9.131708, 101.0], [12.529356, 9.691091, 118.0], [12.057789, 10.211618, 134.0], [11.877104, 10.770715, 151.0], [11.974198, 11.466912, 167.0], [12.724653, 13.244641, 200.0], [13.239708, 14.417041, 217.0], [13.6088295, 15.672979, 234.0], [13.888503, 16.985273, 250.0], [13.977305, 18.041224, 267.0], [13.976706, 19.114567, 283.0], [13.742774, 20.136618, 300.0], [13.274105, 21.166231, 316.0], [11.497187, 22.79704, 349.0], [10.385709, 23.257408, 366.0], [9.170596, 23.44352, 382.0], [8.102596, 23.489164, 399.0], [7.125037, 23.39546, 416.0], [6.4711876, 23.254885, 432.0], [6.1028404, 22.97592, 449.0], [6.1968226, 22.507532, 465.0], [6.711239, 21.71365, 482.0], [7.73733, 20.64139, 498.0], [9.088022, 19.476849, 515.0], [10.820017, 18.165577, 531.0], [12.696259, 16.66306, 548.0], [14.65453, 15.123701, 564.0], [16.641655, 13.598114, 581.0], [18.487646, 12.177126, 598.0], [20.014736, 10.877474, 614.0], [20.98146, 9.716215, 631.0], [21.38825, 8.841737, 647.0], [21.290705, 8.147057, 664.0], [20.820837, 7.632907, 680.0], [20.028334, 7.2625113, 697.0], [18.75098, 7.1222625, 713.0], [17.20406, 7.315568, 730.0], [15.698046, 7.6850247, 746.0], [14.221523, 8.572425, 763.0], [13.517344, 9.2605095, 780.0]"}