{"Image number":10345,"Image shape":1,"Path":"[18.938889, 5.522222, 0.0], [18.67977, 5.6873946, 31.0], [18.424318, 6.155007, 48.0], [18.168898, 6.628207, 65.0], [17.791668, 7.563889, 82.0], [16.846273, 9.284687, 98.0], [16.0575, 10.951039, 115.0], [15.352376, 12.574617, 131.0], [14.679624, 13.962975, 148.0], [14.022776, 15.107365, 165.0], [13.31559, 16.150803, 182.0], [12.699961, 17.101576, 198.0], [12.229934, 17.858772, 215.0], [11.892661, 18.73809, 232.0], [11.567747, 19.604525, 249.0], [11.390437, 19.97031, 265.0], [11.190595, 20.48377, 282.0], [11.034641, 20.896511, 299.0], [10.901002, 21.196995, 315.0], [10.844842, 21.409521, 332.0], [10.517371, 21.689577, 365.0]"}