{"Image number":35204,"Image shape":6,"Path":"[11.460898, 5.2135086, 0.0], [10.993132, 6.384135, 52.0], [10.476658, 7.840849, 69.0], [10.012412, 9.753103, 85.0], [9.828052, 11.71729, 102.0], [9.830282, 13.6297245, 119.0], [10.112682, 15.442174, 135.0], [10.579712, 17.116327, 152.0], [11.325564, 18.55575, 168.0], [12.117887, 19.57896, 185.0], [13.0968685, 20.182215, 201.0], [14.126068, 20.414183, 218.0], [15.331384, 20.412, 234.0], [16.59602, 19.894953, 251.0], [17.988949, 18.963017, 267.0], [19.293674, 17.51504, 284.0], [20.465454, 15.777437, 301.0], [21.441626, 14.005568, 317.0], [21.990828, 12.484177, 334.0], [22.177454, 11.361011, 350.0], [21.941854, 10.616526, 367.0], [20.173136, 10.108735, 400.0], [18.679916, 10.34219, 416.0], [16.948578, 10.951363, 433.0], [15.228184, 12.024192, 449.0], [13.878351, 13.236987, 466.0], [12.70773, 14.597208, 483.0], [11.9231, 15.989503, 499.0], [11.35965, 17.496405, 516.0], [11.221037, 18.89379, 532.0], [11.179057, 19.658697, 549.0]"}