{"Image number":30456,"Image shape":5,"Path":"[18.91262, 5.779934, 0.0], [18.406143, 5.9361796, 97.0], [17.960238, 6.0799646, 115.0], [17.581947, 6.251382, 133.0], [17.066874, 6.434414, 150.0], [16.399672, 6.7457314, 168.0], [15.661503, 7.0335274, 186.0], [15.037948, 7.3054266, 204.0], [14.507755, 7.6117573, 221.0], [14.067939, 7.8200207, 239.0], [13.757286, 7.939818, 257.0], [13.362325, 8.187094, 275.0], [12.971891, 8.279492, 292.0], [12.655729, 8.482836, 310.0], [12.330097, 8.616604, 328.0], [12.131959, 8.787638, 346.0], [11.9368, 8.917823, 363.0], [11.74114, 9.108772, 381.0], [11.497823, 9.352237, 399.0], [11.313527, 9.650079, 416.0], [11.114807, 9.93739, 434.0], [10.9183655, 10.314888, 452.0], [10.722329, 10.707197, 470.0], [10.552462, 11.160264, 487.0], [10.370308, 11.618452, 506.0], [10.291495, 12.034753, 523.0], [10.291262, 12.5200815, 541.0], [10.397615, 13.044701, 559.0], [10.528218, 13.487741, 576.0], [10.6582155, 13.875997, 594.0], [10.789184, 14.1595, 612.0], [10.999392, 14.457525, 630.0], [11.295721, 14.759822, 647.0], [11.565009, 15.076785, 665.0], [11.995013, 15.237069, 683.0], [12.410627, 15.362152, 701.0], [12.928784, 15.493754, 718.0], [13.415295, 15.664026, 736.0], [13.945992, 15.793898, 754.0], [14.446602, 15.980295, 772.0], [14.806652, 16.04682, 789.0], [15.051895, 16.15114, 807.0], [15.309648, 16.237219, 825.0], [15.57424, 16.369595, 843.0], [15.834092, 16.460741, 860.0], [16.13102, 16.612928, 878.0], [16.446096, 16.76115, 896.0], [16.728172, 16.889593, 915.0], [17.018246, 17.085121, 931.0], [17.294163, 17.281805, 949.0], [17.55562, 17.55629, 967.0], [17.762417, 17.816925, 985.0], [17.94506, 18.129517, 1003.0], [18.102688, 18.418293, 1020.0], [18.222065, 18.679314, 1038.0], [18.36174, 18.938583, 1056.0], [18.492292, 19.122128, 1074.0], [18.553291, 19.370165, 1091.0], [18.563107, 19.642588, 1109.0], [18.563107, 19.910097, 1127.0], [18.563107, 20.19852, 1145.0], [18.563107, 20.582388, 1163.0], [18.524273, 20.9842, 1180.0], [18.451963, 21.291168, 1198.0], [18.345148, 21.640038, 1216.0], [18.148554, 21.997522, 1233.0], [17.840557, 22.275658, 1251.0], [17.581656, 22.560616, 1269.0], [17.317513, 22.74312, 1288.0], [17.097721, 22.908783, 1305.0], [16.842516, 22.977798, 1322.0], [16.418499, 23.096666, 1340.0], [15.96606, 23.264435, 1358.0], [15.543142, 23.392746, 1376.0], [15.143854, 23.473816, 1393.0], [14.830667, 23.539139, 1411.0], [14.532763, 23.616, 1429.0], [14.270149, 23.669853, 1447.0], [14.013176, 23.734135, 1465.0], [13.831153, 23.787907, 1500.0], [19.650486, 6.362811, 0.0], [19.393026, 6.362811, 65.0], [19.226345, 6.362811, 82.0], [18.915127, 6.4012513, 100.0], [18.500168, 6.4273205, 118.0], [17.989437, 6.4928503, 136.0], [17.39177, 6.5571036, 153.0], [16.973827, 6.650629, 171.0], [16.406918, 6.781809, 189.0], [15.73407, 7.074243, 207.0], [15.115558, 7.334695, 224.0], [14.584726, 7.651052, 242.0], [13.935554, 7.93968, 260.0], [13.362336, 8.273404, 278.0], [12.887207, 8.5875845, 295.0], [12.468913, 8.873733, 313.0], [12.228275, 9.101294, 331.0], [12.019481, 9.4131, 349.0], [11.819661, 9.707478, 366.0], [11.626793, 10.024067, 384.0], [11.474194, 10.392353, 402.0], [11.361582, 10.766174, 420.0], [11.230225, 11.160489, 437.0], [11.099718, 11.575214, 455.0], [11.018441, 12.033275, 473.0], [11.029127, 12.412985, 490.0], [11.029127, 12.752071, 508.0], [11.029127, 13.219625, 526.0], [11.029127, 13.586212, 544.0], [11.054829, 13.926521, 562.0], [11.067962, 14.239227, 579.0], [11.225929, 14.606077, 597.0], [11.550297, 14.889156, 615.0], [11.991508, 15.16774, 633.0], [12.446325, 15.348709, 650.0], [13.012784, 15.56449, 668.0], [13.702539, 15.779015, 686.0], [14.248726, 15.9740505, 704.0], [14.709257, 16.100285, 722.0], [15.098999, 16.23028, 739.0], [15.365114, 16.316925, 757.0], [15.695089, 16.420553, 775.0], [16.023418, 16.48626, 792.0], [16.393837, 16.551138, 810.0], [16.713467, 16.728275, 828.0], [17.014437, 16.898205, 846.0], [17.326967, 17.067083, 864.0], [17.578632, 17.236395, 881.0], [17.775604, 17.48784, 899.0], [17.924603, 17.752907, 917.0], [18.094204, 18.013157, 935.0], [18.224655, 18.300621, 952.0], [18.302921, 18.521675, 970.0], [18.407438, 18.796885, 988.0], [18.446602, 19.046131, 1006.0], [18.50052, 19.324213, 1024.0], [18.526136, 19.661753, 1041.0], [18.552067, 20.052448, 1059.0], [18.563107, 20.336584, 1077.0], [18.563107, 20.67601, 1095.0], [18.563107, 20.975044, 1112.0], [18.563107, 21.23615, 1130.0], [18.563107, 21.563522, 1166.0], [18.563107, 21.767057, 1183.0], [18.563107, 21.969666, 1201.0], [18.530607, 22.191734, 1219.0], [18.524273, 22.391956, 1236.0], [18.43809, 22.678612, 1254.0], [18.326517, 23.019064, 1290.0], [18.242262, 23.21907, 1308.0], [18.10321, 23.412518, 1325.0], [17.936258, 23.604807, 1343.0], [17.651922, 23.805546, 1361.0], [17.403595, 24.037905, 1379.0], [17.206854, 24.17099, 1396.0], [17.01055, 24.353472, 1414.0], [16.81536, 24.471003, 1432.0], [16.62064, 24.53589, 1450.0], [16.370876, 24.601547, 1468.0], [16.105747, 24.706192, 1485.0], [15.848562, 24.732206, 1503.0], [15.58679, 24.742897, 1521.0], [15.36779, 24.781754, 1538.0], [15.11117, 24.820614, 1574.0]"}