{"Image number":36341,"Image shape":5,"Path":"[19.846922, 8.616852, 0.0], [18.951591, 8.757908, 51.0], [17.691916, 8.897903, 68.0], [16.20824, 8.990118, 84.0], [14.850098, 9.03685, 101.0], [12.670503, 9.269772, 134.0], [11.964218, 9.411244, 150.0], [11.504481, 9.456333, 167.0], [11.274346, 9.643107, 200.0], [11.274542, 9.83058, 217.0], [11.274542, 10.390629, 233.0], [11.274542, 11.186007, 250.0], [11.274542, 12.301451, 266.0], [11.274542, 13.522169, 283.0], [11.274542, 14.633077, 299.0], [11.321286, 15.472956, 316.0], [11.368021, 16.080135, 332.0], [11.509063, 16.359112, 349.0], [11.836486, 16.450026, 365.0], [12.257387, 16.402082, 382.0], [12.816778, 16.167473, 399.0], [13.42173, 15.887858, 415.0], [14.081547, 15.605021, 432.0], [14.778881, 15.562724, 448.0], [15.429541, 15.563402, 465.0], [16.028366, 15.7504225, 481.0], [16.547407, 16.27103, 498.0], [16.870481, 17.06805, 514.0], [17.0062, 17.948742, 531.0], [16.769588, 18.78911, 547.0], [16.397501, 19.623566, 564.0], [15.644597, 20.327496, 581.0], [14.808775, 20.929552, 597.0], [12.616059, 21.485819, 630.0], [11.360491, 21.484287, 647.0], [10.240829, 21.437302, 663.0], [9.214066, 21.390564, 680.0], [8.477438, 21.25085, 696.0], [8.036808, 21.00524, 713.0], [7.912977, 20.773035, 729.0]"}