{"Image number":435,"Image shape":0,"Path":"[14.054616, 7.826235, 0.0], [14.313941, 7.5679393, 42.0], [14.541376, 7.3857074, 57.0], [14.917269, 7.2403593, 73.0], [15.38231, 7.0585203, 83.0], [15.952831, 6.914546, 97.0], [16.576574, 6.7809243, 110.0], [17.276201, 6.7699747, 125.0], [17.927444, 6.823903, 137.0], [18.557335, 6.949466, 151.0], [19.188656, 7.129026, 165.0], [19.81844, 7.4674573, 183.0], [20.399225, 7.808027, 198.0], [20.94653, 8.207257, 207.0], [21.435455, 8.605631, 221.0], [21.892715, 9.074363, 235.0], [22.222242, 9.561688, 249.0], [22.549686, 10.07785, 263.0], [22.7832, 10.621255, 277.0], [23.00644, 11.1572075, 292.0], [23.115276, 11.700819, 308.0], [23.218863, 12.2076025, 320.0], [23.270224, 12.670483, 334.0], [23.315681, 13.223453, 349.0], [23.245113, 13.707978, 361.0], [23.169727, 14.204958, 376.0], [23.0794, 14.662937, 390.0], [22.94252, 15.158146, 404.0], [22.749239, 15.603261, 418.0], [22.568325, 16.055693, 431.0], [22.35039, 16.544296, 447.0], [22.124744, 16.994555, 461.0], [21.827122, 17.407175, 476.0], [21.455349, 17.887766, 490.0], [21.052597, 18.308903, 502.0], [20.551924, 18.719969, 515.0], [20.037086, 19.090769, 530.0], [19.468805, 19.471502, 543.0], [18.916536, 19.8329, 556.0], [18.327465, 20.10882, 571.0], [17.74861, 20.376072, 584.0], [17.183733, 20.550846, 598.0], [16.57481, 20.743668, 613.0], [15.989969, 20.922707, 628.0], [15.291934, 21.10615, 640.0], [14.617466, 21.203304, 654.0], [13.939746, 21.293697, 668.0], [13.261102, 21.343433, 682.0], [12.5864105, 21.33908, 697.0], [11.966883, 21.259272, 711.0], [11.363224, 21.168636, 725.0], [10.784001, 21.039501, 745.0], [10.290178, 20.90478, 755.0], [9.809151, 20.654356, 767.0], [9.35463, 20.36815, 781.0], [8.939414, 19.97376, 796.0], [8.63049, 19.478048, 809.0], [8.093814, 18.460083, 838.0], [7.8954377, 17.869389, 849.0], [7.6754446, 17.106833, 865.0], [7.611617, 16.526068, 879.0], [7.547178, 15.897954, 892.0], [7.5370607, 15.342194, 906.0], [7.5370607, 14.765596, 920.0], [7.657582, 14.191475, 936.0], [7.7936773, 13.646917, 949.0], [7.9958963, 13.072419, 963.0], [8.306917, 12.526215, 977.0], [8.724934, 12.035635, 991.0], [9.155489, 11.561426, 1004.0], [9.674223, 11.139915, 1018.0], [10.211494, 10.736831, 1032.0], [10.867902, 10.328935, 1048.0], [11.546195, 9.943943, 1060.0], [12.258465, 9.549418, 1074.0], [12.930769, 9.109911, 1087.0], [13.614327, 8.750737, 1102.0], [14.307729, 8.332084, 1117.0], [14.9415455, 7.9836016, 1131.0], [15.611616, 7.6675944, 1145.0]"}