{"Image number":37984,"Image shape":7,"Path":"[10.948419, 7.9175353, 0.0], [11.602064, 8.244467, 51.0], [12.495788, 8.526747, 68.0], [13.614407, 8.805941, 84.0], [14.589962, 9.038253, 101.0], [15.468035, 9.176382, 117.0], [16.128866, 9.365382, 134.0], [16.495476, 9.597749, 151.0], [16.58632, 9.877515, 167.0], [16.58569, 10.396661, 184.0], [16.349234, 11.240284, 200.0], [15.975406, 12.502031, 217.0], [15.316472, 13.861875, 233.0], [14.666043, 15.35202, 250.0], [14.110234, 16.838814, 266.0], [13.834223, 18.281473, 283.0], [13.648636, 19.492243, 299.0], [13.508848, 20.566954, 316.0], [13.463685, 21.589447, 333.0], [13.41736, 22.468586, 349.0], [13.417637, 23.17016, 366.0], [13.370707, 23.679243, 382.0], [13.371048, 24.006992, 399.0]"}