{"Image number":38606,"Image shape":8,"Path":"[19.241264, 6.006069, 0.0], [18.77187, 6.006069, 70.0], [18.161455, 5.9588113, 86.0], [17.316948, 5.959448, 103.0], [16.577396, 6.0537267, 119.0], [15.836339, 6.240157, 136.0], [15.080534, 6.5717854, 152.0], [14.437204, 7.035585, 169.0], [13.825367, 7.506853, 185.0], [13.221741, 8.06621, 202.0], [12.663155, 8.6259165, 218.0], [12.198416, 9.280625, 235.0], [12.01817, 9.928535, 251.0], [11.925984, 10.627594, 268.0], [11.926788, 11.236149, 284.0], [12.02108, 11.652243, 301.0], [12.347892, 12.069137, 318.0], [12.863158, 12.490163, 334.0], [13.513659, 13.0483, 351.0], [14.029369, 13.517601, 367.0], [14.493776, 14.029961, 384.0], [14.912865, 14.637309, 400.0], [15.191905, 15.38729, 417.0], [15.468476, 16.125317, 433.0], [15.701114, 16.964252, 450.0], [15.88902, 17.716639, 466.0], [16.123077, 18.46441, 483.0], [16.309647, 19.071339, 500.0], [16.400858, 19.675972, 516.0], [16.446505, 20.37412, 533.0], [16.351786, 20.977692, 549.0], [16.117844, 21.582619, 566.0], [15.791621, 22.093594, 582.0], [15.3226185, 22.514605, 599.0], [14.718456, 22.744469, 615.0], [14.161517, 22.789806, 632.0], [13.408566, 22.648113, 649.0], [12.758552, 22.414265, 665.0], [11.49898, 21.617764, 698.0], [10.941566, 21.152225, 715.0], [10.57424, 20.409065, 731.0], [10.435033, 19.426603, 748.0], [10.530264, 18.111517, 764.0], [10.949516, 16.8655, 781.0], [11.654307, 15.597318, 797.0], [12.444715, 14.577303, 814.0], [13.379269, 13.549644, 830.0], [14.307833, 12.668133, 847.0], [15.289806, 11.826325, 864.0], [16.077211, 11.037147, 880.0], [16.732801, 10.239668, 897.0], [17.288382, 9.356681, 913.0], [17.802284, 8.562062, 930.0], [18.17113, 7.727872, 946.0], [18.496977, 6.9357247, 963.0], [18.58927, 6.190541, 979.0], [18.682592, 5.443433, 996.0], [18.682196, 4.9298406, 1012.0], [18.634792, 4.4594254, 1029.0], [18.44718, 4.2318726, 1045.0], [17.56527, 3.9084473, 1079.0], [16.861252, 3.9081168, 1095.0]"}