{"Image number":38414,"Image shape":5,"Path":"[17.56406, 7.824293, 0.0], [16.814325, 7.77734, 53.0], [14.378656, 7.6838317, 86.0], [13.18219, 7.6377115, 102.0], [12.108284, 7.68464, 119.0], [11.26235, 7.731729, 135.0], [10.663162, 7.778112, 152.0], [10.249146, 7.8245125, 185.0], [10.296219, 8.057537, 251.0], [10.389935, 8.245051, 268.0], [10.576139, 8.898097, 284.0], [10.669483, 9.553468, 301.0], [10.715902, 10.30206, 317.0], [10.574011, 10.955832, 334.0], [10.434034, 11.514989, 351.0], [10.29458, 11.978886, 367.0], [10.2020445, 12.209059, 384.0], [10.623311, 12.299777, 450.0], [11.18552, 12.299922, 466.0], [11.92952, 12.299922, 483.0], [12.673504, 12.299922, 499.0], [13.558617, 12.393292, 516.0], [14.449925, 12.6282, 532.0], [15.377893, 13.047443, 549.0], [16.170843, 13.60846, 566.0], [16.870605, 14.169074, 582.0], [17.429749, 14.729679, 599.0], [17.845133, 15.285728, 615.0], [18.172388, 15.847711, 632.0], [18.309822, 16.544142, 648.0], [18.356186, 17.24345, 665.0], [18.356073, 18.044638, 681.0], [18.21493, 18.881765, 698.0], [17.981005, 19.674078, 715.0], [17.606165, 20.468151, 731.0], [17.236326, 21.114136, 748.0], [16.811014, 21.728407, 764.0], [16.25269, 22.330923, 781.0], [15.692125, 22.891298, 797.0], [14.948718, 23.447145, 814.0], [14.246134, 23.962622, 830.0], [13.449199, 24.477768, 847.0], [12.717568, 24.888323, 863.0], [11.867105, 25.171722, 880.0], [11.082052, 25.44925, 897.0], [10.336102, 25.588196, 913.0], [9.641019, 25.72739, 930.0], [8.988909, 25.679989, 946.0], [8.3299675, 25.538294, 963.0]"}