{"Image number":37339,"Image shape":4,"Path":"[9.830282, 9.875623, 0.0], [9.643632, 10.2025585, 102.0], [9.218418, 11.242822, 118.0], [8.943672, 12.3053665, 135.0], [8.804744, 13.236214, 151.0], [8.899349, 13.843928, 168.0], [9.2746525, 14.450086, 184.0], [9.879443, 14.912686, 201.0], [10.773883, 15.335898, 217.0], [11.7494335, 15.753745, 234.0], [12.813701, 16.076757, 250.0], [13.984293, 16.217009, 267.0], [15.0598955, 16.263224, 284.0], [16.269867, 16.215702, 300.0], [17.392288, 16.074411, 317.0], [18.496342, 15.889666, 336.0], [19.3392, 15.655321, 350.0], [20.128458, 15.516428, 368.0], [20.689121, 15.329096, 385.0], [21.108112, 15.189337, 400.0], [21.339334, 15.096563, 416.0], [20.766636, 15.145669, 548.0], [20.121576, 15.190782, 565.0], [19.230917, 15.190433, 581.0], [18.539177, 15.096756, 598.0], [17.599081, 14.955591, 614.0], [16.758364, 14.815181, 631.0], [15.88422, 14.723944, 647.0], [15.037402, 14.629772, 664.0], [14.341152, 14.489462, 681.0], [13.693864, 14.350542, 697.0], [13.181814, 14.257486, 714.0], [12.71429, 14.305082, 730.0], [12.341036, 14.44639, 747.0], [12.112925, 14.724485, 763.0], [11.691711, 15.756287, 796.0], [11.460675, 16.44987, 813.0], [11.13392, 17.337332, 829.0], [10.805839, 18.275469, 846.0], [10.528194, 19.343256, 863.0], [10.247902, 20.277746, 879.0], [10.063175, 21.064922, 896.0], [9.876573, 21.625044, 912.0], [9.783539, 21.951038, 929.0], [9.737684, 21.387558, 995.0], [10.020592, 20.398159, 1012.0], [10.482896, 19.152237, 1028.0], [11.143108, 17.831161, 1045.0], [11.935977, 16.574463, 1061.0], [12.76769, 15.1866, 1078.0], [13.660734, 13.87007, 1094.0], [14.448391, 12.570096, 1111.0], [15.290472, 11.401229, 1127.0], [16.781982, 9.161392, 1160.0], [17.573675, 8.232564, 1177.0], [18.452581, 7.495138, 1193.0], [19.297186, 6.9794054, 1210.0], [20.140303, 6.5585933, 1227.0]"}