{"Image number":10551,"Image shape":8,"Path":"[20.338888, 9.333334, 0.0], [19.827719, 8.861053, 28.0], [19.086893, 8.020702, 45.0], [17.77596, 7.0983624, 62.0], [16.512678, 6.5095787, 79.0], [15.015566, 6.2460923, 95.0], [13.6909075, 6.542551, 112.0], [12.518878, 7.242531, 129.0], [11.499926, 8.558449, 145.0], [10.844425, 9.988935, 162.0], [10.606365, 11.761377, 179.0], [10.867333, 13.263442, 195.0], [11.724828, 14.874715, 212.0], [12.928932, 16.212172, 229.0], [14.748053, 17.521385, 246.0], [16.309486, 18.589376, 262.0], [17.363888, 19.561111, 279.0], [17.944952, 20.856754, 296.0], [18.304325, 22.145285, 312.0], [18.38271, 23.18444, 329.0], [18.394445, 23.844595, 346.0], [18.05314, 24.311956, 363.0], [17.333223, 24.624836, 379.0], [16.721157, 24.754738, 396.0], [15.838315, 24.733334, 413.0], [15.080031, 24.470121, 429.0], [13.96048, 23.942291, 446.0], [13.08099, 23.289667, 463.0], [12.315493, 22.368032, 480.0], [11.783333, 21.213888, 497.0], [11.675016, 19.864103, 513.0], [11.842369, 18.39386, 529.0], [12.638889, 16.158333, 546.0], [13.682648, 14.354961, 563.0], [14.580109, 12.818249, 580.0], [15.587389, 11.324303, 596.0], [16.551476, 9.985297, 613.0], [17.422062, 8.78911, 630.0], [17.811111, 7.875, 646.0]"}