{"Image number":38242,"Image shape":7,"Path":"[8.52579, 17.241764, 0.0], [8.337226, 16.769657, 68.0], [7.9646993, 15.650064, 101.0], [7.7310824, 15.13788, 118.0], [7.5452704, 14.436427, 135.0], [7.359156, 13.690914, 151.0], [7.220811, 12.950016, 168.0], [7.0810122, 12.203912, 184.0], [6.9878755, 11.550641, 201.0], [6.8485494, 11.041018, 217.0], [6.661067, 10.337762, 250.0], [6.5683565, 10.106991, 267.0], [6.7554073, 10.015486, 350.0], [7.6024237, 10.109664, 366.0], [8.76902, 10.202793, 383.0], [10.115607, 10.342433, 399.0], [11.370647, 10.388563, 416.0], [12.686103, 10.388454, 432.0], [14.030886, 10.341572, 449.0], [15.248991, 10.20031, 465.0], [16.410501, 10.013699, 482.0], [17.481747, 9.780016, 499.0], [18.498226, 9.455273, 515.0], [20.12828, 9.082721, 548.0], [20.69059, 9.083064, 565.0], [21.107244, 9.036174, 581.0], [21.38638, 9.036443, 598.0], [21.524126, 9.317354, 631.0], [21.524126, 9.598989, 647.0], [21.524126, 10.019898, 664.0], [21.47739, 10.576705, 681.0], [21.384233, 11.321888, 697.0], [21.289967, 12.171002, 714.0], [21.291182, 13.098884, 730.0], [21.291182, 13.988098, 747.0], [21.291182, 15.055859, 763.0], [21.337957, 16.267597, 780.0], [21.759396, 18.88435, 813.0], [22.087137, 20.147495, 829.0], [22.505547, 21.447165, 846.0], [22.922241, 22.744442, 863.0], [23.715294, 25.265053, 896.0], [24.228083, 26.476995, 912.0], [24.741032, 27.643427, 929.0], [25.211735, 28.821507, 945.0]"}