{"Image number":104,"Image shape":1,"Path":"[12.525357, 4.3660727, 0.0], [12.707099, 4.692622, 97.0], [12.750879, 4.911282, 111.0], [12.833777, 5.233778, 126.0], [12.879597, 5.535332, 136.0], [12.960143, 5.922594, 150.0], [13.006823, 6.288637, 165.0], [13.031403, 6.7878537, 181.0], [13.096616, 7.239536, 198.0], [13.14219, 7.7296953, 207.0], [13.2303095, 8.22636, 220.0], [13.269205, 8.726675, 235.0], [13.375392, 9.322247, 248.0], [13.43248, 9.864526, 263.0], [13.477749, 10.450048, 278.0], [13.522592, 10.982628, 292.0], [13.591325, 11.55207, 305.0], [13.714386, 12.14264, 318.0], [13.809031, 12.689802, 332.0], [13.899343, 13.281663, 347.0], [14.0482435, 13.846916, 360.0], [14.184098, 14.390505, 376.0], [14.318409, 14.927925, 394.0], [14.453814, 15.494442, 404.0], [14.59129, 16.019808, 416.0], [14.727051, 16.56303, 430.0], [14.863182, 17.107729, 444.0], [14.998432, 17.696518, 459.0], [15.128739, 18.261358, 472.0], [15.298755, 18.836851, 486.0], [15.442348, 19.388716, 499.0], [15.577384, 19.929043, 514.0], [15.76593, 20.51957, 527.0], [15.885095, 21.051014, 543.0], [16.021173, 21.558964, 555.0], [16.200687, 22.052448, 575.0]"}