{"Image number":30742,"Image shape":1,"Path":"[11.223302, 5.935367, 0.0], [11.337835, 6.316069, 131.0], [11.466239, 6.6257596, 149.0], [11.648254, 7.01894, 166.0], [11.999992, 7.567416, 184.0], [12.486387, 8.440247, 202.0], [12.897095, 9.246125, 220.0], [13.169838, 9.833199, 238.0], [13.431864, 10.505576, 255.0], [13.7493305, 11.458555, 273.0], [13.952041, 12.476241, 291.0], [14.215791, 13.697546, 308.0], [14.476932, 14.873396, 326.0], [14.655667, 15.894836, 344.0], [14.850157, 17.023605, 362.0], [15.045176, 18.137281, 380.0], [15.240956, 19.163769, 397.0], [15.404047, 20.024683, 415.0], [15.533982, 20.701609, 433.0], [15.624995, 21.273533, 451.0], [15.6840725, 21.897823, 468.0], [15.808424, 22.603146, 486.0], [15.941313, 23.370733, 504.0], [16.0, 23.915314, 523.0], [16.0, 24.333364, 540.0], [16.050106, 24.821854, 558.0], [16.038836, 25.201792, 575.0], [16.038836, 25.364632, 589.0]"}