{"Image number":372,"Image shape":4,"Path":"[10.085826, 5.13095, 0.0], [9.847546, 5.4068027, 79.0], [9.712645, 5.6590195, 93.0], [9.577146, 6.038297, 107.0], [9.433804, 6.496624, 125.0], [9.253854, 7.02533, 142.0], [9.019827, 8.03281, 149.0], [8.853274, 8.716925, 162.0], [8.760982, 9.301659, 176.0], [8.670517, 9.942147, 190.0], [8.641059, 10.6625395, 204.0], [8.629389, 11.317441, 218.0], [8.671657, 11.908903, 232.0], [8.716493, 12.542676, 249.0], [8.8203945, 13.065729, 265.0], [8.973683, 13.531479, 284.0], [9.156115, 13.889393, 301.0], [9.819748, 14.452727, 317.0], [10.2469845, 14.650783, 329.0], [10.698019, 14.791869, 343.0], [11.243281, 14.926748, 357.0], [11.791092, 14.985837, 372.0], [12.391357, 15.001518, 386.0], [13.024741, 14.963235, 401.0], [13.6581335, 14.870861, 414.0], [14.290232, 14.83639, 428.0], [14.921848, 14.79126, 443.0], [15.592691, 14.745972, 456.0], [16.223969, 14.655088, 470.0], [16.820057, 14.619206, 484.0], [17.42567, 14.600868, 498.0], [17.97852, 14.565153, 513.0], [18.51901, 14.520097, 527.0], [19.027525, 14.4916, 541.0], [19.454243, 14.466117, 554.0], [19.863764, 14.455177, 567.0], [20.22434, 14.455177, 582.0], [20.53324, 14.403505, 595.0], [20.7045, 14.382332, 610.0], [20.886364, 14.382332, 624.0], [21.073181, 14.382332, 651.0], [20.853554, 14.567748, 693.0], [20.502443, 14.846686, 723.0], [20.246052, 14.95243, 735.0], [19.93695, 15.120068, 748.0], [19.574318, 15.158162, 763.0], [19.170353, 15.201845, 776.0], [18.653801, 15.220057, 791.0], [18.195848, 15.1826725, 805.0], [17.744213, 15.091353, 818.0], [17.295189, 14.89225, 832.0], [16.99532, 14.65595, 846.0], [16.715504, 14.385222, 861.0], [16.44369, 14.068484, 875.0], [16.298052, 13.791077, 890.0], [16.213717, 13.474938, 903.0], [16.16852, 13.124088, 917.0], [16.20986, 12.80356, 931.0], [16.306196, 12.423842, 946.0], [16.420765, 11.992447, 959.0], [16.589394, 11.506991, 973.0], [16.81218, 11.0090065, 987.0], [17.000462, 10.464218, 1003.0], [17.248743, 9.945018, 1015.0], [17.488405, 9.447977, 1028.0], [17.715063, 8.989464, 1041.0], [17.987797, 8.589912, 1055.0], [18.180367, 8.298134, 1069.0], [18.389118, 7.9842505, 1084.0], [18.540436, 7.7412577, 1098.0], [18.754467, 7.6273317, 1126.0], [18.788034, 7.9015203, 1153.0], [18.651258, 8.218332, 1168.0], [18.497614, 8.661795, 1183.0], [18.289843, 9.167977, 1197.0], [18.063444, 9.7829075, 1210.0], [17.840149, 10.452281, 1223.0], [17.560194, 11.186535, 1238.0], [16.93456, 12.962669, 1251.0], [16.617313, 14.142148, 1265.0], [16.517569, 14.629412, 1280.0], [16.325111, 16.105808, 1293.0], [16.301098, 16.38974, 1307.0], [16.275682, 17.021738, 1322.0], [16.234297, 17.740007, 1336.0], [16.189701, 18.453762, 1351.0], [16.122517, 19.155518, 1364.0], [16.001022, 19.86631, 1379.0], [15.86426, 20.505829, 1400.0], [15.714779, 21.06288, 1411.0], [15.481721, 21.827755, 1423.0], [15.329, 22.383194, 1433.0], [15.139604, 23.000132, 1448.0], [15.007643, 23.489042, 1462.0], [14.928479, 23.925095, 1475.0]"}