{"Image number":10076,"Image shape":6,"Path":"[10.811111, 4.977778, 0.0], [10.636111, 5.3861113, 21.0], [10.289587, 7.198722, 38.0], [10.121584, 9.09099, 55.0], [10.175465, 10.601452, 71.0], [10.4451065, 12.325533, 88.0], [10.757242, 13.886212, 105.0], [11.378423, 15.448436, 122.0], [12.109622, 16.69052, 138.0], [12.925026, 17.880775, 155.0], [13.953908, 19.035967, 172.0], [14.976698, 20.17102, 188.0], [15.886111, 20.883333, 205.0], [16.729816, 21.280407, 222.0], [17.518686, 21.41378, 239.0], [18.177727, 21.092627, 255.0], [18.818943, 20.539581, 272.0], [19.350021, 20.005535, 289.0], [20.033998, 19.46689, 305.0], [20.692616, 18.818497, 322.0], [21.23642, 18.108639, 339.0], [21.711725, 17.414375, 356.0], [22.093958, 16.876091, 372.0], [22.594759, 15.969635, 389.0], [22.796206, 15.251627, 406.0], [22.846218, 14.652719, 422.0], [22.796577, 14.193547, 439.0], [22.44819, 13.648206, 456.0], [22.011112, 13.338889, 472.0], [21.164108, 13.305756, 489.0], [20.199837, 13.495097, 506.0], [19.090454, 14.171179, 522.0], [17.949009, 15.056885, 539.0], [16.745274, 16.161804, 556.0], [15.688467, 17.781693, 573.0], [14.909418, 19.258942, 589.0], [14.354142, 20.425684, 606.0], [14.170446, 20.955326, 623.0], [14.255179, 21.149435, 640.0]"}