{"Image number":30728,"Image shape":7,"Path":"[6.1747575, 8.383453, 0.0], [6.38965, 8.242268, 139.0], [6.6516485, 8.176725, 156.0], [7.0678205, 8.111469, 174.0], [7.5824547, 8.111444, 192.0], [8.652911, 8.111444, 210.0], [9.300181, 8.111444, 228.0], [9.8376045, 8.111444, 245.0], [10.433142, 8.111444, 263.0], [11.222838, 8.111444, 281.0], [11.883319, 8.111444, 299.0], [12.410877, 8.111444, 316.0], [12.975614, 8.150303, 334.0], [13.638661, 8.18215, 352.0], [14.115926, 8.189161, 370.0], [14.620626, 8.235216, 387.0], [14.998899, 8.228022, 405.0], [15.329221, 8.288076, 423.0], [15.65529, 8.400921, 441.0], [16.055473, 8.383453, 458.0], [16.422787, 8.422314, 476.0], [16.80106, 8.422314, 494.0], [17.190899, 8.461172, 512.0], [17.455582, 8.485276, 529.0], [17.667423, 8.5000305, 547.0], [17.824942, 8.5000305, 565.0], [18.134878, 8.551492, 600.0], [18.371912, 8.538888, 618.0], [18.590607, 8.538888, 636.0], [18.860588, 8.593872, 654.0], [19.03867, 8.577746, 672.0], [19.243523, 8.607292, 689.0], [19.430536, 8.616607, 707.0], [19.713514, 8.67967, 743.0], [19.890556, 8.733181, 778.0], [20.058254, 8.849757, 867.0], [20.038837, 9.041702, 902.0], [20.038837, 9.350656, 938.0], [19.88475, 9.623787, 956.0], [19.702166, 9.912017, 974.0], [19.441114, 10.238528, 991.0], [19.258606, 10.604274, 1009.0], [19.063087, 10.9578705, 1027.0], [18.812954, 11.35029, 1044.0], [18.593155, 11.818392, 1062.0], [18.23312, 12.21091, 1080.0], [17.84017, 12.659898, 1098.0], [17.447565, 13.200625, 1116.0], [17.15188, 13.608292, 1133.0], [16.839184, 14.0703, 1151.0], [16.640364, 14.485069, 1169.0], [16.445572, 15.089647, 1187.0], [16.210989, 15.71402, 1204.0], [15.930645, 16.433432, 1222.0], [15.60139, 17.186018, 1240.0], [15.292526, 17.985323, 1258.0], [15.030633, 18.705963, 1275.0], [14.84159, 19.424927, 1293.0], [14.671555, 20.057861, 1311.0], [14.5410185, 20.645634, 1329.0], [14.409893, 21.198263, 1346.0], [14.282553, 21.731716, 1364.0], [14.200808, 22.33223, 1382.0], [14.174759, 22.765205, 1400.0], [14.174759, 23.259552, 1417.0], [14.174759, 23.718752, 1435.0], [14.174759, 24.098743, 1453.0], [14.135922, 24.49024, 1471.0], [14.135922, 24.82597, 1489.0], [14.135922, 25.235794, 1506.0], [14.135922, 25.487467, 1524.0], [14.135922, 25.753218, 1540.0]"}