{"Image number":38782,"Image shape":6,"Path":"[15.374375, 4.793919, 0.0], [15.045534, 5.2655716, 53.0], [14.533279, 6.150243, 70.0], [13.973183, 7.506462, 86.0], [13.320317, 8.952376, 103.0], [12.718302, 10.622948, 119.0], [12.110046, 12.589661, 136.0], [11.599778, 14.587828, 152.0], [11.180446, 16.359842, 169.0], [10.899797, 17.764767, 186.0], [10.808652, 19.756739, 219.0], [10.855584, 20.416805, 235.0], [11.042767, 20.928053, 252.0], [11.275442, 21.346045, 268.0], [12.071722, 21.812187, 301.0], [12.765581, 21.903902, 318.0], [13.656365, 21.950802, 334.0], [14.687595, 21.71465, 351.0], [15.761794, 21.197521, 367.0], [17.57589, 19.748123, 401.0], [18.171364, 18.871094, 417.0], [18.82325, 17.00254, 450.0], [18.86884, 16.25811, 467.0], [18.728668, 15.283205, 500.0], [18.449146, 14.957205, 516.0], [17.372597, 14.770056, 549.0], [15.833969, 14.72422, 583.0], [14.901865, 14.818125, 599.0], [14.109585, 15.0055685, 616.0], [13.316316, 15.3336525, 632.0], [12.671739, 15.65688, 649.0], [12.157597, 16.031168, 665.0], [11.364177, 16.779095, 698.0], [10.897212, 17.105133, 715.0], [10.476279, 17.433113, 732.0]"}