{"Image number":36393,"Image shape":0,"Path":"[17.936771, 6.7520065, 0.0], [17.703827, 6.7520065, 36.0], [16.811203, 6.7520065, 53.0], [15.324701, 7.079029, 69.0], [13.370256, 7.917876, 86.0], [9.487311, 11.057189, 119.0], [7.7757607, 13.00447, 135.0], [6.5534515, 15.124208, 152.0], [6.0070567, 16.92493, 169.0], [6.0571446, 18.614399, 185.0], [6.6688843, 19.960644, 202.0], [7.829607, 21.113974, 218.0], [9.367424, 22.04558, 235.0], [13.187136, 22.984339, 268.0], [15.277179, 22.928595, 284.0], [17.368568, 22.59736, 301.0], [19.323174, 21.843792, 317.0], [20.802246, 20.72068, 334.0], [22.009508, 19.127722, 350.0], [22.70282, 17.441326, 367.0], [23.06613, 15.587168, 384.0], [22.967669, 14.01272, 400.0], [22.637693, 12.464847, 417.0], [21.89252, 11.173452, 433.0], [20.912325, 10.05508, 450.0], [19.747551, 9.171597, 466.0], [18.435455, 8.610935, 483.0], [16.898588, 8.475784, 499.0], [13.399996, 9.449458, 532.0], [12.376113, 10.1005745, 549.0]"}