{"Image number":35969,"Image shape":3,"Path":"[12.998336, 6.705385, 0.0], [13.752246, 6.517595, 53.0], [14.735065, 6.4244256, 70.0], [15.849539, 6.4256587, 87.0], [16.640959, 6.661319, 103.0], [17.29045, 6.9880753, 120.0], [17.658142, 7.639394, 136.0], [17.374271, 9.466826, 169.0], [16.675604, 10.580167, 186.0], [15.786136, 11.7504, 202.0], [14.66981, 12.724531, 219.0], [13.551809, 13.516039, 235.0], [12.431412, 13.981558, 252.0], [11.830631, 14.165685, 268.0], [11.455799, 14.212026, 285.0], [12.069252, 14.211389, 323.0], [13.000952, 14.258141, 335.0], [14.025312, 14.351435, 351.0], [15.197148, 14.633172, 368.0], [16.171087, 15.052584, 385.0], [17.10156, 15.658852, 403.0], [18.218021, 17.291817, 434.0], [18.356497, 18.223633, 450.0], [18.074741, 19.159225, 467.0], [17.516386, 20.087463, 484.0], [16.48906, 21.067995, 500.0], [13.784394, 22.418756, 533.0], [12.33839, 22.604187, 550.0], [10.87915, 22.652124, 566.0], [10.022343, 22.649815, 583.0]"}