{"Image number":35107,"Image shape":0,"Path":"[20.452578, 5.0736456, 0.0], [20.173044, 5.2135086, 52.0], [19.471588, 5.5878763, 68.0], [18.254837, 6.2435164, 85.0], [16.76418, 7.176517, 102.0], [15.171164, 8.208176, 118.0], [13.54942, 9.509046, 135.0], [12.096729, 10.964335, 151.0], [10.709003, 12.587202, 168.0], [8.470627, 15.903789, 201.0], [7.8698206, 17.531523, 217.0], [7.593585, 20.377272, 250.0], [7.828753, 21.398962, 267.0], [8.345323, 22.239864, 284.0], [9.18925, 22.655426, 300.0], [10.2071905, 22.83706, 317.0], [12.728966, 22.13335, 350.0], [14.029529, 21.293793, 366.0], [15.432058, 20.123024, 383.0], [16.83078, 18.627434, 399.0], [18.238083, 17.077927, 416.0], [19.437767, 15.550512, 432.0], [20.273726, 14.105218, 449.0], [20.828642, 12.758027, 466.0], [21.106497, 11.499836, 482.0], [21.19917, 10.374464, 499.0], [21.198004, 9.173146, 515.0], [21.009615, 8.045192, 532.0], [20.729534, 7.069319, 548.0], [20.218319, 6.330501, 565.0], [19.513489, 5.9084387, 581.0]"}