{"Image number":35875,"Image shape":4,"Path":"[11.134775, 10.528319, 0.0], [11.134775, 10.854667, 35.0], [11.181558, 11.837783, 51.0], [11.368796, 13.09975, 68.0], [11.742275, 14.216921, 85.0], [12.258753, 14.730065, 101.0], [12.720954, 15.0052395, 118.0], [13.330341, 14.862726, 134.0], [13.979969, 14.442395, 151.0], [14.737057, 13.636065, 167.0], [15.2847595, 12.619735, 184.0], [15.701759, 11.691044, 200.0], [16.028522, 11.178023, 217.0], [16.1198, 11.560844, 250.0], [16.214106, 12.592071, 267.0], [16.307291, 13.995317, 283.0], [16.446999, 15.622572, 300.0], [16.586418, 17.297121, 316.0], [16.727049, 19.127308, 333.0], [17.099714, 20.932367, 349.0], [17.58512, 22.727783, 366.0], [17.955265, 23.824242, 382.0]"}