{"Image number":30072,"Image shape":3,"Path":"[12.621361, 5.2359138, 0.0], [12.788528, 5.1940956, 133.0], [13.148774, 5.197055, 151.0], [13.53687, 5.197055, 168.0], [14.052895, 5.323201, 186.0], [15.141877, 5.3913484, 204.0], [15.939724, 5.6173472, 222.0], [16.598732, 6.0960054, 239.0], [17.116745, 6.50877, 257.0], [17.452023, 6.844252, 275.0], [17.613014, 7.259284, 293.0], [17.631067, 7.6070933, 310.0], [17.589842, 8.061533, 329.0], [17.410618, 8.665388, 346.0], [16.92423, 9.31223, 364.0], [16.364061, 9.867991, 381.0], [15.792533, 10.407288, 399.0], [15.136628, 10.7764, 417.0], [14.405039, 11.159046, 435.0], [13.84909, 11.421919, 453.0], [12.989313, 11.643313, 470.0], [12.177912, 11.758501, 488.0], [11.475277, 11.855509, 506.0], [11.102915, 11.881371, 524.0], [10.832227, 11.880722, 541.0], [10.638584, 11.880722, 577.0], [10.914657, 11.910376, 648.0], [11.231451, 12.031647, 666.0], [11.723428, 12.288809, 683.0], [12.387882, 12.719738, 701.0], [13.038812, 13.118352, 719.0], [13.565775, 13.719459, 737.0], [14.0205765, 14.31112, 754.0], [14.524275, 14.950546, 772.0], [15.003571, 15.515305, 790.0], [15.425858, 16.10945, 808.0], [15.795733, 16.675251, 825.0], [16.121323, 17.148916, 843.0], [16.371702, 17.494385, 861.0], [16.533096, 17.798994, 879.0], [16.680353, 18.06071, 896.0], [16.811302, 18.247173, 914.0], [16.893204, 18.520279, 932.0], [16.94372, 18.766577, 950.0], [16.93204, 18.951, 968.0], [16.93204, 19.249674, 985.0], [16.827604, 19.616196, 1003.0], [16.69678, 20.047768, 1021.0], [16.54206, 20.471718, 1039.0], [16.398151, 20.813099, 1056.0], [16.227894, 21.180714, 1074.0], [15.963249, 21.495083, 1092.0], [15.704879, 21.774078, 1110.0], [15.399328, 22.076183, 1127.0], [15.097622, 22.299397, 1145.0], [14.742296, 22.505867, 1163.0], [14.302006, 22.736307, 1181.0], [13.971852, 22.893953, 1198.0], [13.656579, 23.087753, 1216.0], [13.373375, 23.200903, 1234.0], [13.113068, 23.337563, 1252.0], [12.85437, 23.402277, 1270.0], [12.636454, 23.382847, 1287.0], [12.377448, 23.382847, 1305.0], [12.108486, 23.240826, 1323.0], [11.846253, 23.092205, 1341.0], [11.656943, 22.961864, 1358.0], [11.510815, 22.792465, 1376.0], [11.347366, 22.662533, 1394.0], [11.227952, 22.496082, 1412.0], [11.121153, 22.32354, 1429.0], [10.990984, 22.139376, 1465.0]"}