{"Image number":30489,"Image shape":3,"Path":"[10.368933, 7.839434, 0.0], [10.193655, 7.839434, 55.0], [9.988295, 7.839434, 108.0], [10.314045, 7.6245914, 179.0], [10.559693, 7.510846, 197.0], [11.000409, 7.3424854, 214.0], [11.459902, 7.2111216, 232.0], [11.9683, 7.0304437, 250.0], [12.530584, 6.794626, 267.0], [12.920794, 6.6256185, 285.0], [13.31031, 6.4455686, 303.0], [13.744029, 6.363402, 321.0], [14.1646185, 6.323953, 338.0], [14.614477, 6.323953, 356.0], [14.918163, 6.2837076, 374.0], [15.177727, 6.285094, 392.0], [15.439419, 6.285094, 410.0], [15.700989, 6.285094, 428.0], [15.954137, 6.285094, 445.0], [16.224892, 6.3413515, 463.0], [16.44029, 6.3671823, 481.0], [16.706108, 6.564189, 499.0], [16.909458, 6.8248897, 517.0], [17.022139, 7.042062, 534.0], [17.08089, 7.275944, 552.0], [17.08738, 7.5122423, 570.0], [17.08738, 7.84064, 587.0], [17.08738, 8.128103, 605.0], [17.02668, 8.415127, 623.0], [16.865494, 8.836739, 641.0], [16.743042, 9.334195, 659.0], [16.612772, 9.831863, 676.0], [16.482372, 10.238436, 695.0], [16.38998, 10.551365, 712.0], [16.271847, 10.792683, 729.0], [15.926189, 11.123779, 748.0], [15.64891, 11.415684, 766.0], [15.257837, 11.649722, 783.0], [14.9175625, 11.84667, 800.0], [14.6732025, 11.961647, 818.0], [14.439536, 12.064419, 836.0], [14.243212, 12.184786, 854.0], [13.998173, 12.230449, 889.0], [13.864078, 12.442671, 1031.0], [14.096426, 12.548825, 1067.0], [14.472057, 12.629755, 1085.0], [14.786064, 12.768433, 1102.0], [15.050106, 12.838005, 1120.0], [15.312096, 12.954897, 1138.0], [15.495575, 13.124625, 1156.0], [15.652376, 13.254985, 1173.0], [15.848618, 13.385891, 1191.0], [16.083485, 13.63372, 1209.0], [16.344604, 13.885508, 1227.0], [16.607298, 14.159306, 1245.0], [16.868681, 14.420847, 1262.0], [17.119686, 14.644494, 1280.0], [17.279373, 14.85013, 1298.0], [17.447416, 15.165897, 1315.0], [17.54596, 15.433377, 1333.0], [17.610544, 15.741619, 1351.0], [17.631067, 15.997349, 1369.0], [17.631067, 16.241007, 1386.0], [17.631067, 16.504887, 1404.0], [17.467121, 16.927927, 1422.0], [17.3291, 17.225769, 1440.0], [17.216717, 17.523993, 1457.0], [17.066923, 17.83839, 1475.0], [16.936512, 18.125757, 1493.0], [16.806225, 18.466442, 1511.0], [16.624561, 18.779247, 1529.0], [16.50609, 18.989977, 1546.0], [16.313332, 19.277266, 1564.0], [15.963979, 19.664593, 1582.0], [15.487449, 20.007658, 1600.0], [15.032335, 20.39909, 1617.0], [14.629898, 20.682962, 1635.0], [14.235152, 21.024002, 1654.0], [13.836253, 21.322306, 1671.0], [13.451298, 21.641634, 1688.0], [12.981361, 21.886276, 1706.0], [12.622574, 22.076473, 1724.0], [12.35405, 22.271975, 1742.0], [12.093866, 22.37819, 1759.0], [11.689659, 22.54722, 1777.0], [11.363201, 22.739296, 1795.0], [10.924649, 22.843302, 1813.0], [10.536972, 22.985666, 1830.0], [10.20135, 22.99426, 1848.0], [9.853705, 23.091675, 1866.0], [9.45723, 23.256096, 1884.0], [8.9636755, 23.390457, 1902.0], [8.459006, 23.471157, 1919.0], [8.122724, 23.499424, 1937.0], [7.86203, 23.499424, 1955.0], [7.6015034, 23.499424, 1973.0], [7.32516, 23.53828, 2008.0], [7.0705166, 23.53828, 2044.0]"}