{"Image number":30057,"Image shape":3,"Path":"[10.368933, 9.044049, 0.0], [10.480051, 8.8718815, 73.0], [10.6569195, 8.725103, 91.0], [11.179312, 8.355461, 109.0], [11.897586, 7.9011164, 126.0], [13.4216385, 7.2199416, 144.0], [14.321705, 6.7589073, 162.0], [15.106798, 6.4793863, 180.0], [15.978928, 6.3166084, 197.0], [16.724728, 6.285094, 215.0], [17.274178, 6.285094, 233.0], [17.782001, 6.285094, 251.0], [18.154469, 6.285094, 268.0], [18.460392, 6.36971, 286.0], [18.672604, 6.6490397, 304.0], [18.755568, 6.8982596, 322.0], [18.732763, 7.346454, 340.0], [18.514118, 8.103065, 358.0], [17.979303, 8.851519, 375.0], [17.456816, 9.45156, 393.0], [16.933233, 10.135303, 411.0], [16.214659, 10.929152, 428.0], [15.433241, 11.709515, 446.0], [14.594542, 12.385601, 464.0], [13.7942915, 12.993537, 481.0], [13.101295, 13.457796, 499.0], [12.64851, 13.770937, 517.0], [12.287161, 14.075627, 535.0], [12.061847, 14.274601, 552.0], [11.837848, 14.445386, 588.0], [12.286967, 14.262955, 677.0], [12.73111, 14.065247, 695.0], [13.444446, 13.945915, 712.0], [14.119894, 13.795662, 730.0], [14.714082, 13.694604, 748.0], [15.179735, 13.629948, 766.0], [15.608477, 13.629356, 783.0], [16.152885, 13.629356, 801.0], [16.624416, 13.70751, 819.0], [17.02907, 13.80031, 837.0], [17.410679, 13.931479, 854.0], [17.717983, 14.061426, 872.0], [17.98987, 14.367105, 890.0], [18.186205, 14.795937, 908.0], [18.30043, 15.12892, 926.0], [18.291262, 15.554664, 944.0], [18.178766, 16.17397, 961.0], [17.873354, 16.925596, 979.0], [17.586712, 17.629501, 997.0], [17.262136, 18.29238, 1014.0], [16.970984, 18.828426, 1032.0], [16.607784, 19.456554, 1050.0], [16.140549, 20.076721, 1068.0], [15.628717, 20.606815, 1085.0], [15.093596, 20.958961, 1103.0], [14.568481, 21.320658, 1121.0], [13.915571, 21.696562, 1139.0], [13.450868, 21.898233, 1156.0], [12.979222, 22.032967, 1174.0], [12.589336, 22.112335, 1192.0], [12.117596, 22.139376, 1210.0], [11.554287, 22.21709, 1227.0], [11.0322895, 22.21709, 1245.0], [10.511695, 22.098944, 1263.0], [10.028791, 22.033688, 1281.0], [9.505087, 21.85895, 1298.0], [8.905286, 21.705236, 1317.0], [8.446274, 21.575815, 1334.0], [8.052727, 21.388582, 1352.0], [7.8276634, 21.31484, 1370.0], [7.5973454, 21.223135, 1387.0], [7.294904, 20.967546, 1423.0], [7.1067963, 20.857042, 1459.0]"}