{"Image number":39055,"Image shape":0,"Path":"[16.865225, 6.099311, 0.0], [16.115519, 6.099311, 52.0], [15.037389, 6.240593, 68.0], [13.5892315, 6.568857, 85.0], [11.948813, 7.180727, 101.0], [10.560198, 7.9258122, 118.0], [9.300965, 8.909685, 135.0], [8.6563, 10.078649, 151.0], [8.290514, 11.610226, 168.0], [8.292845, 13.387463, 184.0], [8.433062, 15.430136, 201.0], [8.949997, 17.588642, 217.0], [9.744374, 19.450073, 234.0], [10.869667, 20.944082, 250.0], [13.461678, 22.695244, 283.0], [14.964597, 22.93103, 300.0], [16.649157, 22.599909, 317.0], [18.428669, 21.515158, 333.0], [20.047543, 19.64975, 350.0], [21.345236, 17.46233, 366.0], [22.036848, 15.376184, 383.0], [21.986221, 11.816144, 416.0], [21.28617, 10.143312, 432.0], [20.022589, 8.509745, 449.0], [18.33361, 7.058998, 465.0], [16.148016, 5.9981165, 482.0], [14.645525, 5.465359, 499.0]"}