{"Image number":36953,"Image shape":0,"Path":"[15.281198, 6.845248, 0.0], [14.908485, 7.124975, 36.0], [13.919796, 8.067232, 53.0], [12.424262, 9.65847, 69.0], [10.836288, 11.671211, 86.0], [9.770773, 13.628924, 102.0], [9.1276245, 15.715562, 119.0], [9.037228, 17.683252, 135.0], [9.27292, 19.445927, 152.0], [9.879661, 20.744362, 168.0], [10.912237, 21.444767, 185.0], [12.320467, 21.532305, 201.0], [14.008369, 21.103397, 218.0], [15.822864, 20.16392, 235.0], [17.568201, 18.776987, 251.0], [19.088585, 17.159336, 268.0], [20.2448, 15.575772, 284.0], [20.970463, 13.966449, 301.0], [21.341103, 12.331953, 317.0], [21.33777, 10.695905, 334.0], [21.103535, 9.214666, 350.0], [20.728752, 7.8587203, 367.0], [19.979319, 6.882191, 384.0], [18.772146, 6.3309255, 400.0], [17.131409, 6.3324165, 417.0], [15.397869, 6.9466114, 433.0], [13.829916, 8.062359, 450.0], [12.482488, 9.45952, 466.0], [11.453849, 11.275587, 483.0], [10.92153, 12.500326, 499.0]"}