{"Image number":35400,"Image shape":0,"Path":"[18.076538, 6.565522, 0.0], [17.797005, 6.565522, 36.0], [16.814684, 6.799569, 53.0], [15.166033, 7.3183737, 69.0], [13.305023, 8.442037, 85.0], [11.764842, 9.991059, 102.0], [10.464303, 11.907038, 118.0], [9.633797, 13.86207, 135.0], [9.174282, 15.671295, 151.0], [9.037358, 17.299028, 168.0], [9.366774, 18.744192, 185.0], [10.1168585, 19.768991, 201.0], [11.432292, 20.421, 218.0], [13.045365, 20.5519, 234.0], [14.779904, 20.12955, 251.0], [16.5212, 18.994743, 267.0], [18.042292, 17.321531, 284.0], [19.150959, 15.138184, 300.0], [19.852085, 12.889462, 317.0], [20.081734, 10.744238, 334.0], [19.985586, 9.016035, 350.0], [19.562855, 7.764063, 367.0], [18.680311, 7.0768642, 383.0], [17.462921, 6.796789, 400.0], [16.016327, 7.0333953, 416.0], [14.402023, 7.7214317, 433.0], [13.3621435, 8.370928, 449.0]"}