{"Image number":36084,"Image shape":0,"Path":"[12.998336, 7.124975, 0.0], [11.546643, 9.046584, 52.0], [10.280994, 11.206893, 69.0], [8.611888, 15.919271, 102.0], [8.431341, 17.955069, 118.0], [9.372014, 20.37573, 152.0], [10.357598, 21.027973, 168.0], [11.613882, 21.34785, 185.0], [13.060891, 21.53297, 201.0], [14.722971, 21.43762, 218.0], [16.377401, 21.10638, 234.0], [17.95541, 20.403772, 251.0], [19.252508, 19.236425, 267.0], [20.271557, 17.699968, 284.0], [20.784071, 15.917814, 301.0], [20.872053, 14.161503, 317.0], [20.73117, 12.193475, 334.0], [20.03236, 8.333052, 367.0], [19.38064, 6.8443556, 383.0], [16.818266, 5.7262597, 416.0], [15.045291, 6.0065374, 433.0], [13.26705, 6.6627536, 449.0], [11.770443, 7.837253, 466.0], [10.610723, 9.1485405, 482.0], [10.081427, 9.964858, 499.0]"}