{"Image number":36157,"Image shape":7,"Path":"[10.622295, 8.9432, 0.0], [12.307311, 9.364212, 69.0], [13.663091, 9.645106, 85.0], [14.965636, 9.783512, 102.0], [16.368055, 9.923776, 118.0], [17.571205, 9.875348, 135.0], [18.555038, 9.828401, 151.0], [19.250465, 9.734531, 168.0], [19.71074, 9.73576, 184.0], [19.940758, 9.969524, 201.0], [19.9401, 10.624149, 217.0], [19.660301, 11.741521, 234.0], [19.189335, 13.249447, 251.0], [18.724041, 15.021996, 267.0], [18.44599, 17.03204, 284.0], [18.164677, 19.144436, 300.0], [17.932386, 21.244055, 317.0], [17.79496, 23.238604, 333.0], [17.74791, 25.125328, 350.0], [17.750416, 26.252224, 366.0]"}