{"Image number":36517,"Image shape":1,"Path":"[15.23461, 8.10402, 0.0], [15.141432, 8.430367, 35.0], [14.953575, 9.46429, 52.0], [14.48653, 11.2846155, 68.0], [13.883321, 13.606108, 85.0], [13.316962, 16.014875, 101.0], [12.8559885, 18.373844, 118.0], [12.575691, 20.530895, 135.0], [12.295172, 22.304289, 151.0], [12.151194, 23.711466, 168.0], [12.061691, 24.511843, 184.0]"}