{"Image number":35645,"Image shape":7,"Path":"[12.159733, 10.901288, 0.0], [13.048159, 10.246219, 51.0], [14.169497, 9.592138, 67.0], [15.5216675, 8.892684, 84.0], [16.784588, 8.284461, 100.0], [18.036325, 7.821929, 117.0], [19.059113, 7.2625446, 133.0], [19.800354, 6.9851036, 150.0], [20.17582, 6.797239, 166.0], [20.26731, 7.034456, 183.0], [20.172527, 7.5474014, 199.0], [19.797932, 8.482997, 216.0], [19.239252, 9.6935005, 233.0], [18.488108, 11.243589, 249.0], [17.744524, 12.778297, 266.0], [16.020092, 15.90173, 299.0], [15.278997, 17.386026, 315.0], [14.439803, 18.78492, 332.0], [13.640659, 20.196419, 348.0], [12.757391, 21.684258, 365.0], [12.060369, 23.175856, 382.0]"}