{"Image number":36095,"Image shape":1,"Path":"[17.144758, 8.9432, 0.0], [17.09817, 9.176307, 36.0], [16.6268, 10.261196, 53.0], [15.9278145, 12.081466, 69.0], [14.891881, 14.435636, 86.0], [14.067783, 16.641287, 102.0], [13.319758, 18.746866, 119.0], [12.660998, 20.440857, 135.0], [12.155655, 21.915745, 152.0], [11.763256, 23.044533, 169.0], [11.540718, 23.764877, 185.0]"}