{"Image number":40145,"Image shape":9,"Path":"[18.623497, 9.036985, 0.0], [18.26281, 8.908396, 38.0], [17.922144, 8.737994, 55.0], [17.35857, 8.5951395, 72.0], [16.802074, 8.542207, 88.0], [16.207947, 8.561786, 105.0], [15.478643, 8.634426, 122.0], [14.224643, 9.096569, 138.0], [12.990721, 9.7754135, 155.0], [11.59272, 10.916242, 172.0], [10.587132, 11.999, 189.0], [9.764114, 13.0364685, 205.0], [9.273042, 14.05427, 222.0], [8.923374, 14.886331, 238.0], [8.889183, 15.614553, 255.0], [8.919795, 15.873703, 271.0], [9.2015915, 16.395208, 288.0], [9.6266, 16.864584, 305.0], [10.434053, 17.172224, 321.0], [11.604269, 17.152744, 338.0], [13.095165, 16.705742, 355.0], [14.5146675, 15.749683, 371.0], [15.70463, 14.657567, 388.0], [16.465405, 13.412426, 404.0], [17.044308, 12.20393, 421.0], [17.33781, 11.005833, 437.0], [17.57494, 10.175429, 454.0], [17.777145, 9.64037, 471.0], [17.919462, 9.347103, 487.0], [18.043577, 9.202542, 504.0], [18.055983, 9.315035, 554.0], [17.97931, 9.507963, 571.0], [17.527851, 10.24096, 588.0], [16.91661, 11.3614025, 604.0], [16.317223, 12.448184, 621.0], [15.751344, 13.646325, 637.0], [15.227738, 14.955616, 654.0], [14.811764, 16.253088, 671.0], [14.528, 17.40429, 688.0], [14.270378, 18.397745, 705.0], [14.050088, 19.258976, 721.0], [13.898871, 19.97957, 738.0], [13.857538, 20.587732, 755.0], [13.857538, 21.232317, 771.0], [13.904654, 21.934649, 788.0], [13.985903, 22.631832, 805.0], [14.0, 23.01674, 821.0]"}