{"Image number":466,"Image shape":1,"Path":"[17.404423, 5.5316005, 0.0], [17.423786, 5.725313, 49.0], [17.384329, 6.0936522, 59.0], [17.331501, 6.5159917, 72.0], [17.193306, 7.114482, 86.0], [17.058517, 7.753391, 100.0], [16.756273, 8.980558, 114.0], [16.531605, 9.753242, 128.0], [16.080303, 11.107852, 142.0], [15.954292, 11.486003, 157.0], [15.672166, 12.150541, 170.0], [15.411316, 12.863669, 184.0], [14.831279, 14.513374, 198.0], [14.724427, 14.9000225, 213.0], [14.477165, 15.627445, 226.0], [14.25083, 16.34026, 240.0], [14.028083, 17.05328, 254.0], [13.799669, 17.784445, 267.0], [13.4314785, 18.87479, 281.0], [13.1610365, 19.654129, 296.0], [12.732557, 20.812237, 312.0], [12.582848, 21.127739, 325.0], [12.344065, 21.577791, 346.0], [12.149794, 22.041548, 359.0]"}