{"Image number":37003,"Image shape":6,"Path":"[20.452578, 2.4628615, 0.0], [20.219633, 2.6027255, 52.0], [19.512846, 2.9327874, 69.0], [18.337973, 3.6866035, 85.0], [16.941597, 4.8073716, 102.0], [15.546043, 6.254363, 119.0], [14.112922, 7.8749256, 135.0], [12.670975, 9.690698, 152.0], [11.457684, 11.745911, 168.0], [10.56999, 13.945814, 185.0], [10.150912, 16.246027, 201.0], [10.156405, 18.423233, 218.0], [10.532034, 20.14577, 234.0], [11.240828, 21.319275, 251.0], [12.267242, 21.91235, 267.0], [13.477495, 22.139534, 284.0], [14.787531, 22.136982, 301.0], [16.176794, 21.894045, 317.0], [17.020592, 21.666664, 334.0], [18.188793, 20.817844, 350.0], [18.833548, 19.977507, 367.0], [19.478958, 18.724476, 383.0], [19.284119, 17.734978, 400.0], [18.674797, 16.81078, 416.0], [17.740543, 16.021215, 433.0], [16.62, 15.369749, 449.0], [15.360988, 14.905745, 466.0], [14.004121, 14.627008, 482.0], [12.660838, 14.819033, 499.0], [11.442266, 15.432861, 516.0], [10.5159025, 16.51103, 532.0], [9.942353, 17.768024, 549.0], [9.773998, 18.541767, 565.0]"}