{"Image number":10211,"Image shape":5,"Path":"[22.944443, 5.4055557, 0.0], [22.438229, 5.1913366, 24.0], [21.800879, 5.046442, 41.0], [20.922222, 5.0555553, 58.0], [19.852169, 5.5736475, 74.0], [18.447174, 6.5456686, 91.0], [16.900108, 8.267515, 107.0], [15.385648, 10.182781, 124.0], [13.707314, 12.2583885, 141.0], [12.583558, 14.255433, 158.0], [11.719031, 16.27676, 174.0], [11.297222, 17.655556, 191.0], [11.1006975, 19.249287, 208.0], [11.083334, 20.653902, 224.0], [11.710815, 21.688446, 241.0], [12.370022, 22.442245, 258.0], [12.906411, 22.762733, 275.0], [13.529791, 22.819647, 291.0], [14.389108, 22.782013, 308.0], [14.680556, 22.672222, 325.0], [15.614561, 22.097178, 341.0], [16.098679, 21.576159, 358.0], [16.3689, 20.843666, 375.0], [16.45219, 19.949453, 391.0], [16.337961, 19.03655, 408.0], [16.029133, 18.275614, 425.0], [15.452003, 17.581478, 441.0], [15.329254, 17.411568, 458.0], [14.403517, 17.272018, 475.0], [13.450236, 17.516602, 491.0], [12.6637335, 18.22607, 508.0], [11.839239, 19.159306, 525.0], [11.467792, 19.526651, 542.0]"}