{"Image number":36890,"Image shape":6,"Path":"[18.868551, 4.420949, 0.0], [18.542429, 4.4675713, 37.0], [17.41758, 4.9365807, 53.0], [15.689507, 5.87215, 70.0], [13.815931, 7.5634866, 86.0], [12.226459, 9.487952, 103.0], [10.894919, 11.705292, 120.0], [9.592037, 16.76134, 153.0], [9.73865, 19.085756, 169.0], [10.253627, 20.845568, 186.0], [11.14715, 21.871593, 202.0], [12.362023, 22.282364, 219.0], [13.910519, 22.039646, 235.0], [15.674771, 21.572035, 252.0], [17.584871, 20.58782, 268.0], [18.93145, 19.654804, 285.0], [19.670046, 18.532925, 302.0], [19.47146, 16.438658, 335.0], [18.862314, 15.460077, 351.0], [17.83657, 14.672169, 368.0], [16.531073, 14.114704, 384.0], [14.952859, 13.744657, 401.0], [12.012336, 14.026431, 434.0], [10.844764, 14.49531, 450.0], [10.010995, 15.054333, 467.0], [9.4258175, 15.740335, 484.0], [9.260634, 16.146679, 500.0]"}