{"Image number":38093,"Image shape":4,"Path":"[13.603992, 9.968864, 0.0], [13.603992, 10.76331, 103.0], [13.603992, 11.656021, 119.0], [13.603992, 12.729749, 136.0], [13.603992, 13.430054, 152.0], [13.557168, 14.1217, 168.0], [13.417238, 15.192429, 201.0], [13.370732, 15.612867, 218.0], [13.371048, 16.032953, 235.0], [13.417655, 16.496004, 251.0], [13.511738, 16.77832, 268.0], [13.744604, 16.962034, 317.0], [13.931898, 16.914818, 367.0], [14.119644, 16.773169, 384.0], [14.823417, 16.256767, 400.0], [15.38069, 15.649799, 417.0], [15.887239, 15.003459, 433.0], [16.16838, 14.393556, 450.0], [16.542227, 13.739702, 466.0], [16.965054, 13.034766, 483.0], [17.336544, 12.430953, 499.0], [17.565203, 11.830734, 517.0], [17.704912, 11.316892, 532.0], [17.844954, 10.850137, 549.0], [18.032623, 10.334474, 566.0], [18.311975, 9.8244295, 582.0], [18.637835, 9.218787, 599.0], [18.91815, 8.751695, 615.0], [19.15219, 8.377178, 632.0], [19.289677, 8.053139, 648.0], [19.428703, 7.6815424, 665.0], [19.569002, 7.3071456, 681.0], [19.803473, 6.8862143, 698.0], [20.081724, 6.516422, 714.0], [20.313488, 6.191606, 731.0], [20.546457, 6.005508, 748.0], [20.40411, 6.2415257, 896.0], [19.93815, 7.0818677, 913.0], [19.003927, 8.764305, 946.0], [18.533707, 9.56411, 963.0], [18.073074, 10.488631, 979.0], [17.554876, 11.430828, 996.0], [16.997492, 12.406297, 1012.0], [16.392166, 13.289452, 1029.0], [15.927856, 14.269754, 1045.0], [15.462255, 15.153883, 1064.0], [14.948812, 16.134817, 1078.0], [14.482306, 17.069046, 1095.0], [14.159018, 17.999266, 1112.0], [13.92654, 18.792423, 1128.0], [13.696398, 19.575449, 1145.0], [13.412607, 20.332178, 1161.0], [13.089331, 20.881958, 1178.0], [12.807955, 21.398426, 1194.0], [12.625066, 21.811888, 1211.0], [12.485105, 22.232483, 1227.0], [12.39232, 22.511028, 1244.0], [12.299111, 22.743446, 1277.0]"}