{"Image number":37138,"Image shape":1,"Path":"[13.371048, 6.7986274, 0.0], [13.464744, 7.547929, 53.0], [13.511454, 8.489784, 70.0], [13.652258, 9.7036705, 87.0], [13.744984, 10.869977, 103.0], [13.838155, 12.129861, 120.0], [13.836939, 13.346292, 136.0], [13.884172, 14.507271, 153.0], [13.977253, 15.710406, 169.0], [14.023575, 16.875862, 186.0], [14.117731, 17.95559, 202.0], [14.163338, 18.879042, 219.0], [14.209918, 19.811314, 235.0], [14.2564745, 20.649336, 252.0], [14.303215, 21.491272, 269.0], [14.349828, 22.189764, 285.0], [14.396304, 22.887379, 302.0], [14.396006, 23.545769, 318.0], [14.396006, 24.225582, 335.0], [14.396006, 24.63089, 351.0]"}