{"Image number":36211,"Image shape":9,"Path":"[15.141432, 7.31146, 0.0], [14.815308, 7.358081, 36.0], [14.114992, 7.6851206, 53.0], [12.899686, 8.340074, 70.0], [11.827787, 9.274615, 86.0], [11.039505, 10.344666, 103.0], [10.714014, 11.559406, 119.0], [10.575702, 12.672933, 136.0], [10.670143, 13.617907, 152.0], [10.996004, 14.353531, 169.0], [11.706147, 14.778229, 185.0], [12.736553, 15.007985, 202.0], [13.8012295, 14.909759, 219.0], [15.706568, 14.161572, 252.0], [16.500916, 13.410916, 268.0], [17.24052, 12.623522, 285.0], [17.760557, 11.580309, 301.0], [18.033682, 10.655733, 318.0], [17.98308, 9.589444, 334.0], [17.746689, 8.790648, 351.0], [17.376606, 8.148717, 367.0], [17.001642, 7.9624805, 384.0], [16.725273, 8.805548, 434.0], [16.725456, 9.739286, 450.0], [16.772406, 10.910275, 467.0], [16.865868, 12.356527, 483.0], [16.958601, 13.888342, 500.0], [17.052114, 15.4792595, 516.0], [16.910898, 18.74967, 549.0], [16.626942, 20.301514, 566.0], [16.259293, 21.6718, 582.0], [15.7910595, 22.842846, 599.0], [15.415542, 23.78229, 616.0]"}