{"Image number":39240,"Image shape":3,"Path":"[14.396006, 6.006069, 0.0], [14.771605, 5.9124136, 69.0], [15.331806, 5.912827, 86.0], [16.123724, 6.1002355, 103.0], [16.966269, 6.5228357, 119.0], [17.7547, 7.128252, 136.0], [18.411171, 7.8806453, 152.0], [18.824442, 8.668156, 169.0], [19.058743, 9.516467, 185.0], [19.101791, 10.394057, 202.0], [18.86689, 11.280577, 218.0], [18.301165, 12.125925, 235.0], [17.455002, 12.8735, 251.0], [16.576756, 13.471571, 268.0], [15.783697, 13.890328, 285.0], [15.184103, 14.119654, 301.0], [14.719952, 14.305504, 318.0], [14.488861, 14.351252, 351.0], [14.817413, 14.304631, 450.0], [15.04958, 14.257743, 467.0], [15.282166, 14.25801, 483.0], [15.564432, 14.25801, 500.0], [16.07598, 14.25801, 516.0], [16.496252, 14.305047, 533.0], [16.916237, 14.493084, 549.0], [17.194174, 14.820762, 566.0], [17.427597, 15.432138, 582.0], [17.565542, 16.177387, 599.0], [17.611391, 17.116789, 615.0], [17.657494, 18.086302, 632.0], [17.515738, 19.119316, 649.0], [17.328629, 20.09871, 665.0], [17.049484, 20.978094, 682.0], [16.673447, 21.775543, 698.0], [16.255077, 22.51794, 715.0], [15.786683, 23.077803, 731.0], [15.322166, 23.541243, 748.0], [14.809832, 23.818333, 764.0], [14.293002, 24.005402, 781.0], [13.73423, 24.049244, 797.0], [13.085234, 24.09552, 814.0], [12.428625, 24.09507, 830.0], [11.49835, 24.000914, 847.0], [10.700183, 23.811743, 864.0], [9.539246, 23.521086, 880.0], [8.858687, 23.239954, 897.0]"}