{"Image number":30749,"Image shape":1,"Path":"[20.116505, 5.935367, 0.0], [19.91054, 6.244504, 117.0], [19.738304, 6.4788003, 135.0], [19.531282, 6.7938538, 153.0], [19.33562, 7.1210556, 170.0], [19.192986, 7.394944, 188.0], [18.902552, 7.9352894, 206.0], [18.533516, 8.465936, 224.0], [17.996685, 9.196759, 241.0], [17.572866, 9.771187, 259.0], [17.18024, 10.293159, 278.0], [16.901037, 10.759541, 296.0], [16.640068, 11.128726, 313.0], [16.449797, 11.626095, 330.0], [16.194157, 12.191627, 349.0], [15.887542, 12.759413, 366.0], [15.526782, 13.493602, 384.0], [15.156586, 14.190315, 402.0], [14.733805, 14.893091, 419.0], [14.460852, 15.543765, 437.0], [14.226343, 15.995862, 455.0], [14.026015, 16.513187, 472.0], [13.868304, 17.029877, 490.0], [13.635961, 17.6171, 508.0], [13.439279, 18.15649, 526.0], [13.243397, 18.60189, 543.0], [13.0480995, 19.057638, 561.0], [12.801926, 19.51111, 579.0], [12.543513, 19.88589, 596.0], [12.324695, 20.246922, 622.0], [12.103638, 20.705744, 632.0], [11.834751, 21.025698, 650.0], [11.678665, 21.32461, 667.0], [11.538043, 21.587223, 685.0], [11.450895, 21.761627, 703.0], [11.314933, 22.033714, 721.0], [11.185384, 22.292974, 738.0], [11.053774, 22.471535, 756.0], [10.995493, 22.634125, 774.0]"}