{"Image number":10434,"Image shape":5,"Path":"[17.88889, 7.1555557, 0.0], [17.655556, 7.213889, 17.0], [16.863005, 7.3032737, 33.0], [16.183699, 7.311111, 50.0], [15.751195, 7.261833, 67.0], [15.09037, 7.1170087, 84.0], [14.496656, 6.968609, 100.0], [14.087672, 6.85664, 117.0], [13.799473, 6.804542, 134.0], [13.514541, 6.7473526, 151.0], [13.318047, 6.727778, 167.0], [13.120022, 6.727778, 201.0], [13.105556, 7.1106625, 234.0], [13.105556, 7.8808837, 251.0], [13.064308, 8.8313265, 267.0], [12.951519, 9.940365, 284.0], [12.916029, 10.951006, 301.0], [12.911111, 11.856546, 317.0], [12.8527775, 12.580556, 334.0], [12.758325, 13.080635, 351.0], [12.755556, 13.40388, 368.0], [12.755556, 13.241667, 468.0], [12.864484, 12.930456, 484.0], [13.077606, 12.654381, 501.0], [13.498185, 12.478323, 518.0], [14.019126, 12.362841, 534.0], [14.633748, 12.366667, 552.0], [15.083129, 12.725791, 568.0], [15.468447, 13.223976, 585.0], [15.847221, 14.0, 602.0], [16.049004, 15.031382, 618.0], [16.266539, 16.116022, 635.0], [16.542105, 17.207302, 651.0], [16.816988, 18.306845, 668.0], [17.09027, 19.2258, 685.0], [17.306744, 20.023102, 702.0], [17.47705, 20.846365, 718.0], [17.577778, 21.641666, 735.0], [17.612091, 22.19869, 752.0], [17.5652, 22.707642, 768.0], [17.31541, 23.18244, 785.0], [16.752247, 23.64137, 802.0], [16.192032, 23.881905, 819.0], [15.145182, 24.215796, 835.0], [14.078276, 24.356062, 852.0], [13.027779, 24.344444, 869.0], [11.823617, 24.126945, 885.0], [10.815908, 23.8016, 902.0], [10.012427, 23.453207, 919.0], [9.263559, 23.084557, 935.0], [8.5815525, 22.845394, 952.0]"}