{"Image number":39753,"Image shape":9,"Path":"[17.797005, 12.066816, 0.0], [17.329054, 12.113438, 52.0], [16.485579, 12.348471, 69.0], [15.274609, 12.674665, 85.0], [14.153279, 13.096152, 102.0], [13.088666, 13.372951, 118.0], [12.102997, 13.513523, 135.0], [11.2230215, 13.558952, 151.0], [10.572275, 13.371226, 168.0], [10.19982, 13.090098, 185.0], [9.9676285, 12.715635, 201.0], [10.016942, 12.203336, 218.0], [10.252784, 11.450493, 234.0], [10.722388, 10.703733, 251.0], [11.328802, 10.006628, 267.0], [11.980344, 9.544294, 284.0], [12.58947, 9.264729, 300.0], [13.123172, 9.071544, 317.0], [13.436774, 8.98435, 333.0], [21.85025, 9.502654, 0.0], [21.521862, 8.986803, 70.0], [21.053072, 8.612719, 87.0], [20.209541, 8.286576, 103.0], [19.277943, 8.149154, 120.0], [18.161198, 8.056688, 136.0], [16.947065, 8.151513, 153.0], [15.696452, 8.478038, 169.0], [14.434322, 8.946267, 186.0], [13.366761, 9.504891, 202.0], [12.384288, 10.019885, 219.0], [11.687165, 10.486153, 236.0], [11.269174, 10.953878, 252.0], [11.087047, 11.416969, 269.0], [11.088186, 11.881327, 285.0], [11.324706, 12.30636, 302.0], [11.7927885, 12.866301, 318.0], [12.585539, 13.329414, 335.0], [13.427842, 13.655908, 351.0], [14.40452, 13.74599, 368.0], [15.281792, 13.79183, 385.0], [16.870913, 13.32293, 418.0], [17.519741, 12.904535, 434.0], [18.17769, 12.434086, 451.0], [18.733185, 12.063882, 467.0], [19.19973, 11.878308, 484.0], [19.569763, 11.786494, 500.0], [19.803143, 11.787088, 517.0], [19.893509, 12.165228, 550.0], [19.75254, 12.630285, 566.0], [19.424742, 13.3317585, 583.0], [18.91213, 14.1228, 600.0], [18.25537, 15.108486, 616.0], [17.556171, 15.99299, 633.0], [16.81101, 16.830755, 649.0], [16.018309, 17.575941, 666.0], [15.180189, 18.273956, 682.0], [14.248662, 18.925434, 699.0], [13.362046, 19.626553, 715.0], [12.4838915, 20.320312, 732.0], [11.630403, 21.127247, 749.0], [10.9426365, 21.957441, 765.0], [10.33341, 22.944656, 782.0], [9.82825, 23.912468, 798.0], [9.390385, 24.88681, 815.0], [9.164168, 25.483166, 831.0]"}