{"Image number":39761,"Image shape":3,"Path":"[10.995008, 7.31146, 0.0], [11.745238, 7.217847, 52.0], [12.826398, 7.12372, 68.0], [14.076345, 7.031255, 85.0], [15.295727, 7.031733, 101.0], [17.525846, 7.2193108, 134.0], [18.59162, 7.405154, 151.0], [19.484058, 7.640402, 167.0], [20.321602, 7.873358, 184.0], [20.878696, 8.15405, 201.0], [21.293646, 8.385116, 217.0], [21.573069, 8.524785, 234.0], [21.757658, 8.805099, 267.0], [21.66312, 9.08539, 283.0], [21.335478, 9.458653, 300.0], [20.771513, 10.164341, 316.0], [20.1219, 10.906496, 333.0], [19.36796, 11.660305, 349.0], [18.627743, 12.353922, 366.0], [17.690292, 12.961421, 383.0], [16.771194, 13.512583, 399.0], [15.77997, 13.842991, 416.0], [14.899426, 14.0268135, 432.0], [14.020646, 14.071666, 449.0], [13.220016, 14.071526, 465.0], [12.573648, 14.02452, 482.0], [12.014442, 13.977823, 498.0], [11.73782, 13.931226, 515.0], [12.351676, 14.26055, 581.0], [13.14073, 14.678991, 598.0], [14.07309, 15.145416, 614.0], [15.006966, 15.753336, 631.0], [15.8466015, 16.313566, 647.0], [16.497234, 16.96676, 664.0], [17.013094, 17.625055, 680.0], [17.284842, 18.268166, 697.0], [17.283113, 19.626034, 730.0], [16.955109, 20.32582, 746.0], [15.644893, 21.490656, 780.0], [13.688467, 22.092537, 813.0], [12.520103, 22.27882, 829.0], [11.220551, 22.370617, 846.0], [9.914967, 22.323162, 862.0], [8.568684, 22.13647, 879.0], [7.207443, 21.61889, 895.0], [6.048387, 20.77907, 912.0], [5.2034264, 19.788946, 929.0], [4.7447157, 18.764048, 945.0]"}