{"Image number":36170,"Image shape":2,"Path":"[13.976706, 6.4256587, 0.0], [13.696037, 6.659331, 53.0], [13.46161, 6.800198, 70.0], [13.559201, 6.611115, 103.0], [14.214922, 6.189161, 119.0], [16.73104, 5.3054023, 152.0], [18.176332, 5.3535857, 169.0], [19.24591, 5.774782, 185.0], [19.804556, 6.5245333, 202.0], [19.986898, 7.7324247, 218.0], [19.00838, 10.947742, 251.0], [17.927858, 12.734247, 268.0], [16.533663, 14.54481, 285.0], [14.901443, 16.223345, 301.0], [11.673681, 19.077106, 334.0], [10.381566, 20.091774, 351.0], [9.409861, 20.879122, 367.0], [8.895416, 21.253426, 384.0], [8.945933, 20.782866, 417.0], [9.5551815, 19.986607, 433.0], [10.680414, 18.95617, 450.0], [12.162616, 18.032518, 466.0], [13.74725, 17.333466, 483.0], [15.386707, 17.00619, 500.0], [17.023884, 16.867172, 516.0], [18.610128, 17.010517, 533.0]"}