{"Image number":35502,"Image shape":0,"Path":"[17.890182, 5.7263412, 0.0], [17.657238, 5.7263412, 36.0], [16.768373, 6.0072293, 52.0], [15.225936, 6.662447, 69.0], [11.3587475, 9.089799, 102.0], [9.683969, 10.767976, 119.0], [8.426699, 12.588196, 135.0], [7.730397, 14.3598175, 152.0], [7.500166, 16.127916, 168.0], [7.6416326, 17.860596, 185.0], [8.250132, 19.302338, 201.0], [11.060781, 20.884245, 234.0], [12.908412, 20.971617, 251.0], [14.888842, 20.498823, 267.0], [18.654871, 17.690182, 301.0], [20.130882, 15.603793, 317.0], [21.12066, 13.383366, 334.0], [21.527182, 11.446469, 350.0], [20.913614, 8.32207, 383.0], [20.027933, 7.16456, 400.0], [18.954372, 6.4205375, 416.0], [17.741974, 6.097037, 433.0], [16.435253, 6.2403183, 450.0], [14.928143, 6.8271065, 466.0], [13.829765, 7.4338427, 483.0]"}