{"Image number":37263,"Image shape":8,"Path":"[14.256239, 14.024904, 0.0], [13.650122, 12.858511, 68.0], [13.134751, 12.10856, 85.0], [12.669979, 11.410766, 101.0], [12.11251, 9.872765, 134.0], [12.018669, 9.072025, 151.0], [12.159279, 7.733171, 184.0], [12.538169, 7.068331, 201.0], [13.932158, 6.0046616, 233.0], [14.729551, 5.6766624, 250.0], [15.379437, 5.4917884, 266.0], [16.028025, 5.446515, 283.0], [16.636559, 5.4466147, 299.0], [17.240477, 5.5870643, 316.0], [17.753092, 5.8207994, 333.0], [18.448887, 6.751337, 366.0], [18.590265, 7.3634896, 382.0], [18.636135, 7.9710035, 399.0], [18.588789, 8.573211, 415.0], [18.448563, 9.319838, 432.0], [18.212345, 10.122205, 448.0], [17.934322, 10.8612, 465.0], [17.561142, 11.371513, 482.0], [17.044794, 11.9816, 498.0], [16.43883, 12.445246, 515.0], [15.837913, 13.048214, 531.0], [15.180426, 13.658992, 548.0], [13.733459, 14.825194, 581.0], [13.043454, 15.284656, 597.0], [12.39026, 15.751616, 614.0], [11.7321005, 16.222054, 630.0], [11.129576, 16.780352, 647.0], [10.480671, 17.289846, 663.0], [9.404011, 18.414267, 697.0], [8.942244, 19.01707, 713.0], [8.710484, 19.529854, 730.0], [8.618499, 20.088467, 746.0], [8.665918, 20.696436, 763.0], [8.947236, 21.255474, 779.0], [10.165342, 22.330622, 812.0], [11.846983, 23.073864, 845.0], [12.813918, 23.162834, 862.0], [13.710324, 23.162647, 879.0], [14.726736, 22.881664, 895.0], [15.430712, 22.55202, 912.0], [17.61065, 18.733639, 0.0], [17.420979, 18.119274, 54.0], [16.908705, 17.424007, 71.0], [15.602022, 16.071636, 104.0], [14.947303, 15.415762, 121.0], [14.300793, 14.722039, 137.0], [13.788146, 13.975077, 154.0], [13.930115, 15.05057, 0.0], [13.88301, 14.579706, 52.0], [13.836187, 13.921149, 69.0], [13.6471615, 12.887167, 86.0], [13.417137, 11.924856, 102.0], [12.902582, 9.817666, 135.0], [12.811978, 8.896571, 152.0], [12.811979, 7.9101353, 168.0], [12.858808, 7.120919, 185.0], [13.093761, 6.41891, 201.0], [13.979378, 5.5380735, 234.0], [14.635442, 5.3515162, 251.0], [15.378418, 5.3064976, 267.0], [16.263538, 5.400412, 284.0], [17.101845, 5.727772, 301.0], [17.938553, 6.146825, 317.0], [18.688162, 6.56888, 334.0], [19.242168, 6.8923984, 350.0], [19.523893, 7.221831, 367.0], [19.61436, 7.6395416, 383.0], [19.567343, 8.151134, 400.0], [18.959866, 9.506149, 433.0], [18.40212, 10.249313, 450.0], [17.748583, 11.043382, 466.0], [16.957752, 11.881023, 482.0], [16.07088, 12.768465, 499.0], [14.20233, 14.45072, 532.0], [13.320173, 15.240892, 549.0], [12.576938, 16.125347, 565.0], [11.83224, 17.010284, 582.0], [11.174494, 17.856678, 598.0], [10.6209135, 18.595621, 615.0], [10.1552725, 19.201326, 631.0], [9.876641, 19.759762, 648.0], [9.689642, 20.274542, 665.0], [9.643299, 20.744629, 681.0], [9.690932, 21.067617, 698.0], [9.923793, 21.39151, 717.0], [10.344669, 21.672043, 733.0], [11.043217, 22.044601, 747.0], [11.835327, 22.230629, 764.0], [12.772801, 22.277216, 780.0], [13.471456, 22.323948, 797.0], [14.219956, 22.228933, 813.0], [14.875519, 21.944656, 830.0], [15.476558, 21.713924, 846.0], [15.940409, 21.386166, 863.0], [16.310364, 21.155308, 880.0], [16.777592, 20.733353, 896.0], [17.15285, 20.404915, 913.0], [17.334103, 19.985682, 929.0], [17.472433, 19.568161, 946.0], [17.518112, 19.100193, 962.0], [17.470474, 18.542263, 979.0], [17.329336, 17.980589, 995.0], [17.046766, 17.276344, 1012.0], [16.625433, 16.625032, 1029.0], [16.160873, 15.928093, 1045.0], [15.647583, 15.228421, 1062.0], [15.092804, 14.628769, 1078.0], [14.487757, 13.976747, 1095.0], [13.973612, 13.462355, 1111.0], [13.648651, 13.043376, 1128.0]"}