{"Image number":38088,"Image shape":7,"Path":"[8.153078, 8.9432, 0.0], [8.386023, 8.9432, 52.0], [9.9867, 9.131271, 85.0], [11.055068, 9.271307, 102.0], [13.427487, 9.45679, 135.0], [15.855198, 9.737628, 168.0], [16.924278, 9.971577, 185.0], [17.809578, 10.157998, 201.0], [18.596174, 10.296477, 218.0], [19.196949, 10.435602, 234.0], [19.52339, 10.52906, 251.0], [19.660564, 10.761425, 350.0], [19.518452, 10.951038, 367.0], [18.808971, 11.80269, 383.0], [18.213495, 12.81751, 400.0], [17.457607, 14.141394, 416.0], [16.805992, 15.448843, 433.0], [15.449561, 18.066734, 466.0], [14.803492, 19.220964, 482.0], [14.103285, 20.244867, 499.0], [13.454282, 20.935497, 515.0], [12.89491, 21.779396, 532.0], [12.338009, 22.426142, 549.0], [12.063796, 23.170012, 565.0], [11.971554, 23.875652, 582.0], [11.877883, 24.483109, 598.0]"}