{"Image number":36074,"Image shape":9,"Path":"[10.482529, 7.8709145, 0.0], [10.249584, 8.1506405, 36.0], [9.038748, 10.434086, 69.0], [8.570655, 12.166442, 85.0], [8.525407, 13.61719, 102.0], [8.901242, 14.779413, 119.0], [9.698709, 15.477394, 135.0], [10.67402, 15.845085, 152.0], [11.895102, 15.890322, 168.0], [13.194295, 15.79582, 185.0], [14.503283, 15.513758, 201.0], [15.620794, 14.950586, 218.0], [16.358953, 14.299194, 234.0], [16.823555, 13.409473, 251.0], [17.0072, 12.522532, 267.0], [17.004992, 11.26072, 284.0], [16.675186, 10.001273, 300.0], [15.325521, 7.9148426, 334.0], [14.481123, 7.493912, 350.0], [13.78323, 7.30956, 367.0], [13.184076, 7.6862755, 400.0], [13.231527, 8.059374, 416.0], [13.652971, 8.479378, 433.0], [14.357697, 8.807202, 449.0], [16.641415, 9.552566, 482.0], [17.719793, 10.069749, 499.0], [18.410025, 10.863016, 516.0], [18.87048, 12.07183, 532.0], [19.151394, 13.76504, 549.0], [19.33671, 16.057398, 565.0], [19.240519, 18.520283, 582.0], [19.099857, 20.953274, 598.0], [18.820734, 22.844698, 615.0], [18.633045, 24.301424, 633.0], [18.448957, 25.028666, 649.0], [18.350445, 25.274677, 664.0]"}