{"Image number":40164,"Image shape":4,"Path":"[8.521739, 7.4822407, 0.0], [8.323016, 8.075822, 45.0], [8.202312, 8.628005, 62.0], [8.159671, 9.313075, 78.0], [8.159112, 9.943922, 95.0], [8.339699, 10.899532, 111.0], [8.789431, 11.946456, 128.0], [9.358668, 12.975843, 145.0], [9.959433, 13.996843, 161.0], [10.587587, 14.914896, 178.0], [11.190461, 15.635827, 194.0], [11.754855, 16.210102, 211.0], [12.107191, 16.53392, 228.0], [12.680128, 16.760218, 244.0], [13.363315, 16.810715, 261.0], [14.317461, 16.444876, 278.0], [15.329225, 15.757927, 294.0], [16.096891, 14.988718, 311.0], [16.76167, 14.170235, 328.0], [17.32238, 13.501236, 345.0], [17.753492, 12.831183, 361.0], [18.104204, 12.258801, 378.0], [18.459122, 11.734614, 394.0], [18.747257, 11.238297, 411.0], [18.899279, 10.930107, 428.0], [19.017014, 10.721611, 445.0], [18.877262, 11.055901, 495.0], [18.654133, 11.976753, 511.0], [18.382145, 13.173864, 528.0], [18.091501, 14.438457, 545.0], [17.845451, 15.606078, 561.0], [17.695873, 16.763855, 578.0], [17.691025, 17.838245, 594.0], [17.774944, 18.693987, 611.0], [17.840899, 19.46188, 628.0], [17.90254, 20.265316, 644.0], [17.924145, 20.939037, 661.0], [17.924145, 21.544361, 678.0], [17.924145, 21.985964, 694.0], [17.924145, 22.354067, 711.0], [17.962997, 22.524405, 728.0]"}