{"Image number":39103,"Image shape":5,"Path":"[21.24459, 8.057398, 0.0], [20.730125, 8.057398, 52.0], [19.844719, 8.104135, 68.0], [18.492321, 8.197504, 85.0], [16.989563, 8.29147, 101.0], [15.354245, 8.384896, 118.0], [13.692605, 8.430494, 134.0], [12.247938, 8.336804, 151.0], [11.075879, 8.195784, 167.0], [10.334767, 8.055899, 184.0], [9.735192, 7.8233356, 217.0], [9.737543, 8.153717, 250.0], [10.574883, 9.7808075, 283.0], [11.040698, 10.992191, 300.0], [11.320709, 12.2514, 316.0], [11.414895, 13.426151, 333.0], [11.460913, 14.444826, 349.0], [11.460898, 15.238575, 366.0], [11.460898, 16.076601, 399.0], [11.648289, 15.888197, 465.0], [11.973618, 15.283229, 482.0], [12.48643, 14.396883, 498.0], [13.097396, 13.550545, 515.0], [13.748506, 12.807326, 531.0], [14.354198, 12.248885, 548.0], [14.910642, 11.738488, 565.0], [15.515358, 11.413465, 581.0], [16.124987, 11.226039, 598.0], [16.820217, 11.367817, 614.0], [17.521765, 11.602037, 631.0], [18.731857, 12.723356, 664.0], [19.71167, 14.876634, 697.0], [19.988451, 16.177713, 713.0], [20.033503, 17.387484, 730.0], [19.516945, 19.395977, 763.0], [18.493212, 21.068422, 796.0], [17.883701, 21.818615, 813.0], [17.18988, 22.604858, 829.0], [16.304316, 23.210531, 846.0], [15.514097, 23.675508, 862.0], [14.487893, 23.90888, 879.0], [13.60245, 24.001991, 895.0], [11.780252, 23.72011, 928.0], [10.992878, 23.161144, 945.0]"}