{"Image number":37048,"Image shape":9,"Path":"[14.489183, 6.1925535, 0.0], [13.878605, 6.098864, 53.0], [12.992709, 6.0054765, 69.0], [11.864834, 6.147855, 86.0], [10.702279, 6.711723, 102.0], [9.821915, 7.7878075, 119.0], [9.170735, 9.239106, 135.0], [8.94, 10.890338, 152.0], [8.99265, 12.472789, 168.0], [9.512557, 14.050878, 185.0], [10.49513, 15.394331, 201.0], [11.762802, 16.515722, 218.0], [13.262114, 17.25719, 235.0], [14.847286, 17.622261, 251.0], [16.480785, 17.614733, 268.0], [17.996067, 17.332693, 284.0], [19.22619, 16.61749, 301.0], [20.19135, 15.638324, 317.0], [20.649996, 14.27253, 334.0], [20.828762, 12.784953, 350.0], [20.634575, 11.285979, 367.0], [20.259771, 9.992895, 383.0], [19.60134, 8.779851, 400.0], [18.762907, 7.7151117, 417.0], [16.465128, 6.320237, 450.0], [15.368184, 6.1449, 466.0], [14.296228, 6.145932, 483.0], [13.692609, 6.145932, 499.0], [13.366553, 6.1931953, 516.0], [13.843483, 6.5691605, 549.0], [14.542589, 6.942128, 565.0], [15.471204, 7.2661176, 582.0], [16.312145, 7.781335, 598.0], [17.244648, 8.528981, 615.0], [17.942963, 9.558361, 632.0], [18.544489, 10.8123255, 648.0], [19.012445, 12.2661085, 665.0], [19.430462, 13.849164, 683.0], [19.758007, 15.585958, 698.0], [19.989975, 17.407291, 714.0], [20.080265, 19.348099, 731.0], [20.174597, 21.28305, 747.0], [20.220314, 22.85946, 766.0], [20.416853, 24.069775, 780.0], [20.603098, 24.64287, 797.0], [14.582361, 7.544566, 0.0], [14.1644535, 7.544566, 197.0], [13.379248, 7.544566, 214.0], [12.7115345, 7.591707, 230.0], [12.155783, 7.778989, 247.0], [11.503024, 8.388212, 280.0], [11.081902, 8.620345, 297.0], [10.297066, 9.361897, 330.0], [9.968738, 9.830876, 346.0], [9.734295, 10.159286, 363.0], [9.502666, 10.577629, 379.0], [9.363062, 10.998524, 396.0], [9.27025, 11.512669, 412.0], [9.224447, 12.022154, 429.0], [9.224626, 12.585757, 445.0], [9.271757, 13.145607, 462.0], [9.45994, 13.564032, 478.0], [9.740395, 14.030392, 495.0], [10.018735, 14.40067, 512.0], [10.348437, 14.824765, 528.0], [10.817224, 15.1498165, 545.0], [11.376542, 15.570023, 561.0], [11.890167, 15.896098, 578.0], [12.351862, 16.314537, 594.0], [12.91787, 16.690788, 611.0], [13.472237, 16.918755, 627.0], [13.938974, 17.010427, 644.0], [14.450022, 17.150549, 660.0], [15.059116, 17.290895, 677.0], [15.56701, 17.429964, 694.0], [15.937521, 17.428247, 710.0], [16.355043, 17.428247, 727.0], [16.919828, 17.380959, 743.0], [17.382416, 17.334534, 760.0], [17.847107, 17.288034, 776.0], [18.264795, 17.194721, 793.0], [18.734201, 17.100811, 809.0], [19.152582, 16.960533, 826.0], [19.57263, 16.77322, 842.0], [19.988005, 16.541712, 859.0], [20.360462, 16.355427, 876.0], [20.68774, 16.262087, 892.0], [20.919601, 16.215868, 909.0], [21.151413, 16.122854, 991.0], [20.96403, 16.403952, 1041.0], [20.777822, 16.68363, 1057.0], [20.308384, 17.435337, 1074.0], [20.029123, 18.18527, 1091.0], [19.750349, 18.929184, 1107.0], [19.658648, 19.586248, 1124.0], [19.613525, 20.137697, 1140.0], [19.613977, 20.745014, 1157.0], [19.613977, 21.252693, 1173.0], [19.707838, 21.767765, 1190.0], [19.847698, 22.279696, 1206.0], [20.033722, 22.74417, 1223.0], [20.174984, 23.073935, 1240.0], [14.582361, 6.518901, 0.0], [14.300968, 6.518901, 51.0], [13.929881, 6.518901, 68.0], [13.272599, 6.518901, 84.0], [12.66646, 6.613029, 101.0], [11.967209, 6.8473067, 118.0], [11.314921, 7.268833, 134.0], [10.565446, 7.831993, 151.0], [10.00834, 8.486677, 167.0], [9.500214, 9.181689, 184.0], [9.128547, 9.787097, 200.0], [8.896932, 10.392542, 217.0], [8.758381, 11.042804, 237.0], [8.758736, 11.694906, 250.0], [8.805665, 12.398272, 266.0], [8.992967, 13.050365, 283.0], [9.366328, 13.655083, 300.0], [9.788793, 14.265382, 316.0], [10.392251, 14.866987, 333.0], [11.048061, 15.429083, 349.0], [11.790017, 15.985239, 366.0], [12.589348, 16.5025, 382.0], [13.431638, 17.017218, 399.0], [14.454979, 17.433317, 415.0], [15.390197, 17.807552, 432.0], [16.461563, 18.132328, 449.0], [17.386684, 18.362917, 465.0], [18.3162, 18.501541, 481.0], [19.014246, 18.4065, 498.0], [19.719429, 18.17009, 515.0], [20.322697, 17.79513, 531.0], [20.834929, 17.373737, 548.0], [21.249086, 16.816175, 564.0], [21.526669, 16.210583, 581.0], [21.664518, 15.560483, 597.0], [21.757086, 15.143755, 614.0], [21.757072, 14.440662, 647.0], [21.522459, 14.163655, 680.0], [20.870127, 14.211609, 713.0], [20.447935, 14.447075, 730.0], [20.030485, 15.007675, 746.0], [19.610933, 15.849221, 763.0], [19.236328, 16.787897, 779.0], [19.005735, 17.718315, 796.0], [18.867683, 18.646187, 812.0], [18.821476, 19.629713, 829.0], [18.821962, 20.516459, 846.0], [18.869093, 21.354162, 862.0], [19.010248, 22.147924, 879.0], [19.244993, 22.847492, 895.0], [19.430202, 23.639837, 912.0], [19.616425, 24.29013, 928.0], [19.957445, 24.91986, 945.0], [20.234827, 25.18256, 961.0], [14.582361, 7.7776723, 0.0], [13.972743, 7.12101, 101.0], [13.319955, 6.8433175, 117.0], [12.614186, 6.655712, 134.0], [11.966831, 6.84712, 150.0], [11.223834, 7.2671576, 167.0], [10.473918, 7.8779154, 183.0], [9.866907, 8.534348, 200.0], [9.4055195, 9.278293, 217.0], [9.175146, 10.07194, 233.0], [9.037696, 11.045168, 250.0], [9.038269, 12.135038, 266.0], [9.227837, 13.251621, 283.0], [9.60435, 14.324809, 299.0], [10.207609, 15.291134, 316.0], [11.0114, 16.140224, 332.0], [11.851207, 16.836845, 349.0], [12.821878, 17.340195, 366.0], [13.714527, 17.715286, 382.0], [14.740663, 17.945295, 399.0], [15.720575, 18.083815, 415.0], [16.742987, 17.986107, 432.0], [17.726412, 17.796913, 448.0], [18.695536, 17.47042, 465.0], [19.673, 17.097158, 481.0], [20.470695, 16.720396, 498.0], [21.068935, 16.30193, 514.0], [21.437916, 16.024384, 531.0], [21.6676, 15.745434, 547.0], [21.70962, 15.278492, 580.0], [21.427267, 15.04965, 614.0], [21.103022, 15.05057, 630.0], [20.729305, 15.144514, 647.0], [20.403006, 15.426099, 663.0], [20.07701, 16.03492, 682.0], [19.84469, 16.782698, 696.0], [19.660141, 17.896997, 713.0], [19.565807, 18.937494, 729.0], [19.52016, 20.101643, 746.0], [19.567858, 21.12168, 763.0], [19.567387, 22.152658, 779.0]"}