{"Image number":15096,"Image shape":8,"Path":"[18.8125, 7.5185184, 0.0], [18.071999, 7.4679337, 84.0], [17.68013, 7.303338, 100.0], [17.181267, 7.201701, 117.0], [16.501345, 7.1032085, 133.0], [15.81372, 7.0810184, 150.0], [15.042652, 7.258196, 167.0], [14.361982, 7.4191904, 183.0], [13.785772, 7.7105513, 201.0], [13.318171, 8.024119, 217.0], [12.9358425, 8.342909, 233.0], [12.6956005, 8.768006, 250.0], [12.522419, 9.151516, 267.0], [12.453778, 9.596046, 283.0], [12.4790745, 10.198587, 301.0], [12.682738, 10.835683, 317.0], [12.99642, 11.463658, 334.0], [13.275726, 11.9231615, 351.0], [13.580423, 12.356511, 367.0], [13.78646, 12.666088, 384.0], [14.055662, 13.022336, 400.0], [14.309832, 13.393891, 417.0], [14.571037, 13.83231, 434.0], [14.796168, 14.232538, 450.0], [15.032722, 14.653079, 467.0], [15.242842, 15.026626, 484.0], [15.394847, 15.3454685, 501.0], [15.535277, 15.694734, 517.0], [15.709029, 16.106588, 535.0], [15.848022, 16.519825, 550.0], [15.9920635, 16.91402, 567.0], [16.064976, 17.267832, 583.0], [16.136976, 17.567818, 600.0], [16.179825, 17.88037, 617.0], [16.1875, 18.179089, 634.0], [16.1875, 18.495512, 650.0], [16.1875, 18.849285, 667.0], [16.1875, 19.219193, 683.0], [16.100082, 19.447384, 701.0], [16.06836, 19.723373, 718.0], [16.01128, 20.006191, 735.0], [15.938, 20.288021, 751.0], [15.845621, 20.522425, 767.0], [15.693096, 20.841906, 783.0], [15.518656, 21.103409, 800.0], [15.324678, 21.405058, 817.0], [15.105998, 21.68448, 835.0], [14.812565, 22.054539, 850.0], [14.503176, 22.39152, 867.0], [14.228685, 22.676355, 883.0], [13.930969, 22.953262, 900.0], [13.609398, 23.18656, 917.0], [13.317852, 23.381088, 934.0], [13.04819, 23.548605, 951.0], [12.726065, 23.702028, 967.0], [12.44075, 23.754864, 984.0], [12.056648, 23.75463, 1001.0], [11.593055, 23.545765, 1017.0], [11.153836, 23.42543, 1034.0], [10.713646, 23.153519, 1051.0], [10.322527, 22.843401, 1067.0], [9.950979, 22.446892, 1084.0], [9.621897, 21.999113, 1101.0], [9.338581, 21.320147, 1117.0], [9.131202, 20.58918, 1133.0], [9.019372, 19.87099, 1150.0], [8.996094, 19.26032, 1168.0], [8.996094, 18.700516, 1184.0], [9.064282, 18.262789, 1200.0], [9.242495, 17.697031, 1216.0], [9.557571, 17.020336, 1233.0], [10.09423, 16.240849, 1250.0], [10.575858, 15.627687, 1266.0], [11.073014, 15.102804, 1284.0], [11.5433855, 14.740462, 1301.0], [12.073101, 14.323479, 1318.0], [12.659523, 13.849265, 1334.0], [13.3629, 13.3938265, 1350.0], [13.9830265, 12.955587, 1367.0], [14.624966, 12.537987, 1383.0], [15.186424, 12.178878, 1400.0], [15.8070755, 11.709457, 1417.0], [16.435478, 11.18904, 1433.0], [17.208351, 10.653298, 1450.0], [17.82537, 10.222527, 1467.0], [18.511707, 9.890747, 1484.0], [19.002457, 9.688112, 1500.0], [19.48588, 9.510208, 1517.0], [20.132105, 9.335311, 1533.0], [20.860271, 9.186821, 1550.0], [21.810867, 9.034498, 1567.0], [22.730757, 8.976851, 1583.0], [23.488281, 8.976851, 1600.0]"}