{"Image number":368,"Image shape":8,"Path":"[16.16645, 10.557941, 0.0], [16.148212, 10.411998, 48.0], [16.076107, 10.1856365, 61.0], [16.021353, 9.977918, 73.0], [15.975886, 9.795437, 88.0], [15.876928, 9.506984, 101.0], [15.812587, 9.209193, 114.0], [15.697921, 8.893725, 129.0], [15.60586, 8.577023, 143.0], [15.46355, 8.209434, 157.0], [15.327278, 7.8095045, 170.0], [15.192342, 7.4495564, 184.0], [15.056535, 7.1295724, 198.0], [14.922066, 6.7650094, 213.0], [14.750064, 6.5222974, 227.0], [14.613871, 6.313941, 240.0], [14.477728, 6.1323547, 255.0], [14.294668, 6.00308, 273.0], [14.11403, 5.889122, 288.0], [13.962516, 5.797985, 297.0], [13.787021, 5.746956, 311.0], [13.605785, 5.750137, 324.0], [13.449304, 5.713714, 353.0], [13.269263, 5.796925, 380.0], [13.198323, 5.953641, 396.0], [13.125498, 6.1797056, 409.0], [13.071582, 6.4054484, 422.0], [12.98066, 6.7238655, 435.0], [12.944848, 7.037787, 450.0], [12.862734, 7.420985, 464.0], [12.817726, 7.781166, 478.0], [12.772365, 8.188468, 496.0], [12.728525, 8.583139, 507.0], [12.743823, 9.035383, 519.0], [12.743823, 9.478771, 533.0], [12.786965, 9.933254, 547.0], [12.831501, 10.3274555, 561.0], [12.913504, 10.83481, 575.0], [12.991311, 11.220409, 590.0], [13.081561, 11.664413, 606.0], [13.22183, 12.0515785, 620.0], [13.380449, 12.414372, 632.0], [13.529935, 12.77633, 645.0], [13.745381, 13.177201, 659.0], [13.922178, 13.485779, 673.0], [14.103692, 13.803528, 687.0], [14.283695, 14.148606, 701.0], [14.464623, 14.510581, 715.0], [14.643001, 14.820468, 729.0], [14.768064, 15.117656, 744.0], [14.929689, 15.385777, 757.0], [15.076502, 15.661892, 771.0], [15.257719, 15.97853, 785.0], [15.420259, 16.24036, 799.0], [15.555999, 16.511927, 814.0], [15.691547, 16.819016, 828.0], [15.781828, 17.133282, 841.0], [15.872789, 17.3983, 859.0], [15.970102, 17.647438, 869.0], [16.018597, 17.938494, 884.0], [16.06435, 18.169556, 897.0], [16.057217, 18.49483, 910.0], [16.093628, 18.753462, 925.0], [16.06055, 18.991343, 938.0], [16.057217, 19.259893, 952.0], [16.006893, 19.528603, 968.0], [15.962061, 19.761261, 987.0], [15.886396, 20.030567, 1006.0], [15.795537, 20.26001, 1014.0], [15.703667, 20.443808, 1024.0], [15.536624, 20.65789, 1037.0], [15.385162, 20.869076, 1051.0], [15.21021, 21.057257, 1064.0], [15.029044, 21.238483, 1078.0], [14.676402, 21.534082, 1106.0], [14.488384, 21.632044, 1120.0], [14.265417, 21.766184, 1135.0], [14.038839, 21.884447, 1150.0], [13.784221, 22.002453, 1164.0], [13.552303, 22.10098, 1186.0], [12.942238, 22.213226, 1215.0], [12.289487, 22.213226, 1237.0], [11.972377, 22.213226, 1246.0], [11.654929, 22.213226, 1260.0], [11.339179, 22.12917, 1274.0], [11.055337, 22.038727, 1287.0], [10.783853, 21.906742, 1301.0], [10.51525, 21.722582, 1315.0], [10.242555, 21.518295, 1331.0], [10.002146, 21.260487, 1347.0], [9.777013, 20.990238, 1358.0], [9.654713, 20.684912, 1372.0], [9.497457, 20.296053, 1386.0], [9.406714, 19.963047, 1400.0], [9.355161, 19.646498, 1414.0], [9.357607, 19.333628, 1428.0], [9.43325, 19.035982, 1443.0], [9.552719, 18.734726, 1459.0], [9.687441, 18.421522, 1477.0], [9.877212, 18.096256, 1493.0], [10.10386, 17.769854, 1503.0], [10.330323, 17.470953, 1513.0], [10.625545, 17.19241, 1526.0], [10.944339, 16.963707, 1540.0], [11.279111, 16.646751, 1555.0], [11.616298, 16.347946, 1568.0], [12.000125, 16.068104, 1581.0], [12.367503, 15.705767, 1595.0], [12.77336, 15.3516245, 1611.0], [13.111898, 15.046998, 1624.0], [13.486714, 14.796572, 1638.0], [13.842874, 14.5320835, 1651.0], [14.20595, 14.310481, 1665.0], [14.569702, 14.02321, 1680.0], [14.931993, 13.751404, 1694.0], [15.335095, 13.520987, 1708.0], [15.687137, 13.248602, 1721.0], [16.06279, 13.014302, 1738.0], [16.41174, 12.741396, 1753.0], [16.811544, 12.5102625, 1763.0], [17.171776, 12.283229, 1777.0], [17.553288, 12.057578, 1791.0], [17.930708, 11.802123, 1805.0], [18.33277, 11.529304, 1819.0], [18.734512, 11.2147255, 1834.0], [19.104992, 10.934575, 1848.0], [19.512821, 10.617271, 1861.0], [19.917337, 10.339031, 1876.0], [20.32923, 10.078478, 1893.0], [20.765823, 9.833894, 1903.0], [21.172394, 9.615244, 1917.0], [21.617151, 9.433212, 1931.0], [21.810144, 9.355991, 1945.0]"}