{"Image number":10126,"Image shape":8,"Path":"[18.433334, 9.0222225, 0.0], [17.742018, 8.931881, 29.0], [17.114594, 8.770316, 46.0], [16.450169, 8.528385, 62.0], [15.680746, 8.255821, 79.0], [14.946425, 8.149676, 96.0], [13.795685, 8.127778, 112.0], [12.637091, 8.504303, 129.0], [11.656452, 9.228933, 145.0], [10.782637, 10.06181, 162.0], [10.150001, 11.044444, 179.0], [10.113621, 12.012883, 196.0], [10.293204, 12.783929, 212.0], [10.819801, 13.386467, 229.0], [11.614643, 13.990729, 246.0], [12.548502, 14.511514, 262.0], [13.89175, 15.107765, 279.0], [15.15662, 15.702925, 296.0], [16.177778, 16.391666, 313.0], [17.037302, 17.295439, 329.0], [17.617554, 18.310575, 346.0], [17.81794, 19.226856, 363.0], [17.85, 20.095428, 379.0], [17.635658, 20.948225, 396.0], [16.991392, 21.586386, 413.0], [16.125124, 22.27556, 429.0], [15.068998, 23.066307, 446.0], [13.930243, 23.706528, 463.0], [12.7895355, 24.2653, 480.0], [11.90284, 24.366142, 497.0], [11.21343, 24.345665, 513.0], [10.778846, 24.081223, 530.0], [10.606516, 23.389671, 546.0], [10.533894, 22.421762, 563.0], [10.591871, 21.298077, 580.0], [11.137099, 19.7128, 596.0], [11.836179, 18.157974, 613.0], [12.680113, 16.837963, 630.0], [13.584377, 15.74099, 646.0], [14.474737, 14.8474865, 663.0], [15.341341, 13.969924, 680.0], [15.827777, 13.513889, 697.0], [18.511112, 10.383333, 904.0]"}