{"Image number":30341,"Image shape":6,"Path":"[9.747573, 4.7696114, 0.0], [9.4871025, 5.096575, 126.0], [9.394112, 5.482888, 143.0], [9.197841, 6.1538477, 161.0], [9.002132, 6.937153, 179.0], [8.525302, 8.639075, 197.0], [8.163564, 9.855415, 214.0], [7.892991, 10.966026, 232.0], [7.7582006, 11.951082, 250.0], [7.76699, 12.824193, 268.0], [7.76699, 13.839244, 285.0], [7.9405513, 14.814634, 303.0], [8.206784, 15.687851, 321.0], [8.464375, 16.518967, 339.0], [9.112673, 17.50558, 356.0], [9.737757, 18.340803, 374.0], [10.227847, 19.02731, 392.0], [10.606727, 19.566826, 410.0], [10.860218, 19.939537, 427.0], [11.314749, 20.374023, 445.0], [11.799694, 20.615711, 463.0], [12.335916, 20.814299, 481.0], [12.985548, 20.895903, 499.0], [13.790258, 20.895903, 516.0], [14.375302, 20.713423, 534.0], [14.963224, 20.572372, 552.0], [15.645121, 20.336172, 570.0], [16.559769, 19.995966, 587.0], [17.244446, 19.670994, 605.0], [18.06051, 19.181746, 623.0], [18.789385, 18.778805, 641.0], [19.405586, 18.32322, 658.0], [19.884663, 17.975128, 676.0], [20.177485, 17.566336, 694.0], [20.433989, 17.143856, 712.0], [20.637161, 16.74527, 729.0], [20.743904, 16.370186, 747.0], [20.876284, 15.903557, 765.0], [20.95177, 15.3551, 783.0], [21.016981, 14.683509, 800.0], [21.00971, 14.1227665, 818.0], [21.048544, 13.579901, 836.0], [21.048544, 13.139839, 854.0], [21.048544, 12.791418, 872.0], [21.048544, 12.342539, 889.0], [21.048544, 11.9333515, 907.0], [21.048544, 11.5418825, 925.0], [20.92173, 11.174909, 943.0], [20.740004, 10.899159, 960.0], [20.349607, 10.676149, 978.0], [19.9994, 10.520372, 996.0], [19.604912, 10.375944, 1014.0], [18.93245, 10.404098, 1031.0], [18.2731, 10.587457, 1049.0], [17.742182, 10.706602, 1067.0], [17.379183, 10.879845, 1085.0], [16.928482, 11.036884, 1102.0], [16.408947, 11.343251, 1120.0], [15.925478, 11.674353, 1138.0], [15.356443, 12.105156, 1156.0], [14.90258, 12.66526, 1173.0], [14.525885, 13.257778, 1191.0], [14.239138, 13.772528, 1209.0], [13.980583, 14.348239, 1227.0], [13.848492, 15.152902, 1244.0], [13.75235, 15.903515, 1262.0], [13.747574, 16.627975, 1280.0], [13.747574, 17.347422, 1298.0], [13.821846, 18.099554, 1315.0], [13.847181, 18.667336, 1333.0], [13.913968, 19.335594, 1351.0], [14.052969, 19.947433, 1369.0], [14.135922, 20.313023, 1382.0]"}