{"Image number":37771,"Image shape":8,"Path":"[20.778702, 7.7310505, 0.0], [20.217213, 7.5441623, 52.0], [19.281462, 7.4506845, 69.0], [17.876883, 7.4513245, 86.0], [16.619812, 7.6396575, 102.0], [15.463096, 8.012204, 119.0], [14.527092, 8.575443, 135.0], [13.742508, 9.223959, 152.0], [13.085309, 9.97596, 168.0], [12.531177, 10.996859, 185.0], [12.109416, 12.029318, 201.0], [11.8794, 13.04938, 218.0], [11.832893, 13.850607, 234.0], [11.92785, 14.545705, 251.0], [12.067765, 15.243113, 267.0], [12.347325, 16.079947, 284.0], [12.629371, 16.92666, 300.0], [12.76678, 17.904186, 317.0], [12.8121395, 18.876846, 333.0], [12.76514, 20.743399, 367.0], [12.577303, 21.679436, 384.0], [11.829866, 23.122581, 416.0], [11.458573, 23.538235, 433.0], [10.337584, 23.862762, 466.0], [9.591221, 23.861965, 482.0], [8.847896, 23.76822, 499.0], [8.00582, 23.439459, 516.0], [7.1700606, 23.020458, 532.0], [6.0080233, 21.948145, 565.0], [5.7753296, 21.574795, 582.0], [5.9187083, 21.152225, 598.0], [6.1516514, 20.640923, 615.0], [6.8067226, 20.034637, 631.0], [7.6479564, 19.427637, 648.0], [8.76907, 18.821278, 664.0], [9.88763, 18.120836, 681.0], [11.097454, 17.422897, 698.0], [12.357199, 16.816818, 714.0], [13.531063, 16.20556, 731.0], [14.640003, 15.698198, 747.0], [15.617342, 15.043884, 764.0], [16.452173, 14.393006, 780.0], [17.389559, 13.595231, 797.0], [18.271454, 12.899235, 816.0], [19.20169, 12.295359, 830.0], [20.732693, 11.273915, 863.0], [21.435427, 10.758137, 880.0], [22.039501, 10.24614, 896.0], [22.64259, 9.502002, 929.0], [22.68924, 9.126581, 946.0], [22.50151, 7.9132605, 979.0], [22.079912, 7.306716, 995.0], [20.73151, 6.7984767, 1028.0], [19.88857, 6.751732, 1045.0], [18.868147, 6.891925, 1061.0], [17.547304, 7.2224083, 1078.0]"}