{"Image number":37218,"Image shape":6,"Path":"[13.930115, 4.0946016, 0.0], [13.41174, 5.0842667, 102.0], [12.809617, 6.337327, 119.0], [12.199708, 7.7463264, 135.0], [11.784234, 8.810463, 152.0], [11.315679, 10.029673, 169.0], [10.797929, 11.300595, 185.0], [10.479985, 12.58983, 201.0], [10.249558, 14.864721, 235.0], [10.108944, 16.036896, 251.0], [10.015375, 17.116434, 268.0], [9.922527, 17.996574, 284.0], [9.876426, 18.646643, 301.0], [9.970871, 19.110714, 317.0], [10.719204, 19.761341, 350.0], [11.326498, 20.088543, 367.0], [12.024331, 20.41404, 384.0], [12.72834, 20.601032, 400.0], [13.376447, 20.6925, 417.0], [14.822978, 20.785482, 450.0], [15.518204, 20.691187, 466.0], [16.319582, 20.407259, 483.0], [17.007004, 19.944445, 499.0], [17.714592, 19.425055, 516.0], [18.318308, 18.81805, 532.0], [18.828869, 18.118143, 549.0], [19.246433, 17.27804, 566.0], [19.3831, 16.578716, 582.0], [19.381031, 15.928489, 599.0], [19.334402, 15.28312, 615.0], [19.050978, 14.669079, 632.0], [18.584309, 14.112491, 648.0], [18.073854, 13.555762, 665.0], [17.555063, 12.989416, 681.0], [16.945559, 12.523141, 698.0], [16.394562, 12.297933, 714.0], [15.886305, 12.20658, 731.0], [15.465823, 12.20668, 748.0], [14.952336, 12.300421, 764.0], [14.487081, 12.627744, 781.0], [14.065542, 13.003099, 797.0], [13.743412, 13.512622, 814.0], [13.367314, 14.218396, 830.0], [12.947375, 15.059317, 847.0], [12.575632, 15.94446, 863.0], [12.297251, 16.92329, 880.0], [12.112671, 17.94369, 896.0], [12.066262, 18.87934, 913.0], [12.019481, 19.674328, 929.0]"}