{"Image number":38724,"Image shape":1,"Path":"[12.998336, 2.882452, 0.0], [13.0918255, 3.1637387, 102.0], [13.32695, 4.2930584, 119.0], [13.5598755, 5.64744, 135.0], [13.839814, 7.328726, 152.0], [14.492561, 10.499079, 185.0], [14.770663, 12.124793, 201.0], [15.0020075, 13.747587, 218.0], [15.141933, 15.242423, 235.0], [15.235522, 16.602327, 251.0], [15.281258, 17.849506, 268.0], [15.281198, 18.971989, 284.0], [15.281198, 19.907267, 301.0], [15.281198, 21.26035, 334.0], [15.182457, 21.794626, 350.0], [15.089589, 22.10875, 367.0], [11.647254, 6.006069, 0.0], [11.834285, 5.772287, 118.0], [12.448728, 5.1574197, 135.0], [13.140989, 4.55831, 152.0], [13.699469, 3.9522483, 168.0], [14.025882, 3.625799, 185.0], [14.163657, 3.3942924, 201.0], [14.536468, 4.5642843, 317.0], [14.722692, 5.72986, 333.0], [14.909672, 7.274648, 350.0], [15.049108, 8.718935, 367.0], [15.189111, 10.3076, 383.0], [15.282034, 11.847536, 400.0], [15.421145, 13.374191, 416.0], [15.515312, 14.835604, 433.0], [15.514143, 16.277279, 450.0], [15.56085, 17.571404, 466.0], [15.560732, 18.692207, 482.0], [15.560732, 19.626457, 499.0], [15.560732, 20.37429, 515.0], [15.560732, 20.977535, 532.0], [15.560732, 21.392374, 549.0]"}