{"Image number":10508,"Image shape":1,"Path":"[15.127778, 4.938889, 0.0], [15.127778, 5.2305555, 22.0], [15.091896, 6.2847605, 39.0], [14.933297, 7.583618, 55.0], [14.65963, 8.745023, 72.0], [14.15303, 10.524139, 89.0], [13.693246, 12.388129, 105.0], [13.365975, 14.108519, 122.0], [13.072794, 15.648135, 139.0], [12.872222, 17.752777, 155.0], [12.575902, 19.02542, 172.0], [12.353506, 20.236269, 189.0], [12.2612915, 20.942291, 205.0], [12.25, 21.456732, 223.0], [12.197928, 21.740211, 239.0], [12.211111, 22.171112, 255.0], [12.211111, 22.5033, 272.0], [12.211111, 22.827778, 289.0], [12.211111, 22.994066, 322.0]"}