{"Image number":30255,"Image shape":0,"Path":"[14.097088, 6.8679714, 0.0], [13.929366, 6.75609, 63.0], [13.417439, 6.7902555, 98.0], [13.02839, 6.900599, 116.0], [12.634972, 6.9929614, 134.0], [11.92666, 7.340313, 151.0], [11.164284, 7.826994, 169.0], [10.426139, 8.343494, 187.0], [9.744092, 8.866735, 205.0], [8.975523, 9.564376, 222.0], [8.355202, 10.250177, 240.0], [7.770042, 10.973446, 258.0], [7.311778, 11.763673, 276.0], [6.985597, 12.434135, 293.0], [6.768659, 13.160167, 311.0], [6.663485, 14.093344, 329.0], [6.728925, 15.206508, 347.0], [6.8690815, 16.270576, 364.0], [7.23602, 17.331535, 382.0], [7.6915255, 18.308208, 400.0], [8.106817, 19.090406, 418.0], [8.464991, 19.818928, 435.0], [8.907133, 20.534767, 453.0], [9.403326, 21.096123, 471.0], [9.924044, 21.58957, 489.0], [10.339479, 22.046707, 507.0], [10.771059, 22.345484, 524.0], [11.377853, 22.630049, 542.0], [11.930563, 22.901236, 560.0], [12.450478, 23.039782, 578.0], [12.800476, 23.140709, 595.0], [13.244109, 23.149696, 613.0], [14.005819, 23.017092, 631.0], [14.646644, 22.726503, 649.0], [15.351611, 22.222631, 667.0], [16.159513, 21.565968, 684.0], [16.904322, 20.80706, 702.0], [17.486761, 20.084126, 720.0], [18.005226, 19.370798, 737.0], [18.491842, 18.64381, 755.0], [18.829388, 18.053705, 773.0], [19.154182, 17.468723, 791.0], [19.29443, 16.919655, 808.0], [19.378641, 16.457367, 826.0], [19.378641, 15.905776, 844.0], [19.149115, 15.082224, 862.0], [19.017818, 14.388816, 879.0], [18.887863, 13.789885, 897.0], [18.795536, 13.277304, 915.0], [18.677488, 12.755852, 933.0], [18.535486, 12.236471, 951.0], [18.363298, 11.710259, 968.0], [18.102694, 11.181373, 986.0], [17.840284, 10.667351, 1004.0], [17.498753, 10.265373, 1022.0], [17.201878, 9.906142, 1039.0], [16.94161, 9.580611, 1057.0], [16.510769, 9.006402, 1075.0], [15.920276, 8.334973, 1093.0], [15.268997, 7.8060684, 1110.0], [14.772788, 7.3497887, 1128.0], [14.437965, 7.0147634, 1146.0], [14.170854, 6.7290373, 1164.0], [13.956098, 6.532604, 1182.0], [13.795299, 6.332848, 1199.0], [13.708738, 6.0519433, 1234.0]"}