{"Image number":39302,"Image shape":4,"Path":"[10.202994, 6.05269, 0.0], [10.156405, 6.660651, 53.0], [10.156405, 7.6016126, 70.0], [10.109325, 8.910344, 86.0], [10.487197, 11.672917, 119.0], [11.006367, 13.315133, 136.0], [11.608733, 14.648989, 152.0], [12.256765, 15.6158085, 169.0], [12.867405, 16.319542, 186.0], [13.470128, 16.733017, 202.0], [14.026921, 16.916624, 219.0], [14.726272, 16.680925, 235.0], [15.477212, 15.9267025, 252.0], [16.168468, 14.580334, 268.0], [16.63466, 12.991131, 285.0], [16.867744, 11.161348, 301.0], [16.958921, 9.446417, 318.0], [16.865253, 6.7992125, 351.0], [16.865225, 6.282719, 368.0], [16.818634, 7.2207294, 417.0], [16.865622, 9.239966, 434.0], [16.865225, 12.329927, 450.0], [16.818254, 15.778135, 467.0], [16.676125, 19.077446, 483.0], [16.444695, 21.96597, 500.0], [16.15949, 24.386856, 516.0], [15.969896, 26.146982, 533.0], [15.931331, 26.881672, 549.0]"}