{"Image number":15013,"Image shape":2,"Path":"[11.839844, 11.06713, 0.0], [13.035349, 9.749565, 148.0], [13.886589, 9.076944, 166.0], [14.774185, 8.478958, 182.0], [15.575499, 7.9997416, 200.0], [16.280441, 7.551239, 215.0], [17.023941, 7.2052774, 231.0], [17.603703, 6.995536, 248.0], [18.167322, 6.835776, 265.0], [18.610245, 6.778218, 282.0], [19.158953, 6.789352, 297.0], [19.51513, 6.789352, 314.0], [19.849613, 6.789352, 330.0], [20.097656, 6.789352, 347.0], [20.35081, 6.9626284, 365.0], [20.5625, 7.0567126, 381.0], [20.76851, 7.239834, 398.0], [20.946087, 7.4712825, 415.0], [21.10394, 7.747081, 431.0], [21.222212, 8.013857, 448.0], [21.339754, 8.278695, 465.0], [21.415096, 8.503914, 481.0], [21.47589, 8.841312, 498.0], [21.492188, 9.068987, 515.0], [21.47353, 9.409965, 531.0], [21.35409, 9.85675, 548.0], [21.229744, 10.247093, 565.0], [21.042854, 10.690086, 581.0], [20.813923, 11.108162, 598.0], [20.509985, 11.597991, 615.0], [20.063255, 12.074298, 631.0], [19.571335, 12.531498, 648.0], [18.989492, 13.031546, 664.0], [18.421303, 13.505138, 680.0], [17.831272, 13.894619, 699.0], [17.250229, 14.289172, 714.0], [16.668854, 14.681945, 731.0], [16.08232, 15.036421, 748.0], [15.53112, 15.422776, 765.0], [14.990383, 15.79758, 781.0], [14.401032, 16.236118, 798.0], [13.882928, 16.58247, 815.0], [13.367665, 16.860214, 831.0], [12.848377, 17.183846, 847.0], [12.26904, 17.518757, 864.0], [11.5954075, 17.871948, 881.0], [10.884498, 18.27678, 899.0], [10.115733, 18.732344, 915.0], [9.479929, 19.141525, 932.0], [8.898903, 19.516798, 948.0], [8.309552, 19.911278, 964.0], [7.7621503, 20.315435, 981.0], [7.3276196, 20.66012, 997.0], [6.9015117, 20.998425, 1014.0], [6.5625, 21.299768, 1031.0], [6.3604894, 21.46627, 1048.0], [6.197916, 21.599537, 1063.0], [6.0478926, 21.712963, 1097.0], [6.6964645, 21.236996, 1164.0], [7.678355, 20.477453, 1181.0], [8.640625, 19.744213, 1198.0], [9.71393, 19.116282, 1214.0], [10.621314, 18.649387, 1231.0], [11.289113, 18.386557, 1247.0], [11.93441, 18.219776, 1264.0], [12.615364, 18.212963, 1280.0], [13.164503, 18.212963, 1297.0], [13.638578, 18.373058, 1314.0], [14.06734, 18.524944, 1330.0], [14.44361, 18.735102, 1349.0], [14.844728, 18.956598, 1364.0], [15.31517, 19.25988, 1380.0], [15.808836, 19.60976, 1398.0], [16.370377, 19.929249, 1414.0], [16.936087, 20.32316, 1431.0], [17.489176, 20.684433, 1448.0], [18.039211, 21.060274, 1467.0], [18.51236, 21.475943, 1482.0], [18.832348, 21.811909, 1497.0], [19.0576, 22.028053, 1514.0], [19.167969, 22.199074, 1530.0]"}