{"Image number":202,"Image shape":8,"Path":"[21.882965, 5.8229823, 0.0], [21.663301, 6.0791397, 102.0], [21.39808, 6.447494, 131.0], [21.250261, 6.601583, 145.0], [20.966442, 6.9604263, 159.0], [20.732773, 7.326554, 172.0], [20.509502, 7.644473, 186.0], [20.335278, 7.908523, 200.0], [20.058842, 8.21661, 213.0], [19.863544, 8.52039, 227.0], [19.644346, 8.794296, 244.0], [19.468576, 9.063304, 258.0], [19.27117, 9.315384, 274.0], [19.10429, 9.573487, 284.0], [18.961569, 9.846538, 298.0], [18.82583, 10.070003, 312.0], [18.632065, 10.3133135, 326.0], [18.481182, 10.493718, 340.0], [18.307508, 10.750839, 355.0], [18.174133, 10.927532, 368.0], [18.038692, 11.108177, 385.0], [17.904161, 11.287612, 403.0], [17.675617, 11.617975, 424.0], [17.394905, 11.878679, 452.0], [17.124178, 12.194378, 479.0], [16.853842, 12.492766, 508.0], [16.68334, 12.628684, 524.0], [16.408632, 12.901698, 551.0], [16.210924, 13.001325, 563.0], [16.064177, 13.102894, 577.0], [15.884707, 13.193817, 593.0], [15.596741, 13.374271, 619.0], [15.449221, 13.464435, 634.0], [15.179778, 13.680544, 661.0], [14.937029, 13.896006, 688.0], [14.672508, 14.079539, 721.0], [14.437135, 14.29721, 748.0], [14.20032, 14.479419, 773.0], [13.92896, 14.660384, 802.0], [13.659035, 14.876816, 829.0], [13.385583, 15.088009, 857.0], [13.069772, 15.275565, 885.0], [12.780416, 15.493136, 913.0], [12.455702, 15.710179, 945.0], [12.193049, 15.942519, 975.0], [12.057124, 16.089092, 987.0], [11.802425, 16.343874, 1015.0], [11.550574, 16.595806, 1038.0], [11.315193, 16.831264, 1066.0], [11.112301, 17.034222, 1094.0], [10.895344, 17.301643, 1122.0], [10.678897, 17.571785, 1151.0], [10.461791, 17.794212, 1180.0], [10.334566, 17.942759, 1193.0], [10.115281, 18.252422, 1220.0], [10.027228, 18.433226, 1235.0], [9.880226, 18.594505, 1249.0], [9.773194, 18.759342, 1265.0], [9.546293, 19.084164, 1291.0], [9.4113035, 19.382734, 1318.0], [9.357781, 19.553663, 1332.0], [9.312156, 19.781696, 1347.0], [9.267372, 19.969261, 1362.0], [9.221988, 20.169868, 1374.0], [9.176749, 20.350874, 1388.0], [9.175553, 20.676674, 1415.0], [9.237238, 20.857449, 1430.0], [9.248374, 21.038773, 1446.0], [9.291524, 21.22035, 1458.0], [9.442896, 21.497242, 1485.0], [9.587265, 21.714502, 1513.0], [9.784764, 21.880533, 1555.0], [9.942697, 21.971245, 1586.0], [10.179465, 22.031113, 1611.0], [10.355277, 22.07118, 1626.0], [10.756432, 22.067535, 1654.0], [11.059393, 22.067535, 1668.0], [11.338349, 22.031113, 1687.0], [11.72486, 22.031113, 1700.0], [12.161249, 22.031113, 1710.0], [12.56473, 22.002455, 1723.0], [12.934284, 21.957216, 1737.0], [13.294784, 21.958267, 1752.0], [13.695366, 21.866602, 1766.0], [14.002007, 21.766045, 1779.0], [14.273478, 21.630262, 1794.0], [14.543669, 21.540237, 1807.0], [14.798311, 21.377687, 1822.0], [15.051524, 21.196318, 1835.0], [15.288534, 21.050129, 1850.0], [15.513456, 20.870947, 1863.0], [15.702747, 20.726748, 1878.0], [15.878359, 20.545658, 1891.0], [16.014654, 20.398243, 1905.0], [16.106657, 20.177393, 1919.0], [16.287947, 19.857635, 1946.0], [16.345354, 19.70951, 1961.0], [16.390585, 19.489584, 1976.0], [16.48596, 19.315788, 1990.0], [16.517265, 19.134062, 2003.0], [16.562803, 18.919592, 2017.0], [16.566969, 18.69446, 2031.0], [16.566969, 18.394539, 2058.0], [16.454317, 18.083767, 2086.0], [16.348475, 17.915312, 2103.0], [16.212627, 17.758396, 2120.0], [16.046741, 17.577057, 2134.0], [15.826651, 17.434584, 2145.0], [15.602366, 17.252672, 2157.0], [15.37547, 17.051256, 2171.0], [15.1202345, 16.853409, 2185.0], [14.887383, 16.598497, 2199.0], [14.6512985, 16.37306, 2215.0], [14.379857, 16.128166, 2227.0], [14.135332, 15.856002, 2241.0], [13.910728, 15.550323, 2254.0], [13.683705, 15.277452, 2268.0], [13.475819, 14.970763, 2283.0], [13.269102, 14.6996355, 2296.0], [13.04186, 14.391783, 2310.0], [12.818297, 14.122072, 2324.0], [12.59155, 13.849886, 2337.0], [12.364893, 13.639051, 2352.0], [12.137996, 13.412082, 2365.0], [11.955437, 13.187097, 2379.0], [11.776132, 13.013677, 2394.0], [11.593738, 12.854773, 2407.0], [11.445078, 12.686532, 2421.0], [11.309107, 12.505178, 2435.0], [11.119314, 12.202505, 2462.0], [11.105331, 12.004773, 2477.0], [11.145328, 11.778383, 2491.0], [11.189868, 11.507467, 2505.0], [11.335334, 11.232664, 2520.0], [11.51601, 10.931703, 2536.0], [11.698535, 10.618031, 2558.0], [11.923945, 10.347449, 2571.0], [12.170629, 10.075064, 2583.0], [12.440425, 9.805179, 2595.0], [12.748974, 9.533687, 2607.0], [13.1128025, 9.26128, 2618.0], [13.528246, 8.990704, 2632.0], [13.936283, 8.745909, 2645.0], [14.380923, 8.518963, 2659.0], [14.826845, 8.29593, 2673.0], [15.283334, 8.067612, 2688.0], [15.79467, 7.905182, 2702.0], [16.295704, 7.757861, 2715.0], [16.787811, 7.5803447, 2729.0], [17.285122, 7.451509, 2744.0], [17.784525, 7.376318, 2757.0], [18.284178, 7.285443, 2772.0], [18.779423, 7.2376313, 2785.0], [19.223593, 7.1926155, 2799.0], [19.57087, 7.2070475, 2813.0]"}