{"Image number":37106,"Image shape":8,"Path":"[17.890182, 6.7520065, 0.0], [17.088827, 6.516743, 68.0], [16.2031, 6.377477, 85.0], [15.224419, 6.331931, 102.0], [14.244994, 6.2381034, 118.0], [13.127277, 6.192102, 135.0], [11.968702, 6.28617, 151.0], [9.825412, 6.80002, 184.0], [8.986182, 7.2209687, 201.0], [8.430549, 7.732945, 217.0], [8.009391, 8.342791, 234.0], [7.8263683, 9.085412, 250.0], [7.826955, 9.930256, 267.0], [8.1072445, 10.763691, 284.0], [8.576521, 11.513993, 300.0], [9.369281, 12.117177, 317.0], [10.259718, 12.63214, 333.0], [11.27932, 13.141493, 350.0], [12.218936, 13.564374, 366.0], [13.0492, 13.980423, 383.0], [13.799013, 14.355587, 399.0], [14.4554, 14.826618, 416.0], [15.2002945, 15.243963, 433.0], [15.892934, 15.801372, 449.0], [16.642561, 16.269148, 466.0], [17.386381, 16.78152, 482.0], [18.03592, 17.24603, 499.0], [18.553074, 17.717657, 515.0], [18.968239, 18.228767, 532.0], [19.339083, 18.692823, 548.0], [19.616407, 19.157282, 565.0], [19.802555, 19.577826, 581.0], [19.894909, 20.140682, 598.0], [19.893509, 20.750134, 614.0], [19.845978, 21.40426, 631.0], [19.658146, 22.146667, 648.0], [19.377941, 22.749758, 664.0], [18.957348, 23.402575, 681.0], [18.49543, 23.862371, 697.0], [17.979668, 24.331533, 714.0], [17.372059, 24.563454, 730.0], [16.717772, 24.702793, 747.0], [15.927732, 24.79506, 763.0], [15.186541, 24.654247, 780.0], [14.435437, 24.325043, 797.0], [13.73974, 23.765503, 813.0], [13.1354265, 23.206799, 830.0], [12.667081, 22.596518, 846.0], [12.296266, 21.897804, 863.0], [12.159182, 21.10819, 879.0], [12.206703, 20.077274, 896.0], [12.488079, 18.95785, 912.0], [12.910566, 17.833403, 929.0], [13.422302, 16.812836, 945.0], [14.125445, 15.972217, 962.0], [15.851994, 14.529089, 995.0], [16.782446, 13.924897, 1011.0], [17.61431, 13.369763, 1028.0], [18.31467, 12.902535, 1045.0], [18.918999, 12.483734, 1061.0], [19.337069, 12.158015, 1078.0]"}