{"Image number":40048,"Image shape":8,"Path":"[21.239594, 8.803775, 0.0], [20.511484, 8.989949, 85.0], [19.759674, 9.362648, 102.0], [18.989048, 9.797817, 118.0], [18.344301, 10.178879, 135.0], [17.941862, 10.362614, 152.0], [17.601656, 10.569711, 168.0], [17.30723, 10.791651, 185.0], [16.744644, 11.242506, 201.0], [16.264503, 11.707883, 218.0], [15.726148, 12.198901, 235.0], [15.191561, 12.655697, 251.0], [14.646959, 13.298405, 268.0], [14.138815, 13.995016, 285.0], [13.707341, 14.697237, 302.0], [13.268957, 15.500764, 318.0], [12.957929, 16.252363, 335.0], [12.669433, 16.986832, 352.0], [12.494559, 17.579607, 368.0], [12.388266, 18.24965, 385.0], [12.343466, 18.965939, 401.0], [12.3552265, 19.63302, 418.0], [12.432442, 20.25461, 434.0], [12.553523, 20.891844, 451.0], [12.746427, 21.58197, 468.0], [13.011843, 22.14091, 484.0], [13.35206, 22.648573, 501.0], [13.70967, 23.049599, 518.0], [14.10186, 23.376522, 535.0], [14.627655, 23.614506, 551.0], [15.154671, 23.827784, 568.0], [15.549666, 23.983599, 585.0], [15.892166, 24.048546, 602.0], [16.12263, 24.017942, 618.0], [16.522652, 23.821419, 634.0], [17.196342, 23.316965, 651.0], [17.864172, 22.640995, 668.0], [18.41729, 21.83418, 685.0], [18.794048, 21.053535, 702.0], [19.02425, 20.234053, 717.0], [19.037928, 19.483858, 734.0], [19.037928, 19.055138, 751.0], [18.93116, 18.241777, 768.0], [18.761917, 17.521723, 785.0], [18.499603, 16.813253, 802.0], [18.189047, 16.087645, 818.0], [17.842442, 15.436335, 835.0], [17.459185, 15.008743, 852.0], [16.98274, 14.592068, 868.0], [16.513523, 14.179306, 884.0], [15.924881, 13.767113, 901.0], [15.2879, 13.332689, 918.0], [14.657523, 12.934575, 934.0], [13.960379, 12.467599, 951.0], [13.297697, 12.006275, 968.0], [12.568874, 11.547228, 985.0], [11.845445, 11.078257, 1002.0], [11.189638, 10.669468, 1018.0], [10.615391, 10.288503, 1035.0], [10.161239, 9.933048, 1051.0], [9.744, 9.534194, 1068.0], [9.380813, 9.177877, 1085.0], [9.047254, 8.906555, 1101.0], [8.792771, 8.758817, 1117.0], [8.636782, 8.715942, 1135.0], [8.521461, 8.67412, 1151.0], [8.469935, 8.54045, 1184.0], [8.673901, 8.288778, 1201.0], [9.101834, 7.8945823, 1218.0], [9.894521, 7.5172324, 1234.0], [10.726972, 7.2179804, 1251.0], [11.467438, 7.0172434, 1268.0], [12.166176, 6.9492054, 1284.0], [12.85411, 6.9380794, 1301.0], [13.569403, 7.0557714, 1317.0], [14.478182, 7.2566957, 1334.0], [15.361525, 7.5554643, 1351.0], [16.137804, 7.8071103, 1368.0], [16.64518, 8.125165, 1384.0], [17.070782, 8.453763, 1401.0], [17.404049, 8.7758045, 1418.0], [17.624033, 9.118464, 1434.0], [17.79076, 9.475254, 1451.0], [17.81554, 9.80529, 1468.0], [17.820536, 10.1232395, 1484.0], [17.8677, 10.3941, 1501.0], [17.898241, 10.553789, 1517.0], [17.926624, 10.679394, 1534.0]"}