{"Image number":30738,"Image shape":8,"Path":"[17.980583, 8.3057375, 0.0], [17.770523, 8.181214, 108.0], [17.532394, 8.0471115, 125.0], [17.309586, 7.950606, 143.0], [17.095932, 7.819233, 161.0], [16.902782, 7.651531, 179.0], [16.643106, 7.5200176, 196.0], [16.279446, 7.338075, 214.0], [15.581696, 7.027848, 232.0], [15.149018, 6.8950067, 250.0], [14.808398, 6.712138, 268.0], [14.404798, 6.63383, 285.0], [14.0546875, 6.5719337, 303.0], [13.653223, 6.4479175, 321.0], [13.255653, 6.4405284, 339.0], [12.856773, 6.401669, 356.0], [12.60893, 6.401669, 374.0], [12.295244, 6.401669, 392.0], [12.035402, 6.401669, 410.0], [11.773266, 6.401669, 427.0], [11.350568, 6.401669, 445.0], [10.843798, 6.4337125, 463.0], [10.330096, 6.4405284, 481.0], [9.882581, 6.4405284, 498.0], [9.359753, 6.4793863, 516.0], [8.9126215, 6.4793863, 534.0], [8.48796, 6.6922665, 552.0], [8.101524, 6.856037, 569.0], [7.789669, 6.953772, 587.0], [7.579958, 7.033977, 605.0], [7.3829427, 7.1745377, 623.0], [7.2121434, 7.267722, 641.0], [6.9114046, 7.4126015, 676.0], [6.715693, 7.5822153, 694.0], [6.5208483, 7.7121935, 711.0], [6.083081, 8.00488, 729.0], [5.694606, 8.319878, 747.0], [5.299305, 8.604765, 765.0], [5.069577, 8.906429, 783.0], [4.8690667, 9.1070595, 800.0], [4.653425, 9.407323, 836.0], [4.6601944, 9.685213, 872.0], [4.8304076, 9.797244, 889.0], [5.1054025, 10.038752, 907.0], [5.426415, 10.312321, 925.0], [5.705078, 10.603529, 943.0], [6.1476274, 10.781047, 960.0], [6.729191, 11.055323, 978.0], [7.3194075, 11.301724, 996.0], [7.8298054, 11.484705, 1013.0], [8.409451, 11.578863, 1031.0], [9.0057, 11.711445, 1049.0], [9.515476, 11.880949, 1067.0], [9.963562, 12.004573, 1085.0], [10.3323, 12.145844, 1102.0], [10.6887045, 12.272341, 1120.0], [11.2156515, 12.499908, 1138.0], [11.78799, 12.65343, 1156.0], [12.254829, 12.864662, 1173.0], [12.644255, 12.989349, 1191.0], [13.034655, 13.231505, 1209.0], [13.508357, 13.369589, 1227.0], [13.974141, 13.606703, 1244.0], [14.477, 13.801053, 1262.0], [14.876108, 13.95395, 1280.0], [15.162181, 14.08451, 1298.0], [15.403879, 14.260318, 1315.0], [15.606228, 14.384386, 1333.0], [15.8663, 14.626772, 1351.0], [16.21098, 14.884041, 1369.0], [16.555006, 15.097231, 1386.0], [16.955845, 15.367964, 1404.0], [17.261328, 15.566818, 1422.0], [17.5731, 15.762861, 1440.0], [17.782774, 15.95814, 1457.0], [18.043705, 16.128452, 1475.0], [18.3051, 16.363295, 1493.0], [18.566961, 16.507782, 1511.0], [18.826164, 16.702301, 1529.0], [19.142279, 16.899231, 1546.0], [19.42755, 17.134186, 1564.0], [19.7259, 17.357521, 1582.0], [19.98859, 17.620367, 1602.0], [20.24908, 17.881018, 1619.0], [20.442223, 18.182919, 1636.0], [20.58017, 18.481958, 1655.0], [20.710716, 18.743214, 1672.0], [20.841263, 18.965607, 1689.0], [20.933191, 19.22729, 1706.0], [21.063452, 19.534277, 1724.0], [21.155754, 19.823471, 1742.0], [21.225422, 20.10991, 1760.0], [21.24272, 20.389832, 1777.0], [21.281553, 20.65053, 1795.0], [21.281553, 20.949732, 1813.0], [21.281553, 21.262829, 1831.0], [21.281553, 21.607714, 1848.0], [21.179161, 22.029922, 1866.0], [21.113922, 22.407461, 1884.0], [20.971476, 22.759604, 1902.0], [20.754368, 23.119339, 1919.0], [20.379896, 23.561106, 1937.0], [19.949514, 23.85748, 1955.0], [19.559414, 24.117147, 1973.0], [19.114277, 24.268904, 1990.0], [18.700085, 24.43815, 2008.0], [18.269152, 24.500479, 2026.0], [17.879467, 24.509747, 2044.0], [17.481438, 24.509747, 2061.0], [17.154884, 24.40034, 2079.0], [16.83807, 24.277843, 2097.0], [16.468023, 24.099047, 2115.0], [16.11595, 23.97667, 2133.0], [15.73881, 23.683168, 2150.0], [15.331374, 23.467892, 2168.0], [14.904291, 23.137, 2186.0], [14.4483595, 22.707106, 2204.0], [13.943184, 22.266922, 2221.0], [13.498677, 21.80974, 2239.0], [13.073941, 21.426476, 2257.0], [12.719647, 21.122244, 2275.0], [12.469822, 20.821991, 2292.0], [12.235878, 20.524094, 2310.0], [12.089878, 20.259739, 2328.0], [11.960358, 20.039398, 2346.0], [11.835087, 19.812923, 2363.0], [11.750967, 19.549438, 2381.0], [11.728155, 19.252167, 2399.0], [11.728155, 18.907343, 2417.0], [11.837961, 18.396908, 2434.0], [11.969803, 17.74832, 2452.0], [12.139439, 17.159369, 2470.0], [12.327372, 16.743494, 2488.0], [12.439299, 16.36407, 2505.0], [12.600469, 16.034567, 2523.0], [12.737865, 15.708288, 2541.0], [12.870939, 15.414258, 2559.0], [13.038962, 15.095886, 2576.0], [13.250903, 14.761351, 2594.0], [13.510561, 14.306674, 2612.0], [13.807927, 13.961017, 2630.0], [14.050018, 13.620403, 2648.0], [14.385439, 13.252039, 2665.0], [14.749138, 12.900825, 2683.0], [15.051054, 12.597095, 2701.0], [15.31118, 12.285685, 2719.0], [15.53498, 12.034822, 2736.0], [15.847372, 11.6962185, 2754.0], [16.240982, 11.236727, 2772.0], [16.551256, 10.9420595, 2790.0], [16.945267, 10.546297, 2807.0], [17.364466, 10.278974, 2825.0], [17.729607, 9.962733, 2843.0], [17.98358, 9.662788, 2861.0], [18.354778, 9.347293, 2878.0], [18.789228, 9.064641, 2896.0], [19.146374, 8.833769, 2914.0], [19.523474, 8.641289, 2932.0], [19.715303, 8.48703, 2950.0], [19.903843, 8.389621, 2967.0], [20.060974, 8.246543, 2985.0], [20.257175, 8.134182, 3003.0], [20.485931, 7.9654784, 3020.0], [20.699028, 7.8005757, 3035.0]"}