{"Image number":37649,"Image shape":3,"Path":"[9.2712145, 6.7520065, 0.0], [9.550603, 6.7520065, 152.0], [10.584442, 6.7520065, 169.0], [11.708944, 6.8465075, 186.0], [12.865445, 6.9390407, 202.0], [13.707193, 7.080026, 219.0], [14.402395, 7.407687, 235.0], [14.959083, 7.8742566, 252.0], [15.284792, 8.530807, 268.0], [15.421675, 9.226477, 285.0], [15.420965, 10.157848, 301.0], [15.186069, 10.907529, 318.0], [14.669266, 11.65636, 334.0], [13.825331, 12.167158, 351.0], [12.901827, 12.627935, 368.0], [11.450826, 13.188602, 401.0], [10.940697, 13.327694, 417.0], [10.570959, 13.325586, 434.0], [11.467094, 13.325586, 549.0], [12.409042, 13.325586, 566.0], [13.37747, 13.325586, 583.0], [14.266286, 13.325586, 599.0], [15.932859, 13.372174, 632.0], [16.68119, 13.418976, 649.0], [17.338299, 13.701639, 665.0], [17.846577, 14.026805, 682.0], [18.360497, 14.495138, 699.0], [19.105042, 15.522865, 732.0], [19.567757, 16.916891, 765.0], [19.707348, 17.662386, 781.0], [19.707155, 18.456007, 798.0], [19.51938, 19.205526, 814.0], [19.190353, 19.908432, 831.0], [18.67729, 20.60518, 847.0], [18.028893, 21.298935, 864.0], [17.277676, 21.909445, 880.0], [16.437122, 22.469202, 897.0], [15.558901, 22.977222, 913.0], [14.667036, 23.446854, 930.0], [13.826994, 23.678246, 946.0], [12.947165, 23.816067, 963.0], [12.194878, 23.815344, 980.0], [11.3198185, 23.815344, 996.0]"}