{"Image number":36551,"Image shape":1,"Path":"[16.5391, 9.129684, 0.0], [16.492512, 9.549274, 35.0], [16.112885, 10.878884, 51.0], [15.598265, 13.084585, 68.0], [14.990864, 15.655741, 85.0], [14.477946, 17.992203, 101.0], [14.067496, 19.816536, 118.0], [13.644679, 21.413364, 134.0], [13.226589, 22.56961, 151.0], [12.855942, 23.49557, 167.0], [12.563562, 23.93181, 184.0]"}