{"Image number":39232,"Image shape":1,"Path":"[16.306156, 4.0946016, 0.0], [15.929352, 5.037944, 51.0], [15.462695, 6.534458, 68.0], [14.85413, 8.40766, 85.0], [14.294457, 10.607744, 101.0], [13.740562, 12.919332, 118.0], [13.270543, 15.415775, 134.0], [12.947365, 17.739286, 151.0], [12.7156725, 19.739613, 167.0], [12.624588, 21.503962, 184.0], [12.578121, 22.910378, 200.0], [12.484033, 23.928675, 217.0], [12.338143, 24.49984, 233.0], [12.198318, 24.81308, 250.0]"}