{"Image number":36728,"Image shape":2,"Path":"[11.460898, 7.7776723, 0.0], [11.930359, 7.3549047, 53.0], [12.633582, 6.8865604, 69.0], [13.576492, 6.4161086, 86.0], [14.451012, 6.2844653, 102.0], [16.071812, 6.7513075, 135.0], [16.685081, 7.5526953, 152.0], [17.007322, 8.624509, 169.0], [17.146177, 10.029699, 185.0], [16.908096, 11.720633, 202.0], [16.392126, 13.395818, 218.0], [15.457113, 15.163663, 235.0], [14.388758, 16.551907, 251.0], [13.27162, 17.808252, 268.0], [12.24312, 18.648413, 284.0], [11.366239, 19.48098, 301.0], [10.668055, 20.086374, 317.0], [10.292633, 20.462166, 334.0], [10.670582, 19.804039, 384.0], [11.375264, 19.09906, 400.0], [12.307836, 18.49511, 417.0], [13.338947, 18.075012, 433.0], [14.499179, 17.845839, 450.0], [15.806612, 17.84784, 466.0], [17.105778, 17.941624, 483.0]"}