{"Image number":38648,"Image shape":5,"Path":"[19.194675, 7.7776723, 0.0], [18.775373, 7.7776723, 51.0], [18.019236, 7.8722544, 68.0], [16.79541, 8.013459, 84.0], [15.595095, 8.104961, 101.0], [14.344938, 8.244381, 117.0], [13.127497, 8.337941, 134.0], [12.001907, 8.526621, 150.0], [11.031832, 8.711955, 167.0], [10.279191, 8.853144, 183.0], [9.779544, 8.896956, 200.0], [9.452552, 8.89658, 217.0], [9.224162, 8.89658, 250.0], [9.27174, 9.17841, 283.0], [9.365304, 9.458767, 299.0], [9.598541, 9.877791, 316.0], [9.785895, 10.4416895, 332.0], [9.972074, 11.141988, 349.0], [10.016953, 11.744565, 365.0], [10.110618, 12.163666, 382.0], [10.203594, 12.582645, 416.0], [10.437861, 12.813715, 448.0], [10.813252, 12.812754, 465.0], [11.327057, 12.812754, 481.0], [12.022705, 12.812754, 498.0], [12.775323, 12.765512, 514.0], [13.520687, 12.766133, 531.0], [14.30737, 12.719245, 548.0], [14.914609, 12.907883, 564.0], [15.567252, 13.282694, 581.0], [16.07912, 13.656238, 597.0], [16.638237, 14.170233, 614.0], [17.152552, 14.590739, 630.0], [17.616398, 15.056322, 647.0], [18.031527, 15.518535, 663.0], [18.456045, 16.180052, 680.0], [18.778807, 16.781927, 696.0], [19.058125, 17.43576, 713.0], [19.196253, 18.088312, 729.0], [19.288458, 18.690954, 746.0], [19.195118, 19.710466, 779.0], [18.959574, 20.277313, 796.0], [18.58668, 20.882015, 812.0], [18.070927, 21.443792, 829.0], [17.465023, 22.00253, 845.0], [16.77069, 22.557657, 862.0], [16.021648, 23.166693, 878.0], [15.230078, 23.631525, 895.0], [14.579636, 24.003387, 912.0], [13.552099, 24.37586, 945.0], [13.087317, 24.46888, 961.0], [12.53196, 24.42138, 978.0], [11.687307, 24.138058, 1011.0]"}