{"Image number":35308,"Image shape":8,"Path":"[13.464226, 4.654056, 0.0], [12.757741, 4.7956862, 53.0], [11.962746, 5.2191415, 70.0], [10.943144, 6.1038713, 86.0], [10.240305, 7.374794, 103.0], [9.7302475, 8.822673, 119.0], [9.549652, 10.257093, 136.0], [9.879095, 11.422068, 152.0], [10.581852, 12.354742, 169.0], [11.804084, 13.055711, 185.0], [13.188936, 13.747301, 202.0], [14.825915, 14.402119, 218.0], [16.270838, 15.196618, 235.0], [17.434072, 16.03666, 252.0], [18.21904, 17.012037, 268.0], [18.591658, 18.041586, 285.0], [18.636091, 19.21191, 301.0], [18.214735, 20.369747, 318.0], [16.34738, 22.374336, 351.0], [15.136426, 22.838223, 367.0], [13.925252, 23.070341, 384.0], [12.852391, 23.022514, 400.0], [12.061121, 22.694197, 417.0], [11.551598, 22.08743, 434.0], [11.413262, 20.963078, 450.0], [11.697061, 19.368086, 467.0], [12.303637, 17.461819, 483.0], [13.283769, 15.176659, 500.0], [14.353845, 13.083811, 516.0], [15.376245, 11.084116, 533.0], [16.542051, 7.766516, 566.0], [16.680502, 6.45702, 582.0], [16.584837, 5.4842663, 599.0], [16.114662, 4.7862062, 616.0], [15.36673, 4.370025, 632.0], [14.337998, 4.1857653, 649.0], [13.271956, 4.1878433, 665.0], [12.10026, 4.6297526, 682.0], [11.429112, 5.0461097, 698.0]"}