{"Image number":10579,"Image shape":0,"Path":"[23.916668, 8.088889, 0.0], [23.757574, 8.088889, 20.0], [23.314234, 7.9378076, 37.0], [22.611565, 7.7647796, 54.0], [21.738888, 7.661111, 70.0], [19.805517, 7.790543, 87.0], [17.10894, 8.410266, 104.0], [15.012209, 9.182915, 121.0], [12.9464035, 10.113913, 137.0], [11.04893, 11.19188, 154.0], [9.638529, 12.556127, 170.0], [8.363831, 14.062067, 187.0], [7.427778, 15.847221, 204.0], [7.366516, 17.238132, 220.0], [7.487563, 18.699183, 237.0], [7.9333334, 19.73611, 254.0], [8.934678, 20.457235, 271.0], [10.087423, 20.967627, 287.0], [11.882939, 21.213444, 304.0], [13.36255, 21.27598, 321.0], [14.95014, 21.061094, 338.0], [16.36528, 20.53611, 354.0], [17.63024, 19.879452, 371.0], [18.783333, 19.308334, 388.0], [19.962343, 18.226547, 404.0], [20.994064, 17.03611, 421.0], [21.783232, 15.858485, 438.0], [22.326752, 14.767813, 454.0], [22.763311, 13.564783, 471.0], [22.818563, 12.473167, 488.0], [22.873707, 11.462151, 504.0], [22.712708, 10.435752, 521.0], [22.197378, 9.45974, 538.0], [21.132452, 8.532028, 555.0], [19.414001, 7.8931346, 571.0], [17.532373, 7.5874853, 588.0], [16.741667, 7.4861107, 605.0]"}