{"Image number":37119,"Image shape":5,"Path":"[21.430948, 7.68443, 0.0], [20.636003, 7.356859, 101.0], [20.075888, 7.217222, 117.0], [19.332132, 7.0779214, 134.0], [18.436674, 7.078354, 150.0], [17.174395, 7.220103, 167.0], [15.78525, 7.5465345, 183.0], [14.571104, 7.8739476, 200.0], [13.64409, 8.246482, 216.0], [12.716705, 8.804909, 249.0], [12.345613, 9.03674, 266.0], [12.109934, 9.3200245, 282.0], [11.739244, 10.158916, 316.0], [11.740433, 10.715529, 332.0], [11.928384, 11.232026, 349.0], [12.075138, 11.920416, 365.0], [12.214088, 12.274024, 382.0], [15.23461, 17.661354, 0.0], [15.421172, 17.941357, 54.0], [15.702471, 18.22278, 71.0], [16.07756, 18.503798, 87.0], [16.632591, 18.827063, 104.0], [17.151081, 19.204453, 120.0], [17.476187, 19.578886, 137.0], [17.517607, 19.946884, 153.0], [17.470375, 20.369953, 170.0], [17.376558, 20.790134, 186.0], [17.143955, 21.159222, 203.0], [16.76872, 21.581274, 220.0], [16.347103, 22.05001, 236.0], [16.024206, 22.513403, 253.0], [15.746015, 22.837551, 269.0], [15.324977, 23.164837, 286.0], [14.811772, 23.350422, 302.0], [14.348997, 23.535786, 319.0], [13.926008, 23.629772, 335.0], [13.510639, 23.722141, 352.0], [12.490382, 23.768723, 385.0], [11.975748, 23.815128, 402.0], [11.46235, 23.861835, 418.0], [10.854884, 23.861965, 435.0], [9.830293, 23.768724, 468.0], [9.551672, 23.582855, 484.0], [20.499168, 7.7310505, 0.0], [19.70273, 7.6840897, 70.0], [18.533205, 7.6374397, 86.0], [17.047577, 7.6378083, 103.0], [15.357009, 7.826224, 120.0], [13.690083, 8.105202, 136.0], [12.247179, 8.572081, 153.0], [11.176261, 9.085506, 169.0], [9.966439, 10.300833, 202.0], [9.782998, 11.137524, 219.0], [9.877249, 12.023783, 236.0], [11.004406, 13.380436, 268.0], [11.988591, 13.987708, 286.0], [12.96279, 14.685493, 302.0], [13.843048, 15.28786, 318.0], [14.542053, 15.895195, 335.0], [15.144068, 16.498463, 351.0], [15.802486, 17.110085, 368.0], [16.407518, 17.857918, 384.0], [16.914522, 18.597717, 401.0], [17.243212, 19.446533, 417.0], [17.428314, 20.195, 434.0], [17.519064, 20.795334, 450.0], [17.564877, 21.306782, 467.0], [17.56406, 21.815208, 483.0], [17.23592, 22.653847, 517.0], [16.90868, 22.791021, 533.0], [16.58261, 22.8838, 550.0], [16.161724, 22.88292, 566.0], [15.597597, 22.88292, 583.0], [14.897886, 22.88292, 599.0], [14.108449, 22.88292, 616.0], [13.221371, 22.88292, 632.0], [12.291955, 22.88292, 649.0], [11.449941, 22.88292, 665.0], [10.70643, 22.788546, 682.0], [10.100803, 22.553102, 699.0]"}