{"Image number":38853,"Image shape":6,"Path":"[15.467554, 5.3067513, 0.0], [14.766511, 6.008108, 54.0], [13.540965, 7.187414, 70.0], [11.856257, 8.732056, 87.0], [10.12644, 10.465064, 103.0], [8.875871, 12.286014, 120.0], [7.8058763, 14.202368, 136.0], [7.3546896, 15.771581, 153.0], [7.316347, 18.323416, 186.0], [7.737298, 19.39534, 202.0], [8.254879, 20.09742, 219.0], [8.89894, 20.645483, 235.0], [9.650641, 21.021435, 252.0], [10.814395, 21.299181, 269.0], [12.266378, 21.43897, 285.0], [16.17867, 20.875925, 318.0], [18.080622, 20.270842, 335.0], [20.695679, 18.866999, 368.0], [21.994434, 17.187506, 401.0], [22.176373, 15.746747, 434.0], [21.989086, 15.047078, 451.0], [21.424995, 14.438043, 467.0], [20.53918, 13.927854, 484.0], [19.369501, 13.555, 500.0], [18.025074, 13.324745, 517.0], [16.524519, 13.325586, 533.0], [14.988848, 13.513626, 550.0], [13.457334, 13.933543, 566.0], [11.966785, 14.399934, 583.0], [10.793953, 15.058807, 599.0], [9.73032, 15.5666485, 616.0], [8.934139, 16.272388, 633.0], [7.7619233, 17.002705, 649.0], [7.042077, 17.551102, 666.0]"}