{"Image number":38508,"Image shape":5,"Path":"[16.725456, 5.4466147, 0.0], [16.157982, 5.870793, 53.0], [15.176674, 6.337823, 70.0], [13.685966, 6.8021307, 86.0], [12.185463, 7.224088, 103.0], [10.84418, 7.453233, 119.0], [9.824781, 7.6388097, 136.0], [9.268409, 7.6378083, 152.0], [8.990196, 7.6378083, 169.0], [9.225362, 7.9187627, 218.0], [9.553463, 8.387625, 235.0], [10.205447, 9.83461, 268.0], [10.715156, 11.73907, 301.0], [10.901287, 12.6701765, 318.0], [11.041901, 13.37373, 334.0], [11.229067, 13.792914, 367.0], [11.416594, 13.838991, 384.0], [12.207719, 13.558135, 417.0], [12.8614235, 13.324567, 434.0], [13.607506, 13.138223, 450.0], [14.445829, 13.0455, 467.0], [15.9869995, 13.092891, 500.0], [16.72665, 13.325959, 516.0], [17.571402, 13.654793, 533.0], [18.356895, 14.211969, 549.0], [19.107325, 14.728231, 566.0], [20.318914, 16.318777, 599.0], [20.83032, 17.156755, 616.0], [21.154182, 17.947807, 632.0], [21.338568, 18.690208, 649.0], [21.33777, 19.435707, 665.0], [21.243681, 20.139114, 682.0], [21.009466, 20.79108, 698.0], [20.493475, 21.444916, 715.0], [19.742126, 22.147879, 731.0], [18.76508, 22.655212, 748.0], [17.74479, 23.024832, 764.0], [16.469225, 23.212723, 781.0], [15.220375, 23.20927, 798.0], [13.78124, 22.88086, 814.0], [12.55912, 22.31427, 831.0], [11.442881, 21.37602, 847.0], [10.803158, 20.35674, 864.0]"}