{"Image number":37746,"Image shape":3,"Path":"[6.336107, 6.3324165, 0.0], [6.804143, 6.192076, 70.0], [8.256193, 6.004964, 103.0], [9.178966, 5.9594007, 119.0], [10.214835, 5.9122887, 136.0], [11.379964, 5.912827, 152.0], [12.491065, 5.9596643, 169.0], [13.609267, 6.05313, 185.0], [14.492862, 6.3335786, 202.0], [15.284519, 6.660133, 219.0], [15.749744, 7.221409, 235.0], [16.0747, 7.873892, 252.0], [16.0259, 8.628428, 268.0], [15.697712, 9.369166, 285.0], [15.091532, 10.15968, 301.0], [14.248319, 11.002458, 318.0], [13.224049, 11.886583, 334.0], [12.189712, 12.685735, 351.0], [11.314894, 13.2832365, 367.0], [10.754602, 13.562426, 384.0], [10.433587, 13.652608, 400.0], [11.135438, 13.558591, 500.0], [11.927014, 13.41879, 516.0], [13.7488985, 13.185182, 549.0], [15.531548, 13.233214, 582.0], [16.404337, 13.372998, 599.0], [17.334007, 13.606038, 616.0], [18.170185, 13.885198, 632.0], [19.062986, 14.261413, 649.0], [19.755709, 14.725531, 665.0], [20.361074, 15.191723, 682.0], [20.78273, 15.70819, 698.0], [21.109907, 16.176743, 715.0], [21.338879, 16.684752, 731.0], [21.525414, 17.292568, 748.0], [21.570911, 17.850182, 764.0], [21.617775, 18.412945, 781.0], [21.476692, 18.923222, 798.0], [21.337435, 19.434183, 814.0], [21.149546, 19.998014, 831.0], [20.96447, 20.553625, 847.0], [20.730873, 21.161163, 864.0], [20.35477, 21.677141, 880.0], [19.887901, 22.18978, 897.0], [19.236835, 22.840729, 913.0], [18.443394, 23.30596, 930.0], [17.562088, 23.676313, 946.0], [16.579063, 23.769356, 963.0], [15.641271, 23.815975, 980.0], [14.766805, 23.815344, 996.0], [13.919508, 23.720922, 1013.0], [13.135802, 23.581831, 1029.0], [12.4822645, 23.394726, 1046.0], [11.831983, 23.208805, 1062.0], [11.273209, 22.928875, 1079.0], [10.106679, 22.228292, 1112.0], [9.54303, 21.89937, 1128.0], [8.426204, 21.200478, 1162.0], [7.9166756, 20.829077, 1178.0], [7.4496384, 20.360771, 1195.0], [6.985518, 19.89633, 1211.0], [6.660281, 19.52397, 1228.0], [6.520474, 19.147923, 1244.0], [6.475297, 18.728449, 1261.0], [6.429198, 18.313269, 1277.0]"}