{"Image number":10219,"Image shape":9,"Path":"[19.211111, 11.277779, 0.0], [18.649712, 11.0292015, 34.0], [18.266918, 10.683586, 50.0], [17.838278, 10.390589, 67.0], [17.305557, 10.130556, 84.0], [16.303211, 9.850101, 100.0], [15.440603, 9.686087, 117.0], [14.710377, 9.731852, 133.0], [13.909874, 9.984491, 150.0], [12.924665, 10.5802965, 167.0], [11.845563, 11.43824, 183.0], [10.914154, 12.25287, 200.0], [10.305555, 12.988889, 217.0], [10.193387, 13.513094, 234.0], [10.240768, 14.104012, 250.0], [10.6831875, 14.525945, 267.0], [11.475925, 14.973951, 284.0], [12.516417, 15.137094, 300.0], [13.614011, 15.1369, 317.0], [14.686474, 14.988686, 334.0], [15.5762615, 14.654484, 351.0], [16.345411, 14.211682, 367.0], [17.052444, 13.611397, 384.0], [17.665112, 12.837978, 401.0], [18.128593, 12.04361, 417.0], [18.507816, 11.449623, 434.0], [18.757565, 11.095985, 451.0], [19.027397, 10.702754, 467.0], [19.267284, 10.381173, 484.0], [19.434343, 10.163467, 501.0], [19.588438, 10.006008, 534.0], [19.451107, 10.4196415, 601.0], [19.191666, 10.986111, 618.0], [18.639214, 12.032683, 634.0], [18.213943, 13.090146, 651.0], [17.806973, 14.111235, 668.0], [17.46196, 15.125229, 684.0], [17.100304, 16.029797, 702.0], [16.819271, 16.714859, 718.0], [16.59157, 17.282188, 734.0], [16.355211, 17.728468, 751.0], [16.10676, 18.150295, 768.0], [15.728413, 18.904285, 785.0], [15.549078, 19.386099, 801.0], [15.377797, 20.038813, 818.0], [15.283334, 20.708332, 835.0], [15.05468, 21.256622, 851.0], [14.954835, 21.74805, 868.0], [14.846236, 22.203945, 885.0], [14.737273, 22.600098, 901.0], [14.6280365, 22.982424, 918.0], [14.4521265, 23.362411, 935.0], [14.2885, 23.689667, 951.0], [14.210182, 24.016693, 968.0], [14.160126, 24.282711, 985.0], [14.155556, 24.451641, 1002.0], [14.104468, 24.61552, 1018.0]"}