{"Image number":39341,"Image shape":4,"Path":"[12.672214, 6.1925535, 0.0], [12.251572, 6.8945484, 52.0], [11.599421, 8.714007, 85.0], [11.271497, 9.557112, 102.0], [10.899546, 10.534319, 118.0], [10.617696, 11.665637, 135.0], [10.435268, 12.6298, 151.0], [10.389002, 13.471737, 168.0], [10.436306, 14.401167, 201.0], [10.576526, 14.773026, 218.0], [10.762521, 15.238199, 234.0], [11.276576, 16.125908, 267.0], [11.559017, 16.502415, 284.0], [11.83704, 16.920563, 301.0], [12.209825, 17.197771, 317.0], [12.6779995, 17.478344, 334.0], [13.32953, 17.568838, 350.0], [14.0741205, 17.661882, 367.0], [14.822714, 17.567186, 383.0], [15.519138, 17.427248, 400.0], [16.21397, 17.288185, 416.0], [16.820805, 17.101229, 433.0], [17.518616, 16.775015, 449.0], [18.172411, 16.447855, 466.0], [18.78372, 16.165623, 482.0], [19.38107, 16.029604, 499.0], [20.267986, 15.796066, 532.0], [19.6096, 15.796844, 648.0], [18.957647, 16.03107, 664.0], [18.16476, 16.358004, 681.0], [17.560867, 16.824629, 698.0], [16.904152, 17.34103, 714.0], [16.35129, 17.708946, 731.0], [15.834842, 17.99066, 747.0], [15.513958, 18.127644, 764.0], [15.280033, 18.079779, 797.0], [15.470038, 17.655756, 813.0], [17.10395, 15.181756, 846.0], [18.22583, 13.450753, 863.0], [20.170746, 9.926972, 896.0], [20.9717, 8.417852, 913.0], [21.432138, 7.35534, 929.0], [21.759264, 6.8417993, 946.0], [21.52279, 7.0801344, 995.0], [21.103037, 7.921117, 1012.0], [20.637974, 9.132184, 1028.0], [19.93504, 10.867158, 1045.0], [19.051092, 12.868015, 1061.0], [17.932146, 15.200074, 1080.0], [16.771017, 17.476889, 1095.0], [15.504503, 19.588898, 1111.0], [14.334986, 21.507973, 1128.0], [13.360121, 23.275679, 1144.0], [12.537627, 24.92388, 1161.0], [12.040302, 25.821196, 1177.0]"}