{"Image number":35828,"Image shape":6,"Path":"[17.144758, 3.7682533, 0.0], [16.958403, 4.001359, 37.0], [16.254074, 4.894124, 53.0], [15.085851, 6.4845147, 70.0], [13.868352, 8.738128, 86.0], [12.944974, 11.198973, 103.0], [12.528859, 13.814124, 119.0], [12.295465, 16.258093, 136.0], [12.487755, 18.194126, 152.0], [12.770105, 19.691217, 169.0], [13.471312, 20.560844, 186.0], [14.264542, 20.928743, 202.0], [15.332684, 20.971668, 219.0], [16.263554, 20.59689, 235.0], [17.290726, 19.754223, 252.0], [17.892372, 18.449192, 268.0], [18.312263, 16.952145, 285.0], [18.309483, 15.512129, 301.0], [17.134611, 13.642458, 334.0], [16.061798, 13.651936, 351.0], [14.856403, 14.260758, 368.0], [13.735174, 15.338529, 384.0], [12.799868, 16.699884, 401.0], [12.322583, 18.102537, 417.0], [12.1017275, 19.012444, 434.0]"}