{"Image number":35063,"Image shape":0,"Path":"[18.91514, 5.1668878, 0.0], [17.879494, 5.639116, 69.0], [16.6731, 6.288904, 85.0], [15.13077, 7.4594064, 102.0], [13.590729, 8.626907, 119.0], [12.245011, 10.0236635, 135.0], [11.079863, 11.424115, 152.0], [10.19432, 12.826462, 168.0], [9.5457535, 14.222099, 185.0], [9.22242, 15.572542, 201.0], [9.1308, 16.924793, 218.0], [9.131447, 18.13785, 234.0], [9.272627, 19.210688, 251.0], [9.647534, 20.188374, 267.0], [10.255467, 20.885006, 284.0], [10.954171, 21.395266, 301.0], [11.840833, 21.673054, 317.0], [12.733314, 21.812927, 334.0], [13.750571, 21.62291, 350.0], [14.733011, 21.199894, 367.0], [15.85594, 20.306341, 383.0], [16.915138, 19.102846, 400.0], [17.89766, 17.697287, 416.0], [18.738192, 16.199364, 433.0], [19.385254, 14.808408, 449.0], [19.94048, 13.324573, 466.0], [20.316498, 11.913115, 483.0], [20.500551, 10.65884, 499.0], [20.545977, 9.403485, 516.0], [20.498444, 8.083702, 532.0], [20.359388, 6.9850235, 549.0], [19.939032, 6.143796, 565.0], [19.33221, 5.7247953, 582.0], [18.493015, 5.4924507, 599.0], [17.562914, 5.493235, 615.0], [16.828083, 5.493235, 631.0]"}