{"Image number":30829,"Image shape":1,"Path":"[16.504856, 6.8679714, 0.0], [16.351126, 7.1724014, 131.0], [16.28798, 7.363558, 149.0], [16.220594, 7.668393, 167.0], [16.116686, 8.0328245, 185.0], [15.986504, 8.489005, 202.0], [15.804728, 9.308235, 220.0], [15.647935, 9.83271, 238.0], [15.45125, 10.552193, 256.0], [15.256668, 11.266097, 273.0], [15.096985, 11.994443, 291.0], [14.969786, 12.497653, 309.0], [14.838987, 12.974058, 327.0], [14.746666, 13.389214, 345.0], [14.686936, 13.8500595, 362.0], [14.563721, 14.307234, 380.0], [14.432622, 14.844076, 398.0], [14.302359, 15.411296, 416.0], [14.174759, 15.980301, 433.0], [14.040443, 16.489546, 451.0], [13.945555, 16.944523, 469.0], [13.857886, 17.40089, 487.0], [13.726464, 17.910564, 504.0], [13.596664, 18.354578, 522.0], [13.447941, 18.781017, 540.0], [13.243464, 19.326618, 558.0], [13.090018, 19.76196, 575.0], [12.932625, 20.143267, 593.0], [12.736743, 20.600605, 611.0], [12.579208, 21.020218, 629.0], [12.450693, 21.47417, 646.0], [12.31871, 21.773579, 664.0], [12.188289, 22.070492, 682.0], [12.086561, 22.34584, 700.0], [12.038835, 22.654419, 735.0]"}