{"Image number":36542,"Image shape":3,"Path":"[15.23461, 5.353372, 0.0], [15.467554, 5.353372, 52.0], [16.03336, 5.353372, 69.0], [16.68679, 5.4477463, 85.0], [17.384338, 5.7760596, 102.0], [17.848436, 6.2440195, 118.0], [18.17417, 6.9007792, 135.0], [18.265175, 7.5605345, 151.0], [18.168875, 8.579498, 168.0], [17.744862, 9.562244, 184.0], [17.096619, 10.530645, 201.0], [16.205988, 11.421114, 217.0], [15.129555, 12.262601, 234.0], [14.00719, 12.915398, 251.0], [13.03413, 13.283079, 267.0], [12.293791, 13.372921, 284.0], [11.831809, 13.2786045, 300.0], [11.928495, 12.857667, 333.0], [12.443084, 12.577565, 350.0], [14.267113, 12.346543, 383.0], [15.424258, 12.346543, 399.0], [17.526499, 12.815111, 432.0], [19.059511, 13.748249, 466.0], [19.383522, 14.40286, 482.0], [19.473555, 15.989201, 515.0], [19.19258, 16.922403, 532.0], [18.726675, 17.898895, 548.0], [17.976204, 18.882902, 565.0], [17.04858, 19.902468, 581.0], [15.974144, 20.696083, 598.0], [14.901464, 21.395624, 615.0], [13.778718, 21.862106, 631.0], [12.611312, 22.140419, 648.0], [11.40926, 22.23061, 664.0], [10.241709, 22.136353, 681.0], [9.078572, 21.855745, 697.0], [8.142301, 21.338491, 714.0], [7.4470053, 20.684969, 730.0], [6.9788775, 19.883047, 747.0]"}