{"Image number":15222,"Image shape":9,"Path":"[15.339844, 15.004629, 0.0], [14.792969, 14.810185, 110.0], [14.130906, 14.810185, 127.0], [13.5807495, 14.810185, 144.0], [12.9741125, 14.785801, 160.0], [12.339572, 14.719852, 176.0], [11.79452, 14.522219, 192.0], [11.336931, 14.219703, 209.0], [10.876454, 13.795167, 226.0], [10.5335455, 13.280021, 243.0], [10.315155, 12.640183, 260.0], [10.253906, 12.064697, 277.0], [10.283475, 11.444152, 293.0], [10.474472, 10.839644, 310.0], [10.809774, 10.224754, 327.0], [11.228844, 9.684795, 344.0], [11.700575, 9.155901, 359.0], [12.157346, 8.743238, 376.0], [12.600553, 8.3764305, 392.0], [13.022517, 8.0757675, 409.0], [13.427291, 7.941747, 426.0], [13.975496, 7.84066, 442.0], [14.612502, 7.8101854, 459.0], [15.281037, 7.975662, 477.0], [15.893388, 8.158501, 493.0], [16.354073, 8.362598, 509.0], [16.680069, 8.52018, 526.0], [16.889406, 8.679833, 542.0], [17.065739, 8.982613, 559.0], [17.205158, 9.440754, 577.0], [17.226562, 10.055378, 593.0], [17.15914, 10.828735, 609.0], [16.988039, 11.767635, 626.0], [16.779701, 12.558747, 642.0], [16.537611, 13.495386, 659.0], [16.272434, 14.336765, 676.0], [16.032612, 15.189163, 692.0], [15.757517, 16.14457, 709.0], [15.554762, 17.011309, 726.0], [15.377005, 17.917553, 743.0], [15.213228, 18.65117, 759.0], [15.039268, 19.524488, 776.0], [14.926154, 20.395828, 792.0], [14.781224, 21.154097, 809.0], [14.640846, 21.857426, 827.0], [14.521316, 22.601177, 843.0], [14.4521265, 23.232342, 860.0], [14.396484, 23.997684, 877.0], [14.3828125, 24.766779, 892.0], [14.530611, 25.398188, 909.0]"}