{"Image number":30419,"Image shape":9,"Path":"[18.252426, 11.025836, 0.0], [18.066307, 10.6922245, 104.0], [17.85286, 10.548307, 122.0], [17.628246, 10.275691, 140.0], [17.424677, 9.969231, 158.0], [17.188145, 9.717255, 175.0], [16.993988, 9.502328, 193.0], [16.856228, 9.299424, 211.0], [16.56473, 8.858938, 229.0], [16.233698, 8.500721, 246.0], [15.844662, 8.053157, 264.0], [15.3328705, 7.6846952, 282.0], [14.976089, 7.431709, 300.0], [14.568748, 7.2700787, 317.0], [14.014972, 6.9777584, 335.0], [13.54712, 6.8761153, 353.0], [13.044109, 6.8679714, 371.0], [12.637394, 6.8679714, 388.0], [12.35756, 6.943676, 406.0], [11.994512, 7.072233, 424.0], [11.6182, 7.253281, 442.0], [11.189085, 7.5256786, 460.0], [10.696031, 7.849904, 477.0], [10.288503, 8.283053, 495.0], [10.01461, 8.701057, 513.0], [9.756511, 9.247364, 531.0], [9.548923, 9.834657, 548.0], [9.438005, 10.283628, 566.0], [9.359222, 10.729602, 584.0], [9.305636, 11.114406, 602.0], [9.320389, 11.636809, 619.0], [9.350303, 12.197893, 637.0], [9.415365, 12.774889, 655.0], [9.734639, 13.282238, 673.0], [10.091811, 13.701794, 690.0], [10.42465, 14.150397, 708.0], [10.666476, 14.393385, 726.0], [11.05616, 14.724587, 744.0], [11.6893215, 14.989407, 761.0], [12.264358, 15.121588, 779.0], [13.024675, 15.222555, 797.0], [13.872177, 15.222555, 815.0], [14.541049, 15.077631, 832.0], [15.11977, 14.995156, 850.0], [15.7689495, 14.817644, 868.0], [16.516563, 14.508508, 886.0], [17.07283, 14.218705, 903.0], [17.505526, 13.84715, 921.0], [17.845757, 13.441519, 939.0], [18.094055, 13.012932, 957.0], [18.32852, 12.661049, 974.0], [18.524996, 12.215809, 992.0], [18.642422, 11.915471, 1010.0], [18.745523, 11.616914, 1028.0], [18.810787, 11.355707, 1046.0], [18.834951, 11.123268, 1081.0], [18.803194, 11.379011, 1188.0], [18.738617, 11.817166, 1206.0], [18.718445, 12.360054, 1223.0], [18.613668, 13.209225, 1241.0], [18.542526, 14.189652, 1259.0], [18.429924, 15.153429, 1276.0], [18.372972, 16.063732, 1294.0], [18.307932, 16.965328, 1312.0], [18.291262, 17.845108, 1330.0], [18.291262, 18.786533, 1348.0], [18.3537, 19.81242, 1365.0], [18.46894, 20.691456, 1383.0], [18.522636, 21.383066, 1401.0], [18.626818, 21.949924, 1419.0], [18.69182, 22.470245, 1436.0], [18.796133, 23.033192, 1454.0], [18.89994, 23.618378, 1472.0], [19.070223, 24.205662, 1490.0], [19.106796, 24.39317, 1499.0]"}