{"Image number":39257,"Image shape":7,"Path":"[8.99168, 12.62627, 0.0], [9.368063, 12.343483, 53.0], [9.789054, 11.685503, 70.0], [10.205904, 10.754956, 87.0], [10.671143, 9.730789, 103.0], [10.995568, 8.988542, 120.0], [11.228861, 8.568596, 136.0], [11.507975, 8.476988, 186.0], [11.787404, 8.523686, 235.0], [12.488921, 8.523609, 252.0], [13.327953, 8.617241, 269.0], [14.453083, 8.66391, 285.0], [15.528629, 8.663473, 302.0], [16.639696, 8.616543, 318.0], [17.662212, 8.570004, 335.0], [18.960657, 8.290684, 368.0], [19.286896, 8.197535, 384.0], [19.475485, 8.150322, 401.0], [19.287853, 8.383746, 434.0], [18.356073, 9.875624, 467.0], [17.703644, 11.228016, 484.0], [16.952633, 12.965967, 500.0], [16.206245, 15.022473, 517.0], [15.5068, 17.029718, 533.0], [14.950614, 18.982367, 550.0], [14.436241, 20.713116, 566.0], [13.7878, 23.359762, 599.0], [13.6039505, 24.188505, 616.0], [13.367932, 24.660759, 633.0], [12.880668, 24.899883, 649.0], [12.512773, 24.93671, 666.0]"}