{"Image number":30737,"Image shape":1,"Path":"[21.24272, 5.3913484, 0.0], [20.934383, 5.750902, 123.0], [20.661398, 6.0504966, 141.0], [20.270994, 6.5062876, 159.0], [19.879112, 6.9637566, 176.0], [19.366081, 7.6226234, 194.0], [18.99112, 8.149061, 212.0], [18.586922, 8.918677, 230.0], [18.000269, 9.735781, 247.0], [17.473717, 10.523693, 265.0], [17.01019, 11.247129, 283.0], [16.673954, 12.013645, 301.0], [16.412415, 12.686171, 318.0], [16.158789, 13.406142, 336.0], [15.858963, 14.079314, 354.0], [15.566725, 14.619562, 372.0], [15.300971, 15.203125, 390.0], [14.952261, 15.7497425, 407.0], [14.665217, 16.164673, 425.0], [14.3181095, 16.676315, 443.0], [13.928839, 17.243147, 460.0], [13.536402, 17.8757, 478.0], [13.191892, 18.34924, 496.0], [12.926491, 18.69762, 514.0], [12.628901, 19.062004, 531.0], [12.341333, 19.477367, 549.0], [11.964034, 19.985376, 567.0], [11.650175, 20.585592, 585.0], [11.416736, 21.013958, 603.0], [11.274794, 21.349972, 620.0], [11.142797, 21.641304, 638.0], [11.0399475, 21.824057, 656.0], [10.990291, 22.022799, 682.0], [19.417475, 6.401669, 0.0], [19.359224, 6.2268057, 116.0], [19.200338, 6.323953, 169.0], [18.957392, 6.588043, 205.0], [18.80662, 6.8245506, 223.0], [18.44683, 7.2692432, 240.0], [18.063189, 7.679063, 258.0], [17.540796, 8.331237, 276.0], [17.0851, 8.865371, 294.0], [16.809761, 9.245563, 311.0], [16.605324, 9.60875, 330.0], [16.421059, 9.93506, 347.0], [16.302694, 10.342363, 365.0], [16.064548, 10.831861, 382.0], [15.660265, 11.571342, 400.0], [15.275563, 12.397872, 418.0], [14.892819, 13.066551, 435.0], [14.602464, 13.686468, 453.0], [14.344791, 14.137932, 471.0], [14.083832, 14.633746, 489.0], [13.883494, 15.203125, 507.0], [13.47554, 15.798002, 524.0], [13.038046, 16.41877, 542.0], [12.612218, 17.123962, 560.0], [12.213153, 17.856031, 577.0], [11.85914, 18.532513, 595.0], [11.595905, 19.233389, 613.0], [11.334485, 19.968222, 631.0], [11.071591, 20.615723, 649.0], [10.914991, 21.085455, 666.0], [10.77203, 21.422459, 684.0], [10.681239, 21.666561, 702.0], [10.614258, 21.856928, 720.0], [10.4832735, 22.143703, 755.0], [10.390552, 22.312038, 773.0], [10.314644, 22.496628, 791.0], [10.168182, 22.728832, 808.0], [10.135922, 22.916546, 820.0]"}