{"Image number":30845,"Image shape":9,"Path":"[18.834951, 9.743504, 0.0], [18.684666, 9.5154085, 110.0], [18.553902, 9.29764, 145.0], [18.413986, 9.127989, 163.0], [18.198942, 8.974768, 181.0], [17.936184, 8.77758, 198.0], [17.67622, 8.621346, 216.0], [17.414503, 8.488827, 234.0], [17.103153, 8.358681, 252.0], [16.93239, 8.228138, 269.0], [16.774267, 8.162444, 287.0], [16.523561, 8.096696, 305.0], [16.306154, 7.9933586, 323.0], [15.921141, 7.9948683, 340.0], [15.728155, 7.9948683, 358.0], [14.069202, 8.613865, 412.0], [13.626739, 9.036044, 429.0], [13.169593, 9.362773, 447.0], [12.778172, 9.742029, 465.0], [12.428816, 10.145348, 483.0], [12.172766, 10.567878, 500.0], [11.995049, 10.946026, 518.0], [11.864507, 11.403203, 536.0], [11.735613, 11.8546095, 554.0], [11.704876, 12.339086, 571.0], [11.689321, 12.714941, 589.0], [11.765666, 13.159076, 607.0], [11.921535, 13.472329, 625.0], [12.169739, 13.760338, 642.0], [12.509495, 14.020728, 660.0], [12.872769, 14.176651, 678.0], [13.253593, 14.265859, 696.0], [13.973124, 14.087096, 714.0], [14.5935135, 13.803365, 731.0], [15.126425, 13.466505, 749.0], [15.480897, 12.978918, 767.0], [15.872314, 12.344378, 784.0], [16.266115, 11.753322, 802.0], [16.611456, 11.12916, 820.0], [16.94466, 10.631176, 838.0], [17.146439, 10.264058, 856.0], [17.257927, 10.078013, 873.0], [17.417479, 9.762932, 909.0], [17.603432, 9.615722, 980.0], [17.708738, 9.8508, 1086.0], [17.708738, 10.062073, 1104.0], [17.708738, 10.382898, 1122.0], [17.65224, 10.838666, 1140.0], [17.501743, 11.33205, 1157.0], [17.375816, 11.922585, 1175.0], [17.18856, 12.5096, 1193.0], [16.946964, 13.100307, 1211.0], [16.828224, 13.6562805, 1228.0], [16.677616, 14.1787, 1246.0], [16.527847, 14.656297, 1264.0], [16.431501, 15.188002, 1282.0], [16.344559, 15.609071, 1300.0], [16.213003, 16.118664, 1317.0], [15.975569, 16.712097, 1335.0], [15.612091, 17.514328, 1353.0], [15.188108, 18.311604, 1371.0], [14.7638645, 19.094141, 1388.0], [14.472047, 19.724785, 1406.0], [14.19559, 20.363266, 1424.0], [14.057738, 20.936302, 1442.0], [13.95399, 21.458496, 1459.0], [13.888933, 21.97927, 1477.0], [13.784286, 22.469357, 1495.0], [13.651946, 23.016827, 1513.0], [13.521194, 23.605576, 1531.0], [13.433323, 24.149736, 1548.0], [13.329339, 24.602493, 1566.0], [13.207796, 24.946827, 1584.0], [13.04253, 25.42756, 1601.0]"}