{"Image number":310,"Image shape":1,"Path":"[15.474642, 5.313064, 0.0], [15.638989, 5.5877295, 58.0], [15.712811, 5.865396, 69.0], [15.7665, 6.191211, 84.0], [15.857079, 6.5975127, 98.0], [15.892916, 7.0568237, 112.0], [15.911574, 7.510302, 125.0], [15.946992, 8.032855, 139.0], [15.947984, 8.531344, 154.0], [15.947984, 9.022633, 168.0], [15.886285, 9.561401, 182.0], [15.841302, 10.056386, 197.0], [15.753885, 10.466465, 211.0], [15.685776, 10.973342, 228.0], [15.597141, 11.491384, 243.0], [15.488644, 11.999914, 257.0], [15.393019, 12.500343, 265.0], [15.25259, 13.049036, 279.0], [15.175492, 13.511093, 292.0], [15.054343, 14.024402, 306.0], [14.919549, 14.563753, 320.0], [14.832387, 15.10476, 334.0], [14.706121, 15.6804905, 349.0], [14.61579, 16.251568, 366.0], [14.526421, 16.832653, 381.0], [14.409159, 17.46657, 395.0], [14.344305, 18.089645, 406.0], [14.253729, 18.70646, 419.0], [14.163485, 19.301771, 432.0], [14.073228, 19.888632, 447.0], [14.000612, 20.42117, 461.0], [13.95541, 20.937368, 475.0], [13.875134, 21.43419, 489.0], [13.872561, 21.886822, 503.0]"}