{"Image number":10514,"Image shape":2,"Path":"[9.0222225, 4.9, 0.0], [9.766515, 4.876397, 22.0], [10.919837, 4.8611107, 39.0], [12.154777, 4.9592705, 56.0], [13.219527, 5.2070265, 73.0], [14.584976, 5.6124706, 89.0], [15.839393, 6.163021, 106.0], [16.70134, 6.8031726, 123.0], [17.40606, 7.4893913, 139.0], [17.849314, 8.382251, 156.0], [17.962769, 9.228172, 173.0], [17.966667, 10.33941, 189.0], [17.584267, 11.6860895, 206.0], [17.051197, 13.162322, 223.0], [16.339298, 14.684161, 240.0], [15.545828, 16.236122, 256.0], [14.714155, 17.899467, 273.0], [14.097221, 19.191666, 290.0], [13.622038, 20.32479, 306.0], [13.133481, 21.381788, 323.0], [12.822498, 22.148172, 340.0], [12.591507, 22.732342, 356.0], [12.452135, 23.217102, 390.0], [12.397172, 23.491915, 407.0], [12.405556, 23.749647, 440.0], [12.980504, 23.6172, 474.0], [13.737934, 23.21125, 490.0], [14.7663555, 22.670044, 507.0], [16.01598, 22.257036, 523.0], [17.095505, 22.00605, 540.0], [18.220558, 21.896276, 557.0], [18.980942, 21.894445, 574.0], [19.578985, 21.894445, 590.0], [19.963259, 21.91856, 607.0], [20.185623, 21.933334, 624.0], [20.365948, 21.906275, 657.0]"}