{"Image number":36923,"Image shape":4,"Path":"[16.911814, 9.456033, 0.0], [16.343332, 9.646284, 52.0], [15.740023, 9.878343, 69.0], [15.131611, 10.207261, 85.0], [14.844452, 10.449623, 102.0], [9.410981, 9.456033, 0.0], [9.036038, 10.066198, 53.0], [8.520767, 11.003667, 69.0], [8.055407, 12.312515, 86.0], [7.63481, 13.481541, 102.0], [7.4524794, 14.54788, 119.0], [7.407466, 15.333498, 135.0], [7.5478387, 15.797903, 152.0], [8.015901, 16.030909, 168.0], [8.863701, 16.124166, 185.0], [9.936586, 15.98128, 202.0], [11.198635, 15.652164, 218.0], [12.409743, 14.852921, 235.0], [13.617763, 13.873912, 251.0], [14.74056, 12.7003, 268.0], [15.812418, 11.438726, 284.0], [16.730444, 10.195234, 301.0], [17.428783, 9.122792, 317.0], [17.891727, 8.521599, 334.0], [17.37624, 9.131441, 384.0], [15.503214, 12.322343, 417.0], [14.52525, 14.750298, 433.0], [13.779865, 17.277172, 450.0], [13.22584, 19.501352, 466.0], [12.900616, 21.275856, 483.0], [12.708669, 22.62755, 499.0], [12.669703, 23.24444, 516.0]"}