{"Image number":35350,"Image shape":5,"Path":"[24.039932, 7.9175353, 0.0], [23.385052, 8.104628, 53.0], [22.311188, 8.3382015, 70.0], [20.724243, 8.571388, 86.0], [19.002703, 8.804095, 103.0], [17.26726, 8.991691, 119.0], [15.741023, 8.989822, 136.0], [14.38052, 8.942666, 152.0], [13.317527, 8.9432, 169.0], [12.435024, 8.896356, 186.0], [11.82518, 9.038389, 202.0], [11.459177, 9.364297, 219.0], [11.272464, 10.069906, 237.0], [10.993227, 11.047387, 252.0], [10.61985, 12.167398, 268.0], [10.106436, 13.380203, 285.0], [9.689142, 14.541553, 301.0], [9.268581, 15.6636715, 318.0], [8.756726, 17.200771, 351.0], [8.664942, 17.52365, 367.0], [9.227176, 17.568111, 401.0], [10.025312, 17.52098, 417.0], [11.101098, 17.52149, 434.0], [12.207178, 17.614803, 450.0], [13.281019, 17.895283, 467.0], [14.1686535, 18.504362, 483.0], [14.909924, 19.2012, 500.0], [15.3290825, 20.041622, 516.0], [15.514501, 20.7864, 533.0], [15.374319, 21.437933, 549.0], [14.9070635, 21.95206, 566.0], [14.068142, 22.417675, 583.0], [12.804188, 22.838896, 599.0], [9.967107, 23.489586, 632.0], [8.758736, 23.67548, 660.0]"}