{"Image number":37360,"Image shape":2,"Path":"[7.826955, 4.700677, 0.0], [8.155881, 4.5598793, 53.0], [8.768848, 4.4186134, 69.0], [9.563106, 4.3262525, 86.0], [10.159168, 4.280874, 103.0], [10.76515, 4.3279448, 119.0], [11.232676, 4.4218946, 136.0], [11.696956, 4.561748, 152.0], [12.023829, 4.796679, 169.0], [12.349451, 5.029427, 185.0], [12.627952, 5.4501095, 202.0], [12.909257, 6.0142736, 218.0], [13.139613, 6.7568455, 235.0], [13.231741, 7.6890326, 251.0], [13.278335, 8.673221, 268.0], [13.27787, 10.583994, 301.0], [13.27787, 11.470432, 318.0], [13.27787, 12.489453, 334.0], [13.137265, 14.450361, 367.0], [12.950367, 15.289881, 384.0], [12.622536, 16.083736, 400.0], [12.390798, 16.640207, 417.0], [12.159152, 17.149803, 433.0], [11.926353, 17.568895, 450.0], [11.600856, 18.406782, 483.0], [11.508002, 18.639107, 500.0], [11.460898, 18.827448, 533.0], [11.694921, 18.826881, 566.0], [12.068636, 18.826881, 582.0], [12.62795, 18.780066, 599.0], [13.328186, 18.78026, 615.0], [14.259462, 18.686695, 632.0], [15.198608, 18.639868, 648.0], [16.35593, 18.593649, 665.0], [17.28844, 18.593775, 681.0], [19.25499, 18.688545, 715.0], [20.228052, 18.828083, 731.0], [20.969942, 19.061516, 748.0], [21.76331, 19.341915, 764.0], [22.51055, 19.763836, 781.0], [23.15963, 20.322952, 797.0]"}