{"Image number":37312,"Image shape":8,"Path":"[13.930115, 15.003948, 0.0], [13.316859, 14.579517, 69.0], [12.714662, 14.02108, 85.0], [12.011334, 13.364145, 102.0], [11.502029, 12.759679, 118.0], [10.941578, 12.152644, 135.0], [10.38489, 11.502154, 151.0], [9.966083, 10.895555, 168.0], [9.594061, 10.2898855, 184.0], [9.178057, 9.409478, 218.0], [9.131572, 8.944447, 234.0], [9.131447, 8.382906, 251.0], [9.272669, 7.771367, 267.0], [10.063978, 6.75133, 300.0], [10.625859, 6.470497, 317.0], [11.325602, 6.331522, 333.0], [12.162279, 6.238891, 350.0], [13.049799, 6.2391744, 366.0], [13.940292, 6.2863307, 383.0], [14.818316, 6.332575, 400.0], [15.617307, 6.7100883, 416.0], [16.449402, 7.0799007, 433.0], [17.101412, 7.5000305, 449.0], [17.704271, 7.7778783, 466.0], [18.172478, 8.059056, 482.0], [18.589207, 8.290609, 499.0], [18.965446, 8.620106, 515.0], [19.196346, 8.898584, 532.0], [19.336227, 9.274311, 548.0], [19.381546, 9.693775, 565.0], [19.381031, 10.164056, 582.0], [19.287056, 10.672567, 598.0], [18.95705, 11.235661, 615.0], [18.447329, 11.789188, 631.0], [17.97655, 12.354722, 648.0], [17.368454, 12.772542, 664.0], [16.763348, 13.333621, 681.0], [16.109318, 13.846662, 698.0], [15.558609, 14.353199, 714.0], [14.994003, 14.729331, 730.0], [14.441554, 15.097885, 747.0], [13.555353, 15.6577835, 780.0], [13.132799, 15.987118, 797.0], [12.666051, 16.313658, 813.0], [12.344704, 16.637075, 830.0], [12.109749, 16.919493, 846.0], [11.87771, 17.198133, 863.0], [11.645713, 17.570578, 879.0], [11.414226, 17.987852, 896.0], [11.180581, 18.4087, 912.0], [10.991474, 18.739828, 929.0], [10.806265, 19.064167, 946.0], [10.620059, 19.390253, 962.0], [10.480738, 19.764086, 979.0], [10.387682, 20.138954, 995.0], [10.341914, 20.512032, 1012.0], [10.342762, 20.930843, 1028.0], [10.342762, 21.25356, 1045.0], [10.389735, 21.580223, 1061.0], [10.529142, 21.903936, 1078.0], [10.8124075, 22.23461, 1094.0], [11.236041, 22.515345, 1111.0], [11.745935, 22.698437, 1128.0], [12.408351, 22.8874, 1144.0], [13.1030855, 23.025099, 1161.0], [13.854185, 23.070482, 1177.0], [14.694462, 23.164755, 1194.0], [15.389983, 23.162647, 1210.0], [16.042377, 23.210394, 1227.0], [16.592398, 23.20927, 1243.0], [17.20253, 23.161789, 1260.0], [17.760174, 23.115213, 1276.0], [18.27357, 22.973248, 1293.0], [18.87701, 22.834345, 1310.0], [19.34113, 22.599846, 1326.0], [19.52318, 22.367107, 1343.0], [19.5208, 22.03891, 1359.0], [19.56813, 21.66482, 1376.0], [19.567387, 21.19964, 1392.0], [19.567387, 20.635765, 1409.0], [19.6144, 20.127596, 1425.0], [19.613977, 19.711285, 1442.0], [19.613977, 19.381672, 1458.0], [19.613977, 18.959496, 1475.0], [19.613977, 18.44672, 1492.0], [19.613977, 17.935465, 1508.0], [19.613977, 17.56434, 1525.0], [19.51966, 17.23778, 1541.0], [19.143366, 16.91128, 1558.0], [18.535767, 16.585476, 1574.0], [17.882648, 16.21179, 1591.0], [17.092232, 15.934275, 1607.0], [16.300333, 15.607624, 1624.0], [15.315475, 15.373983, 1640.0], [14.573568, 14.952376, 1657.0], [13.922106, 14.579778, 1674.0]"}