{"Image number":30204,"Image shape":9,"Path":"[20.699028, 10.676109, 0.0], [20.699028, 10.50854, 86.0], [20.699028, 10.286054, 122.0], [20.567547, 9.985541, 139.0], [20.329937, 9.616972, 157.0], [19.98611, 9.144415, 175.0], [19.524454, 8.52261, 193.0], [18.927502, 7.8387074, 210.0], [18.30024, 7.3077164, 228.0], [17.811737, 7.060095, 246.0], [17.244196, 6.8555126, 264.0], [16.235054, 6.8780603, 281.0], [15.2967005, 7.0084324, 299.0], [14.26133, 7.1388693, 317.0], [13.434799, 7.438594, 335.0], [12.831926, 7.7698755, 353.0], [12.383038, 8.018728, 370.0], [11.992502, 8.251202, 388.0], [11.56739, 8.558643, 406.0], [11.089634, 9.022365, 424.0], [10.476024, 9.588777, 441.0], [10.077201, 10.217066, 459.0], [9.777399, 10.689629, 477.0], [9.609778, 11.139253, 495.0], [9.479496, 11.708323, 512.0], [9.436893, 12.207755, 530.0], [9.436893, 12.767628, 548.0], [9.552741, 13.355373, 566.0], [9.801352, 13.943825, 583.0], [10.177305, 14.526924, 601.0], [10.531869, 14.96119, 619.0], [10.833735, 15.282749, 637.0], [11.39794, 15.55496, 654.0], [12.027123, 15.655428, 672.0], [13.090526, 15.591396, 690.0], [14.163729, 15.406776, 708.0], [15.108519, 15.077944, 726.0], [16.369871, 14.57872, 743.0], [17.580708, 13.89986, 761.0], [18.827583, 13.09025, 779.0], [19.586348, 12.4696665, 797.0], [20.058254, 11.958443, 814.0], [20.301764, 11.64901, 832.0], [20.494686, 11.36214, 850.0], [20.625109, 11.117353, 868.0], [20.737865, 10.803212, 903.0], [20.737244, 11.468508, 1027.0], [20.594332, 12.23728, 1045.0], [20.385159, 13.336582, 1063.0], [20.217247, 14.521177, 1081.0], [20.086634, 15.685842, 1098.0], [20.077671, 16.943209, 1116.0], [20.077671, 18.10973, 1134.0], [20.077671, 19.278545, 1152.0], [20.201223, 20.369436, 1170.0], [20.293219, 21.296219, 1187.0], [20.366562, 22.183882, 1205.0], [20.47074, 23.016794, 1223.0], [20.536135, 23.727123, 1241.0], [20.601858, 24.450544, 1258.0], [20.712908, 25.246712, 1276.0], [20.310682, 10.8704, 0.0], [20.162653, 10.706891, 95.0], [19.848396, 10.409084, 131.0], [19.614265, 10.226247, 149.0], [19.418398, 10.016436, 167.0], [19.222069, 9.741447, 184.0], [18.974152, 9.416487, 202.0], [18.70076, 9.036929, 220.0], [18.007874, 8.451065, 238.0], [17.583975, 8.157749, 255.0], [17.297598, 7.894347, 273.0], [16.835411, 7.7147303, 291.0], [16.16486, 7.5479546, 309.0], [15.30582, 7.6388965, 326.0], [14.251383, 7.732126, 344.0], [13.343078, 7.963969, 362.0], [12.725534, 8.282368, 380.0], [12.2220545, 8.486083, 397.0], [11.560498, 8.745884, 415.0], [10.737864, 9.00519, 433.0], [10.146608, 9.433992, 451.0], [9.63722, 9.931639, 468.0], [9.292347, 10.43561, 486.0], [9.013606, 10.845122, 504.0], [8.939894, 11.379054, 522.0], [8.932038, 12.053289, 540.0], [8.932038, 12.722546, 557.0], [9.120726, 13.64259, 575.0], [9.513981, 14.677372, 593.0], [10.034055, 15.5669365, 611.0], [10.443007, 16.263824, 628.0], [10.847326, 16.75042, 646.0], [11.521542, 17.217617, 664.0], [12.163635, 17.478842, 682.0], [13.130764, 17.569208, 699.0], [14.070019, 17.592926, 717.0], [14.701778, 17.472319, 735.0], [15.708455, 16.957642, 753.0], [16.652754, 16.30481, 770.0], [17.278435, 15.730837, 788.0], [17.82415, 15.154693, 806.0], [18.298136, 14.558669, 824.0], [18.746853, 14.062496, 842.0], [19.100931, 13.541012, 859.0], [19.487743, 13.017498, 877.0], [19.715254, 12.573622, 895.0], [19.94214, 12.184461, 913.0], [20.040522, 11.936478, 930.0], [20.228428, 11.652157, 966.0], [20.310682, 11.492136, 1019.0], [20.310682, 11.781002, 1090.0], [20.259377, 12.240062, 1108.0], [20.15634, 13.039978, 1126.0], [20.064877, 14.172011, 1143.0], [19.986752, 15.3445835, 1161.0], [20.0, 16.717106, 1179.0], [20.0, 17.88474, 1197.0], [20.054016, 19.124992, 1214.0], [20.1221, 20.285707, 1232.0], [20.173937, 21.249172, 1250.0], [20.305038, 22.288507, 1268.0], [20.353268, 23.198502, 1285.0], [20.388351, 23.88605, 1303.0], [20.388351, 24.472445, 1321.0], [20.349516, 24.665176, 1329.0]"}