{"Image number":15186,"Image shape":3,"Path":"[6.9726562, 8.733796, 0.0], [7.9355145, 8.076931, 97.0], [8.713307, 7.7177114, 113.0], [9.661134, 7.309799, 130.0], [10.543686, 6.9001083, 147.0], [11.403086, 6.555754, 164.0], [12.077187, 6.2949777, 180.0], [12.66731, 6.13439, 198.0], [13.160551, 6.060185, 213.0], [13.615425, 6.060185, 230.0], [14.048796, 6.1304846, 247.0], [14.423504, 6.250482, 265.0], [14.768553, 6.40133, 281.0], [15.1467285, 6.5052805, 297.0], [15.429212, 6.6558485, 313.0], [15.690453, 6.8247848, 330.0], [15.898995, 7.102843, 347.0], [16.11047, 7.3064365, 364.0], [16.272873, 7.6276245, 381.0], [16.407167, 7.9906015, 398.0], [16.50798, 8.324526, 413.0], [16.597578, 8.733228, 430.0], [16.683205, 9.044216, 447.0], [16.741737, 9.418103, 464.0], [16.798935, 9.776222, 481.0], [16.816406, 10.028523, 498.0], [16.816406, 10.295859, 514.0], [16.816406, 10.494846, 530.0], [16.742844, 10.745352, 547.0], [16.683714, 10.955589, 564.0], [16.597013, 11.165493, 580.0], [16.515266, 11.359434, 598.0], [16.396137, 11.571217, 614.0], [16.252083, 11.84283, 630.0], [16.097233, 12.032909, 647.0], [15.910841, 12.262397, 664.0], [15.7241535, 12.4912815, 680.0], [15.53417, 12.684038, 698.0], [15.362318, 12.845764, 715.0], [15.150699, 13.058175, 731.0], [14.928329, 13.207226, 747.0], [14.65329, 13.373401, 764.0], [14.363604, 13.53079, 780.0], [14.031361, 13.683145, 797.0], [13.671191, 13.866089, 815.0], [13.175484, 14.0673065, 831.0], [12.647951, 14.285686, 848.0], [12.134758, 14.511926, 865.0], [11.645437, 14.749209, 882.0], [11.213031, 14.858175, 898.0], [10.948492, 14.907408, 915.0], [10.809596, 14.956018, 932.0], [10.699016, 15.022171, 947.0], [10.960666, 15.004629, 997.0], [11.621912, 15.004629, 1013.0], [12.460003, 15.004629, 1030.0], [13.354103, 15.004629, 1047.0], [14.072438, 15.0561075, 1064.0], [14.706919, 15.11572, 1080.0], [15.132612, 15.199075, 1097.0], [15.49144, 15.268297, 1114.0], [15.799452, 15.372212, 1130.0], [16.13703, 15.475786, 1147.0], [16.455608, 15.578282, 1164.0], [16.758104, 15.724624, 1180.0], [17.085854, 15.877266, 1198.0], [17.375319, 16.082634, 1214.0], [17.673073, 16.294373, 1231.0], [17.933151, 16.49876, 1247.0], [18.12114, 16.768576, 1265.0], [18.311892, 16.934101, 1280.0], [18.5257, 17.186464, 1297.0], [18.688635, 17.409424, 1315.0], [18.802746, 17.612288, 1331.0], [18.91739, 17.76749, 1347.0], [19.007912, 17.924856, 1364.0], [19.065641, 18.079659, 1381.0], [19.113281, 18.230461, 1397.0], [19.20814, 18.430214, 1430.0], [19.26492, 18.579765, 1447.0], [19.366068, 18.808193, 1463.0], [19.462637, 19.017616, 1480.0], [19.569695, 19.259932, 1497.0], [19.63073, 19.46945, 1514.0], [19.660156, 19.681004, 1530.0], [19.721182, 19.948158, 1547.0], [19.714844, 20.298338, 1565.0], [19.714844, 20.559921, 1580.0], [19.714844, 20.821072, 1597.0], [19.624851, 21.095171, 1614.0], [19.558426, 21.29689, 1631.0], [19.471886, 21.55598, 1648.0], [19.346285, 21.784843, 1665.0], [19.133184, 22.111773, 1681.0], [18.948938, 22.442627, 1698.0], [18.77225, 22.641632, 1714.0], [18.58297, 22.876204, 1730.0], [18.403778, 23.0728, 1747.0], [18.209335, 23.253263, 1765.0], [18.036428, 23.404339, 1780.0], [17.83789, 23.555843, 1797.0], [17.637863, 23.705002, 1814.0], [17.420208, 23.802246, 1831.0], [17.142471, 23.969984, 1849.0], [16.821138, 24.15832, 1866.0], [16.50677, 24.311945, 1880.0], [16.211288, 24.461071, 1897.0], [15.928564, 24.532408, 1915.0], [15.646889, 24.581018, 1931.0], [15.346684, 24.581018, 1947.0], [14.980071, 24.581018, 1966.0], [14.560498, 24.490715, 1981.0], [14.1512985, 24.383333, 1997.0], [13.733058, 24.277115, 2014.0], [13.274742, 24.124485, 2030.0], [12.763096, 23.951931, 2047.0], [12.173221, 23.718542, 2063.0], [11.581409, 23.412788, 2080.0], [11.037716, 23.028671, 2097.0], [10.594468, 22.64605, 2114.0], [10.338564, 22.300964, 2131.0], [10.212891, 22.077547, 2149.0]"}