{"Image number":39134,"Image shape":9,"Path":"[19.194675, 15.143811, 0.0], [19.100864, 14.487321, 52.0], [18.9133, 13.64365, 69.0], [18.634436, 12.621967, 85.0], [18.353031, 11.73083, 102.0], [17.884686, 10.891386, 118.0], [17.37259, 10.053729, 135.0], [16.809483, 9.303959, 151.0], [16.3516, 8.708607, 168.0], [15.837114, 8.194109, 184.0], [15.27405, 7.866741, 201.0], [14.580741, 7.6839967, 218.0], [13.87045, 7.5894427, 234.0], [12.939298, 7.6384306, 251.0], [11.962129, 7.967908, 267.0], [10.986267, 8.528606, 284.0], [9.953705, 9.328808, 300.0], [9.160756, 10.0783825, 317.0], [8.470362, 10.911901, 333.0], [8.1468115, 11.709078, 350.0], [7.962758, 12.646101, 366.0], [8.014091, 13.763898, 383.0], [8.1538725, 14.823559, 399.0], [8.765024, 15.759569, 416.0], [9.612337, 16.509165, 433.0], [10.869973, 17.108997, 449.0], [12.030873, 17.478361, 466.0], [13.236915, 17.615381, 482.0], [14.357106, 17.473906, 499.0], [15.33663, 17.004442, 515.0], [16.270376, 16.39555, 532.0], [17.009264, 15.699258, 548.0], [17.615828, 14.95095, 565.0], [18.079523, 14.065853, 581.0], [18.358335, 13.225553, 598.0], [18.543814, 12.527834, 614.0], [18.635735, 12.019491, 631.0], [18.682325, 11.506845, 664.0], [18.586502, 12.408263, 747.0], [18.258675, 13.809901, 763.0], [17.842316, 15.709086, 780.0], [17.045284, 19.327295, 813.0], [16.816492, 20.892797, 830.0], [16.676376, 22.254337, 846.0], [16.631676, 23.410816, 863.0], [16.585451, 24.286112, 879.0], [16.44494, 24.985785, 896.0], [16.30497, 25.451042, 912.0], [16.070568, 25.871431, 929.0], [15.885179, 26.14892, 945.0], [15.605985, 26.333776, 962.0], [15.3268175, 26.426449, 978.0], [14.951212, 26.473232, 995.0], [14.531599, 26.472748, 1012.0], [14.159999, 26.472748, 1028.0], [13.835228, 26.472748, 1045.0], [13.227192, 26.519684, 1061.0]"}