{"Image number":36297,"Image shape":1,"Path":"[15.467554, 8.616852, 0.0], [15.327787, 8.9432, 36.0], [15.187268, 10.068117, 52.0], [14.903776, 11.958361, 69.0], [14.624761, 14.576882, 86.0], [14.391314, 17.105997, 102.0], [14.205345, 19.630981, 119.0], [14.063446, 21.718624, 135.0], [14.020933, 22.995659, 152.0]"}