{"Image number":10780,"Image shape":9,"Path":"[17.616667, 8.944445, 0.0], [17.398563, 8.80412, 20.0], [17.080006, 8.441488, 36.0], [16.59225, 7.9589157, 53.0], [16.219837, 7.7177734, 70.0], [15.547661, 7.342758, 87.0], [14.816666, 7.097222, 103.0], [13.748195, 6.932107, 120.0], [12.752597, 6.922222, 137.0], [11.8796, 7.4719167, 153.0], [11.003122, 8.368709, 170.0], [10.2277775, 9.663889, 187.0], [9.939765, 11.074176, 204.0], [9.834667, 12.6015215, 220.0], [10.188889, 14.058334, 237.0], [11.058225, 15.08667, 254.0], [11.876722, 15.921167, 271.0], [12.69496, 16.43233, 287.0], [13.442587, 16.65, 304.0], [13.801136, 16.644445, 321.0], [14.734514, 15.987707, 337.0], [15.314352, 14.903981, 354.0], [15.848102, 13.447348, 371.0], [16.105408, 11.6087265, 387.0], [16.235014, 10.048685, 404.0], [16.216667, 9.076212, 421.0], [16.18257, 8.350432, 438.0], [16.030771, 7.8423133, 454.0], [15.996651, 7.648858, 471.0], [15.983334, 8.75197, 521.0], [16.123245, 10.771065, 538.0], [16.275, 13.436111, 555.0], [16.431719, 15.487987, 571.0], [16.593231, 17.564262, 588.0], [16.566666, 18.863953, 605.0], [16.566666, 19.971182, 621.0], [16.620268, 20.6857, 638.0], [16.712578, 21.136585, 655.0], [16.943596, 21.592916, 672.0], [17.023148, 21.757402, 688.0]"}