{"Image number":498,"Image shape":6,"Path":"[18.53316, 3.2733893, 0.0], [18.314657, 3.394823, 46.0], [18.144516, 3.5194385, 61.0], [17.96475, 3.6962929, 78.0], [17.734596, 3.92652, 90.0], [17.419344, 4.1815696, 102.0], [17.069832, 4.4859257, 117.0], [16.749401, 4.802768, 130.0], [16.334652, 5.16755, 144.0], [15.926604, 5.6120195, 158.0], [15.518927, 6.033643, 172.0], [15.152319, 6.4406734, 186.0], [14.744054, 6.8451915, 200.0], [14.392441, 7.3127584, 214.0], [14.061911, 7.763779, 228.0], [13.747715, 8.212774, 242.0], [13.477274, 8.619686, 256.0], [13.20627, 9.119195, 269.0], [12.934151, 9.543902, 284.0], [12.73884, 9.94997, 298.0], [12.605302, 10.354453, 312.0], [12.451781, 10.72524, 326.0], [12.333697, 11.07814, 340.0], [12.234618, 11.429898, 354.0], [12.144283, 11.791355, 368.0], [12.107704, 12.151964, 382.0], [12.036637, 12.487556, 398.0], [12.015605, 12.840353, 409.0], [11.97301, 13.193445, 423.0], [11.963856, 13.558087, 445.0], [11.918621, 13.895908, 466.0], [11.906371, 14.619785, 480.0], [11.906371, 14.970937, 494.0], [11.929786, 15.321581, 507.0], [11.974529, 15.692644, 521.0], [11.979194, 16.058939, 535.0], [12.028726, 16.41774, 549.0], [12.073889, 16.837467, 569.0], [12.119217, 17.245556, 581.0], [12.203941, 17.612679, 591.0], [12.343002, 18.072176, 606.0], [12.442714, 18.447624, 620.0], [12.578443, 18.779844, 633.0], [12.752792, 19.135233, 647.0], [12.884654, 19.446005, 661.0], [13.057329, 19.708086, 676.0], [13.221205, 19.950962, 691.0], [13.402869, 20.14078, 704.0], [13.6253395, 20.272846, 718.0], [13.892115, 20.392475, 732.0], [14.208621, 20.455723, 745.0], [14.489237, 20.464935, 759.0], [14.805838, 20.50985, 773.0], [15.166834, 20.501358, 787.0], [15.533455, 20.47579, 801.0], [15.896794, 20.464935, 815.0], [16.211632, 20.422056, 830.0], [16.582756, 20.376455, 843.0], [16.88448, 20.306545, 857.0], [17.134102, 20.216156, 870.0], [17.403461, 20.167643, 885.0], [17.570831, 20.021387, 900.0], [17.810911, 19.88587, 912.0], [18.005089, 19.782063, 926.0], [18.187199, 19.690979, 940.0], [18.36683, 19.55167, 954.0], [18.526335, 19.473928, 969.0], [18.693031, 19.383347, 983.0], [18.872736, 19.293465, 996.0], [19.084528, 19.05485, 1024.0], [19.265081, 18.82035, 1052.0], [19.389725, 18.569132, 1081.0], [19.51665, 18.351622, 1108.0], [19.660402, 18.08149, 1136.0], [19.6619, 17.907585, 1149.0], [19.6619, 17.70284, 1164.0], [19.6619, 17.519314, 1179.0], [19.6619, 17.338861, 1192.0], [19.610762, 17.095417, 1206.0], [19.520252, 16.869078, 1219.0], [19.429361, 16.554846, 1234.0], [19.339777, 16.323898, 1252.0], [19.249735, 16.119717, 1269.0], [19.15873, 15.958391, 1277.0], [19.06889, 15.781948, 1290.0], [18.902254, 15.493801, 1317.0], [18.630117, 15.244201, 1346.0], [18.396461, 15.108872, 1361.0], [18.228432, 14.973222, 1376.0], [18.047905, 14.898376, 1387.0], [17.86773, 14.814384, 1401.0], [17.63795, 14.771426, 1414.0], [17.482998, 14.746559, 1429.0], [17.257837, 14.746559, 1443.0], [17.030436, 14.746559, 1459.0], [16.761467, 14.793049, 1473.0], [16.526358, 14.857227, 1490.0], [16.228117, 14.919861, 1499.0], [15.9105, 15.038402, 1513.0], [15.600193, 15.126937, 1527.0], [15.280984, 15.27186, 1541.0], [14.933371, 15.40944, 1554.0], [14.570549, 15.545543, 1569.0], [14.211801, 15.724203, 1583.0], [13.887504, 15.9209585, 1599.0], [13.524447, 16.147942, 1611.0], [13.194781, 16.341143, 1625.0], [12.840849, 16.561672, 1639.0], [12.476734, 16.789316, 1654.0], [12.094276, 17.073715, 1668.0], [11.685158, 17.37923, 1684.0], [11.279536, 17.653477, 1695.0], [10.923564, 17.974277, 1708.0], [10.547461, 18.409098, 1723.0], [10.230819, 18.847652, 1737.0], [9.993489, 19.342354, 1751.0], [9.916618, 19.829695, 1767.0]"}