{"Image number":38448,"Image shape":6,"Path":"[11.181364, 4.654056, 0.0], [10.289135, 6.393765, 69.0], [9.592049, 7.9291778, 85.0], [9.122609, 9.580228, 102.0], [8.851028, 11.326484, 119.0], [8.757851, 13.015174, 135.0], [8.852458, 14.49984, 151.0], [9.085963, 15.89638, 168.0], [9.416532, 17.075111, 185.0], [9.695156, 18.145367, 201.0], [9.926281, 18.929718, 218.0], [10.064309, 19.577868, 234.0], [10.298257, 19.996162, 251.0], [10.766762, 20.27496, 267.0], [11.369262, 20.505836, 284.0], [12.21446, 20.646461, 300.0], [13.046439, 20.50499, 317.0], [14.126528, 20.364067, 333.0], [15.1516285, 20.035782, 350.0], [17.102806, 19.05674, 383.0], [17.992989, 18.353065, 400.0], [18.77953, 17.563953, 416.0], [19.52688, 16.769083, 433.0], [20.081327, 15.887433, 449.0], [20.502588, 15.090724, 466.0], [20.68572, 14.257126, 482.0], [20.732391, 13.507622, 499.0], [20.732111, 12.759494, 515.0], [20.685143, 12.202096, 532.0], [20.592297, 11.786868, 548.0], [20.405369, 11.506431, 565.0], [20.12595, 11.32054, 582.0], [19.702938, 11.179607, 598.0], [19.191225, 11.181014, 615.0], [18.680708, 11.321283, 631.0], [18.074879, 11.60137, 648.0], [17.461573, 12.026646, 664.0], [16.805862, 12.685673, 681.0], [16.257732, 13.327728, 697.0], [15.787803, 14.080932, 714.0], [15.559793, 14.6800375, 730.0], [15.420462, 15.332643, 747.0], [15.37376, 15.944382, 764.0], [15.42174, 16.647316, 780.0], [15.609262, 17.342293, 797.0], [15.937468, 17.948557, 813.0], [16.35745, 18.506811, 830.0], [16.872852, 19.068316, 846.0], [17.427929, 19.576157, 863.0], [18.083113, 20.090824, 879.0], [18.687437, 20.508875, 896.0], [19.243008, 20.972906, 912.0], [19.663385, 21.3, 929.0]"}