{"Image number":35055,"Image shape":6,"Path":"[22.22296, 2.5561037, 0.0], [21.703922, 2.8863904, 52.0], [20.917503, 3.3959107, 68.0], [19.742271, 4.24273, 85.0], [18.52203, 5.3722153, 102.0], [17.136438, 6.5258393, 118.0], [15.699474, 7.778565, 135.0], [14.42882, 9.144491, 151.0], [13.320832, 10.673172, 168.0], [11.782685, 14.082682, 201.0], [11.410958, 15.623859, 217.0], [11.272971, 16.882942, 234.0], [11.321362, 18.040083, 251.0], [11.6509905, 18.883116, 267.0], [12.208579, 19.52883, 284.0], [13.046412, 19.899826, 300.0], [13.939216, 20.13467, 317.0], [14.957278, 20.085552, 333.0], [15.933934, 19.945717, 350.0], [16.965412, 19.476389, 366.0], [17.854668, 18.865921, 383.0], [18.593445, 18.170034, 399.0], [18.917448, 17.610777, 416.0], [19.055035, 17.101433, 432.0], [18.961191, 16.213402, 466.0], [18.774014, 15.699516, 482.0], [17.700512, 14.908921, 515.0], [16.85959, 14.863771, 532.0], [15.966345, 15.006111, 548.0], [14.997802, 15.284779, 565.0], [14.054539, 15.89973, 581.0], [13.315391, 16.597574, 598.0]"}