{"Image number":37906,"Image shape":9,"Path":"[18.868551, 5.353372, 0.0], [17.588003, 6.587239, 102.0], [16.07031, 8.013503, 118.0], [13.026294, 11.109284, 151.0], [11.87762, 12.396055, 168.0], [10.619632, 14.1685, 201.0], [10.57547, 14.633348, 217.0], [10.763797, 14.866255, 234.0], [11.229631, 14.957664, 250.0], [11.890914, 14.957327, 267.0], [12.76618, 14.957327, 283.0], [13.753191, 14.721972, 300.0], [16.037687, 13.692356, 333.0], [17.257786, 12.845625, 350.0], [18.264137, 11.739111, 366.0], [19.198524, 10.6169405, 383.0], [19.847393, 9.688463, 399.0], [20.22069, 9.174852, 416.0], [20.35984, 8.942466, 432.0], [19.750902, 9.739378, 515.0], [19.006037, 10.717798, 532.0], [18.169203, 12.020996, 548.0], [17.282352, 13.328789, 565.0], [16.440369, 14.780414, 581.0], [15.499896, 16.238197, 598.0], [14.76462, 17.763056, 614.0], [13.964741, 19.12703, 631.0], [13.224219, 20.33024, 647.0], [12.620031, 21.25979, 664.0], [12.148773, 22.062384, 680.0], [11.922485, 22.613527, 697.0], [11.689485, 22.888151, 714.0], [11.401751, 22.98035, 730.0], [11.132792, 23.022781, 763.0], [10.798547, 23.118557, 796.0]"}