{"Image number":36579,"Image shape":5,"Path":"[21.617304, 7.7310505, 0.0], [20.81598, 7.683713, 54.0], [19.833015, 7.542578, 71.0], [18.62743, 7.4037576, 87.0], [17.409367, 7.31031, 104.0], [16.204884, 7.31146, 120.0], [15.040669, 7.499159, 137.0], [14.065462, 7.6852727, 153.0], [13.40801, 7.9682846, 170.0], [13.042689, 8.011056, 186.0], [12.81044, 8.151566, 203.0], [12.436499, 8.573346, 219.0], [12.013937, 9.374189, 236.0], [11.549603, 10.49244, 253.0], [11.223994, 11.661376, 269.0], [10.992832, 12.635414, 286.0], [10.853861, 13.426654, 302.0], [10.808357, 13.981816, 319.0], [10.85561, 14.307215, 335.0], [11.325159, 14.444494, 368.0], [11.790858, 14.303478, 385.0], [12.493856, 13.880239, 402.0], [13.37905, 13.414616, 418.0], [14.368015, 13.133784, 435.0], [15.432534, 13.044853, 451.0], [16.358723, 13.233541, 468.0], [17.353931, 13.566305, 484.0], [18.279066, 14.317577, 501.0], [18.977966, 15.0679, 517.0], [19.389317, 16.144049, 534.0], [19.475708, 17.11764, 550.0], [19.426933, 18.33195, 567.0], [19.046978, 19.361534, 584.0], [18.488682, 20.331295, 600.0], [17.593626, 21.031523, 617.0], [16.81183, 21.535315, 633.0], [15.63791, 21.861738, 650.0], [14.425715, 22.14088, 666.0], [13.119516, 22.089697, 683.0], [11.909706, 21.948526, 699.0], [10.69843, 21.619558, 716.0], [9.442114, 21.152212, 732.0], [8.418026, 20.448671, 749.0], [7.727685, 19.706179, 765.0], [7.402683, 19.002707, 782.0], [7.265106, 18.347685, 799.0], [7.515826, 17.616337, 815.0], [7.697168, 17.170174, 832.0]"}