{"Image number":10549,"Image shape":4,"Path":"[14.544445, 23.13889, 0.0], [14.583333, 22.983334, 31.0], [14.92634, 22.272541, 48.0], [15.271608, 21.565943, 64.0], [15.595095, 20.50524, 81.0], [16.021944, 18.718365, 98.0], [16.574524, 16.539906, 114.0], [17.286112, 14.155556, 131.0], [17.806423, 12.516763, 148.0], [18.294336, 11.078093, 165.0], [18.880556, 9.722221, 182.0], [19.417002, 8.580699, 198.0], [19.75505, 7.636611, 215.0], [19.861496, 7.1528625, 231.0], [19.915684, 6.903927, 248.0], [19.697826, 6.874914, 282.0], [18.996464, 7.2045465, 298.0], [17.869444, 7.972222, 315.0], [15.985448, 9.574537, 332.0], [14.327996, 11.274588, 348.0], [12.873351, 12.981089, 365.0], [11.685835, 14.380378, 382.0], [10.543373, 15.626571, 398.0], [9.714567, 16.524445, 415.0], [8.884678, 17.322449, 432.0], [8.244444, 17.791668, 449.0], [8.02138, 17.80769, 465.0], [7.864014, 17.811111, 482.0], [7.8200164, 17.398773, 515.0], [8.11101, 17.029766, 532.0], [9.170116, 16.475508, 549.0], [10.689113, 16.06374, 565.0], [12.5222225, 15.808334, 582.0], [14.33513, 15.793901, 599.0], [16.272612, 15.788889, 615.0], [17.92338, 15.788889, 632.0], [19.25275, 15.788889, 649.0], [20.6335, 15.684433, 666.0], [21.591393, 15.288394, 682.0], [22.302185, 14.855952, 699.0]"}