{"Image number":299,"Image shape":6,"Path":"[14.054616, 4.4024954, 0.0], [13.782638, 4.660629, 36.0], [13.602542, 4.948027, 50.0], [13.341169, 5.3055034, 64.0], [13.022758, 5.811183, 78.0], [12.532589, 6.6763396, 91.0], [12.153951, 7.464958, 106.0], [11.610305, 8.564251, 120.0], [11.362613, 9.059799, 133.0], [11.090263, 9.646122, 147.0], [10.818473, 10.31012, 161.0], [10.546921, 11.027682, 175.0], [10.277695, 11.745853, 189.0], [10.062753, 12.467507, 203.0], [9.8626585, 13.227689, 217.0], [9.682181, 13.957756, 231.0], [9.547308, 14.7275, 246.0], [9.484729, 15.480089, 259.0], [9.46684, 16.177593, 273.0], [9.46684, 16.853724, 287.0], [9.556143, 17.484406, 301.0], [9.697913, 18.04759, 316.0], [9.897654, 18.53744, 332.0], [10.145746, 18.986515, 352.0], [10.431207, 19.426361, 362.0], [10.814766, 19.761242, 372.0], [11.221105, 20.032223, 385.0], [11.660975, 20.201893, 399.0], [12.158222, 20.338284, 413.0], [12.700424, 20.421276, 428.0], [13.207333, 20.39209, 441.0], [13.754698, 20.359419, 455.0], [14.340258, 20.272482, 468.0], [14.871961, 20.133053, 482.0], [15.475683, 19.974308, 497.0], [16.064428, 19.793097, 511.0], [16.648008, 19.53376, 525.0], [17.189465, 19.21237, 539.0], [17.728197, 18.840664, 552.0], [18.244188, 18.38652, 568.0], [18.703787, 17.926773, 581.0], [19.102901, 17.386114, 595.0], [19.470457, 16.880384, 609.0], [19.79024, 16.303255, 626.0], [20.031158, 15.754034, 636.0], [20.209848, 15.214699, 650.0], [20.355145, 14.647578, 667.0], [20.44599, 14.175712, 678.0], [20.499489, 13.688777, 692.0], [20.49935, 13.283848, 706.0], [20.390873, 12.874192, 719.0], [20.273268, 12.591983, 734.0], [20.101704, 12.346253, 748.0], [19.881966, 12.16911, 762.0], [19.580708, 12.073704, 777.0], [19.264154, 11.989233, 792.0], [18.912998, 11.978429, 806.0], [18.506947, 12.021813, 818.0], [18.098284, 12.172, 833.0], [17.667349, 12.381533, 847.0], [17.179613, 12.654056, 860.0], [16.724567, 13.010555, 875.0], [16.22435, 13.472088, 889.0], [15.761531, 13.996819, 902.0], [15.296722, 14.552197, 916.0], [14.317444, 15.784874, 931.0], [14.071072, 16.15394, 944.0], [13.589573, 16.713512, 958.0], [13.151562, 17.305958, 972.0], [12.702948, 17.895649, 986.0], [12.305395, 18.475988, 1000.0], [11.924576, 18.971601, 1014.0]"}