{"Image number":30153,"Image shape":7,"Path":"[11.339806, 9.471493, 0.0], [11.422287, 9.231124, 80.0], [11.678415, 9.102816, 98.0], [12.058897, 8.862281, 115.0], [12.492406, 8.683007, 133.0], [13.387993, 8.228701, 151.0], [14.220621, 7.7608542, 169.0], [15.0084305, 7.388238, 187.0], [15.970263, 7.0617895, 204.0], [16.724201, 6.8616753, 222.0], [17.55151, 6.7902555, 240.0], [18.333715, 6.7902555, 258.0], [18.996962, 6.7902555, 275.0], [19.519154, 6.7902555, 293.0], [19.89933, 6.927278, 311.0], [20.284285, 7.1094227, 329.0], [20.629543, 7.3236465, 346.0], [20.883627, 7.554649, 364.0], [21.056065, 7.7379084, 382.0], [21.186365, 7.899621, 400.0], [21.16505, 8.143377, 417.0], [21.16505, 8.477749, 435.0], [21.114632, 9.132644, 453.0], [20.855366, 9.934557, 471.0], [20.351273, 10.802896, 488.0], [19.764534, 11.664075, 506.0], [19.33426, 12.317412, 524.0], [18.771439, 12.9431095, 542.0], [18.088427, 13.638023, 560.0], [17.531124, 14.198451, 577.0], [17.106983, 14.814231, 595.0], [16.716707, 15.465084, 613.0], [16.074532, 16.201357, 631.0], [15.346556, 16.955988, 648.0], [14.695859, 17.672192, 666.0], [13.90769, 18.476284, 684.0], [13.268665, 19.13073, 702.0], [12.640776, 19.691288, 719.0], [12.27226, 20.163582, 737.0], [11.847719, 20.647715, 755.0], [11.252928, 21.234491, 773.0], [10.595778, 21.684544, 790.0], [10.0528, 22.044956, 808.0], [9.409119, 22.344784, 826.0], [8.8055935, 22.654377, 844.0], [8.256431, 22.904827, 861.0], [7.844572, 23.056454, 879.0], [7.5700016, 23.170534, 897.0], [7.3445187, 23.303558, 915.0], [7.1331115, 23.343988, 950.0]"}