{"Image number":38372,"Image shape":4,"Path":"[12.252911, 8.803335, 0.0], [11.646021, 9.550846, 51.0], [10.894631, 10.584845, 67.0], [9.958133, 11.944244, 84.0], [9.36126, 12.911059, 100.0], [8.986902, 13.708716, 117.0], [8.802709, 14.218583, 133.0], [9.043837, 14.545536, 150.0], [9.508772, 14.7260685, 166.0], [10.164714, 14.771437, 183.0], [10.96197, 14.723423, 200.0], [11.933077, 14.630379, 216.0], [12.956699, 14.349899, 233.0], [14.034969, 14.021347, 249.0], [15.050818, 13.557526, 266.0], [15.992958, 13.133282, 282.0], [16.923695, 12.666945, 299.0], [17.757633, 12.249691, 317.0], [18.545887, 11.785053, 332.0], [19.292173, 11.365067, 348.0], [19.852243, 10.99098, 365.0], [20.318855, 10.711176, 382.0], [20.593224, 10.574941, 415.0], [20.497984, 10.952052, 448.0], [20.125072, 11.696612, 464.0], [19.425293, 12.769704, 481.0], [18.444054, 14.219067, 497.0], [17.325602, 16.03858, 514.0], [16.346003, 17.954248, 530.0], [15.230091, 20.000696, 547.0], [14.436205, 22.107288, 564.0], [13.317705, 24.243813, 580.0], [12.734494, 25.562675, 597.0]"}