{"Image number":35369,"Image shape":5,"Path":"[20.219633, 6.9851117, 0.0], [19.518015, 6.9851117, 69.0], [18.818718, 6.9851117, 86.0], [17.976946, 7.032089, 102.0], [17.178772, 7.1264563, 119.0], [16.293766, 7.4086165, 135.0], [15.606676, 7.778017, 152.0], [15.041719, 8.2493305, 168.0], [14.671716, 8.761975, 185.0], [14.251511, 9.511065, 201.0], [13.836816, 10.481983, 218.0], [13.507651, 11.564383, 235.0], [13.275624, 12.589537, 251.0], [13.183657, 13.33388, 268.0], [13.137439, 13.893003, 291.0], [13.091337, 14.119032, 301.0], [13.325912, 14.211389, 334.0], [13.749642, 14.258664, 350.0], [14.309224, 14.25801, 367.0], [14.91153, 14.304865, 384.0], [15.56789, 14.398897, 400.0], [16.225328, 14.587889, 417.0], [16.827698, 15.010228, 433.0], [17.240881, 15.473432, 450.0], [17.520357, 16.035395, 466.0], [17.564665, 16.549084, 483.0], [17.282179, 17.20062, 499.0], [16.67318, 17.901028, 516.0], [15.7327, 18.651917, 532.0], [14.475705, 19.394327, 549.0], [12.986629, 19.903194, 565.0], [11.341207, 20.183445, 582.0], [10.050947, 20.084776, 599.0], [8.936073, 19.709673, 615.0], [8.305075, 18.924427, 632.0], [7.9963837, 18.28017, 648.0]"}