{"Image number":36764,"Image shape":0,"Path":"[13.743761, 6.9851117, 0.0], [12.761136, 8.015301, 51.0], [11.688756, 9.322367, 68.0], [10.477029, 10.861652, 84.0], [9.546831, 12.540084, 101.0], [8.705733, 14.271199, 117.0], [8.192534, 16.101538, 134.0], [7.917183, 17.819424, 150.0], [7.8731585, 19.493465, 167.0], [8.108334, 20.889282, 184.0], [8.483616, 22.104717, 200.0], [9.748996, 23.450556, 233.0], [10.767947, 23.583042, 250.0], [12.080742, 23.440853, 266.0], [13.699168, 22.835558, 283.0], [15.353086, 21.936754, 299.0], [16.788265, 20.913315, 316.0], [18.093504, 19.8386, 332.0], [19.303661, 18.530119, 349.0], [20.462696, 17.230425, 366.0], [21.155722, 16.069052, 382.0], [21.57534, 14.897848, 399.0], [21.617973, 13.681145, 415.0], [21.428867, 12.378597, 432.0], [20.964212, 11.132116, 448.0], [20.164972, 9.862793, 465.0], [19.237682, 8.799213, 481.0], [18.076132, 8.0571375, 498.0], [15.551893, 7.637153, 531.0], [13.410558, 8.059524, 564.0], [12.574123, 8.760811, 581.0]"}