{"Image number":36118,"Image shape":5,"Path":"[14.116471, 6.3324165, 0.0], [14.302893, 6.612209, 235.0], [14.629972, 6.7522616, 268.0], [15.291094, 6.9413204, 285.0], [15.990079, 7.1749473, 301.0], [16.922878, 7.40747, 318.0], [17.61887, 7.6877213, 334.0], [18.272444, 7.8263407, 351.0], [18.545944, 7.918708, 367.0], [18.022476, 7.9175353, 417.0], [17.321892, 7.823063, 433.0], [16.254166, 7.730581, 450.0], [15.363382, 7.68385, 467.0], [14.342765, 7.637507, 483.0], [13.601522, 7.6378083, 500.0], [12.947564, 7.6378083, 516.0], [12.67102, 7.6378083, 549.0], [12.672214, 8.153553, 582.0], [12.719126, 9.042627, 599.0], [12.7188015, 10.405876, 615.0], [12.625326, 11.931863, 632.0], [12.43801, 13.335023, 649.0], [12.20483, 14.451662, 665.0], [12.018699, 15.242447, 682.0], [11.925903, 15.660625, 698.0], [12.397877, 15.749237, 731.0], [13.199163, 15.607467, 748.0], [14.17417, 15.515722, 764.0], [15.339241, 15.563861, 781.0], [16.410686, 15.893208, 797.0], [17.195251, 16.545664, 814.0], [17.804672, 17.439465, 831.0], [18.033611, 18.517387, 847.0], [18.124008, 19.630007, 864.0], [17.794144, 20.701136, 880.0], [17.138102, 21.72786, 897.0], [14.953782, 23.629852, 930.0], [12.385942, 24.797237, 963.0], [11.403459, 25.077215, 979.0], [10.573013, 25.120886, 996.0], [10.132823, 24.776033, 1012.0], [9.960131, 24.45067, 1029.0]"}