{"Image number":36086,"Image shape":5,"Path":"[18.356073, 8.290504, 0.0], [18.123127, 8.290504, 37.0], [17.415298, 8.290504, 53.0], [16.386858, 8.290504, 70.0], [15.360118, 8.195965, 86.0], [14.382525, 8.055471, 103.0], [13.695861, 7.870564, 119.0], [13.091125, 7.7309613, 136.0], [12.858112, 7.590914, 152.0], [12.625316, 8.761651, 219.0], [12.298331, 10.814776, 252.0], [12.2054615, 11.890247, 268.0], [12.159401, 12.913316, 285.0], [12.112805, 13.657358, 301.0], [12.206734, 14.120208, 318.0], [12.299622, 14.398235, 334.0], [12.580419, 14.585282, 367.0], [12.814276, 14.537277, 384.0], [13.280179, 14.397179, 401.0], [13.894346, 14.208057, 417.0], [14.634242, 14.070532, 434.0], [15.385339, 14.118832, 450.0], [16.034153, 14.542581, 467.0], [16.589333, 15.100836, 483.0], [17.060383, 15.857222, 500.0], [17.426577, 16.640547, 516.0], [17.611345, 17.6184, 533.0], [17.657581, 18.741877, 549.0], [17.424063, 19.94698, 566.0], [16.904737, 21.174671, 583.0], [16.067005, 22.19119, 599.0], [14.945569, 23.029919, 616.0], [13.693788, 23.63049, 632.0], [12.390417, 24.002476, 649.0], [11.080321, 24.142536, 665.0], [10.006713, 24.094637, 682.0], [9.1761465, 23.847694, 698.0], [8.878633, 23.614658, 715.0]"}