{"Image number":10284,"Image shape":9,"Path":"[16.644445, 7.544444, 0.0], [16.464754, 7.3258653, 30.0], [16.200968, 6.9919724, 47.0], [15.989716, 6.6968665, 63.0], [15.7663, 6.363339, 80.0], [15.343994, 6.0019956, 97.0], [14.968256, 5.7924614, 113.0], [14.585287, 5.6838923, 130.0], [13.778857, 5.9473653, 147.0], [12.964645, 6.5200005, 164.0], [12.171623, 7.4440937, 180.0], [11.432762, 8.634346, 197.0], [10.762209, 10.087435, 214.0], [10.415482, 11.424779, 230.0], [10.176474, 12.878246, 247.0], [10.072915, 14.302096, 264.0], [10.461899, 15.450776, 280.0], [10.927354, 16.50523, 297.0], [11.491438, 17.348013, 314.0], [12.209252, 17.912693, 331.0], [13.0211735, 18.22847, 347.0], [13.621844, 18.07889, 364.0], [14.374768, 17.825516, 381.0], [15.186111, 17.15, 398.0], [15.9061985, 16.410467, 414.0], [16.548717, 15.562355, 431.0], [17.047665, 14.859187, 447.0], [17.560951, 14.083573, 464.0], [17.90522, 13.122339, 481.0], [18.133875, 11.973985, 498.0], [18.251368, 10.88078, 514.0], [18.238888, 10.130556, 531.0], [18.126747, 9.548136, 548.0], [17.963036, 9.15634, 564.0], [17.811369, 8.9447, 598.0], [17.560232, 9.296495, 648.0], [17.22131, 10.115706, 665.0], [16.841131, 11.193274, 681.0], [16.526575, 12.50131, 698.0], [16.250118, 14.027187, 715.0], [15.970962, 15.547063, 731.0], [15.8190975, 17.065403, 748.0], [15.827777, 18.34642, 765.0], [15.827777, 19.51762, 781.0], [16.042257, 20.467937, 798.0], [16.4111, 21.388866, 815.0], [16.85298, 22.217392, 832.0], [17.410805, 22.804716, 848.0], [17.744156, 23.108658, 865.0], [18.578651, 23.663544, 882.0], [19.002756, 24.086555, 915.0], [19.230555, 24.208332, 932.0]"}