{"Image number":35710,"Image shape":1,"Path":"[15.001663, 6.4256587, 0.0], [15.611776, 6.379038, 67.0], [16.729221, 6.3793797, 100.0], [16.958967, 6.4257727, 117.0], [17.099459, 6.6138635, 133.0], [17.144966, 6.9399605, 150.0], [17.144758, 7.547419, 167.0], [17.05098, 8.483007, 183.0], [16.816643, 9.746528, 200.0], [16.25297, 11.386747, 216.0], [15.551713, 13.303635, 233.0], [14.529096, 15.34366, 249.0], [13.644289, 17.208399, 266.0], [12.572768, 18.930212, 282.0], [11.782865, 20.372965, 299.0], [10.698405, 22.556313, 332.0], [10.520357, 23.04689, 349.0]"}