{"Image number":36278,"Image shape":6,"Path":"[13.790349, 6.379038, 0.0], [13.5574045, 6.518901, 53.0], [12.576581, 8.154849, 87.0], [12.017866, 9.835306, 103.0], [11.503441, 11.802549, 120.0], [11.318824, 14.05262, 136.0], [11.274117, 16.236086, 153.0], [11.417486, 18.266367, 169.0], [11.650447, 19.73313, 186.0], [12.119462, 20.705004, 202.0], [12.631803, 21.257925, 219.0], [13.428463, 21.440214, 235.0], [14.410385, 21.484972, 252.0], [15.670639, 21.484287, 269.0], [16.886135, 21.43686, 285.0], [18.15317, 21.103525, 302.0], [19.11457, 20.497147, 318.0], [19.714417, 19.420097, 335.0], [19.84947, 18.10375, 351.0], [19.70546, 16.664787, 368.0], [19.284689, 15.320099, 384.0], [18.629091, 14.388558, 401.0], [17.745546, 13.929097, 417.0], [16.762646, 13.837523, 434.0], [15.83459, 14.260567, 450.0], [14.895695, 15.061449, 467.0], [13.551205, 17.583902, 500.0], [13.320139, 18.897707, 517.0], [13.472397, 20.05781, 533.0], [13.611856, 20.681835, 550.0]"}