{"Image number":38216,"Image shape":2,"Path":"[10.016639, 8.849957, 0.0], [10.66855, 7.172394, 69.0], [11.270212, 6.430992, 86.0], [11.883463, 5.9100637, 103.0], [12.630852, 5.490293, 119.0], [13.564278, 5.2114453, 136.0], [15.480007, 5.1208334, 169.0], [16.308928, 5.4009175, 185.0], [17.147182, 5.8675528, 202.0], [17.79901, 6.6144347, 218.0], [18.266788, 7.5993705, 235.0], [18.402136, 10.171167, 268.0], [17.934954, 11.840257, 284.0], [16.019678, 15.529468, 318.0], [14.892208, 17.172277, 334.0], [13.591529, 18.560518, 351.0], [12.196417, 19.533136, 367.0], [9.859752, 20.979677, 401.0], [9.084298, 21.39134, 417.0], [8.286658, 21.532001, 433.0], [7.7306933, 21.530907, 450.0], [7.168711, 21.248178, 466.0], [6.845243, 20.591799, 483.0], [7.036741, 19.798273, 500.0], [7.5512667, 18.819532, 516.0], [8.856595, 17.564428, 549.0], [9.512916, 17.142887, 566.0], [10.394715, 16.914, 582.0], [11.188593, 16.727226, 608.0], [13.235368, 17.243065, 633.0], [14.399869, 17.80307, 648.0], [15.614922, 18.317268, 665.0], [16.870893, 18.922855, 687.0], [18.27062, 19.388912, 702.0], [19.7624, 19.714577, 716.0], [21.295708, 19.75944, 734.0], [22.788895, 19.431452, 750.0]"}