{"Image number":10119,"Image shape":0,"Path":"[22.633333, 7.9333334, 0.0], [22.266644, 7.9333334, 26.0], [21.724655, 7.985313, 43.0], [21.145855, 8.0381155, 59.0], [20.442017, 8.220535, 76.0], [19.386112, 8.380556, 93.0], [17.630997, 8.579033, 109.0], [16.300196, 8.937245, 126.0], [14.136111, 9.722221, 143.0], [12.774166, 10.697644, 159.0], [11.439412, 11.755137, 176.0], [10.3092785, 12.934425, 193.0], [9.369423, 14.149683, 210.0], [8.75, 15.322222, 226.0], [8.621685, 16.414867, 243.0], [8.594444, 17.562742, 260.0], [8.886111, 18.472221, 277.0], [9.701805, 19.12873, 293.0], [10.869039, 19.541533, 310.0], [12.628632, 19.657192, 326.0], [14.540091, 19.552002, 343.0], [16.346302, 19.270424, 360.0], [18.184292, 18.489635, 377.0], [19.829262, 17.582846, 393.0], [21.622223, 16.294445, 410.0], [22.821632, 15.13032, 427.0], [24.067722, 13.887834, 443.0], [24.81247, 12.7034645, 460.0], [25.101322, 11.615603, 477.0], [24.871964, 10.648718, 494.0], [23.88057, 9.763344, 510.0], [22.681328, 9.059006, 527.0], [21.427778, 8.672222, 544.0], [20.218933, 8.484559, 560.0], [19.775, 8.400001, 577.0]"}