{"Image number":39645,"Image shape":5,"Path":"[21.38436, 8.290504, 0.0], [20.481922, 8.527669, 87.0], [19.372868, 8.758416, 103.0], [18.020247, 8.991495, 120.0], [16.848732, 9.084384, 136.0], [15.826911, 9.177521, 153.0], [14.810501, 9.269985, 169.0], [14.015272, 9.410829, 186.0], [13.408951, 9.503991, 202.0], [13.087594, 9.549835, 219.0], [12.857962, 9.970692, 252.0], [12.811549, 10.392331, 269.0], [12.717411, 10.956252, 285.0], [12.624517, 11.608352, 302.0], [12.435769, 12.408041, 318.0], [12.297611, 13.101937, 335.0], [12.158007, 13.800435, 351.0], [12.018814, 14.402868, 368.0], [11.926418, 15.006358, 384.0], [11.833611, 15.657993, 417.0], [12.254117, 16.030418, 467.0], [12.819865, 16.407843, 484.0], [13.889912, 17.481838, 517.0], [14.674772, 18.452856, 550.0], [14.955706, 18.87445, 566.0], [15.048544, 19.341164, 583.0], [14.954076, 19.716675, 599.0], [14.765556, 20.376453, 616.0], [14.439521, 20.97717, 633.0], [14.207466, 21.489096, 649.0], [13.975397, 21.859348, 666.0], [13.552811, 22.23431, 682.0], [12.939673, 22.563076, 699.0], [12.298354, 22.743383, 715.0], [11.595255, 22.79004, 732.0], [10.901142, 22.789677, 748.0], [10.005926, 22.64812, 765.0], [9.220472, 22.321754, 782.0], [8.425208, 21.758783, 798.0], [7.7776313, 21.014948, 814.0], [7.261644, 20.027103, 831.0], [6.9870005, 18.91471, 848.0]"}