{"Image number":36322,"Image shape":4,"Path":"[10.063228, 9.222927, 0.0], [9.830067, 10.063187, 53.0], [9.689235, 11.191267, 69.0], [9.6905155, 12.543806, 86.0], [9.8307495, 13.562122, 103.0], [10.206395, 14.358482, 119.0], [10.769104, 14.917751, 136.0], [11.467918, 15.240332, 152.0], [12.261086, 15.331259, 169.0], [13.195776, 15.330296, 185.0], [14.0768795, 15.189328, 202.0], [15.106031, 14.81339, 218.0], [15.999094, 14.150711, 235.0], [16.875517, 13.315828, 251.0], [17.615204, 12.434374, 268.0], [18.269417, 11.639298, 285.0], [18.684807, 11.178112, 301.0], [18.917671, 10.945375, 318.0], [18.962044, 11.135655, 334.0], [18.633247, 12.636661, 367.0], [18.166151, 13.941652, 384.0], [17.605923, 15.765247, 400.0], [17.093863, 17.72443, 417.0], [16.67377, 19.737053, 433.0], [16.444544, 21.494774, 450.0], [16.304434, 22.900145, 466.0], [16.257051, 24.111372, 483.0], [16.3085, 24.685015, 500.0]"}