{"Image number":35080,"Image shape":9,"Path":"[14.815308, 8.1506405, 0.0], [14.300972, 8.244255, 53.0], [13.6864195, 8.528574, 69.0], [12.753946, 9.184322, 86.0], [12.006472, 10.030678, 102.0], [11.318113, 11.045581, 119.0], [10.755408, 11.984674, 135.0], [10.387089, 12.911656, 152.0], [10.154998, 13.797153, 169.0], [10.156405, 14.54655, 185.0], [10.437813, 15.147872, 202.0], [10.905894, 15.661118, 218.0], [11.603497, 15.890696, 235.0], [12.441856, 15.936516, 251.0], [13.472946, 15.7012825, 268.0], [14.491231, 15.142694, 284.0], [15.570779, 14.202646, 301.0], [16.447388, 13.184026, 317.0], [17.242657, 12.107045, 334.0], [17.663216, 11.120434, 351.0], [17.892185, 10.38204, 367.0], [17.79697, 9.922075, 384.0], [17.610048, 9.548072, 400.0], [17.33048, 9.315641, 417.0], [17.097445, 9.222637, 433.0], [16.865068, 9.176275, 450.0], [16.628641, 9.128958, 466.0], [16.398151, 9.270259, 483.0], [16.212753, 9.502934, 499.0], [16.072214, 9.972188, 516.0], [15.979294, 10.626735, 533.0], [15.933172, 11.418755, 549.0], [15.886603, 12.351582, 566.0], [15.792235, 13.43542, 582.0], [15.606537, 14.589254, 599.0], [15.466771, 15.803292, 615.0], [15.278529, 16.931429, 632.0], [15.234339, 17.9939, 648.0], [15.14105, 19.06437, 665.0], [15.141432, 20.089897, 681.0], [15.141432, 21.12082, 698.0], [15.188456, 22.052452, 714.0], [15.281603, 22.746107, 731.0], [15.428866, 23.334139, 748.0], [15.518611, 23.644508, 764.0]"}