{"Image number":444,"Image shape":2,"Path":"[7.3914175, 7.0977793, 0.0], [7.610984, 6.897179, 82.0], [7.819714, 6.8518324, 96.0], [8.082461, 6.8065243, 108.0], [8.398708, 6.71623, 121.0], [8.771169, 6.62525, 136.0], [9.158882, 6.4819574, 149.0], [9.565235, 6.371733, 165.0], [9.922747, 6.1959295, 182.0], [10.284791, 6.103469, 197.0], [10.6765585, 6.0163307, 206.0], [11.049919, 5.937003, 220.0], [11.413009, 5.8892255, 233.0], [11.715812, 5.895828, 247.0], [12.039244, 5.9564414, 261.0], [12.321907, 6.06724, 275.0], [12.552433, 6.203461, 289.0], [12.7261915, 6.3881116, 303.0], [12.90837, 6.593287, 316.0], [13.056893, 6.8815207, 331.0], [13.192105, 7.1971183, 347.0], [13.325498, 7.460205, 361.0], [13.4203, 7.812819, 377.0], [13.526165, 8.146819, 387.0], [13.623168, 8.503782, 401.0], [13.713385, 8.8169, 414.0], [13.824125, 9.210635, 428.0], [13.93111, 9.59026, 443.0], [14.058248, 9.948444, 457.0], [14.194297, 10.357933, 471.0], [14.273882, 10.743254, 487.0], [14.39194, 11.105679, 503.0], [14.49037, 11.463798, 513.0], [14.582341, 11.83181, 527.0], [14.673124, 12.195055, 541.0], [14.727169, 12.493781, 554.0], [14.781771, 12.808701, 569.0], [14.870796, 13.124113, 583.0], [14.908283, 13.476042, 600.0], [14.952665, 13.738425, 620.0], [15.032135, 14.001367, 628.0], [15.037712, 14.232484, 639.0], [15.089444, 14.458969, 653.0], [15.13463, 14.660868, 666.0], [15.146944, 14.874945, 681.0], [15.188715, 15.101178, 695.0], [15.183355, 15.275151, 709.0], [15.242548, 15.456907, 723.0], [15.287604, 15.668625, 736.0], [15.292588, 15.895322, 749.0], [15.292588, 16.12181, 764.0], [15.292588, 16.363153, 778.0], [15.262075, 16.574623, 792.0], [15.256177, 16.83989, 807.0], [15.161346, 17.059809, 821.0], [15.126757, 17.324282, 835.0], [15.052042, 17.580956, 847.0], [14.999741, 17.813866, 862.0], [14.908163, 18.03899, 875.0], [14.873204, 18.356361, 891.0], [14.827818, 18.62877, 905.0], [14.78295, 18.934374, 924.0], [14.791024, 19.247475, 944.0], [14.908236, 19.91044, 961.0], [14.999168, 20.27429, 974.0], [15.13072, 20.628054, 988.0], [15.322932, 20.999138, 1002.0], [15.528673, 21.33462, 1016.0], [15.752588, 21.681953, 1030.0], [16.067648, 22.005123, 1044.0], [16.381823, 22.319403, 1059.0], [16.819515, 22.648745, 1071.0], [17.292124, 22.952976, 1086.0], [17.791683, 23.27098, 1101.0], [18.347782, 23.55679, 1118.0], [18.94022, 23.80764, 1128.0], [19.521881, 24.044935, 1142.0], [20.14713, 24.230282, 1155.0], [20.736507, 24.41275, 1170.0], [21.336802, 24.58071, 1183.0]"}