{"Image number":37582,"Image shape":5,"Path":"[15.281198, 3.7682533, 0.0], [14.57295, 4.2409844, 86.0], [13.779708, 4.801436, 103.0], [12.939837, 5.4085994, 119.0], [12.437003, 5.8214374, 136.0], [11.82661, 6.149705, 153.0], [11.126369, 6.570569, 169.0], [10.372839, 7.185022, 186.0], [9.588961, 7.831196, 202.0], [8.938181, 8.342558, 219.0], [8.521764, 8.666606, 235.0], [8.386726, 8.897284, 351.0], [9.097127, 9.133462, 384.0], [9.649059, 9.317881, 401.0], [10.25414, 9.598, 417.0], [10.721111, 9.784637, 434.0], [11.280218, 10.112042, 450.0], [11.791513, 10.579026, 467.0], [12.209692, 11.091893, 483.0], [12.672716, 11.647829, 500.0], [13.145258, 12.215272, 516.0], [13.608223, 12.724168, 533.0], [14.450522, 13.519123, 566.0], [14.915381, 13.79594, 583.0], [15.3295765, 14.0259, 599.0], [15.981874, 14.539053, 632.0], [16.311026, 14.774322, 649.0], [16.777687, 15.101143, 665.0], [17.196676, 15.427687, 682.0], [17.567083, 15.705535, 698.0], [18.172018, 16.405653, 732.0], [18.404686, 16.919872, 748.0], [18.496069, 17.476248, 765.0], [18.448671, 18.13569, 781.0], [18.261946, 18.924162, 798.0], [17.934975, 19.763924, 814.0], [17.46399, 20.563591, 831.0], [17.051281, 21.298332, 847.0], [16.629665, 21.813831, 864.0], [16.209139, 22.187017, 880.0], [15.839897, 22.463604, 897.0], [15.413828, 22.700403, 914.0], [14.762347, 22.790588, 930.0], [14.160849, 22.789677, 947.0], [13.503868, 22.789677, 963.0], [12.848874, 22.789677, 980.0], [11.72815, 22.45616, 1013.0], [11.124175, 21.894085, 1029.0], [10.564097, 20.856916, 1046.0]"}