{"Image number":38304,"Image shape":7,"Path":"[9.364392, 8.663473, 0.0], [9.410981, 8.89658, 84.0], [9.64453, 9.363999, 101.0], [9.924017, 9.876645, 118.0], [10.2966585, 10.249077, 134.0], [10.719211, 10.483776, 151.0], [11.696139, 10.855241, 184.0], [12.352186, 10.995837, 200.0], [12.954412, 10.900878, 217.0], [13.609794, 10.760181, 233.0], [14.169837, 10.525494, 250.0], [14.724007, 10.247651, 267.0], [15.242387, 10.011948, 283.0], [16.123539, 9.781549, 316.0], [16.446737, 9.688906, 333.0], [16.678986, 9.642494, 349.0], [16.959795, 9.690068, 382.0], [17.005152, 9.92305, 399.0], [17.004992, 10.298823, 415.0], [17.051678, 10.902551, 432.0], [17.05158, 11.704885, 448.0], [17.004906, 13.933901, 481.0], [16.864462, 15.33793, 498.0], [16.58199, 16.74746, 515.0], [16.256872, 18.13912, 531.0], [15.976843, 19.353546, 549.0], [15.791826, 20.51681, 566.0], [15.700413, 21.671862, 581.0], [15.560093, 22.701132, 597.0], [15.235108, 24.419544, 630.0], [15.094643, 24.981667, 647.0], [14.95473, 25.261288, 663.0]"}