{"Image number":37392,"Image shape":4,"Path":"[15.094841, 5.772962, 0.0], [14.859755, 6.196305, 101.0], [14.113322, 7.3630037, 117.0], [13.317212, 8.722465, 134.0], [12.622135, 10.022001, 151.0], [12.155198, 11.098207, 167.0], [11.73835, 12.165385, 184.0], [11.273092, 13.188916, 200.0], [10.804816, 14.125824, 217.0], [10.482262, 14.911352, 233.0], [10.295551, 15.612355, 250.0], [10.202937, 16.21647, 266.0], [10.109492, 16.730715, 283.0], [10.109817, 17.154814, 299.0], [10.109817, 17.384308, 316.0], [10.344201, 17.474869, 349.0], [10.904925, 17.287354, 366.0], [11.653247, 16.959412, 382.0], [12.636915, 16.537603, 399.0], [13.563887, 16.260773, 415.0], [14.583431, 15.8893585, 432.0], [15.432232, 15.606265, 448.0], [16.362125, 15.233299, 465.0], [17.009974, 14.908214, 483.0], [17.664078, 14.628047, 498.0], [18.221638, 14.48978, 514.0], [18.782047, 14.443937, 531.0], [19.246866, 14.444494, 548.0], [19.474754, 14.444494, 581.0], [19.237709, 14.63169, 730.0], [18.390045, 14.536334, 746.0], [17.500082, 14.204978, 763.0], [16.625399, 13.788537, 779.0], [16.067598, 13.226728, 796.0], [15.559934, 12.625327, 812.0], [15.045079, 12.016443, 829.0], [14.575496, 11.405187, 845.0], [14.25341, 10.849815, 862.0], [14.066092, 10.331402, 878.0], [13.97529, 9.9632015, 895.0], [13.930115, 9.735711, 928.0], [14.16522, 10.299535, 961.0], [14.489943, 11.042887, 978.0], [14.914084, 11.938783, 994.0], [15.611374, 14.134373, 1027.0], [15.795771, 15.39106, 1044.0], [15.8883095, 16.607975, 1061.0], [15.934196, 17.82083, 1077.0], [15.98076, 18.842916, 1093.0], [15.980032, 20.058506, 1110.0], [15.980032, 20.89299, 1127.0], [15.9324875, 21.782215, 1143.0], [15.933444, 22.403, 1160.0], [15.884469, 22.860178, 1176.0]"}