{"Image number":10035,"Image shape":5,"Path":"[22.438889, 8.75, 0.0], [21.988106, 8.654539, 31.0], [21.445866, 8.672222, 48.0], [21.066599, 8.672222, 65.0], [20.570545, 8.72858, 82.0], [19.936647, 8.890797, 98.0], [19.196346, 8.990487, 115.0], [18.207373, 9.157104, 132.0], [17.360325, 9.315773, 148.0], [16.424019, 9.482037, 165.0], [15.630224, 9.642332, 182.0], [15.042814, 9.76255, 199.0], [14.618145, 9.869074, 215.0], [14.2246685, 10.095999, 232.0], [13.835618, 10.350748, 249.0], [13.328623, 10.745638, 265.0], [12.9855795, 11.125531, 282.0], [12.6592455, 11.451864, 299.0], [12.390244, 11.97717, 316.0], [12.249351, 12.564681, 332.0], [12.140211, 13.055164, 349.0], [12.108286, 13.461494, 366.0], [12.094444, 13.893286, 382.0], [12.094444, 14.280846, 399.0], [12.094444, 14.442324, 416.0], [12.094444, 14.652241, 433.0], [12.263753, 14.823544, 483.0], [12.565325, 14.975033, 516.0], [12.83772, 15.082865, 533.0], [13.0707245, 15.218321, 549.0], [13.384079, 15.430126, 566.0], [13.688889, 15.691666, 583.0], [14.000698, 15.990395, 599.0], [14.281488, 16.313343, 616.0], [14.485984, 16.707354, 633.0], [14.6583395, 17.14261, 650.0], [14.882219, 17.813324, 666.0], [14.956114, 18.266962, 683.0], [15.063498, 18.766294, 700.0], [15.166667, 19.580555, 717.0], [15.199115, 19.969814, 733.0], [15.252909, 20.406605, 750.0], [15.244444, 20.85199, 767.0], [15.244444, 21.229332, 783.0], [15.136532, 21.503117, 800.0], [14.8953705, 21.834723, 817.0], [14.4514885, 22.253613, 833.0], [13.91292, 22.582687, 850.0], [13.378557, 22.655443, 867.0], [12.665581, 22.763842, 884.0], [11.80146, 22.850536, 900.0], [11.133994, 22.866667, 917.0], [10.508273, 22.866667, 934.0], [9.487503, 22.500557, 950.0], [8.626202, 22.163895, 967.0], [8.166618, 21.855526, 984.0], [7.32521, 21.29765, 1000.0], [6.8199983, 20.91185, 1017.0], [6.475, 20.61111, 1034.0], [6.1218576, 20.277412, 1051.0], [5.7987976, 19.800974, 1067.0], [5.7555556, 19.444443, 1084.0], [5.7545815, 18.524755, 1101.0], [5.8613906, 17.770267, 1118.0], [6.241667, 16.975, 1134.0]"}