{"Image number":38953,"Image shape":2,"Path":"[8.665557, 8.243883, 0.0], [9.08889, 8.196757, 54.0], [9.699251, 8.008087, 70.0], [10.53347, 7.682735, 87.0], [11.380605, 7.2583914, 103.0], [13.47032, 6.376917, 136.0], [14.54906, 6.143041, 153.0], [16.270906, 6.1466002, 186.0], [16.872854, 6.334765, 203.0], [17.24209, 6.568121, 219.0], [17.425034, 6.9867826, 236.0], [17.471397, 7.6450367, 252.0], [17.330309, 8.716279, 269.0], [16.955387, 9.979044, 285.0], [16.394396, 11.426887, 302.0], [15.790243, 12.7738, 318.0], [15.041183, 14.130966, 335.0], [14.434166, 15.394438, 351.0], [13.591998, 16.559113, 368.0], [12.896443, 17.816916, 385.0], [11.7712145, 19.0305, 401.0], [10.882515, 20.10905, 418.0], [10.009848, 20.93127, 434.0], [9.40516, 21.395525, 451.0], [8.798162, 21.579733, 467.0], [8.523225, 21.577528, 484.0], [8.714342, 21.01478, 533.0], [9.182225, 20.547672, 550.0], [9.837826, 19.985937, 567.0], [10.623516, 19.665558, 583.0], [11.476763, 19.333538, 600.0], [13.749576, 19.059502, 633.0], [14.875092, 18.965645, 649.0], [16.17944, 18.966743, 666.0], [17.428965, 18.966743, 682.0], [18.755371, 18.91917, 699.0], [19.897062, 18.920122, 715.0], [20.924446, 18.826338, 732.0], [21.902994, 18.733051, 748.0], [22.691938, 18.452822, 765.0], [23.855703, 17.939922, 798.0]"}