{"Image number":37843,"Image shape":1,"Path":"[20.079865, 6.7986274, 0.0], [19.184872, 8.306035, 68.0], [17.694519, 10.449049, 102.0], [16.807217, 11.662861, 118.0], [16.013859, 12.973651, 134.0], [15.0853405, 14.130032, 151.0], [14.2962055, 15.434452, 170.0], [13.223236, 16.691755, 184.0], [12.379752, 18.055162, 201.0], [11.352533, 19.21712, 217.0], [10.706155, 20.334743, 234.0], [10.049343, 21.41387, 250.0], [9.397001, 22.391073, 267.0], [8.798638, 23.218533, 283.0]"}