{"Image number":39366,"Image shape":3,"Path":"[9.597338, 6.705385, 0.0], [10.0244665, 6.422177, 53.0], [10.715621, 6.192505, 69.0], [11.802124, 6.050719, 86.0], [12.773953, 6.05269, 103.0], [13.803192, 6.2415113, 119.0], [14.733421, 6.711035, 135.0], [15.427928, 7.317498, 152.0], [15.844446, 8.111919, 169.0], [15.981491, 9.046176, 185.0], [15.744698, 10.072629, 202.0], [15.183554, 11.048971, 218.0], [14.388218, 11.841502, 235.0], [13.317237, 12.443871, 251.0], [12.425405, 12.865946, 268.0], [11.539914, 13.001476, 284.0], [11.034542, 13.046502, 301.0], [10.713917, 13.04586, 317.0], [11.275833, 12.812496, 371.0], [11.975, 12.766025, 384.0], [13.839368, 12.906344, 420.0], [14.972305, 13.426733, 433.0], [16.12258, 14.213281, 450.0], [17.20035, 15.292685, 466.0], [18.218756, 16.405258, 483.0], [18.968607, 17.625916, 499.0], [19.431242, 18.742334, 516.0], [19.661057, 19.901632, 533.0], [19.753918, 20.926767, 552.0], [19.285648, 23.030504, 583.0], [18.727806, 23.863432, 599.0], [18.024792, 24.331617, 615.0], [17.142117, 24.561975, 632.0], [16.16354, 24.654795, 648.0], [15.045897, 24.420927, 665.0], [13.779781, 23.904278, 681.0], [12.527962, 23.113203, 698.0], [11.310146, 22.081059, 714.0]"}