{"Image number":38303,"Image shape":1,"Path":"[17.424292, 5.353372, 0.0], [17.235777, 6.106872, 52.0], [16.766922, 7.277659, 69.0], [16.11421, 8.863543, 85.0], [15.464836, 10.488497, 102.0], [14.949448, 12.178485, 118.0], [14.48648, 13.848164, 135.0], [14.062921, 15.402464, 151.0], [13.692145, 16.84166, 168.0], [13.459739, 18.05767, 184.0], [13.274036, 18.98593, 201.0], [13.08889, 19.72318, 218.0], [12.903149, 20.325296, 234.0], [12.66966, 20.884348, 251.0], [12.4841385, 21.254622, 267.0], [12.296965, 21.629229, 284.0], [12.204816, 21.908398, 300.0], [12.15889, 22.283588, 317.0], [12.112604, 22.559818, 333.0], [12.113144, 22.840923, 350.0]"}