{"Image number":37279,"Image shape":7,"Path":"[11.181364, 9.083064, 0.0], [11.602268, 9.036443, 53.0], [12.396721, 8.989584, 69.0], [13.433043, 9.037144, 86.0], [14.544441, 9.0834255, 102.0], [15.66636, 9.083064, 119.0], [16.740162, 9.083064, 135.0], [17.71323, 9.083064, 152.0], [18.600931, 9.083064, 168.0], [19.202463, 9.083064, 185.0], [19.620369, 9.035732, 201.0], [19.896458, 9.036443, 218.0], [20.220743, 9.083221, 235.0], [20.593157, 9.270089, 268.0], [20.78021, 9.458296, 301.0], [20.778702, 9.69135, 317.0], [20.825876, 9.97238, 334.0], [20.778225, 10.204358, 350.0], [20.638176, 10.576967, 367.0], [20.403582, 11.045972, 384.0], [20.076134, 11.654159, 400.0], [19.751928, 12.209792, 417.0], [19.380829, 12.81308, 433.0], [18.864737, 13.47031, 450.0], [17.60533, 14.869762, 483.0], [16.909763, 15.658972, 499.0], [15.366745, 17.296469, 532.0], [14.672701, 18.084166, 549.0], [13.787022, 18.923277, 565.0], [13.041479, 19.669508, 582.0], [12.248588, 20.369196, 599.0], [11.503178, 21.115631, 615.0], [10.150322, 22.516037, 648.0], [9.548903, 23.258163, 665.0], [8.849512, 24.00439, 681.0], [7.6862392, 25.308249, 714.0], [7.1711073, 25.823654, 731.0], [6.7974963, 26.15034, 747.0]"}