{"Image number":38243,"Image shape":7,"Path":"[9.550749, 10.99453, 0.0], [9.976097, 10.947044, 102.0], [13.117027, 10.194878, 135.0], [14.825903, 9.732894, 151.0], [16.094395, 9.403916, 168.0], [17.107443, 9.174197, 185.0], [18.044373, 8.892249, 201.0], [18.781656, 8.6615095, 218.0], [19.339382, 8.381275, 234.0], [19.709595, 8.102188, 251.0], [19.895908, 7.8679123, 267.0], [19.470917, 8.482635, 317.0], [18.81239, 9.61232, 333.0], [17.931627, 11.377794, 350.0], [16.75784, 13.491045, 366.0], [15.499876, 15.728646, 383.0], [14.289074, 17.683588, 399.0], [13.18056, 19.345913, 416.0], [12.38764, 20.841082, 433.0], [11.730534, 22.109465, 449.0], [11.173711, 23.03555, 466.0], [10.660622, 23.73338, 482.0], [10.385992, 24.42982, 499.0], [10.200411, 25.224968, 515.0], [9.956818, 25.903746, 532.0], [9.675479, 26.308834, 548.0]"}