{"Image number":38867,"Image shape":3,"Path":"[11.926788, 3.2554207, 0.0], [11.455966, 3.302591, 53.0], [10.847765, 3.4436321, 70.0], [10.148008, 3.6306314, 86.0], [9.684378, 3.8173313, 103.0], [9.314001, 4.0032616, 119.0], [9.131447, 4.3746467, 152.0], [9.461173, 4.703682, 185.0], [10.481263, 5.3992143, 218.0], [11.229288, 5.726925, 235.0], [11.974351, 6.053116, 252.0], [12.721204, 6.426861, 268.0], [13.372567, 6.7060375, 285.0], [13.934265, 6.9871883, 301.0], [14.446766, 7.173113, 318.0], [14.770088, 7.3588643, 334.0], [15.00239, 7.4983807, 351.0], [15.281189, 7.6844225, 400.0], [8.712146, 6.006069, 0.0], [8.993753, 5.8649592, 135.0], [9.831199, 5.3994837, 152.0], [10.725477, 5.022809, 169.0], [11.651557, 4.7928424, 185.0], [12.4482155, 4.793919, 201.0], [13.187309, 4.747134, 218.0], [13.931653, 4.794016, 234.0], [14.491595, 4.8407407, 251.0], [14.909483, 5.027469, 268.0], [15.189451, 5.2144647, 284.0], [15.469168, 5.7295737, 317.0], [15.514863, 6.152409, 334.0], [15.514143, 6.615014, 350.0], [15.514143, 7.2209706, 367.0], [15.420675, 7.8729463, 383.0], [15.279704, 8.530589, 400.0], [14.953064, 9.180329, 416.0], [14.484392, 9.788615, 433.0], [13.971057, 10.395135, 450.0], [13.414763, 10.857062, 466.0], [12.578471, 11.321091, 499.0], [12.392678, 11.554607, 615.0], [12.392678, 11.741568, 648.0], [12.299115, 12.06836, 681.0], [12.158416, 12.584484, 698.0], [12.112793, 12.955436, 714.0], [12.066234, 13.281221, 731.0], [11.972838, 13.513689, 764.0], [12.350185, 13.605314, 962.0], [13.046374, 13.652032, 979.0], [14.447612, 13.839306, 1012.0], [15.055903, 14.02726, 1029.0], [15.845011, 14.259407, 1045.0], [16.587782, 14.445017, 1062.0], [17.38453, 14.679608, 1078.0], [18.031946, 14.771128, 1095.0], [18.544405, 15.004848, 1111.0], [18.872015, 15.23953, 1128.0], [19.195932, 15.5178585, 1144.0], [19.474953, 15.70376, 1161.0], [19.754967, 16.03104, 1178.0], [19.94189, 16.31203, 1194.0], [20.03363, 16.636919, 1211.0], [20.033278, 16.96365, 1227.0], [19.75059, 17.854782, 1260.0], [19.37635, 18.414318, 1277.0], [18.95693, 19.020304, 1293.0], [18.446476, 19.528975, 1310.0], [17.884125, 20.091719, 1326.0], [17.229946, 20.46319, 1343.0], [16.438341, 20.83516, 1359.0], [15.694338, 21.066622, 1376.0], [14.806142, 21.347319, 1393.0], [14.1131, 21.531807, 1409.0], [13.409826, 21.625193, 1426.0], [12.761397, 21.671055, 1442.0], [12.156157, 21.717669, 1459.0], [11.453212, 21.717392, 1475.0], [10.800665, 21.764582, 1492.0], [10.155991, 21.764013, 1508.0], [9.49889, 21.764013, 1525.0], [8.894441, 21.71708, 1541.0], [8.286247, 21.576004, 1558.0], [7.680931, 21.436222, 1574.0]"}