{"Image number":35076,"Image shape":2,"Path":"[9.6905155, 6.7520065, 0.0], [9.923461, 6.6587644, 53.0], [10.486199, 6.3302736, 70.0], [11.417295, 5.9114823, 86.0], [12.403772, 5.582776, 103.0], [13.287575, 5.5393453, 120.0], [14.075067, 5.5398564, 136.0], [14.723743, 5.7268023, 153.0], [15.28407, 6.1480885, 169.0], [15.747383, 6.892341, 186.0], [16.028637, 7.8310103, 202.0], [16.168066, 8.95662, 219.0], [16.11964, 10.159497, 235.0], [15.88639, 11.416636, 252.0], [15.558355, 12.729021, 268.0], [15.138764, 13.939369, 285.0], [14.580536, 15.147772, 301.0], [13.972739, 16.270044, 318.0], [13.365824, 17.391281, 335.0], [12.762886, 18.458347, 351.0], [12.104909, 19.492527, 368.0], [11.455747, 20.466352, 384.0], [10.946054, 21.254837, 401.0], [10.574741, 21.952309, 417.0], [10.248017, 22.325256, 434.0], [10.4826765, 21.857008, 500.0], [10.856118, 21.249754, 517.0], [11.274703, 20.644873, 533.0], [11.833704, 20.13219, 550.0], [12.394279, 19.617973, 566.0], [13.465751, 19.105917, 599.0], [14.027272, 18.965748, 616.0], [14.537394, 18.873209, 632.0], [14.956759, 18.873503, 649.0], [15.799227, 19.108274, 682.0], [16.259949, 19.386562, 699.0], [16.96269, 20.138405, 732.0], [17.426037, 20.50664, 748.0], [18.404276, 21.20569, 781.0], [18.776426, 21.578583, 798.0], [19.196848, 22.093018, 814.0], [19.711023, 22.513117, 831.0], [20.127953, 22.977823, 847.0]"}