{"Image number":30114,"Image shape":6,"Path":"[18.446602, 5.5079236, 0.0], [18.221941, 5.4329906, 100.0], [17.90872, 5.4302063, 135.0], [17.59649, 5.5070715, 153.0], [17.11679, 5.7652183, 171.0], [16.187702, 6.2300453, 189.0], [15.255514, 6.7553706, 206.0], [14.181466, 7.663553, 224.0], [13.245459, 8.732628, 242.0], [12.406704, 9.890028, 260.0], [11.754048, 11.051736, 277.0], [11.272316, 12.177957, 295.0], [10.857338, 13.17083, 313.0], [10.498932, 14.221055, 331.0], [10.226635, 15.193041, 349.0], [10.006196, 16.061468, 366.0], [9.941748, 16.98938, 384.0], [9.941748, 17.773193, 402.0], [9.980583, 18.482689, 419.0], [10.012694, 19.118841, 437.0], [10.137436, 19.675262, 456.0], [10.397037, 20.259718, 473.0], [10.802361, 20.674433, 490.0], [11.216589, 21.10109, 508.0], [11.670632, 21.348639, 526.0], [12.274704, 21.588156, 544.0], [12.886253, 21.73455, 562.0], [13.493705, 21.899265, 579.0], [14.11563, 21.867365, 597.0], [14.853447, 21.717018, 615.0], [15.686198, 21.521349, 633.0], [16.499641, 21.054146, 650.0], [17.279394, 20.638105, 668.0], [18.05792, 20.131905, 686.0], [18.802101, 19.5315, 704.0], [19.394375, 19.02587, 721.0], [19.914665, 18.424368, 739.0], [20.345757, 18.024757, 757.0], [20.656567, 17.578945, 775.0], [20.861237, 17.298801, 792.0], [20.97788, 16.996025, 810.0], [21.107727, 16.697319, 828.0], [21.182293, 16.37976, 846.0], [21.16505, 16.148682, 864.0], [21.16505, 15.850267, 881.0], [21.10708, 15.573423, 899.0], [20.957977, 15.27446, 917.0], [20.645346, 14.974548, 935.0], [20.271845, 14.659107, 952.0], [19.783205, 14.368094, 970.0], [19.19394, 14.221903, 988.0], [18.664093, 14.074289, 1006.0], [18.049667, 14.056801, 1023.0], [17.246834, 14.244954, 1041.0], [16.273766, 14.584506, 1059.0], [15.34676, 15.024785, 1077.0], [14.274299, 15.598009, 1094.0], [13.552719, 16.159187, 1112.0], [12.8865, 16.732418, 1130.0], [12.388074, 17.204617, 1148.0], [12.07767, 17.515211, 1160.0]"}