{"Image number":10224,"Image shape":6,"Path":"[19.988888, 4.2000003, 0.0], [19.762302, 4.2000003, 32.0], [19.47829, 4.226767, 48.0], [19.151514, 4.281229, 65.0], [18.662994, 4.4305468, 82.0], [17.596666, 4.9150796, 98.0], [16.312069, 5.730843, 115.0], [15.050001, 6.688889, 132.0], [14.076866, 7.9863997, 149.0], [13.270473, 9.23529, 165.0], [12.738937, 10.383222, 182.0], [12.374182, 11.372973, 199.0], [12.100351, 12.566231, 215.0], [11.838115, 13.593193, 232.0], [11.652976, 14.461908, 249.0], [11.55, 15.322222, 265.0], [11.62504, 16.359085, 282.0], [11.834451, 17.39281, 299.0], [12.075, 18.141666, 315.0], [12.480749, 19.010761, 332.0], [12.911902, 19.766665, 349.0], [13.322798, 20.185272, 366.0], [13.7761545, 20.704424, 382.0], [14.136111, 21.0, 399.0], [14.756379, 21.49129, 416.0], [15.344445, 21.763134, 432.0], [15.851982, 21.863443, 449.0], [16.370499, 21.933086, 466.0], [17.050764, 21.776749, 482.0], [17.45286, 21.62157, 499.0], [17.950005, 21.400616, 516.0], [18.297222, 21.194443, 533.0], [18.800974, 20.710136, 549.0], [19.149044, 20.362066, 566.0], [19.359472, 19.84675, 583.0], [19.443232, 19.263334, 599.0], [19.39, 18.651115, 616.0], [19.127842, 18.0807, 633.0], [18.917486, 17.563156, 649.0], [18.647223, 17.15, 666.0], [18.34521, 16.795362, 683.0], [17.86243, 16.488567, 699.0], [17.478874, 16.264439, 716.0], [17.150425, 16.100212, 733.0], [16.65984, 15.936615, 750.0], [16.221115, 15.875802, 766.0], [15.588082, 15.866667, 783.0], [15.088888, 15.925001, 800.0], [14.416527, 16.48384, 816.0], [13.844291, 16.89344, 833.0], [13.17393, 17.48513, 850.0], [12.6725855, 17.932392, 866.0], [12.199885, 18.405672, 883.0], [11.7824955, 18.861948, 900.0], [11.4713545, 19.219929, 917.0]"}