{"Image number":39499,"Image shape":8,"Path":"[16.492512, 7.264838, 0.0], [15.606646, 8.058075, 51.0], [14.391789, 9.226984, 68.0], [12.932193, 10.876759, 84.0], [11.689089, 12.258586, 101.0], [10.899704, 13.3284645, 120.0], [10.482279, 14.212891, 151.0], [10.763364, 14.6326065, 184.0], [11.230487, 15.005976, 200.0], [12.586664, 16.082438, 233.0], [13.422702, 16.779776, 250.0], [14.117041, 17.522097, 266.0], [14.679798, 18.226133, 283.0], [14.909344, 18.782326, 300.0], [14.815308, 19.992413, 333.0], [14.438623, 20.604942, 349.0], [13.369723, 21.391817, 383.0], [12.902801, 21.578472, 399.0], [12.483672, 21.624392, 415.0], [12.158893, 21.577408, 432.0], [11.972569, 21.390236, 448.0], [11.78665, 21.064047, 465.0], [11.692624, 20.639614, 482.0], [11.646644, 19.98386, 498.0], [11.647254, 19.102829, 515.0], [11.83491, 17.979895, 531.0], [12.303413, 16.718359, 548.0], [13.096054, 15.416056, 564.0], [14.076197, 13.968958, 581.0], [15.155033, 12.656321, 597.0], [16.259874, 11.4137745, 614.0], [17.38433, 10.288579, 630.0], [18.26596, 9.2192135, 647.0], [18.91724, 8.3810425, 663.0], [19.428146, 7.450095, 697.0], [19.052265, 7.2177773, 730.0], [18.494667, 7.1714983, 746.0], [17.839031, 7.171596, 763.0], [17.04434, 7.2656903, 779.0], [16.207794, 7.640114, 796.0], [15.134661, 8.388459, 812.0], [13.766233, 9.664984, 829.0], [12.034007, 11.302428, 846.0], [10.88628, 12.553562, 862.0]"}