{"Image number":37253,"Image shape":8,"Path":"[13.930115, 14.864085, 0.0], [13.695676, 14.301638, 69.0], [13.273407, 13.550753, 85.0], [12.763319, 12.6225, 102.0], [12.206558, 10.948758, 135.0], [12.112941, 10.153619, 151.0], [12.018757, 9.541408, 168.0], [12.019966, 9.077627, 184.0], [12.206505, 8.616397, 201.0], [12.584858, 8.096007, 218.0], [13.187788, 7.5417056, 234.0], [13.888235, 6.9813423, 251.0], [14.6851425, 6.466062, 267.0], [15.471227, 6.1444182, 284.0], [16.268595, 5.957323, 300.0], [17.059875, 5.9123383, 317.0], [17.855116, 5.865526, 333.0], [18.591286, 5.912969, 350.0], [19.19633, 6.240066, 366.0], [19.661404, 6.706226, 383.0], [19.941223, 7.360708, 399.0], [20.12916, 7.9256544, 416.0], [20.220587, 8.529805, 433.0], [20.219633, 9.084524, 449.0], [20.125648, 9.694378, 466.0], [19.93863, 10.206018, 482.0], [19.279472, 11.236953, 515.0], [18.77186, 11.650101, 532.0], [18.163872, 12.070866, 548.0], [17.506535, 12.446037, 565.0], [16.81157, 12.957804, 581.0], [15.459215, 13.797163, 615.0], [14.023076, 14.444603, 648.0], [13.273276, 14.772853, 664.0], [12.529252, 15.098588, 681.0], [11.831687, 15.471187, 697.0], [10.61764, 16.265945, 730.0], [10.015165, 16.776798, 747.0], [9.408967, 17.336864, 763.0], [8.845694, 18.042103, 780.0], [8.105281, 19.43598, 813.0], [7.9177146, 20.188574, 830.0], [7.826364, 20.88264, 846.0], [7.9207788, 21.676262, 863.0], [8.155086, 22.423134, 879.0], [8.903544, 23.728157, 912.0], [9.4641485, 24.193798, 929.0], [10.017069, 24.421597, 945.0], [10.628395, 24.56269, 962.0], [11.281811, 24.608421, 979.0], [12.02096, 24.561218, 995.0], [12.824179, 24.324583, 1012.0], [13.519447, 23.997797, 1028.0], [14.36354, 23.527767, 1045.0], [15.008189, 23.11183, 1061.0], [15.65391, 16.72893, 0.0], [15.278778, 16.30722, 53.0], [14.808625, 15.78915, 70.0], [14.248132, 15.0870495, 86.0], [13.880207, 14.3916445, 103.0], [14.0232935, 14.491115, 0.0], [13.787528, 14.208567, 118.0], [13.178507, 13.17525, 135.0], [12.575379, 11.966259, 152.0], [12.206075, 10.667313, 168.0], [12.112637, 9.683789, 185.0], [12.06648, 8.848599, 201.0], [12.159831, 8.149901, 218.0], [12.44227, 7.4909325, 234.0], [12.9533825, 6.8899345, 251.0], [13.559036, 6.471149, 267.0], [14.313263, 6.188637, 284.0], [15.103036, 6.0983467, 300.0], [15.942721, 6.0521746, 317.0], [16.777802, 6.05269, 334.0], [17.568989, 6.1934237, 350.0], [18.272856, 6.4289813, 367.0], [18.920769, 6.7548223, 383.0], [19.386429, 7.1292963, 400.0], [19.755077, 7.5460706, 416.0], [19.987442, 7.9655137, 433.0], [20.126945, 8.291649, 449.0], [20.173426, 8.619523, 466.0], [20.173044, 8.948557, 482.0], [20.078686, 9.368109, 499.0], [19.846075, 9.783904, 515.0], [19.472723, 10.25045, 532.0], [19.002192, 10.862635, 549.0], [18.397215, 11.560272, 565.0], [17.697493, 12.212596, 582.0], [17.044226, 12.81959, 598.0], [16.398474, 13.372946, 615.0], [15.743656, 14.028338, 631.0], [15.088266, 14.637087, 648.0], [13.688894, 15.990722, 681.0], [12.99144, 16.595047, 698.0], [11.68977, 17.851624, 731.0], [11.082839, 18.506296, 747.0], [10.525345, 19.06376, 764.0], [10.061216, 19.52821, 780.0], [9.640148, 19.996609, 797.0], [9.315267, 20.46225, 813.0], [8.991299, 20.92538, 830.0], [8.757523, 21.440334, 846.0], [8.617676, 21.814083, 863.0], [8.572137, 22.138676, 879.0], [8.525121, 22.42073, 896.0], [8.572827, 22.746199, 913.0], [8.713196, 23.165802, 929.0], [9.088149, 23.444843, 946.0], [9.551931, 23.72281, 962.0], [10.158591, 23.90926, 979.0], [10.720807, 24.09685, 995.0], [11.323002, 24.141836, 1012.0], [11.882432, 24.141691, 1028.0], [12.492217, 23.953247, 1045.0], [13.096725, 23.673073, 1062.0], [13.700928, 23.3002, 1078.0], [14.263978, 22.971643, 1095.0], [14.7764015, 22.455639, 1111.0], [15.24325, 21.988474, 1128.0], [15.565044, 21.571981, 1144.0], [15.702676, 21.198751, 1161.0], [15.74769, 20.826767, 1177.0], [15.794445, 20.452473, 1196.0], [15.887712, 20.129276, 1210.0], [15.980261, 19.805126, 1227.0], [16.027142, 19.102438, 1260.0], [16.026623, 18.58878, 1276.0], [15.840746, 17.290787, 1310.0], [15.466761, 16.540857, 1326.0], [14.952173, 15.792282, 1343.0], [14.440686, 15.000996, 1359.0], [13.6486845, 13.601787, 1392.0], [13.368427, 13.087673, 1409.0]"}