{"Image number":38944,"Image shape":5,"Path":"[22.176373, 7.264838, 0.0], [21.80366, 7.264838, 52.0], [21.191637, 7.3119497, 69.0], [20.260462, 7.31146, 86.0], [19.179413, 7.358744, 102.0], [18.151255, 7.4055414, 119.0], [17.03991, 7.4989185, 135.0], [16.153927, 7.5925, 152.0], [15.176554, 7.685522, 168.0], [14.531581, 7.778271, 185.0], [14.020119, 7.9184012, 201.0], [13.691565, 8.107224, 218.0], [13.365499, 8.341093, 235.0], [12.900635, 8.713716, 251.0], [12.480146, 9.324424, 268.0], [12.202279, 10.072895, 284.0], [12.01897, 10.952647, 303.0], [11.411741, 12.771558, 334.0], [10.989941, 13.521089, 350.0], [10.616962, 14.174108, 367.0], [10.386603, 14.8723345, 384.0], [10.295114, 15.571354, 400.0], [10.248887, 16.083908, 417.0], [10.249584, 16.455658, 433.0], [10.249584, 16.826296, 450.0], [10.249584, 17.153267, 466.0], [10.249584, 17.432512, 483.0], [10.249584, 17.662886, 516.0], [10.390299, 17.37973, 582.0], [11.097099, 16.53174, 599.0], [12.031311, 15.740236, 615.0], [13.04848, 15.048143, 632.0], [14.40086, 14.34901, 665.0], [14.915068, 14.209593, 681.0], [15.421297, 14.211389, 698.0], [16.1242, 14.353139, 731.0], [16.402699, 14.587163, 747.0], [16.682411, 14.867628, 764.0], [16.959219, 15.612471, 797.0], [17.005417, 16.221643, 814.0], [17.004992, 16.970577, 830.0], [16.958063, 17.807302, 847.0], [16.864145, 18.65011, 863.0], [16.629084, 19.396563, 880.0], [16.444162, 20.186378, 896.0], [16.256758, 20.74678, 913.0], [16.024197, 21.350735, 929.0], [15.790457, 21.911606, 946.0], [15.461769, 22.473253, 963.0], [14.858128, 22.979351, 979.0], [14.247878, 23.259752, 996.0], [13.367555, 23.44311, 1012.0], [12.659746, 23.537281, 1029.0], [11.726196, 23.58295, 1045.0], [11.078121, 23.58224, 1062.0], [10.52009, 23.534866, 1078.0], [10.20014, 23.488588, 1095.0], [10.013126, 23.251495, 1111.0], [9.735509, 22.927677, 1128.0]"}