{"Image number":39478,"Image shape":8,"Path":"[14.4425955, 6.379038, 0.0], [13.8292465, 6.379038, 53.0], [12.9395895, 6.568083, 70.0], [11.682151, 6.894903, 87.0], [10.607739, 7.506178, 103.0], [9.441884, 8.1594305, 120.0], [8.7953005, 8.908043, 136.0], [8.381496, 9.509196, 153.0], [8.386023, 10.115421, 169.0], [8.43288, 10.577629, 186.0], [9.699267, 12.076122, 219.0], [10.821909, 13.151815, 235.0], [11.932085, 14.169626, 252.0], [13.239133, 15.196608, 268.0], [15.51546, 17.336325, 301.0], [16.775612, 19.581024, 335.0], [16.863903, 21.450245, 368.0], [16.538578, 22.231493, 384.0], [16.02056, 22.843468, 401.0], [15.185497, 23.257153, 417.0], [14.246142, 23.491522, 434.0], [13.135778, 23.395561, 450.0], [12.04885, 22.969229, 467.0], [11.0806055, 22.271427, 483.0], [10.476658, 21.241238, 500.0], [10.530935, 18.535875, 533.0], [11.188989, 17.132174, 550.0], [12.3497095, 15.932603, 566.0], [13.672476, 14.751279, 583.0], [14.833679, 13.965782, 599.0], [15.802208, 13.272868, 616.0], [16.638773, 12.950089, 632.0], [17.389137, 12.6686, 649.0], [17.99279, 12.483502, 666.0], [18.458832, 12.200928, 682.0], [18.919827, 11.87705, 699.0], [19.244812, 11.314791, 715.0], [19.428606, 10.758468, 732.0], [19.52151, 10.244684, 748.0], [19.379309, 9.871027, 765.0], [18.955675, 9.449974, 781.0]"}