{"Image number":38210,"Image shape":7,"Path":"[8.386023, 11.460741, 0.0], [8.75982, 10.33948, 70.0], [9.275747, 9.542265, 86.0], [9.979364, 8.840636, 103.0], [10.961062, 8.283274, 119.0], [13.477974, 7.8228703, 152.0], [14.77583, 7.871167, 169.0], [15.845703, 8.292633, 186.0], [16.5466, 9.138691, 202.0], [16.912453, 10.390615, 219.0], [17.052286, 11.79416, 235.0], [16.957031, 13.253598, 252.0], [16.629753, 14.547848, 268.0], [16.071383, 15.847395, 285.0], [15.2695465, 17.120415, 301.0], [14.574629, 18.138914, 318.0], [13.879028, 18.831385, 334.0], [13.319381, 19.297325, 351.0], [12.901212, 19.52839, 368.0], [12.671649, 19.666626, 401.0], [12.625624, 19.900467, 500.0], [12.625624, 20.087738, 516.0], [12.579036, 20.599695, 550.0], [12.438728, 21.673468, 583.0], [12.392163, 22.189272, 599.0], [12.298013, 22.56253, 616.0], [12.252323, 22.934252, 632.0], [12.205818, 23.306545, 649.0], [12.159442, 23.58398, 665.0], [12.1125555, 23.865503, 682.0], [12.113144, 24.144503, 698.0], [12.066555, 24.564095, 732.0], [12.019966, 24.890383, 765.0], [7.826955, 11.460741, 0.0], [8.204762, 11.083403, 69.0], [8.993681, 10.620384, 85.0], [11.469779, 9.733001, 118.0], [12.868976, 9.172141, 135.0], [14.264063, 8.707485, 151.0], [15.576605, 8.2853985, 168.0], [16.684988, 7.96237, 185.0], [17.611834, 7.6840734, 201.0], [18.17365, 7.543582, 218.0], [18.403944, 7.4976892, 234.0], [17.884653, 8.157279, 317.0], [17.37685, 9.03792, 334.0], [16.814058, 10.117506, 350.0], [16.34838, 11.238118, 367.0], [15.929043, 12.546726, 383.0], [14.99556, 15.349226, 416.0], [14.485774, 16.691305, 433.0], [13.5079365, 19.440287, 466.0], [12.988979, 20.762184, 482.0], [12.483501, 21.909233, 499.0], [12.157088, 22.937857, 516.0], [11.9249935, 23.869152, 532.0], [11.786196, 24.565413, 549.0], [11.59943, 25.030582, 565.0], [11.506582, 25.309937, 582.0], [11.274542, 25.40061, 697.0], [11.227637, 25.213028, 730.0], [11.227953, 24.979301, 747.0], [11.32242, 24.177353, 764.0], [11.556076, 23.294907, 780.0], [11.927615, 22.134396, 797.0], [12.445629, 21.004185, 813.0], [13.001824, 19.986008, 830.0], [14.210676, 18.126144, 863.0], [14.771555, 17.565271, 879.0], [15.840578, 17.0552, 912.0], [17.331545, 16.82212, 946.0], [18.21706, 16.72885, 962.0], [19.108173, 16.634983, 979.0], [19.800747, 16.589039, 995.0], [20.315613, 16.54219, 1012.0], [20.639284, 16.542444, 1028.0], [19.890408, 16.589066, 1111.0], [18.727592, 16.542397, 1128.0], [17.136482, 16.636173, 1144.0], [15.495523, 16.777147, 1161.0], [12.474243, 17.290258, 1194.0], [10.333104, 17.569077, 1227.0], [9.442299, 17.662962, 1243.0], [8.890901, 17.755863, 1260.0]"}