{"Image number":15238,"Image shape":5,"Path":"[22.558594, 5.5740743, 0.0], [21.64599, 6.0723395, 132.0], [21.213787, 6.321405, 150.0], [20.680988, 6.563975, 166.0], [20.129246, 6.7876744, 182.0], [19.558931, 7.028456, 198.0], [18.919882, 7.2363358, 215.0], [18.29317, 7.429338, 232.0], [17.592545, 7.6369305, 249.0], [16.955412, 7.796189, 266.0], [16.311153, 7.9436874, 283.0], [15.654297, 8.077546, 299.0], [15.038871, 8.17701, 316.0], [14.402075, 8.247685, 332.0], [13.868466, 8.296296, 349.0], [13.441185, 8.340343, 365.0], [13.136592, 8.344908, 381.0], [12.899786, 8.344908, 398.0], [12.761068, 8.344908, 415.0], [12.596374, 8.344908, 449.0], [12.474177, 8.344908, 499.0], [12.441406, 8.551571, 565.0], [12.441406, 8.708197, 581.0], [12.441406, 8.960169, 598.0], [12.402678, 9.28063, 616.0], [12.373741, 9.701085, 632.0], [12.316898, 10.105299, 650.0], [12.285492, 10.523079, 665.0], [12.25, 10.932394, 681.0], [12.2261095, 11.3767185, 699.0], [12.200315, 11.800429, 716.0], [12.1953125, 12.232005, 733.0], [12.167969, 12.587641, 749.0], [12.138833, 12.9757, 765.0], [12.140625, 13.363876, 782.0], [12.113281, 13.854173, 799.0], [12.113281, 14.186573, 816.0], [12.113281, 14.492691, 832.0], [12.113281, 14.785879, 849.0], [12.113281, 14.972242, 864.0], [12.113281, 15.089184, 881.0], [12.248642, 15.247685, 916.0], [12.446667, 15.398196, 950.0], [12.7571945, 15.515838, 966.0], [13.100627, 15.653658, 982.0], [13.471319, 15.825598, 1000.0], [13.748802, 15.934829, 1016.0], [14.045486, 16.174477, 1033.0], [14.292615, 16.431396, 1049.0], [14.525711, 16.687208, 1065.0], [14.733126, 16.99081, 1082.0], [14.991877, 17.345966, 1098.0], [15.216013, 17.749762, 1116.0], [15.444514, 18.214663, 1132.0], [15.610374, 18.499462, 1148.0], [15.755855, 18.806705, 1165.0], [15.886083, 19.110573, 1182.0], [15.996471, 19.356327, 1198.0], [16.129583, 19.665556, 1215.0], [16.23509, 20.058315, 1231.0], [16.29222, 20.375626, 1248.0], [16.348303, 20.72336, 1266.0], [16.351562, 20.988062, 1283.0], [16.351562, 21.244278, 1299.0], [16.252937, 21.548018, 1315.0], [16.205942, 21.857666, 1332.0], [16.086838, 22.265324, 1348.0], [15.973214, 22.600365, 1366.0], [15.859375, 22.903934, 1383.0], [15.720169, 23.202229, 1399.0], [15.5729265, 23.486092, 1415.0], [15.458318, 23.689842, 1431.0], [15.369457, 23.892393, 1448.0], [15.260046, 24.044312, 1465.0], [15.146286, 24.194046, 1482.0], [15.023942, 24.351404, 1499.0], [14.863912, 24.441755, 1516.0], [14.684746, 24.544048, 1533.0], [14.464318, 24.581018, 1549.0], [14.264485, 24.581018, 1565.0], [14.034565, 24.517733, 1581.0], [13.779248, 24.40999, 1597.0], [13.439057, 24.301388, 1615.0], [13.049428, 24.200716, 1631.0], [12.645114, 24.098032, 1648.0], [12.270231, 23.95935, 1665.0], [11.934576, 23.856369, 1682.0], [11.591658, 23.685087, 1698.0], [11.247864, 23.533455, 1715.0], [10.993553, 23.279213, 1731.0], [10.7274065, 23.06131, 1748.0], [10.489248, 22.82146, 1765.0], [10.2107725, 22.53223, 1781.0], [9.940664, 22.255375, 1798.0], [9.668287, 21.928665, 1815.0], [9.440392, 21.436401, 1832.0], [9.264278, 20.71584, 1849.0], [9.269531, 20.157408, 1866.0]"}