{"Image number":10752,"Image shape":9,"Path":"[17.305557, 7.233333, 0.0], [16.509604, 6.9711857, 22.0], [15.7024, 6.8380976, 39.0], [14.991667, 6.8444443, 55.0], [14.290681, 7.0987463, 72.0], [13.413361, 7.629151, 89.0], [12.730751, 8.657361, 105.0], [12.050254, 10.051302, 122.0], [11.452778, 11.413889, 139.0], [11.201892, 12.955257, 155.0], [11.161111, 14.425346, 172.0], [11.511111, 15.788889, 189.0], [12.097122, 16.625397, 206.0], [12.8587, 17.253265, 222.0], [13.945219, 17.333927, 239.0], [15.0103855, 17.130735, 256.0], [16.03915, 16.57076, 272.0], [17.116667, 15.427778, 289.0], [18.10321, 14.082577, 306.0], [18.841667, 12.872222, 323.0], [19.426792, 11.591189, 339.0], [19.822205, 10.632582, 356.0], [20.068848, 10.184526, 372.0], [20.183712, 9.993873, 389.0], [20.23825, 9.829689, 406.0], [20.332018, 9.665062, 423.0], [20.416668, 9.504918, 456.0], [20.344524, 9.799442, 556.0], [20.241554, 10.422892, 573.0], [20.106987, 11.539979, 590.0], [19.903769, 12.75889, 606.0], [19.632866, 13.996596, 623.0], [19.31804, 14.873426, 640.0], [18.94769, 15.909447, 656.0], [18.53124, 16.888306, 673.0], [18.04432, 17.986422, 690.0], [17.597712, 19.000982, 707.0], [17.181639, 19.872149, 723.0], [16.657316, 20.73052, 740.0], [16.427296, 21.098549, 756.0], [16.216154, 21.633354, 773.0], [16.046097, 22.17783, 790.0]"}