{"Image number":10327,"Image shape":2,"Path":"[11.705556, 6.8055553, 0.0], [11.705556, 6.6305556, 21.0], [11.933382, 5.929524, 38.0], [12.524972, 5.149341, 55.0], [13.29924, 4.6670465, 72.0], [14.643055, 4.12891, 88.0], [16.183168, 3.7548285, 105.0], [17.771412, 3.7333336, 121.0], [19.291235, 4.054753, 138.0], [20.436111, 4.647222, 155.0], [20.794636, 5.517928, 172.0], [20.941135, 6.7024946, 188.0], [20.49385, 8.175711, 205.0], [19.496407, 9.89575, 222.0], [18.265833, 11.964279, 239.0], [17.070938, 13.521502, 255.0], [15.817242, 15.0577545, 272.0], [14.528735, 16.525648, 289.0], [13.366579, 17.744532, 305.0], [12.224984, 18.41516, 322.0], [11.1625595, 18.458014, 339.0], [9.963418, 18.472221, 355.0], [8.758836, 18.472221, 372.0], [7.9292927, 18.472221, 389.0], [7.354857, 18.43024, 405.0], [6.864048, 18.316702, 423.0], [6.706323, 18.22816, 455.0], [7.2686787, 18.08012, 489.0], [8.3436365, 18.027817, 506.0], [10.655318, 17.975586, 522.0], [13.0976925, 18.145721, 539.0], [14.856602, 18.584682, 556.0], [16.180223, 19.258757, 572.0], [17.537575, 19.545294, 589.0], [18.71315, 19.533508, 606.0], [19.662027, 19.43715, 622.0]"}