{"Image number":79,"Image shape":7,"Path":"[7.682705, 13.326073, 0.0], [7.9046545, 13.1977215, 46.0], [8.139724, 13.15275, 58.0], [8.44725, 13.071136, 74.0], [8.859299, 13.025324, 86.0], [9.375775, 12.98006, 100.0], [9.9591055, 12.743103, 113.0], [10.59266, 12.562029, 127.0], [11.358337, 12.381662, 141.0], [12.049491, 12.206704, 156.0], [13.443539, 11.714216, 169.0], [14.64748, 11.2033615, 184.0], [15.222836, 11.006133, 202.0], [16.595924, 10.358479, 213.0], [16.862999, 10.252443, 226.0], [17.407936, 9.9916315, 239.0], [17.99497, 9.761978, 253.0], [18.523727, 9.539, 267.0], [19.009068, 9.358603, 283.0], [19.473866, 9.255202, 296.0], [19.80542, 9.122755, 312.0], [20.053123, 9.113741, 330.0], [20.236965, 9.159232, 338.0], [20.353704, 9.36708, 365.0], [20.256277, 9.599648, 379.0], [20.066273, 9.846714, 395.0], [19.810532, 10.147735, 408.0], [19.5006, 10.541651, 421.0], [19.125326, 10.971146, 439.0], [18.718472, 11.468576, 449.0], [18.310146, 11.967803, 463.0], [17.905195, 12.537746, 477.0], [17.450949, 13.127159, 491.0], [17.053123, 13.771538, 506.0], [16.646801, 14.43135, 519.0], [16.203302, 15.110124, 533.0], [15.749288, 15.745999, 548.0], [15.342659, 16.383299, 563.0], [14.913038, 17.040937, 576.0], [14.468493, 17.713184, 589.0], [14.103395, 18.304993, 603.0], [13.692796, 18.93971, 617.0], [13.344128, 19.541534, 631.0], [12.983272, 20.13944, 645.0], [12.577694, 20.72926, 659.0], [12.226488, 21.310429, 674.0], [11.80221, 21.878658, 687.0], [11.39519, 22.421528, 700.0], [11.027099, 22.96801, 714.0], [10.671345, 23.402391, 728.0], [10.269757, 23.83648, 743.0], [9.908602, 24.274176, 756.0], [9.545229, 24.688263, 771.0], [9.233846, 25.044798, 787.0], [8.917877, 25.427233, 799.0], [8.631465, 25.834175, 813.0], [8.358265, 26.204977, 828.0], [8.137495, 26.51524, 841.0], [7.973992, 26.875341, 854.0]"}