{"Image number":36364,"Image shape":4,"Path":"[13.371048, 7.8709145, 0.0], [13.184691, 8.243883, 37.0], [12.4840145, 9.412485, 53.0], [11.2665825, 11.239585, 70.0], [10.007741, 13.199574, 87.0], [9.314236, 14.685216, 103.0], [9.131161, 15.751539, 120.0], [9.178335, 16.453682, 136.0], [9.551938, 16.776592, 153.0], [10.253199, 16.916136, 169.0], [11.328235, 16.821552, 186.0], [12.543088, 16.492956, 202.0], [13.895683, 15.931337, 219.0], [15.301876, 15.037465, 235.0], [16.872057, 13.880014, 252.0], [18.363842, 12.619711, 268.0], [19.573097, 11.455247, 285.0], [20.315056, 10.712558, 302.0], [20.593718, 10.340004, 318.0], [20.685183, 10.576997, 351.0], [20.545023, 11.324791, 368.0], [19.891027, 12.631239, 384.0], [18.912607, 14.542685, 401.0], [17.69463, 16.698591, 417.0], [16.663374, 19.048605, 434.0], [15.796822, 21.367113, 450.0], [15.299082, 22.77739, 467.0]"}