{"Image number":36602,"Image shape":5,"Path":"[19.334442, 6.05269, 0.0], [18.44002, 6.05269, 52.0], [17.410067, 6.05269, 69.0], [16.243542, 6.05269, 85.0], [15.218414, 6.05269, 102.0], [14.289254, 6.0999904, 118.0], [13.555863, 6.099311, 135.0], [12.896673, 6.1465387, 152.0], [12.437563, 6.2395163, 168.0], [12.064329, 6.4267726, 185.0], [11.736751, 6.8028374, 201.0], [11.505473, 7.4099402, 218.0], [11.365948, 8.348953, 234.0], [11.273357, 9.470259, 251.0], [11.227258, 10.733609, 267.0], [11.180273, 12.050784, 284.0], [11.181364, 13.282702, 301.0], [11.134653, 14.400802, 317.0], [11.134775, 15.098516, 334.0], [11.181433, 15.424018, 350.0], [11.464582, 15.564323, 383.0], [11.699423, 15.563402, 400.0], [12.026066, 15.563402, 416.0], [12.542629, 15.515854, 433.0], [13.202427, 15.373116, 449.0], [14.04188, 15.1863, 466.0], [14.82969, 15.04803, 482.0], [15.671736, 15.241018, 499.0], [16.600592, 15.426521, 516.0], [17.25333, 15.900753, 532.0], [17.89879, 16.314877, 549.0], [18.414492, 16.881706, 565.0], [19.020044, 17.344032, 582.0], [19.389187, 18.144909, 598.0], [19.47664, 18.988647, 615.0], [19.521889, 19.968704, 631.0], [19.5208, 20.708122, 648.0], [19.5208, 21.308975, 665.0], [19.5208, 21.7755, 681.0], [19.473267, 22.144524, 698.0], [18.855684, 22.470263, 714.0], [18.111103, 22.65282, 731.0], [16.941793, 22.791672, 747.0], [15.732458, 22.789677, 764.0], [14.426552, 22.742483, 780.0], [13.169097, 22.459864, 797.0], [12.087127, 21.985798, 813.0], [11.132288, 21.342764, 830.0], [10.287817, 20.496883, 846.0]"}