{"Image number":30096,"Image shape":9,"Path":"[19.922333, 10.170947, 0.0], [19.81678, 9.892964, 76.0], [19.644386, 9.498148, 111.0], [19.48407, 9.206917, 129.0], [19.23309, 8.937266, 147.0], [18.930626, 8.513873, 165.0], [18.496239, 7.9279594, 182.0], [18.108253, 7.4268875, 200.0], [17.630486, 7.0284576, 218.0], [17.079811, 6.683921, 236.0], [16.447174, 6.363065, 254.0], [15.722756, 6.1019535, 271.0], [14.609268, 6.235605, 289.0], [13.747595, 6.4076414, 307.0], [12.992069, 6.7170277, 324.0], [12.061905, 7.2623816, 342.0], [11.227129, 7.95218, 360.0], [10.491753, 8.688002, 378.0], [9.923136, 9.332153, 395.0], [9.4491415, 10.005997, 413.0], [9.107651, 10.724741, 431.0], [8.972643, 11.329622, 449.0], [8.868112, 11.912397, 466.0], [8.854369, 12.447504, 484.0], [8.932824, 13.167768, 502.0], [9.089699, 13.818435, 520.0], [9.339845, 14.528067, 538.0], [9.763224, 15.128352, 555.0], [10.187025, 15.640461, 573.0], [10.578094, 16.107891, 591.0], [11.057303, 16.405935, 609.0], [11.639035, 16.66351, 626.0], [12.344149, 16.755215, 644.0], [13.102398, 16.733139, 662.0], [13.936169, 16.566465, 680.0], [14.585734, 16.373749, 697.0], [15.245643, 16.046837, 715.0], [15.794113, 15.681612, 733.0], [16.31068, 15.183697, 751.0], [16.91895, 14.705996, 768.0], [17.330587, 14.284523, 786.0], [17.677265, 13.971717, 804.0], [17.939713, 13.709109, 822.0], [18.220613, 13.405096, 857.0], [18.330097, 13.240772, 893.0], [18.367567, 13.637558, 999.0], [18.275322, 14.1206, 1017.0], [18.144947, 14.696196, 1035.0], [18.055931, 15.364681, 1053.0], [17.96178, 16.141434, 1070.0], [17.83125, 17.15627, 1088.0], [17.700687, 18.283136, 1106.0], [17.639519, 19.4394, 1124.0], [17.574886, 20.361725, 1141.0], [17.509254, 20.904848, 1159.0], [17.514563, 21.325438, 1177.0], [17.514563, 21.767694, 1195.0], [17.514563, 22.018661, 1212.0], [17.514563, 22.422764, 1230.0], [17.475729, 22.868605, 1248.0], [17.436893, 23.266272, 1265.0]"}