{"Image number":37016,"Image shape":5,"Path":"[16.166388, 2.835831, 0.0], [15.559074, 2.835831, 52.0], [14.807558, 2.930043, 69.0], [13.97528, 3.1158745, 85.0], [13.369795, 3.3024285, 102.0], [12.90407, 3.4889622, 118.0], [12.671164, 3.5821893, 135.0], [12.392394, 3.815732, 184.0], [12.252629, 4.14188, 201.0], [12.019213, 4.562169, 218.0], [11.692481, 5.169417, 234.0], [11.409891, 5.8299, 251.0], [11.0864315, 6.8976417, 267.0], [10.712949, 8.112232, 284.0], [10.294678, 9.554428, 300.0], [10.061507, 10.864307, 317.0], [9.96817, 11.948576, 333.0], [10.017273, 12.73029, 350.0], [10.1580925, 13.19135, 367.0], [10.437576, 13.467089, 383.0], [10.814633, 13.607558, 400.0], [11.235011, 13.557909, 416.0], [11.888652, 13.36979, 433.0], [12.594115, 13.134071, 449.0], [13.42738, 12.950452, 466.0], [14.227144, 12.857316, 482.0], [15.106598, 13.001096, 499.0], [15.993874, 13.235989, 515.0], [16.928831, 13.612126, 532.0], [17.76633, 13.985361, 549.0], [18.513182, 14.455342, 565.0], [19.11177, 14.966028, 582.0], [19.67445, 15.960686, 598.0], [20.179226, 17.11596, 615.0], [20.564728, 18.47374, 631.0], [20.82789, 19.160164, 648.0], [20.53918, 20.346172, 664.0], [20.117737, 21.46093, 681.0], [19.097052, 22.701895, 697.0], [18.153347, 23.123398, 714.0], [16.834343, 23.354652, 731.0], [15.528992, 23.444641, 747.0], [13.95707, 23.489574, 764.0], [12.465683, 23.347242, 780.0], [11.254697, 22.97005, 797.0], [16.58569, 3.954738, 0.0], [16.1198, 3.954738, 48.0], [15.464758, 4.0483804, 65.0], [14.388215, 4.2358203, 82.0], [13.603882, 4.4209743, 98.0], [12.111139, 4.794349, 131.0], [11.64563, 4.9342694, 148.0], [11.413743, 5.0747776, 181.0], [11.4143095, 5.356232, 198.0], [11.4143095, 5.8230324, 214.0], [11.4143095, 6.57027, 231.0], [11.320596, 7.5033083, 247.0], [11.226466, 8.729438, 264.0], [11.086919, 10.121411, 280.0], [10.947718, 11.467523, 297.0], [10.854525, 12.6822, 313.0], [10.808234, 13.566639, 330.0], [10.761847, 14.214416, 346.0], [10.762063, 14.637476, 363.0], [10.762063, 15.010666, 380.0], [11.138816, 15.048145, 429.0], [11.557014, 14.862779, 446.0], [12.121451, 14.580202, 462.0], [12.773426, 14.3955765, 479.0], [13.4742775, 14.255997, 495.0], [14.262732, 14.164002, 512.0], [15.105991, 14.164766, 528.0], [15.854068, 14.30722, 545.0], [16.545525, 14.44578, 562.0], [17.197884, 14.774113, 578.0], [17.757635, 15.148626, 595.0], [18.268484, 15.615107, 611.0], [18.691092, 16.228958, 628.0], [19.060677, 16.926233, 644.0], [19.245718, 17.77465, 661.0], [19.288475, 18.55773, 677.0], [18.955439, 19.307484, 694.0], [18.393436, 20.003948, 710.0], [17.456581, 20.513113, 727.0], [16.424095, 20.838541, 744.0], [15.213367, 21.068783, 760.0], [14.100154, 21.206602, 777.0], [13.078808, 21.346157, 793.0], [12.240014, 21.344423, 810.0], [11.61596, 21.197334, 826.0], [11.256427, 21.009012, 843.0]"}