{"Image number":39209,"Image shape":4,"Path":"[13.324458, 6.705385, 0.0], [12.903049, 7.1747594, 52.0], [12.432304, 8.070638, 68.0], [11.920888, 9.330662, 85.0], [11.218353, 10.734016, 101.0], [10.659378, 12.326878, 118.0], [9.915758, 13.854315, 134.0], [9.261524, 15.21052, 151.0], [8.654797, 16.234318, 167.0], [8.384013, 16.873487, 184.0], [8.480492, 17.34146, 200.0], [8.855943, 17.664883, 217.0], [9.460188, 17.848644, 233.0], [10.3531275, 17.895006, 250.0], [11.330677, 17.800308, 269.0], [13.57119, 17.378754, 300.0], [14.683996, 17.240707, 316.0], [15.754117, 17.194838, 333.0], [16.77646, 17.195143, 349.0], [17.706793, 17.195143, 366.0], [18.356674, 17.195143, 382.0], [18.775595, 17.195143, 399.0], [18.212143, 17.195461, 498.0], [17.458765, 17.2899, 515.0], [16.48888, 17.522358, 531.0], [15.79248, 17.848396, 548.0], [14.990143, 18.131632, 564.0], [14.343621, 18.456812, 581.0], [13.832149, 18.689196, 597.0], [13.507339, 18.828371, 614.0], [13.277446, 18.639124, 647.0], [13.324716, 18.406004, 664.0], [13.747729, 17.654293, 680.0], [14.496193, 16.249565, 697.0], [16.550922, 12.274572, 730.0], [17.526638, 10.323487, 746.0], [18.63852, 7.3505044, 779.0], [18.821991, 6.751917, 796.0], [18.634731, 7.080103, 846.0], [18.262098, 7.8258867, 862.0], [17.657232, 9.036456, 879.0], [17.047804, 10.772178, 895.0], [16.304565, 12.910573, 912.0], [15.559172, 15.382088, 928.0], [14.525955, 17.87151, 945.0], [13.685212, 20.164854, 961.0], [12.808023, 22.192772, 978.0], [12.10319, 23.980444, 994.0], [11.258167, 25.476212, 1011.0], [10.684273, 26.480766, 1028.0], [10.2749195, 26.915972, 1044.0]"}