{"Image number":30457,"Image shape":1,"Path":"[20.038837, 5.6244993, 0.0], [19.78266, 5.6555185, 88.0], [19.593729, 5.721147, 105.0], [19.307531, 5.961202, 123.0], [18.909065, 6.216819, 141.0], [18.407768, 6.537675, 159.0], [17.552061, 7.148558, 176.0], [17.080212, 7.6134567, 194.0], [16.684074, 8.070615, 212.0], [16.38934, 8.624088, 230.0], [15.903433, 9.284708, 248.0], [15.423139, 10.073599, 266.0], [14.954463, 10.832367, 283.0], [14.496471, 11.701364, 301.0], [14.103616, 12.489395, 318.0], [13.867458, 13.164734, 336.0], [13.515511, 14.015668, 354.0], [13.255906, 14.729679, 372.0], [12.992142, 15.402509, 390.0], [12.731456, 15.975296, 407.0], [12.510151, 16.533144, 425.0], [12.250257, 17.107227, 443.0], [11.990666, 17.69555, 461.0], [11.824766, 18.14833, 478.0], [11.694512, 18.604494, 496.0], [11.606817, 18.90427, 514.0], [11.502861, 19.271828, 532.0], [11.495146, 19.64762, 550.0], [11.412167, 19.989864, 567.0], [11.417477, 20.425873, 585.0], [11.417477, 20.765991, 603.0], [11.417477, 21.082846, 620.0], [11.417477, 21.383396, 638.0], [11.417477, 21.660496, 656.0], [11.417477, 22.017334, 692.0], [11.506424, 22.267233, 727.0], [11.801327, 22.371628, 745.0], [12.165802, 22.411385, 762.0], [12.440464, 22.411385, 781.0], [12.701234, 22.450792, 798.0], [12.961876, 22.450241, 816.0], [13.165049, 22.450241, 832.0]"}