{"Image number":39127,"Image shape":3,"Path":"[12.858569, 4.84054, 0.0], [13.465524, 4.8872795, 69.0], [14.2246475, 4.982279, 86.0], [15.14455, 5.307843, 103.0], [15.843206, 5.7749233, 119.0], [16.40122, 6.4746385, 136.0], [16.682453, 7.133343, 152.0], [16.773182, 7.832815, 169.0], [16.724636, 8.441034, 185.0], [16.398037, 9.085659, 202.0], [15.831802, 9.650987, 218.0], [14.938723, 10.164823, 235.0], [14.108479, 10.720136, 251.0], [13.170464, 11.188134, 268.0], [12.567877, 11.608335, 285.0], [12.200145, 11.837574, 301.0], [12.585986, 11.926953, 334.0], [13.186301, 11.926953, 351.0], [14.035538, 11.926953, 367.0], [14.81892, 11.973787, 384.0], [15.853416, 12.020794, 400.0], [17.842234, 12.439397, 433.0], [18.545666, 12.720807, 453.0], [19.382313, 13.934869, 483.0], [19.52128, 14.867298, 499.0], [19.426954, 15.89707, 516.0], [19.19356, 17.060848, 533.0], [18.773958, 18.131184, 549.0], [18.12088, 19.250328, 566.0], [16.485712, 21.25906, 599.0], [15.649075, 22.188978, 615.0], [14.767757, 22.97702, 632.0], [13.970605, 23.680868, 650.0], [13.087808, 24.096828, 665.0], [12.15843, 24.281818, 682.0], [11.080245, 24.281555, 698.0], [9.911327, 23.951807, 715.0], [8.646366, 23.245222, 731.0], [7.4890666, 21.890219, 748.0], [6.614889, 20.130772, 764.0], [6.2214117, 18.90215, 781.0]"}