{"Image number":506,"Image shape":6,"Path":"[12.743823, 6.0779414, 0.0], [12.584201, 6.157779, 57.0], [12.419331, 6.293273, 72.0], [12.193998, 6.4297986, 86.0], [11.989229, 6.6175914, 100.0], [11.694828, 6.8472915, 115.0], [11.382279, 7.148547, 135.0], [11.066475, 7.4280305, 146.0], [10.743678, 7.750934, 157.0], [10.3680105, 8.114203, 170.0], [10.040743, 8.486555, 184.0], [9.680425, 8.850956, 199.0], [9.323651, 9.257618, 214.0], [9.016923, 9.683032, 226.0], [8.731125, 10.077483, 239.0], [8.461396, 10.482208, 253.0], [8.189379, 10.890366, 268.0], [7.9768405, 11.259417, 282.0], [7.781, 11.666138, 297.0], [7.6002164, 12.07303, 311.0], [7.468381, 12.428737, 324.0], [7.3513317, 12.794435, 338.0], [7.2897363, 13.156366, 351.0], [7.2074757, 13.515738, 364.0], [7.163022, 13.832676, 378.0], [7.172952, 14.09095, 393.0], [7.200269, 14.42792, 409.0], [7.2818403, 14.709106, 422.0], [7.327086, 14.979635, 435.0], [7.4261737, 15.234132, 449.0], [7.516792, 15.46075, 463.0], [7.641629, 15.720642, 477.0], [7.777845, 15.949297, 491.0], [7.9114003, 16.187513, 508.0], [8.072659, 16.436111, 522.0], [8.253953, 16.629213, 534.0], [8.433138, 16.808456, 547.0], [8.613761, 16.938412, 562.0], [8.796137, 17.148083, 575.0], [9.00859, 17.315516, 589.0], [9.235098, 17.496782, 602.0], [9.460256, 17.627293, 617.0], [9.68592, 17.799158, 632.0], [9.912043, 17.965666, 646.0], [10.135483, 18.066334, 660.0], [10.411556, 18.205738, 673.0], [10.62604, 18.34156, 687.0], [10.881659, 18.477291, 700.0], [11.152632, 18.612818, 714.0], [11.424443, 18.748768, 729.0], [11.694913, 18.884048, 743.0], [11.965006, 18.99115, 760.0], [12.237092, 19.118801, 772.0], [12.50391, 19.207268, 785.0], [12.780233, 19.244772, 800.0], [13.021939, 19.325909, 812.0], [13.285315, 19.371471, 826.0], [13.557756, 19.416893, 845.0], [13.770079, 19.461014, 855.0], [14.023249, 19.48152, 868.0], [14.262988, 19.51592, 882.0], [14.5324, 19.561176, 895.0], [14.8004875, 19.554365, 909.0], [15.074541, 19.590788, 923.0], [15.345576, 19.623901, 939.0], [15.616392, 19.62721, 952.0], [15.936755, 19.677639, 965.0], [16.195465, 19.663633, 979.0], [16.49849, 19.663633, 994.0], [16.815624, 19.622894, 1007.0], [17.130964, 19.62721, 1021.0], [17.469103, 19.569038, 1035.0], [17.830214, 19.523886, 1050.0], [18.193132, 19.478508, 1065.0], [18.551758, 19.38581, 1079.0], [18.934628, 19.295147, 1093.0], [19.313782, 19.175032, 1106.0], [19.673553, 19.040075, 1120.0], [20.078705, 18.95179, 1134.0], [20.467579, 18.750744, 1149.0], [20.858597, 18.596855, 1162.0], [21.194168, 18.423538, 1176.0], [21.59666, 18.290047, 1191.0], [21.915363, 18.063038, 1205.0], [22.250391, 17.855736, 1218.0], [22.568048, 17.664225, 1232.0], [22.833752, 17.487675, 1246.0], [23.093094, 17.340288, 1260.0], [23.319935, 17.158756, 1280.0], [23.544813, 16.944983, 1292.0], [23.728662, 16.761076, 1304.0], [23.907858, 16.494295, 1322.0], [24.04139, 16.292374, 1334.0], [24.131565, 16.11196, 1343.0], [24.222692, 15.92965, 1357.0], [24.299675, 15.712027, 1373.0], [24.344769, 15.531604, 1385.0], [24.35891, 15.319094, 1400.0], [24.398708, 15.133644, 1413.0], [24.443756, 14.904947, 1428.0], [24.431728, 14.735831, 1441.0], [24.431728, 14.584277, 1455.0], [24.431728, 14.267064, 1482.0], [24.431728, 13.980213, 1510.0], [24.431728, 13.797736, 1531.0], [24.431728, 13.528076, 1554.0], [24.431728, 13.293909, 1580.0], [24.431728, 13.082121, 1622.0], [12.780233, 5.4223323, 0.0], [12.446245, 5.8996162, 121.0], [12.197659, 6.114364, 135.0], [11.821152, 6.425706, 149.0], [11.460919, 6.7410107, 163.0], [11.053211, 7.1499157, 178.0], [10.70914, 7.4941, 192.0], [10.341511, 7.861849, 205.0], [9.978165, 8.2615385, 218.0], [9.661647, 8.668369, 233.0], [9.348679, 9.124198, 248.0], [9.092608, 9.5168705, 261.0], [8.821916, 9.923041, 274.0], [8.594375, 10.329605, 289.0], [8.407853, 10.731013, 306.0], [8.206201, 11.113212, 325.0], [7.880563, 11.801122, 345.0], [7.7489467, 12.165954, 358.0], [7.6361904, 12.469088, 372.0], [7.5462174, 12.784095, 387.0], [7.4572325, 13.095643, 401.0], [7.414997, 13.403087, 419.0], [7.3697233, 13.674818, 430.0], [7.355006, 13.947092, 443.0], [7.355006, 14.178974, 456.0], [7.402734, 14.450249, 469.0], [7.411322, 14.683909, 487.0], [7.427829, 14.890032, 498.0], [7.503648, 15.118288, 513.0], [7.5933557, 15.29626, 526.0], [7.682705, 15.52965, 540.0], [7.8022623, 15.686485, 555.0], [7.9007206, 15.874767, 569.0], [8.070558, 16.045107, 587.0], [8.220658, 16.251945, 597.0], [8.406415, 16.391308, 609.0], [8.587357, 16.52706, 623.0], [8.812234, 16.662872, 639.0], [9.033209, 16.743847, 652.0], [9.2850685, 16.871315, 667.0], [9.525122, 16.962532, 680.0], [9.735781, 17.007584, 694.0], [10.012066, 17.10638, 710.0], [10.261186, 17.196795, 723.0], [10.530234, 17.286503, 737.0], [10.7621355, 17.377369, 750.0], [11.037592, 17.467823, 764.0], [11.2698965, 17.521, 779.0], [11.775283, 17.701658, 806.0], [12.002251, 17.793446, 819.0], [12.2258835, 17.82629, 834.0], [12.423141, 17.871565, 848.0], [12.642242, 17.954824, 865.0], [12.819738, 17.998068, 880.0], [13.000901, 18.04337, 892.0], [13.1819315, 18.088644, 904.0], [13.397079, 18.133451, 917.0], [13.580334, 18.179169, 930.0], [13.757427, 18.22346, 945.0], [13.9407625, 18.243147, 959.0], [14.265642, 18.323236, 989.0], [14.429667, 18.331781, 1003.0], [14.701792, 18.388838, 1029.0], [14.921241, 18.43985, 1058.0], [15.1695795, 18.525343, 1085.0], [15.438382, 18.619564, 1113.0], [15.7097435, 18.673626, 1144.0], [15.883697, 18.68022, 1157.0], [16.064543, 18.727577, 1169.0], [16.361565, 18.745277, 1197.0], [16.534885, 18.753065, 1211.0], [16.715248, 18.753065, 1225.0], [16.895294, 18.753065, 1240.0], [17.076122, 18.753065, 1253.0], [17.255259, 18.753065, 1268.0], [17.436459, 18.753065, 1281.0], [17.631424, 18.753065, 1298.0], [17.859203, 18.727638, 1309.0], [18.085049, 18.682455, 1323.0], [18.267895, 18.63729, 1337.0], [18.55193, 18.592102, 1352.0], [18.739252, 18.58315, 1366.0], [18.98582, 18.537975, 1379.0], [19.21538, 18.45095, 1394.0], [19.490126, 18.411404, 1408.0], [19.762028, 18.306887, 1421.0], [20.03439, 18.21607, 1435.0], [20.302532, 18.126657, 1449.0], [20.62252, 17.987415, 1464.0], [20.846806, 17.829319, 1477.0], [21.087814, 17.648382, 1490.0], [21.31446, 17.506243, 1505.0], [21.538065, 17.32449, 1521.0], [21.74814, 17.17967, 1534.0], [21.990969, 16.998472, 1547.0], [22.180141, 16.816767, 1561.0], [22.406239, 16.544184, 1577.0], [22.57664, 16.383715, 1589.0], [22.758072, 16.202225, 1602.0], [22.903214, 16.020365, 1617.0], [23.17358, 15.696187, 1644.0], [23.309126, 15.515395, 1658.0], [23.409693, 15.334388, 1672.0], [23.497673, 15.115628, 1685.0], [23.590137, 14.936957, 1701.0], [23.680582, 14.756007, 1714.0], [23.771633, 14.607916, 1728.0], [23.818642, 14.431579, 1742.0], [23.91581, 14.248973, 1757.0], [23.945667, 14.081724, 1770.0], [23.991123, 13.9198675, 1784.0], [24.035978, 13.744057, 1798.0], [24.125807, 13.442832, 1826.0], [24.180387, 13.206196, 1854.0], [24.176853, 12.936977, 1883.0], [24.176853, 12.702711, 1910.0], [24.14044, 12.485889, 1938.0], [24.030544, 12.305572, 1965.0], [23.833336, 12.162138, 1994.0], [23.492022, 12.089092, 2022.0], [23.309946, 12.043908, 2038.0], [22.7897, 11.989981, 2062.0], [22.518852, 11.978429, 2076.0], [22.203613, 11.978429, 2091.0], [21.645264, 12.014852, 2121.0], [21.331188, 12.046875, 2133.0], [21.056915, 12.051274, 2147.0], [20.787277, 12.100398, 2162.0], [20.492725, 12.12412, 2176.0], [20.209187, 12.154286, 2194.0], [19.938488, 12.199417, 2208.0], [19.665539, 12.256458, 2221.0], [19.39385, 12.347049, 2231.0], [19.1226, 12.437495, 2245.0], [18.82026, 12.525969, 2259.0], [18.548338, 12.6168375, 2273.0], [18.293493, 12.763317, 2287.0], [18.037931, 12.872014, 2300.0], [17.80515, 12.998142, 2317.0], [17.623228, 13.089154, 2329.0], [17.407616, 13.25003, 2344.0], [17.228493, 13.403427, 2357.0], [17.044846, 13.576496, 2371.0], [16.865131, 13.71246, 2385.0], [16.633215, 13.89953, 2399.0], [16.46722, 14.056519, 2413.0], [16.286146, 14.192369, 2427.0], [16.10825, 14.367705, 2441.0], [15.9494705, 14.548686, 