{"Image number":39630,"Image shape":6,"Path":"[9.643927, 6.7520065, 0.0], [9.408934, 7.506825, 53.0], [9.177542, 8.479068, 69.0], [8.944574, 9.832004, 86.0], [8.710818, 11.188719, 103.0], [8.665315, 12.727537, 119.0], [8.806888, 15.57905, 152.0], [9.087553, 16.834303, 169.0], [9.504646, 17.94238, 185.0], [9.974535, 18.694199, 202.0], [10.583483, 19.111994, 218.0], [11.186167, 19.388554, 235.0], [11.984878, 19.575527, 251.0], [12.909769, 19.713373, 270.0], [13.845861, 19.75975, 284.0], [14.8787365, 19.759302, 301.0], [15.949633, 19.711979, 318.0], [16.975393, 19.617893, 334.0], [17.998758, 19.524796, 351.0], [18.780893, 19.479252, 367.0], [19.579119, 19.432266, 384.0], [20.316536, 19.3861, 400.0], [20.967585, 19.24593, 417.0], [21.579224, 19.057365, 433.0], [22.230246, 18.824278, 450.0], [22.740753, 18.544254, 466.0], [23.529144, 17.892527, 500.0], [23.90245, 17.472298, 516.0], [24.22741, 16.913492, 533.0], [24.412836, 16.495394, 549.0], [24.365337, 16.06976, 566.0], [24.129278, 15.839294, 582.0], [23.70985, 15.6078205, 599.0], [23.007654, 15.3744755, 616.0], [22.219381, 15.236422, 632.0], [21.194784, 15.143519, 648.0], [20.119585, 15.096891, 667.0], [19.050182, 15.284497, 682.0], [18.016699, 15.519794, 698.0], [17.090878, 15.939653, 715.0], [16.20134, 16.267008, 731.0], [15.362425, 16.641003, 748.0], [14.616579, 16.967453, 764.0], [13.322075, 17.849827, 797.0], [12.901568, 18.459099, 814.0]"}