{"Image number":236,"Image shape":5,"Path":"[22.975292, 6.44217, 0.0], [22.731897, 6.5395603, 44.0], [22.503918, 6.667204, 56.0], [22.216885, 6.7881193, 69.0], [21.900387, 7.0020804, 83.0], [21.489283, 7.227531, 98.0], [21.012089, 7.47031, 113.0], [20.4828, 7.7147593, 129.0], [19.942955, 7.9024916, 143.0], [19.400091, 8.162309, 157.0], [18.806244, 8.390787, 168.0], [18.232681, 8.622261, 182.0], [17.653172, 8.774641, 195.0], [17.119867, 8.953095, 209.0], [16.570381, 9.136316, 223.0], [15.990576, 9.21786, 237.0], [15.483794, 9.3179035, 251.0], [14.950097, 9.407021, 266.0], [14.464642, 9.496642, 281.0], [13.994589, 9.56343, 293.0], [13.564178, 9.608802, 307.0], [13.154289, 9.654361, 321.0], [12.853355, 9.699362, 335.0], [12.523735, 9.842169, 349.0], [12.286947, 9.899038, 363.0], [12.058811, 9.987028, 377.0], [11.801075, 10.203231, 406.0], [11.697198, 10.357239, 421.0], [11.651495, 10.634303, 447.0], [11.651495, 10.827808, 460.0], [11.682367, 11.07104, 474.0], [11.727505, 11.302339, 488.0], [11.772646, 11.528118, 502.0], [11.838786, 11.832861, 517.0], [11.8991375, 12.146313, 533.0], [11.944196, 12.463246, 551.0], [11.989317, 12.814199, 568.0], [12.0537615, 13.150948, 576.0], [12.145028, 13.487823, 587.0], [12.235726, 13.8053665, 601.0], [12.326024, 14.075522, 614.0], [12.469662, 14.39802, 629.0], [12.605799, 14.625713, 643.0], [12.777946, 14.852968, 657.0], [12.95724, 15.077156, 671.0], [13.193489, 15.252103, 685.0], [13.3935585, 15.443451, 698.0], [13.609467, 15.614129, 712.0], [13.835256, 15.794821, 726.0], [14.058873, 15.973772, 741.0], [14.286213, 16.14376, 756.0], [14.512377, 16.303385, 769.0], [14.737841, 16.480698, 782.0], [14.913626, 16.66211, 796.0], [15.154137, 16.879406, 810.0], [15.347963, 17.092222, 824.0], [15.529069, 17.318676, 838.0], [15.708726, 17.59276, 852.0], [15.831595, 17.784388, 866.0], [15.936508, 17.995907, 880.0], [16.06627, 18.261261, 895.0], [16.153717, 18.532742, 909.0], [16.207726, 18.747019, 923.0], [16.239271, 18.9739, 937.0], [16.277643, 19.199945, 951.0], [16.275682, 19.377602, 966.0], [16.256466, 19.633287, 979.0], [16.239271, 19.877432, 993.0], [16.202114, 20.104446, 1007.0], [16.157461, 20.327782, 1021.0], [16.09426, 20.554415, 1039.0], [16.004498, 20.805256, 1053.0], [15.913141, 21.043777, 1064.0], [15.7777195, 21.27086, 1076.0], [15.642578, 21.4429, 1090.0], [15.506434, 21.686726, 1104.0], [15.301076, 21.913353, 1118.0], [15.118232, 22.139864, 1133.0], [14.922934, 22.364464, 1150.0], [14.697701, 22.58977, 1164.0], [14.504541, 22.816168, 1174.0], [14.241247, 22.999332, 1188.0], [14.019017, 23.232252, 1203.0], [13.756099, 23.399113, 1216.0], [13.496243, 23.548763, 1230.0], [13.234105, 23.719543, 1244.0], [12.909851, 23.853916, 1258.0], [12.625305, 23.969376, 1272.0], [12.338403, 24.060278, 1286.0], [12.028183, 24.110617, 1300.0], [11.712809, 24.155685, 1314.0], [11.357943, 24.143631, 1328.0], [11.040446, 24.143631, 1342.0], [10.685294, 24.065907, 1356.0], [10.334185, 23.9781, 1370.0], [9.986574, 23.830513, 1384.0], [9.666653, 23.664679, 1398.0], [9.3492, 23.483215, 1412.0], [9.038555, 23.214462, 1426.0], [8.75527, 22.884869, 1440.0], [8.529021, 22.540651, 1454.0], [8.304745, 22.181694, 1468.0], [8.167249, 21.77335, 1482.0], [7.979938, 21.42382, 1496.0], [7.921719, 21.145786, 1510.0], [7.8312116, 20.909168, 1524.0]"}