{"Image number":39691,"Image shape":2,"Path":"[12.2995, 5.772962, 0.0], [12.532446, 5.912827, 36.0], [13.1967745, 6.24522, 53.0], [14.222584, 6.9473147, 70.0], [15.107844, 7.931916, 86.0], [15.566409, 9.191648, 103.0], [15.702033, 10.6374235, 119.0], [15.558509, 12.373981, 136.0], [15.134218, 14.14862, 152.0], [14.578621, 15.760803, 169.0], [13.737014, 17.394753, 185.0], [12.903171, 18.596647, 202.0], [11.964904, 19.48763, 218.0], [11.134405, 19.85271, 235.0], [10.481288, 19.992674, 252.0], [9.736246, 19.665346, 284.0], [9.643166, 19.196041, 301.0], [10.482127, 17.70853, 334.0], [11.51733, 16.860735, 351.0], [12.768731, 16.307852, 367.0], [14.076159, 16.075111, 384.0], [15.23525, 16.076235, 400.0], [17.286587, 16.076334, 433.0], [18.270754, 16.217218, 450.0], [19.200737, 16.497644, 467.0], [20.08493, 16.82404, 483.0], [20.970964, 17.291496, 500.0], [21.805964, 17.662378, 516.0], [22.78832, 18.177485, 533.0], [23.813454, 18.502594, 549.0], [24.897259, 18.785149, 566.0], [26.071182, 18.875738, 582.0]"}