{"Image number":36906,"Image shape":9,"Path":"[11.554076, 8.523609, 0.0], [11.273204, 9.086748, 51.0], [10.946028, 9.97536, 67.0], [10.711793, 11.294883, 84.0], [10.528225, 12.4922085, 100.0], [10.623404, 13.4771, 117.0], [10.996126, 13.979821, 133.0], [11.751334, 14.120192, 150.0], [12.820399, 14.024173, 166.0], [14.02519, 13.604658, 183.0], [15.291084, 12.994474, 199.0], [16.129402, 12.339069, 216.0], [16.539492, 11.786567, 233.0], [16.492289, 11.224952, 249.0], [16.02264, 10.569362, 266.0], [15.227558, 9.916432, 282.0], [14.208069, 9.315235, 299.0], [12.249302, 8.615521, 332.0], [11.738343, 8.429606, 348.0], [11.92705, 8.197164, 381.0], [12.676325, 8.103506, 398.0], [13.887799, 8.10402, 415.0], [15.063484, 8.3874035, 431.0], [16.084713, 8.902335, 448.0], [16.77554, 9.786807, 464.0], [17.145435, 11.09015, 481.0], [17.285688, 12.780084, 497.0], [17.143356, 14.602591, 514.0], [16.678371, 16.404524, 530.0], [15.881193, 18.186852, 547.0], [13.86776, 21.226795, 580.0], [12.943136, 22.380856, 596.0], [12.147686, 23.127373, 613.0], [11.518273, 23.511045, 630.0], [11.16114, 23.63645, 646.0]"}