{"Image number":10046,"Image shape":7,"Path":"[7.5055556, 9.838889, 0.0], [8.003046, 9.838889, 88.0], [8.494083, 9.838889, 104.0], [9.20137, 9.8106785, 121.0], [10.107557, 9.756746, 138.0], [11.2, 9.702778, 155.0], [12.419217, 9.683333, 171.0], [13.601055, 9.683333, 188.0], [14.726899, 9.705769, 205.0], [15.843056, 9.797638, 222.0], [16.861849, 9.852379, 238.0], [17.606026, 9.877778, 255.0], [18.086674, 9.877778, 272.0], [18.336111, 9.877778, 288.0], [18.491667, 9.877778, 339.0], [18.277779, 10.169444, 422.0], [18.037361, 10.561004, 439.0], [17.73966, 11.192772, 455.0], [17.422222, 11.880556, 472.0], [17.009354, 12.9873085, 489.0], [16.682936, 14.066139, 506.0], [16.367718, 15.077977, 522.0], [16.082924, 16.125996, 539.0], [15.808334, 17.227777, 556.0], [15.526784, 18.111156, 572.0], [15.169975, 19.025297, 589.0], [14.855556, 19.813889, 606.0], [14.597285, 20.424162, 622.0], [14.172652, 21.22558, 639.0], [13.753055, 21.98346, 656.0], [13.393196, 22.765875, 673.0], [13.218237, 23.157576, 689.0], [12.950293, 23.81871, 706.0], [12.643491, 24.362701, 723.0], [12.228854, 24.922827, 739.0], [11.865451, 25.27344, 756.0], [11.572606, 25.616207, 772.0], [11.332291, 25.909637, 789.0], [11.206063, 26.157063, 806.0], [11.098122, 26.325039, 823.0]"}