{"Image number":39493,"Image shape":5,"Path":"[21.990017, 9.73576, 0.0], [21.380293, 9.73576, 52.0], [20.39177, 9.73576, 68.0], [19.038935, 9.73576, 85.0], [16.106112, 9.73576, 118.0], [13.879982, 9.642347, 151.0], [12.905956, 9.595897, 184.0], [12.905665, 9.924784, 234.0], [12.998916, 10.438266, 250.0], [13.185405, 11.230665, 267.0], [13.512602, 12.212046, 283.0], [14.211798, 14.450941, 316.0], [14.723505, 16.220224, 349.0], [15.005088, 16.829597, 366.0], [15.328393, 17.289251, 383.0], [16.306454, 17.801317, 416.0], [17.614796, 18.221992, 449.0], [18.127148, 18.455742, 465.0], [18.450752, 18.641254, 482.0], [18.589504, 18.921097, 498.0], [18.635618, 19.293177, 515.0], [18.120317, 20.276556, 548.0], [17.555851, 20.7925, 564.0], [16.816593, 21.345955, 581.0], [16.065388, 21.674194, 598.0], [15.083805, 21.812212, 614.0], [14.153372, 21.85774, 631.0], [13.078606, 21.668524, 647.0], [11.9248295, 21.390575, 664.0], [10.890941, 20.825647, 680.0], [9.7696, 20.17067, 697.0], [8.988634, 19.196085, 713.0]"}