{"Image number":36673,"Image shape":6,"Path":"[16.865225, 4.560814, 0.0], [16.256575, 5.07589, 51.0], [15.361364, 5.9251614, 68.0], [14.145272, 7.190082, 85.0], [13.128738, 8.630056, 101.0], [12.155376, 10.302685, 118.0], [11.406887, 12.178626, 134.0], [11.038536, 14.134229, 151.0], [10.947169, 15.960766, 167.0], [11.280943, 17.647675, 184.0], [11.98418, 19.082329, 201.0], [13.018928, 20.106262, 217.0], [14.312668, 20.649324, 233.0], [15.798234, 20.69187, 250.0], [17.35157, 20.313797, 267.0], [18.705994, 19.844334, 283.0], [19.909595, 19.143944, 300.0], [20.779821, 18.40635, 316.0], [21.588926, 17.214964, 333.0], [22.091696, 16.104292, 349.0], [22.459677, 14.945539, 366.0], [22.503036, 14.249857, 382.0], [22.221813, 13.8366995, 399.0], [21.70197, 13.601442, 415.0], [20.95694, 13.463927, 432.0], [19.975586, 13.37115, 448.0], [18.723944, 13.606212, 465.0], [17.365372, 14.169874, 482.0], [16.103926, 15.203377, 498.0], [15.037322, 16.414946, 515.0], [14.292103, 17.4903, 531.0], [13.879121, 18.464201, 548.0], [13.736397, 19.042847, 564.0], [13.743761, 19.35769, 581.0]"}