{"Image number":37278,"Image shape":8,"Path":"[12.159733, 10.947909, 0.0], [12.159733, 10.667364, 84.0], [12.300045, 9.825731, 101.0], [12.486934, 8.938086, 117.0], [12.721905, 8.045595, 134.0], [12.956194, 7.392242, 150.0], [13.185839, 6.7956443, 167.0], [13.469961, 6.275275, 184.0], [13.700757, 5.9544234, 200.0], [14.167252, 5.7249436, 233.0], [14.539494, 5.632169, 250.0], [14.961791, 5.5383625, 266.0], [15.333829, 5.4924793, 283.0], [15.705193, 5.4460278, 299.0], [16.262226, 5.540301, 332.0], [16.542547, 5.587053, 349.0], [16.82054, 5.633416, 365.0], [17.149097, 5.680341, 382.0], [17.379778, 5.7737923, 399.0], [17.612612, 6.008033, 415.0], [17.939474, 6.3817434, 448.0], [18.264544, 6.6604147, 481.0], [18.591726, 7.0817423, 514.0], [18.778955, 7.315943, 531.0], [18.963844, 7.547211, 547.0], [19.151009, 7.781328, 564.0], [19.382063, 8.152707, 597.0], [19.475037, 8.3858185, 614.0], [19.567814, 8.711374, 647.0], [19.614477, 8.898584, 663.0], [19.661152, 9.085419, 680.0], [19.707819, 9.272211, 696.0], [19.801105, 9.504974, 729.0], [19.846922, 9.782701, 779.0], [19.846922, 9.969369, 829.0], [19.846922, 10.203111, 862.0], [19.799511, 10.48417, 895.0], [19.800333, 10.718299, 911.0], [19.47181, 11.513124, 945.0], [19.047144, 11.982207, 961.0], [18.534405, 12.494437, 978.0], [18.071747, 12.863211, 994.0], [17.655092, 13.281113, 1011.0], [17.13873, 13.609154, 1027.0], [16.626541, 13.982459, 1044.0], [15.694306, 14.682421, 1077.0], [15.227952, 15.055899, 1093.0], [14.717239, 15.332966, 1110.0], [14.301867, 15.6573925, 1126.0], [13.648815, 16.030792, 1160.0], [13.3226185, 16.217148, 1176.0], [13.04285, 16.450933, 1193.0], [12.762476, 16.731846, 1209.0], [12.577827, 17.057392, 1226.0], [12.390662, 17.338034, 1242.0], [12.2518015, 17.616951, 1259.0], [12.159065, 17.990377, 1275.0], [12.112577, 18.318024, 1292.0], [12.01943, 18.736048, 1309.0], [11.973351, 19.153465, 1325.0], [11.973376, 19.575562, 1342.0], [11.973376, 19.947407, 1358.0], [11.973376, 20.323444, 1375.0], [12.067284, 20.74163, 1391.0], [12.349089, 21.162441, 1408.0], [12.769935, 21.6292, 1424.0], [13.23528, 22.00032, 1441.0], [13.654886, 22.326817, 1457.0], [13.930254, 22.556686, 1474.0], [14.6332655, 23.02494, 1507.0], [15.00383, 23.16346, 1524.0], [15.379417, 23.304403, 1540.0], [15.6105175, 23.444294, 1557.0], [15.981385, 23.676157, 1590.0], [16.259579, 23.67548, 1606.0], [16.912292, 23.81548, 1639.0], [17.240278, 23.862299, 1656.0], [17.565468, 23.955208, 1689.0], [17.79768, 23.955208, 1722.0], [18.030523, 23.955208, 1772.0], [18.452812, 23.813915, 1805.0], [18.872215, 23.533419, 1838.0], [19.196201, 23.207233, 1871.0], [19.427992, 22.742128, 1904.0], [19.474854, 22.459454, 1921.0], [19.568195, 22.18118, 1937.0], [19.661097, 21.855392, 1954.0], [19.848751, 21.198143, 1970.0], [19.988483, 20.685137, 1987.0], [20.220562, 19.708508, 2020.0], [20.360268, 19.196667, 2037.0], [20.452942, 18.638216, 2053.0], [20.546375, 18.171091, 2069.0], [20.59295, 17.701921, 2086.0], [20.592346, 17.37632, 2103.0], [20.592346, 17.006195, 2119.0], [20.592346, 16.171108, 2152.0], [20.592346, 15.888234, 2169.0], [20.405716, 15.65637, 2202.0], [20.077745, 15.374796, 2235.0], [19.705645, 15.049437, 2268.0], [19.42738, 14.910585, 2285.0], [18.956041, 14.816325, 2301.0], [18.401728, 14.724066, 2318.0], [17.885292, 14.583022, 2334.0], [17.423529, 14.490963, 2351.0], [16.957743, 14.351054, 2367.0], [16.484585, 14.256423, 2384.0], [16.162106, 14.116309, 2400.0], [15.884768, 14.071178, 2417.0], [15.560434, 14.071526, 2433.0], [15.185806, 14.071526, 2450.0], [14.717321, 14.071526, 2467.0], [14.343659, 14.071526, 2483.0], [14.021549, 14.071526, 2500.0], [13.276024, 14.351868, 2533.0], [12.808288, 14.586205, 2549.0], [12.482609, 14.678529, 2566.0], [12.250221, 14.72476, 2582.0], [11.783851, 14.864721, 2616.0], [11.226933, 14.957497, 2649.0], [10.666511, 15.097587, 2682.0], [10.295184, 14.910212, 2715.0], [10.108616, 14.723019, 2731.0], [9.875602, 14.63047, 2748.0], [9.642, 14.442952, 2764.0], [9.317806, 14.164772, 2797.0], [9.270803, 13.882576, 2815.0], [9.224343, 13.556716, 2830.0], [9.177687, 13.135953, 2847.0], [9.178037, 12.248162, 2881.0], [9.271752, 11.221177, 2913.0], [9.364737, 10.712912, 2930.0], [9.597714, 9.827491, 2963.0], [9.737163, 9.409237, 2979.0], [9.878702, 9.078789, 2996.0], [10.064732, 8.801079, 3013.0], [10.297944, 8.568459, 3029.0], [10.625528, 8.334814, 3046.0], [11.042787, 8.15011, 3062.0], [12.124062, 7.868182, 3095.0]"}