{"Image number":15149,"Image shape":8,"Path":"[18.867188, 7.5185184, 0.0], [18.019531, 7.664352, 50.0], [17.197086, 7.9276094, 67.0], [16.165058, 8.314262, 83.0], [15.344397, 8.596066, 99.0], [14.363925, 8.926094, 116.0], [13.502327, 9.222694, 133.0], [12.770277, 9.499091, 149.0], [12.044606, 9.760847, 166.0], [11.459707, 10.028507, 183.0], [11.0546465, 10.28343, 200.0], [10.709004, 10.740714, 216.0], [10.45532, 11.19517, 233.0], [10.381083, 11.735285, 249.0], [10.533307, 12.166911, 267.0], [10.775871, 12.601984, 283.0], [11.265954, 13.060419, 300.0], [11.868584, 13.38893, 316.0], [12.559901, 13.619952, 333.0], [13.101558, 13.735531, 350.0], [13.550254, 13.890409, 368.0], [14.025588, 13.988851, 384.0], [14.550057, 14.043838, 400.0], [15.02033, 14.032408, 417.0], [15.321035, 14.081018, 434.0], [15.5965, 14.110018, 450.0], [15.854406, 14.163879, 467.0], [16.079628, 14.263978, 484.0], [16.312616, 14.36753, 500.0], [16.54955, 14.472832, 518.0], [16.71615, 14.571183, 533.0], [16.896643, 14.728104, 550.0], [17.028992, 14.829009, 567.0], [17.156786, 14.930874, 584.0], [17.326136, 15.03123, 601.0], [17.476616, 15.1782875, 617.0], [17.617912, 15.328192, 634.0], [17.738388, 15.435282, 651.0], [17.830948, 15.590468, 667.0], [17.915182, 15.751667, 684.0], [18.000444, 15.908985, 701.0], [18.09591, 16.112637, 718.0], [18.101562, 16.332851, 734.0], [18.101562, 16.600975, 750.0], [18.101562, 16.849781, 767.0], [17.99665, 17.168331, 784.0], [17.864597, 17.418957, 801.0], [17.682604, 17.742498, 817.0], [17.471943, 18.0684, 834.0], [17.208038, 18.383495, 851.0], [16.926046, 18.708511, 868.0], [16.712906, 18.962944, 883.0], [16.423477, 19.325964, 899.0], [16.13852, 19.655485, 916.0], [15.817051, 20.017832, 933.0], [15.51767, 20.308002, 951.0], [15.227453, 20.617569, 968.0], [14.928295, 20.888058, 983.0], [14.664965, 21.253344, 1000.0], [14.4075775, 21.558418, 1016.0], [14.155893, 21.808926, 1034.0], [13.845899, 22.09595, 1050.0], [13.510906, 22.366463, 1067.0], [13.147089, 22.591078, 1083.0], [12.811433, 22.838594, 1100.0], [12.46437, 22.995651, 1117.0], [12.087115, 23.162846, 1133.0], [11.740906, 23.219908, 1149.0], [11.396442, 23.219908, 1167.0], [11.109759, 23.024487, 1183.0], [10.787109, 22.831018, 1199.0], [10.491451, 22.37832, 1216.0], [10.24239, 21.857508, 1232.0], [10.076935, 21.303835, 1249.0], [9.988792, 20.780924, 1268.0], [9.953125, 20.06218, 1283.0], [10.067789, 19.31456, 1299.0], [10.247818, 18.574888, 1316.0], [10.480573, 17.924488, 1333.0], [10.794528, 17.237509, 1349.0], [11.366101, 16.304996, 1366.0], [12.044635, 15.327912, 1383.0], [12.88084, 14.419233, 1399.0], [13.716194, 13.597028, 1416.0], [14.615946, 12.865179, 1433.0], [15.485196, 12.152096, 1449.0], [16.474243, 11.298359, 1466.0], [17.449928, 10.375715, 1482.0], [18.58698, 9.078483, 1499.0], [19.570423, 7.9651456, 1516.0], [20.604174, 6.8834, 1534.0], [21.724058, 6.0224104, 1549.0], [21.929688, 5.865741, 1563.0]"}