{"Image number":35426,"Image shape":6,"Path":"[11.926788, 5.0736456, 0.0], [11.597933, 5.9182954, 53.0], [11.036393, 7.183313, 70.0], [10.336525, 9.053085, 86.0], [9.919231, 11.061369, 103.0], [9.73546, 13.110578, 119.0], [9.83127, 14.882849, 136.0], [10.158508, 16.459425, 152.0], [10.767869, 17.720043, 169.0], [11.746857, 18.740376, 185.0], [12.91188, 19.3901, 202.0], [14.2666, 19.762163, 218.0], [15.7475815, 19.94585, 235.0], [17.291779, 20.039469, 251.0], [18.883476, 19.850788, 268.0], [20.321741, 19.336542, 285.0], [21.385448, 18.49968, 301.0], [22.504644, 15.928304, 334.0], [22.549505, 14.478071, 351.0], [22.360958, 13.173323, 367.0], [21.802776, 12.298523, 384.0], [21.102156, 11.83193, 400.0], [20.031712, 11.787021, 417.0], [18.82101, 12.253668, 433.0], [17.505514, 13.100171, 450.0], [16.251194, 14.218834, 467.0], [15.417398, 15.428693, 484.0], [14.8588085, 16.783016, 500.0], [14.721716, 18.084818, 516.0], [14.966587, 19.304075, 533.0], [15.150582, 19.98013, 549.0]"}