{"Image number":37319,"Image shape":8,"Path":"[13.883527, 14.817462, 0.0], [13.789845, 14.48759, 52.0], [13.743281, 13.972995, 68.0], [13.64912, 13.173279, 85.0], [13.508656, 12.333583, 102.0], [13.463752, 11.3575325, 118.0], [13.417297, 10.334361, 134.0], [13.417637, 9.354582, 151.0], [13.5120325, 8.654335, 167.0], [13.697693, 8.055698, 184.0], [13.884259, 7.5425515, 201.0], [14.210599, 7.0302377, 217.0], [14.58361, 6.657517, 234.0], [15.007103, 6.3281827, 250.0], [16.082342, 6.051168, 283.0], [16.686453, 6.099895, 300.0], [17.287893, 6.2868323, 316.0], [17.711033, 6.57033, 333.0], [17.987696, 6.944276, 349.0], [18.359558, 7.314947, 366.0], [18.77905, 7.7347307, 383.0], [19.153147, 8.203592, 399.0], [19.336056, 8.714539, 416.0], [19.428497, 9.180687, 432.0], [19.474503, 9.598534, 449.0], [19.427391, 9.970703, 465.0], [19.332977, 10.252994, 482.0], [19.100643, 10.4825535, 498.0], [18.726254, 10.857201, 515.0], [18.398434, 11.2796955, 532.0], [18.07535, 11.648584, 548.0], [17.841558, 11.929399, 565.0], [17.608103, 12.209736, 581.0], [17.23382, 12.489495, 598.0], [16.765528, 12.911868, 614.0], [16.29935, 13.284413, 631.0], [16.022696, 13.6099, 647.0], [15.838251, 13.84094, 664.0], [15.651366, 14.027449, 680.0], [15.418437, 14.1662855, 697.0], [13.883527, 14.817462, 0.0], [13.883527, 14.489294, 86.0], [13.836165, 13.543216, 102.0], [13.789708, 12.613457, 119.0], [13.74311, 11.491723, 135.0], [13.790859, 10.65901, 152.0], [13.883805, 9.873264, 168.0], [14.023937, 9.173089, 185.0], [14.258372, 8.56468, 201.0], [14.538198, 8.005927, 218.0], [14.817794, 7.5874557, 234.0], [15.051718, 7.118039, 251.0], [15.284629, 6.841127, 268.0], [15.56299, 6.6572576, 284.0], [15.891414, 6.611491, 301.0], [16.263874, 6.706464, 317.0], [16.778936, 6.7998805, 334.0], [17.288382, 7.0334864, 350.0], [17.662552, 7.3154488, 367.0], [17.938858, 7.6872153, 383.0], [18.170868, 8.012391, 400.0], [18.311192, 8.388308, 416.0], [18.449726, 9.086866, 449.0], [18.495857, 9.409543, 466.0], [18.402435, 10.062893, 499.0], [18.262402, 10.436397, 516.0], [18.073793, 10.813541, 532.0], [17.936544, 11.181624, 549.0], [17.750322, 11.600817, 565.0], [17.562965, 11.881976, 585.0], [17.328817, 12.162815, 598.0], [17.049541, 12.394865, 615.0], [16.720684, 12.724289, 632.0], [16.442324, 13.144504, 648.0], [16.209742, 13.517255, 665.0], [15.884925, 13.887618, 698.0], [15.606215, 14.166244, 731.0], [15.3728485, 14.352473, 747.0], [15.092929, 14.632892, 764.0], [14.814516, 14.911499, 780.0], [14.579039, 15.099852, 797.0], [14.298576, 15.239182, 813.0], [14.115061, 15.471923, 830.0], [13.741264, 15.892874, 863.0], [13.46057, 16.125904, 880.0], [13.08575, 16.406908, 896.0], [12.760259, 16.734064, 913.0], [12.434016, 16.96579, 929.0], [12.156993, 17.244507, 946.0], [11.8776245, 17.477016, 962.0], [11.600609, 17.847912, 979.0], [11.226215, 18.316221, 996.0], [10.899237, 18.783968, 1012.0], [10.574649, 19.247984, 1029.0], [10.2956915, 19.713486, 1045.0], [10.062425, 20.086939, 1062.0], [9.875548, 20.508223, 1078.0], [9.736092, 20.974833, 1095.0], [9.643309, 21.534622, 1111.0], [9.691207, 22.051355, 1128.0], [9.784834, 22.562847, 1144.0], [9.924772, 23.074215, 1161.0], [10.111245, 23.398254, 1177.0], [10.34447, 23.63057, 1194.0], [10.576067, 23.768938, 1211.0], [10.996437, 23.815504, 1227.0], [11.418179, 23.862396, 1244.0], [11.8360815, 23.861965, 1260.0], [12.209845, 23.909027, 1277.0], [12.674313, 23.861755, 1293.0], [13.144609, 23.767422, 1310.0], [13.518575, 23.578358, 1326.0], [13.7467575, 23.393356, 1343.0], [13.884136, 23.114807, 1359.0], [14.024669, 22.739384, 1376.0], [14.165037, 22.412094, 1393.0], [14.396945, 21.995422, 1409.0], [14.679154, 21.66655, 1426.0], [14.959158, 21.197752, 1442.0], [15.144294, 20.731186, 1459.0], [15.235847, 20.124218, 1475.0], [15.281703, 19.56675, 1492.0], [15.233936, 19.005297, 1508.0], [15.187624, 18.543213, 1525.0], [14.952741, 17.935009, 1541.0], [14.672684, 17.37591, 1558.0], [14.345039, 16.720167, 1575.0], [14.161, 16.021877, 1591.0], [14.068295, 15.2709465, 1608.0]"}