{"Image number":37221,"Image shape":4,"Path":"[13.510815, 7.358081, 0.0], [13.0406275, 7.875752, 68.0], [12.574415, 8.577165, 84.0], [11.923487, 9.554231, 101.0], [11.359013, 10.685612, 118.0], [10.849077, 11.989277, 134.0], [10.523596, 13.206247, 151.0], [10.388045, 14.315083, 167.0], [10.342072, 15.298196, 184.0], [10.38964, 16.315685, 200.0], [10.624635, 16.968588, 217.0], [11.139381, 17.385399, 233.0], [11.741426, 17.428324, 252.0], [12.538313, 17.287348, 266.0], [13.245272, 16.860394, 283.0], [14.265257, 16.163324, 300.0], [15.144121, 15.2342205, 316.0], [16.174212, 14.34449, 333.0], [17.716295, 12.848367, 366.0], [18.458277, 12.340334, 382.0], [19.105532, 11.783627, 399.0], [19.665487, 11.269742, 416.0], [20.179045, 10.708251, 432.0], [20.59319, 10.200937, 448.0], [20.922607, 9.965906, 465.0], [20.39948, 10.207669, 515.0], [19.938147, 10.716954, 531.0], [19.418411, 11.474144, 548.0], [18.768167, 12.403466, 564.0], [18.117395, 13.427843, 581.0], [17.276836, 14.5479965, 597.0], [16.582134, 15.568619, 614.0], [15.632076, 16.756237, 630.0], [14.859187, 17.945227, 647.0], [14.06469, 19.114252, 663.0], [13.316763, 20.284168, 680.0], [12.712925, 21.354828, 697.0], [12.154241, 22.380161, 713.0], [11.688883, 23.265324, 730.0], [11.175375, 24.152044, 746.0], [10.713125, 24.84453, 763.0]"}