{"Image number":35972,"Image shape":0,"Path":"[16.958403, 7.124975, 0.0], [16.210052, 7.405747, 52.0], [14.90822, 8.0109005, 69.0], [13.173001, 9.184211, 85.0], [11.4992485, 10.816061, 102.0], [10.140677, 12.600271, 118.0], [9.083997, 14.306019, 135.0], [8.475215, 15.947109, 151.0], [8.244217, 17.39428, 168.0], [8.621088, 18.647558, 184.0], [9.460577, 19.435799, 201.0], [10.723678, 19.855282, 218.0], [12.398156, 19.992865, 234.0], [14.1273365, 19.804747, 251.0], [16.089258, 19.147877, 267.0], [17.902308, 17.979923, 284.0], [19.526758, 16.303204, 300.0], [20.827919, 14.487454, 317.0], [21.664343, 12.5319805, 333.0], [22.131477, 10.89535, 350.0], [22.083103, 9.406454, 367.0], [21.615385, 8.239084, 383.0], [20.591908, 7.450987, 400.0], [19.08346, 7.1210275, 416.0], [17.281427, 7.124975, 433.0], [15.295849, 7.6461797, 449.0], [13.420793, 8.567495, 466.0], [12.340675, 9.40182, 482.0]"}