{"Image number":30462,"Image shape":7,"Path":"[3.145631, 9.665785, 0.0], [3.334544, 9.5492115, 94.0], [3.7117114, 9.5071535, 112.0], [4.271166, 9.471493, 130.0], [4.516336, 9.471493, 147.0], [5.570825, 9.515046, 165.0], [6.4988613, 9.5492115, 183.0], [7.234337, 9.664262, 201.0], [8.29653, 9.671809, 219.0], [9.245167, 9.73723, 236.0], [9.952534, 9.763832, 254.0], [10.781507, 9.829062, 272.0], [11.563995, 9.860078, 289.0], [12.283507, 9.903721, 307.0], [13.1284275, 9.937797, 325.0], [13.911335, 9.937797, 343.0], [14.49126, 9.937797, 361.0], [14.989965, 9.937797, 378.0], [15.557357, 9.937797, 396.0], [16.184584, 9.937797, 414.0], [16.764673, 9.937797, 432.0], [17.278547, 9.937797, 449.0], [17.763535, 9.888822, 467.0], [18.125004, 9.860078, 485.0], [18.532442, 9.860078, 503.0], [18.829988, 9.860078, 520.0], [19.146465, 10.078353, 538.0], [19.509727, 10.340972, 556.0], [19.828062, 10.698357, 574.0], [20.108952, 11.148612, 591.0], [20.365723, 11.559374, 609.0], [20.558414, 11.941009, 627.0], [20.696684, 12.397097, 645.0], [20.826902, 13.01994, 662.0], [20.88628, 13.6058655, 680.0], [20.950912, 14.187925, 698.0], [20.93204, 14.950908, 716.0], [20.970875, 15.598585, 733.0], [20.970875, 16.210587, 751.0], [20.970875, 16.868902, 769.0], [20.935532, 17.62869, 787.0], [20.707088, 18.401918, 804.0], [20.422558, 19.189144, 822.0], [20.200815, 19.826794, 840.0], [20.02889, 20.416084, 858.0], [19.899527, 20.998589, 876.0], [19.80627, 21.359089, 893.0], [19.76699, 21.806536, 911.0], [19.76699, 22.21719, 929.0], [19.76699, 22.653301, 947.0], [19.76699, 23.081623, 964.0], [19.821106, 23.528736, 982.0], [19.886177, 24.026058, 1000.0], [19.950249, 24.43328, 1018.0], [20.072992, 24.901375, 1035.0], [20.203287, 25.4011, 1053.0], [20.388351, 25.71436, 1065.0], [4.466019, 9.432635, 0.0], [4.771107, 9.471493, 103.0], [5.1361947, 9.5444, 121.0], [5.7554207, 9.709604, 138.0], [6.8502812, 10.030582, 156.0], [7.6038637, 10.16018, 174.0], [8.407766, 10.404098, 192.0], [9.214959, 10.594348, 209.0], [9.850061, 10.71185, 227.0], [10.449998, 10.842758, 245.0], [11.26902, 10.921744, 263.0], [11.873983, 10.909259, 280.0], [12.55554, 10.909259, 298.0], [13.253263, 10.909259, 316.0], [13.952924, 10.909259, 334.0], [14.494048, 10.8704, 351.0], [14.934127, 10.8704, 369.0], [15.196458, 10.792683, 387.0], [15.553687, 10.763493, 405.0], [15.94631, 10.753824, 423.0], [16.338133, 10.710388, 440.0], [16.729235, 10.714967, 458.0], [17.121132, 10.714967, 476.0], [17.345888, 10.714967, 494.0], [17.625378, 10.714967, 511.0], [17.905855, 10.735132, 530.0], [18.167356, 10.753824, 547.0], [18.428064, 10.977699, 564.0], [18.68817, 11.129402, 582.0], [18.90052, 11.324593, 600.0], [19.097706, 11.557726, 618.0], [19.28348, 11.832077, 636.0], [19.452116, 12.121228, 653.0], [19.569311, 12.49194, 671.0], [19.650486, 12.897613, 689.0], [19.701557, 13.275376, 707.0], [19.689322, 13.707756, 724.0], [19.62418, 14.293698, 742.0], [19.558527, 14.938099, 760.0], [19.532497, 15.585627, 778.0], [19.505999, 16.279716, 795.0], [19.330421, 16.882788, 813.0], [19.25916, 17.464308, 831.0], [19.223303, 18.100582, 849.0], [19.06818, 18.64145, 866.0], [19.029127, 19.348116, 884.0], [18.882162, 20.043304, 902.0], [4.5825243, 9.471493, 0.0], [4.826845, 9.634473, 144.0], [5.1292315, 9.7644415, 161.0], [5.5026855, 10.007589, 179.0], [6.024745, 10.185677, 197.0], [6.8015594, 10.54653, 215.0], [7.429379, 10.770748, 233.0], [8.100532, 10.92778, 250.0], [8.905566, 10.909259, 268.0], [9.545049, 10.888599, 286.0], [10.040138, 10.8704, 304.0], [10.605258, 10.8704, 321.0], [11.294431, 10.770561, 339.0], [11.932646, 10.753824, 357.0], [12.48696, 10.606064, 375.0], [12.9508095, 10.43826, 392.0], [13.493795, 10.302435, 410.0], [13.974459, 10.135154, 428.0], [14.467272, 10.004052, 446.0], [14.822006, 9.924843, 463.0], [15.06922, 9.860078, 481.0], [15.3035345, 9.79446, 499.0], [15.553098, 9.782362, 517.0], [15.813379, 9.743504, 534.0], [16.10482, 9.675895, 552.0], [16.486635, 9.665785, 570.0], [16.714937, 9.626927, 588.0], [16.976116, 9.566018, 605.0], [17.237495, 9.5492115, 623.0], [17.414652, 9.5492115, 641.0], [17.610298, 9.5492115, 659.0], [17.805092, 9.665297, 677.0], [18.090662, 9.798576, 695.0], [18.308603, 9.960524, 712.0], [18.563107, 10.093228, 730.0], [18.832306, 10.362591, 747.0], [19.053997, 10.619785, 765.0], [19.313196, 10.843772, 783.0], [19.57568, 11.057129, 801.0], [19.800188, 11.292204, 818.0], [19.967747, 11.505313, 836.0], [20.154087, 11.672641, 854.0], [20.270899, 11.840445, 872.0], [20.479729, 12.049871, 907.0], [4.271845, 9.510353, 0.0], [4.4496956, 9.3549185, 110.0], [4.7533, 9.3549185, 128.0], [5.064092, 9.3549185, 146.0], [5.462534, 9.3549185, 163.0], [6.290302, 9.3549185, 181.0], [6.848694, 9.3549185, 199.0], [7.3727264, 9.3549185, 217.0], [7.900252, 9.3549185, 235.0], [8.527624, 9.3549185, 252.0], [9.142514, 9.3549185, 270.0], [9.637186, 9.3549185, 288.0], [10.027483, 9.3549185, 306.0], [10.427353, 9.3549185, 323.0], [10.952698, 9.3549185, 341.0], [11.475499, 9.3549185, 359.0], [11.878282, 9.3549185, 377.0], [12.272641, 9.3549185, 394.0], [12.656193, 9.3549185, 412.0], [13.048801, 9.3549185, 430.0], [13.623182, 9.3549185, 448.0], [14.077669, 9.3549185, 465.0], [14.507965, 9.3549185, 483.0], [14.814362, 9.3549185, 501.0], [15.0389, 9.3549185, 519.0], [15.253197, 9.3549185, 536.0], [15.412683, 9.3549185, 554.0], [15.62462, 9.3549185, 572.0], [15.83451, 9.3549185, 590.0], [16.075201, 9.3549185, 608.0], [16.29546, 9.3549185, 625.0], [16.45315, 9.3549185, 643.0], [16.662138, 9.3549185, 661.0], [16.857113, 9.3549185, 678.0], [17.053879, 9.3549185, 696.0], [17.377544, 9.3549185, 732.0], [17.564014, 9.3549185, 750.0], [17.808647, 9.3549185, 785.0], [18.153358, 9.399591, 821.0], [18.381386, 9.536012, 838.0], [18.582525, 9.724073, 856.0], [18.818516, 9.967682, 874.0], [19.01402, 10.155831, 892.0], [19.187786, 10.350794, 909.0], [19.367413, 10.500233, 927.0], [19.562727, 10.74373, 945.0], [19.758148, 10.978131, 963.0], [19.95396, 11.223468, 980.0], [20.111267, 11.483406, 998.0], [20.239199, 11.72134, 1016.0], [20.423824, 12.005767, 1034.0], [20.503235, 12.227204, 1051.0], [20.635155, 12.478681, 1069.0], [20.712889, 12.752225, 1087.0], [20.778242, 13.052655, 1105.0], [20.8429, 13.416536, 1123.0], [20.85437, 13.747531, 1140.0], [20.896431, 13.991997, 1158.0], [20.893206, 14.292473, 1176.0], [20.893206, 14.609386, 1194.0], [20.849333, 15.019645, 1211.0], [20.74556, 15.4483595, 1229.0], [20.62372, 15.894312, 1247.0], [20.403025, 16.391758, 1265.0], [20.180065, 16.856361, 1282.0], [19.919296, 17.3068, 1300.0], [19.704174, 17.765493, 1318.0], [19.465271, 18.192253, 1336.0], [19.335112, 18.573786, 1353.0], [19.205345, 18.976997, 1372.0], [19.074472, 19.286413, 1389.0], [19.005589, 19.591206, 1407.0], [18.940212, 19.953096, 1425.0], [18.91262, 20.22984, 1442.0], [18.873787, 20.56955, 1460.0], [18.873787, 20.933651, 1478.0], [18.873787, 21.21031, 1496.0], [18.873787, 21.496681, 1513.0], [18.873787, 21.75333, 1531.0], [18.873787, 22.030596, 1549.0], [18.90201, 22.368906, 1567.0], [18.967257, 22.739391, 1585.0], [19.074953, 23.01175, 1602.0], [19.166765, 23.29971, 1620.0], [19.240723, 23.569147, 1638.0], [19.388145, 23.868172, 1656.0], [19.51934, 24.16958, 1674.0], [19.64927, 24.487274, 1691.0], [19.819504, 24.815971, 1709.0], [19.948467, 25.099712, 1726.0]"}