{"Image number":39736,"Image shape":6,"Path":"[12.159733, 5.0270247, 0.0], [11.55291, 5.914524, 52.0], [10.758609, 7.2239094, 68.0], [9.689527, 8.851463, 85.0], [8.709856, 10.532248, 102.0], [7.821048, 12.217881, 118.0], [7.1703024, 13.9433155, 135.0], [6.801941, 15.423761, 151.0], [6.660918, 16.88235, 168.0], [6.755562, 18.129656, 184.0], [7.2273026, 19.260891, 201.0], [7.973916, 20.140825, 217.0], [9.052178, 20.84067, 234.0], [10.352636, 21.207382, 250.0], [13.212044, 21.20191, 283.0], [14.651535, 20.77841, 300.0], [16.133944, 20.220211, 317.0], [17.616951, 19.616877, 333.0], [18.88945, 19.050694, 350.0], [20.149681, 18.39524, 366.0], [21.212873, 17.603733, 383.0], [22.239395, 16.809465, 399.0], [22.883839, 16.160841, 416.0], [23.204708, 15.510019, 432.0], [23.248285, 15.046909, 449.0], [23.1078, 14.536446, 465.0], [22.593231, 14.116148, 482.0], [21.937916, 13.742026, 499.0], [21.09824, 13.416267, 515.0], [20.353884, 13.230965, 532.0], [19.327549, 13.18541, 548.0], [18.309229, 13.325621, 565.0], [16.20408, 14.028465, 598.0], [15.408829, 14.592929, 618.0], [14.809242, 15.149414, 631.0], [14.391876, 15.991257, 647.0], [14.208443, 16.96838, 664.0], [14.209649, 18.147125, 680.0]"}