{"Image number":10336,"Image shape":9,"Path":"[18.316666, 7.233333, 0.0], [17.56233, 7.10761, 29.0], [17.164278, 6.9470215, 45.0], [16.71719, 6.854118, 62.0], [16.277609, 6.6922975, 79.0], [15.876955, 6.558496, 95.0], [15.458475, 6.496621, 112.0], [14.854811, 6.4944444, 129.0], [14.181849, 6.8265676, 145.0], [13.379624, 7.3633137, 162.0], [12.638889, 8.127778, 179.0], [11.894495, 9.206764, 196.0], [11.290949, 10.344048, 212.0], [10.974074, 11.470985, 229.0], [10.772898, 12.595269, 246.0], [10.717533, 13.5843935, 262.0], [10.850668, 14.371782, 279.0], [11.168609, 15.018374, 296.0], [11.501181, 15.312293, 312.0], [11.84045, 15.506336, 329.0], [12.292374, 15.732298, 346.0], [12.767747, 15.863497, 363.0], [13.183283, 15.983316, 379.0], [13.728162, 16.037817, 396.0], [14.100613, 16.022223, 412.0], [14.535168, 15.879868, 429.0], [14.978445, 15.347552, 446.0], [15.394114, 14.709566, 463.0], [15.6919365, 13.97016, 479.0], [16.079924, 12.957358, 496.0], [16.458893, 11.713953, 513.0], [16.732538, 10.501279, 529.0], [16.827122, 9.654912, 546.0], [16.931488, 9.011059, 563.0], [17.0183, 8.457521, 579.0], [17.068842, 8.109171, 596.0], [17.072222, 7.8918004, 613.0], [17.20795, 7.719826, 663.0], [17.277458, 8.164429, 696.0], [17.266666, 9.141104, 713.0], [17.162432, 10.427003, 729.0], [16.941795, 12.308637, 746.0], [16.849615, 13.827044, 763.0], [16.795403, 15.1603, 780.0], [16.743275, 16.411446, 796.0], [16.68748, 17.35586, 813.0], [16.683334, 18.138002, 830.0], [16.683334, 18.67365, 847.0], [16.608706, 19.3835, 863.0], [16.55295, 19.668577, 880.0], [16.49852, 20.427025, 896.0], [16.488888, 21.059046, 913.0], [16.488888, 21.525, 930.0], [16.488888, 21.878828, 946.0], [16.488888, 22.255646, 963.0], [16.51184, 22.592537, 980.0], [16.605911, 22.94569, 996.0], [16.658436, 23.261724, 1013.0], [16.751986, 23.521038, 1030.0], [16.852997, 23.796383, 1047.0], [16.877777, 24.045372, 1063.0], [16.877777, 24.241016, 1080.0], [16.877777, 24.413584, 1097.0], [16.82794, 24.638563, 1113.0]"}