{"Image number":35650,"Image shape":5,"Path":"[21.38436, 5.4466147, 0.0], [20.484688, 5.5884104, 52.0], [19.427475, 5.7263594, 69.0], [18.054956, 5.915806, 85.0], [16.758781, 6.148303, 102.0], [15.554886, 6.333317, 118.0], [14.4833555, 6.5667896, 135.0], [13.695678, 6.799066, 152.0], [13.035261, 7.1298103, 168.0], [12.670146, 7.546895, 185.0], [12.295187, 8.157655, 201.0], [11.921919, 9.000786, 218.0], [11.599102, 10.067246, 234.0], [11.224652, 11.190926, 251.0], [10.759399, 12.353207, 267.0], [10.292897, 13.473318, 284.0], [9.91936, 14.360998, 300.0], [9.734871, 14.964593, 317.0], [9.737104, 15.285165, 334.0], [9.971291, 15.424283, 350.0], [10.392243, 15.282711, 367.0], [12.124718, 14.438126, 400.0], [13.197817, 14.114148, 416.0], [14.214518, 13.977619, 433.0], [15.295063, 13.978283, 449.0], [16.311762, 14.212664, 466.0], [17.291004, 14.539897, 482.0], [18.078749, 15.098752, 499.0], [18.83166, 15.805602, 516.0], [19.431107, 16.546738, 532.0], [19.895061, 17.197319, 549.0], [20.128654, 17.712814, 565.0], [20.173407, 18.271784, 582.0], [19.986013, 18.875692, 598.0], [19.514114, 19.724722, 615.0], [18.676487, 20.557575, 631.0], [17.5079, 21.350935, 648.0], [16.05643, 21.816051, 664.0], [14.42912, 22.139679, 681.0], [12.653011, 22.278364, 698.0], [11.026739, 22.2298, 714.0]"}