{"Image number":35465,"Image shape":0,"Path":"[16.352745, 7.7776723, 0.0], [16.1198, 7.9175353, 36.0], [15.128361, 8.626194, 53.0], [13.591247, 9.886059, 69.0], [10.29403, 13.28137, 103.0], [8.007374, 16.692707, 136.0], [7.5461893, 18.22487, 152.0], [7.5940547, 19.574146, 169.0], [8.154859, 20.648521, 185.0], [9.320658, 21.299402, 202.0], [11.003785, 21.532127, 218.0], [14.971887, 20.592749, 251.0], [17.028465, 19.230988, 268.0], [18.835579, 17.508564, 284.0], [20.284533, 15.4913645, 301.0], [21.297829, 13.639839, 318.0], [21.760092, 11.821923, 334.0], [21.993013, 10.275412, 351.0], [21.662056, 9.123119, 367.0], [20.964947, 8.337001, 384.0], [19.606712, 8.055895, 400.0], [17.83775, 8.150949, 417.0], [15.68729, 8.666635, 433.0], [13.724497, 9.699236, 450.0], [12.180692, 11.155524, 466.0], [11.369109, 12.217854, 483.0]"}