{"Image number":39644,"Image shape":2,"Path":"[12.113144, 5.67972, 0.0], [12.906967, 5.586348, 53.0], [13.8976345, 5.491891, 70.0], [15.01353, 5.493235, 86.0], [15.944673, 5.6347837, 103.0], [16.775755, 6.054546, 119.0], [17.435165, 6.6688685, 136.0], [17.988794, 7.6943984, 153.0], [18.592289, 9.936979, 186.0], [18.683687, 11.201158, 202.0], [18.635105, 12.5005, 219.0], [18.446762, 13.714747, 235.0], [18.16557, 14.8340645, 252.0], [17.886753, 15.808521, 268.0], [17.701015, 16.695662, 285.0], [17.423819, 17.42951, 301.0], [17.046482, 18.278906, 318.0], [16.580212, 18.9278, 335.0], [16.258017, 19.482233, 351.0], [15.928596, 19.952719, 368.0], [15.55913, 20.55447, 384.0], [14.996398, 21.210705, 401.0], [13.879276, 22.233767, 434.0], [13.271453, 22.65426, 450.0], [12.526633, 22.93172, 467.0], [11.684268, 23.071003, 483.0], [10.941448, 23.069403, 500.0], [10.201315, 23.069403, 516.0], [9.545229, 22.928358, 533.0], [8.8924055, 22.600142, 550.0], [8.334017, 22.03832, 566.0], [7.822897, 21.244905, 583.0], [7.267003, 19.33507, 616.0], [7.2208805, 18.68117, 632.0], [7.3623896, 18.310514, 649.0], [7.7368803, 18.079, 665.0], [8.348271, 17.891739, 682.0], [9.186591, 17.706074, 698.0], [10.163346, 17.61407, 715.0], [11.146345, 17.567558, 732.0], [12.125588, 17.662539, 748.0], [13.049354, 17.755041, 765.0], [13.89993, 17.84966, 781.0], [14.728588, 17.89482, 798.0], [15.426381, 17.941442, 814.0], [16.079023, 18.082188, 831.0], [17.286491, 18.360973, 864.0], [17.801466, 18.454725, 880.0], [18.359232, 18.500795, 897.0], [18.915327, 18.547173, 913.0], [19.478941, 18.547155, 930.0], [20.085205, 18.453089, 947.0], [20.736313, 18.219305, 963.0], [21.534252, 17.748634, 980.0]"}