{"Image number":38788,"Image shape":7,"Path":"[8.0599, 15.7498865, 0.0], [8.0599, 14.954755, 52.0], [8.012776, 13.9198885, 69.0], [7.872943, 12.667476, 85.0], [7.732382, 11.6840725, 102.0], [7.592806, 10.894458, 118.0], [7.59401, 10.383088, 135.0], [7.640935, 10.059747, 151.0], [7.7813005, 9.780509, 168.0], [8.063015, 9.640959, 184.0], [8.576123, 9.501631, 201.0], [10.205544, 9.502654, 234.0], [11.243593, 9.597319, 250.0], [12.361001, 9.737625, 267.0], [13.514264, 9.969556, 284.0], [14.735656, 10.157432, 300.0], [15.984565, 10.342505, 317.0], [17.148438, 10.435371, 333.0], [18.171957, 10.5285225, 350.0], [18.91721, 10.57507, 366.0], [19.52167, 10.668317, 383.0], [19.94293, 10.668182, 399.0], [20.406649, 10.668182, 432.0], [20.125414, 10.949211, 532.0], [19.659962, 11.881543, 548.0], [19.286478, 13.0969515, 565.0], [19.007696, 14.634405, 581.0], [18.8211, 16.129768, 598.0], [18.58862, 19.206417, 631.0], [18.44756, 20.709795, 647.0], [18.307798, 22.060038, 664.0], [18.11967, 23.230885, 681.0], [17.934315, 24.201214, 697.0], [17.748934, 25.034163, 714.0]"}