{"Image number":37427,"Image shape":2,"Path":"[11.647254, 9.176307, 0.0], [12.449016, 8.892827, 69.0], [13.286537, 8.519754, 85.0], [14.272411, 8.239259, 102.0], [15.056656, 8.149651, 118.0], [15.747717, 8.103978, 135.0], [16.357653, 8.10402, 152.0], [16.873264, 8.151371, 168.0], [17.28988, 8.197857, 185.0], [17.661995, 8.433342, 201.0], [17.940155, 8.855039, 218.0], [18.268034, 9.560292, 234.0], [18.545898, 10.304471, 251.0], [18.73077, 11.09621, 267.0], [18.82316, 11.748843, 284.0], [18.775063, 12.397543, 300.0], [18.728436, 13.003771, 317.0], [18.587908, 13.563143, 333.0], [18.40187, 14.16734, 350.0], [18.213755, 14.684618, 367.0], [18.028568, 15.053331, 383.0], [17.889038, 15.426592, 400.0], [17.749146, 15.799896, 416.0], [17.56083, 16.175941, 433.0], [17.32798, 16.452965, 449.0], [16.951984, 16.638897, 466.0], [16.484211, 16.920397, 482.0], [16.067303, 17.057247, 499.0], [15.696706, 17.24366, 516.0], [15.228638, 17.383419, 532.0], [14.667227, 17.476255, 548.0], [14.158931, 17.568863, 565.0], [13.786587, 17.662296, 582.0], [13.323338, 17.75482, 598.0], [12.805621, 17.801796, 615.0], [12.342634, 17.848183, 631.0], [11.924495, 17.80096, 648.0], [11.312801, 17.706694, 664.0], [10.760636, 17.521015, 681.0], [10.153714, 17.193693, 697.0], [9.592668, 16.960087, 714.0], [8.990392, 16.681711, 731.0], [7.9189215, 15.841795, 764.0], [7.451151, 15.279964, 780.0], [7.0767674, 14.717071, 797.0], [6.7543535, 14.116188, 813.0], [6.5678587, 13.461277, 830.0], [6.4285254, 12.902959, 846.0], [6.3820405, 12.480509, 863.0], [6.3826957, 12.064068, 879.0], [6.476098, 11.646212, 896.0], [6.7104855, 11.3185425, 913.0], [7.088112, 11.131101, 929.0], [7.690412, 11.087524, 946.0], [8.85293, 11.181171, 979.0], [9.459658, 11.414924, 995.0], [10.671337, 12.161569, 1028.0], [11.228917, 12.627073, 1045.0], [12.351568, 13.938058, 1078.0], [12.81231, 14.538166, 1095.0], [13.702953, 15.71098, 1128.0], [14.117072, 16.263521, 1144.0], [14.590218, 16.831606, 1161.0], [15.096305, 17.289719, 1177.0], [15.565599, 17.806574, 1194.0], [16.30852, 18.877048, 1227.0], [16.72774, 19.34225, 1243.0], [17.198544, 19.813128, 1260.0], [17.568937, 20.325466, 1276.0], [17.942112, 20.83894, 1293.0], [18.458286, 21.400908, 1310.0], [18.968672, 22.005327, 1326.0], [19.338707, 22.657282, 1343.0]"}