{"Image number":10499,"Image shape":8,"Path":"[18.550001, 8.244444, 0.0], [18.178518, 7.943703, 26.0], [17.506014, 7.4678392, 42.0], [16.412964, 7.140494, 59.0], [15.050133, 7.000009, 76.0], [13.473045, 7.0, 92.0], [12.0030575, 7.710873, 109.0], [11.024849, 8.495312, 126.0], [10.197339, 9.550777, 142.0], [10.085147, 10.960667, 159.0], [10.311366, 12.557088, 176.0], [11.355303, 14.111254, 193.0], [12.903441, 15.897142, 209.0], [14.833205, 17.717815, 226.0], [16.2131, 19.001314, 243.0], [17.254463, 20.45905, 259.0], [17.678635, 21.994669, 276.0], [17.647926, 23.10295, 293.0], [17.655556, 23.916674, 310.0], [17.348423, 24.433327, 326.0], [16.835012, 24.695993, 343.0], [16.053955, 24.746773, 360.0], [14.861186, 24.488914, 376.0], [13.471882, 23.805798, 393.0], [12.273662, 22.907827, 410.0], [11.666548, 21.968515, 426.0], [11.3005295, 21.086597, 443.0], [11.277779, 20.076204, 460.0], [11.547765, 18.714172, 476.0], [12.328951, 16.806866, 493.0], [13.508171, 15.132561, 510.0], [14.78187, 13.520287, 527.0], [16.015112, 12.185025, 543.0], [17.066353, 11.024326, 560.0], [17.970512, 10.015311, 577.0], [18.550001, 9.041666, 594.0]"}