{"Image number":39637,"Image shape":1,"Path":"[18.635607, 6.7520065, 0.0], [18.167427, 7.502199, 52.0], [17.55516, 8.633291, 69.0], [16.812489, 10.215038, 85.0], [15.918048, 11.956955, 102.0], [14.946445, 13.714182, 118.0], [14.014517, 15.533905, 135.0], [13.137376, 17.336498, 152.0], [12.345444, 19.014732, 168.0], [11.6914425, 20.46394, 185.0], [11.153346, 21.73704, 201.0], [10.885694, 22.459768, 218.0]"}