{"Image number":38443,"Image shape":9,"Path":"[19.5208, 12.299922, 0.0], [19.375906, 11.85982, 52.0], [19.192057, 11.265741, 68.0], [19.005827, 10.565595, 84.0], [18.81996, 10.056593, 101.0], [18.632946, 9.636528, 118.0], [18.30622, 9.171639, 134.0], [17.8382, 8.799018, 151.0], [17.233997, 8.5217905, 167.0], [16.386452, 8.3815975, 184.0], [15.412684, 8.33673, 200.0], [14.384562, 8.431408, 217.0], [13.358581, 8.760684, 233.0], [12.527182, 9.225854, 250.0], [11.642002, 9.97329, 266.0], [10.847157, 10.816612, 283.0], [9.957784, 11.895192, 299.0], [9.212431, 12.97016, 316.0], [8.61198, 14.037275, 335.0], [8.383732, 14.872341, 349.0], [8.386023, 15.475675, 366.0], [8.668495, 15.894162, 382.0], [9.231708, 16.314653, 399.0], [10.164396, 16.638487, 415.0], [11.0889, 16.775658, 432.0], [12.167892, 16.728573, 448.0], [13.145397, 16.494085, 465.0], [14.2149515, 16.167862, 481.0], [15.145449, 15.701254, 498.0], [16.030346, 15.09464, 515.0], [16.773851, 14.396179, 531.0], [17.429707, 13.692752, 548.0], [17.988441, 12.945837, 564.0], [18.496925, 12.205101, 581.0], [18.778267, 11.453019, 597.0], [18.963915, 10.753224, 614.0], [19.056067, 10.242214, 630.0], [19.102064, 9.871078, 647.0], [18.913439, 10.487657, 746.0], [18.631073, 11.334484, 763.0], [18.211535, 12.499668, 779.0], [17.793829, 13.660763, 796.0], [17.325243, 14.973776, 812.0], [16.955385, 16.226282, 829.0], [16.629183, 17.439754, 845.0], [16.25811, 18.504723, 862.0], [15.930323, 19.536009, 878.0], [15.606148, 20.508766, 895.0], [15.230322, 21.495548, 912.0], [14.764088, 22.37889, 928.0], [14.39047, 23.079788, 945.0], [14.1128, 23.636208, 961.0], [13.975543, 24.145954, 978.0], [13.929434, 24.520115, 994.0], [13.8828745, 24.892849, 1011.0], [13.8362665, 25.124102, 1027.0], [13.696462, 25.542097, 1060.0], [13.60342, 25.774862, 1077.0], [13.556805, 25.962313, 1094.0]"}