{"Image number":38759,"Image shape":5,"Path":"[23.294508, 9.31617, 0.0], [22.87206, 9.597864, 69.0], [22.067497, 9.881166, 85.0], [20.910322, 10.110359, 102.0], [19.645208, 10.155919, 119.0], [18.380749, 10.107917, 135.0], [17.13296, 9.920495, 152.0], [16.11958, 9.642457, 168.0], [15.271346, 9.453842, 185.0], [14.813475, 9.315619, 201.0], [14.5329275, 9.221977, 218.0], [14.30215, 9.504009, 317.0], [13.832939, 10.443081, 334.0], [13.080598, 11.475761, 350.0], [12.433913, 12.588833, 367.0], [11.874698, 13.474169, 384.0], [11.506493, 14.119887, 400.0], [11.134599, 14.537936, 416.0], [10.854893, 14.677599, 449.0], [11.042824, 14.771251, 516.0], [11.653475, 14.723742, 532.0], [13.706028, 14.536713, 565.0], [15.016687, 14.443419, 582.0], [16.314608, 14.397571, 598.0], [17.483784, 14.492147, 615.0], [18.449432, 14.677634, 631.0], [19.201668, 14.959951, 648.0], [19.709482, 15.285156, 664.0], [19.987179, 16.081135, 697.0], [19.79893, 16.545954, 714.0], [18.911142, 17.852503, 747.0], [18.209942, 18.600569, 764.0], [17.374306, 19.249113, 780.0], [16.441406, 19.902332, 797.0], [15.501358, 20.371778, 813.0], [14.668343, 20.694527, 830.0], [14.018225, 20.973627, 846.0], [13.4562025, 21.113325, 863.0], [12.901482, 21.158247, 879.0], [12.200777, 21.15794, 896.0], [11.31928, 20.971064, 912.0], [10.517356, 20.592949, 929.0], [9.540491, 20.127386, 946.0], [8.891868, 19.520031, 962.0], [8.2321205, 19.00225, 979.0]"}