{"Image number":38794,"Image shape":7,"Path":"[9.550749, 16.682308, 0.0], [9.503708, 16.165863, 68.0], [9.50416, 15.603867, 84.0], [9.410346, 14.248472, 119.0], [9.270039, 13.411769, 134.0], [9.130399, 12.5263815, 151.0], [8.99034, 11.685799, 167.0], [8.898178, 10.571701, 200.0], [8.94555, 10.245373, 217.0], [9.46382, 9.9673, 250.0], [9.972813, 9.921993, 266.0], [10.67526, 9.922244, 283.0], [11.469851, 9.969392, 300.0], [12.448724, 10.015936, 316.0], [13.477767, 10.062722, 333.0], [14.540301, 10.108925, 349.0], [15.577116, 10.108727, 366.0], [16.587984, 10.108727, 382.0], [17.569633, 10.014955, 399.0], [18.456259, 9.827524, 415.0], [19.059246, 9.594227, 432.0], [19.476353, 9.502176, 448.0], [19.6623, 9.314435, 465.0], [19.800882, 9.081414, 498.0], [19.612457, 9.130445, 597.0], [19.42714, 9.363393, 614.0], [18.773264, 10.391774, 630.0], [18.114052, 11.712008, 647.0], [17.42124, 13.379536, 663.0], [16.908287, 14.968235, 680.0], [15.931112, 18.463758, 713.0], [15.466464, 20.042736, 730.0], [14.950396, 21.35634, 746.0], [14.436796, 22.61744, 763.0], [14.067638, 23.72884, 779.0], [13.556765, 25.682621, 812.0]"}