{"Image number":36300,"Image shape":8,"Path":"[12.765391, 6.1925535, 0.0], [12.203233, 6.7550993, 52.0], [11.589801, 7.5587835, 69.0], [10.992272, 8.6216955, 85.0], [10.711709, 9.656332, 102.0], [10.621215, 10.82156, 118.0], [10.810782, 11.939747, 135.0], [11.183139, 12.910658, 152.0], [11.935297, 13.518991, 168.0], [12.969653, 14.033864, 185.0], [14.082911, 14.496547, 201.0], [15.20209, 15.010404, 218.0], [16.033756, 15.427109, 234.0], [16.687674, 15.990544, 251.0], [17.246775, 16.835436, 267.0], [17.568153, 17.86071, 284.0], [17.70551, 18.980211, 300.0], [17.468786, 20.142765, 317.0], [17.046684, 21.358576, 334.0], [16.302221, 22.375502, 350.0], [15.510286, 23.166508, 367.0], [14.520252, 23.636257, 383.0], [13.684882, 23.770773, 400.0], [12.944578, 23.674583, 416.0], [12.576349, 23.34678, 433.0], [12.390538, 22.547468, 449.0], [12.579736, 21.152676, 466.0], [13.000802, 19.188328, 482.0], [13.655723, 16.944403, 499.0], [14.451048, 14.606102, 515.0], [15.195266, 12.41848, 532.0], [15.889999, 10.472887, 549.0], [16.3106, 8.83266, 565.0], [16.492987, 7.6814675, 582.0], [16.398582, 6.932475, 598.0], [15.8825445, 6.609399, 615.0], [15.000991, 6.4721727, 631.0], [13.776025, 6.717576, 648.0], [12.901201, 6.9025183, 664.0]"}