{"Image number":37682,"Image shape":9,"Path":"[18.682196, 12.62627, 0.0], [18.26168, 11.878077, 52.0], [17.701801, 10.944531, 69.0], [16.809576, 9.817549, 86.0], [15.874451, 8.931407, 102.0], [14.813686, 8.242825, 119.0], [13.835464, 7.730278, 135.0], [12.804611, 7.3553987, 152.0], [11.822244, 7.075104, 168.0], [10.888162, 6.889134, 185.0], [9.35487, 6.845884, 218.0], [8.75636, 7.126072, 234.0], [8.383037, 7.547929, 251.0], [8.106011, 8.151676, 267.0], [7.918043, 8.763509, 284.0], [7.77924, 9.508664, 301.0], [7.68668, 10.252656, 317.0], [7.733891, 11.183313, 334.0], [7.8283744, 12.174977, 350.0], [8.060248, 13.140569, 367.0], [8.388481, 13.890663, 383.0], [8.902896, 14.637375, 400.0], [9.505489, 15.2851095, 416.0], [11.007382, 16.315895, 449.0], [11.796304, 16.592344, 466.0], [12.722878, 16.682714, 482.0], [13.709215, 16.587917, 499.0], [14.728977, 16.354403, 516.0], [15.753675, 15.886752, 532.0], [16.726976, 15.329428, 549.0], [18.034111, 14.019697, 582.0], [18.311548, 13.179524, 598.0], [18.449251, 11.360141, 631.0], [18.402227, 10.6146145, 648.0], [18.028816, 9.641007, 681.0], [17.703716, 9.409333, 698.0], [17.422703, 9.362526, 714.0], [17.144619, 9.502793, 747.0], [17.050726, 9.784941, 764.0], [17.004978, 10.295359, 780.0], [17.004992, 11.890941, 813.0], [17.05205, 12.727982, 830.0], [17.098331, 13.655194, 846.0], [17.23854, 14.588387, 863.0], [17.378035, 15.612445, 880.0], [17.611374, 16.638885, 896.0], [17.940397, 17.625616, 913.0], [18.216938, 18.54927, 929.0], [18.498466, 19.39422, 946.0], [18.732939, 20.240477, 962.0], [18.917982, 20.982828, 979.0], [19.05684, 21.680447, 995.0], [19.194818, 22.370804, 1012.0], [19.24142, 23.07174, 1028.0], [19.287863, 23.628986, 1045.0], [19.334684, 24.050634, 1061.0], [19.381039, 24.468122, 1078.0], [19.42763, 24.84107, 1095.0], [19.42762, 25.170048, 1111.0], [19.42762, 25.447523, 1128.0], [19.334263, 25.72735, 1144.0], [19.194162, 25.96077, 1161.0], [19.00674, 26.14798, 1177.0], [18.72762, 26.286655, 1210.0], [18.256842, 26.380516, 1244.0]"}