{"Image number":30323,"Image shape":5,"Path":"[18.446602, 6.246236, 0.0], [18.163504, 6.246236, 55.0], [17.911291, 6.302427, 73.0], [17.64982, 6.3289766, 91.0], [17.327892, 6.3550835, 109.0], [16.758709, 6.4209394, 127.0], [15.644434, 6.615296, 144.0], [14.657165, 6.73375, 162.0], [13.695106, 7.027953, 180.0], [13.007944, 7.335158, 198.0], [12.576462, 7.5145135, 215.0], [12.178766, 7.650283, 233.0], [11.738151, 7.8295975, 251.0], [11.243658, 7.9501905, 269.0], [10.796417, 8.080239, 286.0], [10.51946, 8.111444, 304.0], [10.257673, 8.148991, 322.0], [10.086008, 8.150303, 340.0], [9.829729, 8.186915, 375.0], [9.786408, 8.4277725, 428.0], [9.842674, 8.813657, 446.0], [9.973377, 9.326079, 464.0], [10.145867, 10.055321, 482.0], [10.234812, 10.803504, 499.0], [10.365102, 11.529347, 517.0], [10.653774, 12.234944, 535.0], [10.889834, 12.869102, 553.0], [10.966089, 13.304399, 570.0], [11.1191, 13.653978, 588.0], [11.178284, 13.921667, 606.0], [11.27029, 14.236712, 642.0], [11.466103, 14.251092, 695.0], [11.678518, 14.251092, 713.0], [12.025336, 14.18858, 730.0], [12.469197, 13.971714, 748.0], [12.926126, 13.825869, 766.0], [13.628, 13.526756, 784.0], [14.304209, 13.163055, 801.0], [14.837687, 12.850623, 819.0], [15.266848, 12.589986, 837.0], [15.711254, 12.382029, 855.0], [16.128632, 12.188123, 873.0], [16.528616, 12.057732, 890.0], [16.965363, 11.981433, 908.0], [17.30031, 11.958441, 926.0], [17.694304, 11.958441, 943.0], [18.085396, 12.014778, 961.0], [18.56139, 12.119179, 979.0], [18.986645, 12.2551365, 997.0], [19.376741, 12.385252, 1015.0], [19.80963, 12.810022, 1032.0], [20.165953, 13.168022, 1050.0], [20.368935, 13.493353, 1068.0], [20.570381, 13.885968, 1086.0], [20.690842, 14.334904, 1103.0], [20.820452, 15.018925, 1121.0], [20.951536, 15.757294, 1139.0], [21.007034, 16.622862, 1157.0], [21.00971, 17.427975, 1174.0], [21.00971, 18.240507, 1192.0], [20.779888, 19.09724, 1210.0], [20.391354, 19.82876, 1228.0], [19.999886, 20.481604, 1245.0], [19.569828, 21.016464, 1263.0], [19.152578, 21.537449, 1281.0], [18.643517, 22.058918, 1299.0], [17.959015, 22.46223, 1317.0], [17.470465, 22.79743, 1334.0], [16.959213, 23.113274, 1352.0], [16.350368, 23.44451, 1370.0], [15.701314, 23.735548, 1387.0], [15.21796, 23.940258, 1405.0], [14.7152195, 24.13168, 1423.0], [14.061632, 24.293337, 1441.0], [13.523702, 24.372597, 1459.0], [13.031859, 24.354311, 1476.0], [12.620714, 24.181854, 1494.0], [12.226595, 23.979807, 1512.0], [11.834896, 23.700155, 1530.0], [11.549063, 23.28891, 1547.0], [11.412046, 22.983395, 1565.0], [11.329655, 22.720486, 1583.0], [11.262136, 22.402512, 1618.0], [11.262136, 22.222284, 1636.0], [11.262136, 22.022799, 1646.0]"}