{"Image number":35756,"Image shape":1,"Path":"[15.141432, 6.379038, 0.0], [15.094402, 7.318472, 53.0], [15.000005, 8.545167, 70.0], [14.8148155, 10.346649, 86.0], [14.438204, 12.181477, 103.0], [13.881945, 14.12369, 119.0], [13.322468, 16.03642, 136.0], [12.811392, 17.8966, 152.0], [12.385844, 19.789698, 169.0], [12.049482, 21.574593, 186.0], [11.968499, 22.661758, 202.0]"}