{"Image number":30598,"Image shape":9,"Path":"[16.69903, 8.150303, 0.0], [16.540503, 8.150303, 94.0], [16.397713, 7.9265213, 182.0], [16.140182, 7.795521, 218.0], [15.904922, 7.6911488, 235.0], [15.59256, 7.6257777, 254.0], [15.349106, 7.5988946, 271.0], [15.062986, 7.606284, 289.0], [14.828123, 7.606284, 307.0], [14.662392, 7.606284, 324.0], [14.45748, 7.715604, 342.0], [14.213593, 7.839434, 360.0], [13.936096, 7.978265, 378.0], [13.564226, 8.222605, 396.0], [13.173233, 8.432537, 413.0], [12.781055, 8.614426, 431.0], [12.428286, 8.849098, 449.0], [12.127851, 9.122969, 466.0], [11.866063, 9.425296, 484.0], [11.64506, 9.713694, 502.0], [11.505915, 10.0005, 520.0], [11.385658, 10.383041, 538.0], [11.21982, 10.771242, 556.0], [11.07701, 11.195606, 573.0], [11.011849, 11.708157, 591.0], [11.034622, 12.279943, 609.0], [11.106796, 12.833761, 626.0], [11.164581, 13.237959, 644.0], [11.191566, 13.502342, 662.0], [11.32908, 13.729834, 680.0], [11.579823, 13.904871, 697.0], [11.936992, 14.035784, 715.0], [12.329574, 14.095658, 733.0], [12.826898, 14.011099, 751.0], [13.464978, 13.830761, 769.0], [14.123312, 13.367159, 786.0], [14.707755, 12.901742, 804.0], [15.191772, 12.366425, 822.0], [15.456406, 11.841674, 839.0], [15.664504, 11.345895, 857.0], [15.795867, 10.885846, 875.0], [15.925568, 10.4721, 893.0], [16.028198, 10.146442, 911.0], [16.09369, 9.763898, 929.0], [16.120342, 9.44846, 946.0], [16.15534, 9.11737, 964.0], [16.211264, 8.803119, 982.0], [16.226034, 8.552849, 1017.0], [16.23301, 8.738723, 1159.0], [16.23301, 9.150049, 1177.0], [16.23301, 9.670884, 1195.0], [16.23301, 10.191211, 1212.0], [16.23301, 10.715014, 1230.0], [16.23301, 11.301659, 1248.0], [16.23301, 11.944696, 1266.0], [16.194174, 12.482417, 1283.0], [16.194174, 13.009933, 1302.0], [16.137999, 13.6301, 1319.0], [16.15534, 14.327967, 1337.0], [16.116505, 15.049929, 1355.0], [16.116505, 15.823891, 1372.0], [16.116505, 16.530344, 1391.0], [16.116505, 17.243843, 1408.0], [16.116505, 17.962076, 1426.0], [16.077671, 18.68489, 1444.0], [16.004852, 19.54561, 1461.0], [15.939417, 20.440495, 1479.0], [15.825872, 21.338364, 1497.0], [15.769916, 22.25383, 1514.0], [15.6893215, 23.124317, 1532.0], [15.638631, 23.90194, 1550.0], [15.650487, 24.42464, 1568.0], [15.650487, 24.854502, 1585.0], [15.650487, 25.249586, 1603.0], [15.650487, 25.521692, 1621.0]"}