{"Image number":30334,"Image shape":9,"Path":"[20.038837, 8.111444, 0.0], [19.783863, 7.9948683, 117.0], [19.620466, 7.9459963, 135.0], [19.464485, 7.8810215, 152.0], [19.144419, 7.839434, 170.0], [18.767311, 7.789297, 188.0], [18.072388, 7.6851816, 206.0], [17.67461, 7.65888, 223.0], [17.385693, 7.6451416, 241.0], [17.084824, 7.6451416, 259.0], [16.66803, 7.6451416, 277.0], [16.159529, 7.6451416, 295.0], [15.634539, 7.685996, 312.0], [15.199013, 7.856927, 330.0], [14.818897, 8.041759, 348.0], [14.549924, 8.237915, 366.0], [14.219227, 8.473332, 383.0], [13.839574, 8.835416, 401.0], [13.193784, 9.398987, 419.0], [12.675826, 9.9843, 437.0], [12.2994, 10.537602, 454.0], [12.014966, 11.11246, 472.0], [11.863922, 11.73876, 490.0], [11.728155, 12.385883, 508.0], [11.595681, 12.924092, 525.0], [11.577535, 13.32902, 543.0], [11.572816, 13.826047, 561.0], [11.572816, 14.409515, 579.0], [11.643999, 15.03791, 596.0], [11.945862, 15.66589, 614.0], [12.388603, 16.25541, 632.0], [12.754378, 16.525879, 650.0], [13.248381, 16.813023, 668.0], [13.922848, 16.905884, 685.0], [14.44959, 16.892874, 703.0], [14.944832, 16.735329, 721.0], [15.454882, 16.37967, 739.0], [16.099453, 15.826858, 756.0], [16.623512, 15.326187, 774.0], [17.138477, 14.821701, 792.0], [17.616125, 14.259213, 810.0], [17.903482, 13.8715105, 827.0], [18.110205, 13.542718, 845.0], [18.22316, 13.381844, 863.0], [18.330097, 13.1837015, 898.0], [17.93057, 13.397381, 1023.0], [17.5035, 13.688547, 1041.0], [17.22376, 14.085254, 1058.0], [16.963493, 14.47589, 1076.0], [16.62461, 15.138987, 1094.0], [16.325583, 15.85186, 1112.0], [15.909941, 16.568783, 1129.0], [15.530605, 17.367092, 1147.0], [15.141268, 18.092411, 1165.0], [14.854696, 18.908194, 1183.0], [14.555478, 19.556847, 1200.0], [14.429057, 20.167652, 1218.0], [14.29808, 20.713177, 1236.0], [14.248966, 21.231022, 1254.0], [14.252427, 21.627111, 1271.0], [14.252427, 22.112272, 1289.0], [14.29621, 22.606426, 1307.0], [14.431619, 23.198805, 1325.0], [14.677096, 23.7852, 1342.0], [14.985512, 24.42246, 1360.0], [15.310913, 24.962866, 1378.0], [15.59655, 25.428967, 1396.0], [15.923694, 25.93415, 1414.0], [16.24979, 26.275167, 1431.0], [16.470839, 26.518192, 1449.0]"}