{"Image number":36770,"Image shape":8,"Path":"[11.507487, 8.197262, 0.0], [11.4143095, 8.430367, 36.0], [11.272974, 9.184674, 53.0], [11.181108, 10.345029, 70.0], [11.134004, 11.668824, 86.0], [11.466005, 12.736303, 103.0], [12.119219, 13.472397, 119.0], [13.100217, 13.982844, 136.0], [14.319905, 14.214676, 152.0], [15.528413, 14.400071, 169.0], [16.680267, 14.677937, 185.0], [17.629343, 15.010495, 202.0], [18.596853, 15.33291, 218.0], [19.252197, 15.662112, 235.0], [19.71576, 16.131466, 252.0], [19.94172, 16.639256, 268.0], [20.129333, 17.3458, 285.0], [20.126455, 18.183, 301.0], [15.514143, 22.976162, 0.0], [15.141432, 22.976162, 37.0], [14.238003, 22.976162, 54.0], [13.126888, 22.881985, 70.0], [12.380848, 22.646114, 87.0], [12.156665, 22.130228, 104.0], [12.112731, 21.14926, 120.0], [12.299952, 19.84938, 137.0], [12.817242, 18.298252, 153.0], [13.563038, 16.810898, 170.0], [14.499763, 15.077606, 186.0], [15.387175, 13.489152, 203.0], [16.173975, 11.770566, 219.0], [16.732504, 10.323618, 236.0], [17.008514, 9.161623, 252.0], [17.004992, 8.4213295, 269.0], [16.86366, 8.0532255, 286.0], [16.395954, 7.775643, 302.0], [15.695501, 7.495944, 319.0], [14.767076, 7.077614, 335.0], [12.803447, 6.6105905, 368.0], [11.967056, 6.8939776, 385.0], [11.264112, 7.601625, 401.0], [10.751656, 8.827952, 418.0], [12.346089, 6.518901, 0.0], [11.782948, 7.270727, 45.0], [11.272112, 8.435894, 62.0], [10.755796, 9.893294, 79.0], [10.526033, 11.103818, 95.0], [10.576169, 12.029451, 112.0], [10.954256, 12.730464, 128.0], [11.702305, 13.238164, 145.0], [12.781444, 13.563582, 161.0], [14.09824, 13.796866, 178.0], [15.400718, 14.077173, 194.0], [16.589733, 14.44574, 211.0], [17.574656, 15.010006, 227.0], [18.551992, 15.427639, 244.0], [19.154503, 16.08315, 261.0], [19.480337, 16.931183, 277.0], [19.569057, 18.101849, 294.0], [19.567387, 19.404617, 310.0], [19.614769, 20.57169, 327.0], [19.56655, 21.54852, 343.0], [19.003271, 22.330624, 360.0], [18.16381, 22.933807, 376.0], [16.900827, 23.352798, 393.0], [15.596447, 23.537172, 409.0], [14.197632, 23.723705, 426.0], [12.977913, 23.816916, 442.0], [12.2466135, 23.6743, 459.0], [11.736526, 23.158737, 476.0], [11.5038395, 22.07357, 492.0], [11.507487, 20.522846, 511.0], [12.400956, 17.17157, 542.0], [13.191374, 15.596649, 558.0], [14.219164, 13.821976, 575.0], [15.245277, 12.189695, 591.0], [16.27811, 10.450489, 608.0], [17.105871, 9.023173, 624.0], [17.571945, 7.9460115, 641.0], [17.658379, 7.1618977, 658.0], [17.32509, 6.6018124, 674.0], [16.715864, 6.185908, 691.0], [15.831186, 5.7686586, 707.0], [13.509688, 5.213292, 740.0], [11.272144, 6.567812, 773.0], [10.516977, 8.034316, 790.0]"}