{"Image number":37735,"Image shape":8,"Path":"[16.352745, 6.099311, 0.0], [15.833685, 6.5247555, 52.0], [15.278661, 7.2213902, 69.0], [14.763537, 8.254253, 85.0], [14.532911, 9.282151, 102.0], [14.489862, 11.618274, 135.0], [14.536144, 12.728418, 151.0], [14.725032, 13.808493, 168.0], [14.958223, 14.736826, 184.0], [15.287176, 15.53131, 201.0], [15.563694, 16.45908, 217.0], [15.797111, 17.39537, 234.0], [15.935347, 18.421259, 251.0], [15.933444, 19.259163, 267.0], [15.791837, 20.143948, 284.0], [15.559692, 20.88154, 300.0], [15.135615, 21.587227, 317.0], [14.4828615, 22.330698, 333.0], [12.709203, 23.353935, 366.0], [11.820007, 23.585821, 383.0], [10.988737, 23.676178, 399.0], [10.243183, 23.628458, 416.0], [9.448116, 23.440151, 433.0], [8.752804, 23.20729, 449.0], [8.054742, 22.833544, 466.0], [7.4445763, 22.410011, 482.0], [6.9325094, 21.894617, 499.0], [6.612231, 21.385683, 515.0], [6.61564, 20.87592, 532.0], [6.9938293, 20.263231, 548.0], [7.601762, 19.611086, 565.0], [8.450115, 18.905527, 582.0], [9.274441, 18.264915, 598.0], [10.211646, 17.70278, 615.0], [11.234251, 17.191992, 631.0], [12.312445, 16.581747, 648.0], [13.47985, 16.022108, 664.0], [14.446383, 15.514796, 681.0], [15.478777, 15.092597, 697.0], [16.271492, 14.718605, 714.0], [17.106552, 14.39461, 730.0], [17.801758, 13.9754305, 747.0], [18.40611, 13.603189, 763.0], [18.87551, 13.084823, 780.0], [19.340595, 12.714584, 797.0], [19.848024, 12.205576, 813.0], [20.222574, 11.642811, 830.0], [20.453262, 11.13289, 846.0], [20.592756, 10.433022, 863.0], [20.639387, 9.681894, 879.0], [20.638933, 8.840977, 896.0], [20.638933, 8.102603, 912.0], [20.638933, 7.4970694, 929.0], [20.591972, 6.9810076, 946.0], [20.45188, 6.422863, 962.0], [19.984512, 5.9572716, 979.0], [18.725243, 5.35236, 1012.0], [18.119888, 5.259631, 1028.0], [17.513474, 5.353987, 1045.0], [16.86274, 5.634164, 1061.0], [16.200369, 6.203368, 1078.0]"}