{"Image number":38464,"Image shape":1,"Path":"[16.166388, 7.6378083, 0.0], [16.07321, 8.010777, 36.0], [15.598808, 9.150132, 53.0], [14.859628, 11.000204, 70.0], [13.972212, 13.384275, 86.0], [13.313831, 15.836008, 103.0], [12.855216, 18.285215, 119.0], [12.669705, 20.440868, 136.0], [12.673006, 23.78103, 169.0], [12.813831, 24.85521, 185.0], [13.008849, 25.579779, 202.0], [13.096346, 25.883593, 218.0]"}