{"Image number":37842,"Image shape":5,"Path":"[17.05158, 4.420949, 0.0], [16.630219, 4.748329, 69.0], [16.068333, 5.1705494, 86.0], [15.048787, 6.098659, 119.0], [14.626312, 6.568456, 135.0], [14.208743, 7.2196264, 152.0], [13.642077, 7.928174, 168.0], [13.085454, 8.812938, 185.0], [12.524629, 9.606977, 201.0], [12.061322, 10.538793, 218.0], [11.689844, 11.188016, 235.0], [11.459289, 11.744332, 251.0], [11.272876, 12.069735, 268.0], [11.227582, 12.301782, 284.0], [11.461875, 12.439786, 383.0], [12.217576, 12.439786, 400.0], [12.956653, 12.439786, 417.0], [13.9373255, 12.439786, 433.0], [14.68332, 12.486894, 450.0], [15.426498, 12.533374, 466.0], [16.121784, 12.579782, 483.0], [16.730635, 12.579649, 499.0], [17.286062, 12.579649, 516.0], [17.753126, 12.579649, 532.0], [18.124208, 12.579649, 549.0], [18.404089, 12.579649, 565.0], [18.683071, 12.579649, 598.0], [18.682196, 12.814419, 648.0], [18.635433, 13.093527, 665.0], [18.54203, 13.56069, 681.0], [18.35483, 14.168811, 698.0], [18.029617, 14.911465, 714.0], [17.190168, 16.778173, 747.0], [16.81242, 17.818321, 764.0], [16.3522, 18.641376, 780.0], [15.975897, 19.488888, 797.0], [15.603159, 20.186703, 813.0], [15.325655, 20.836567, 830.0], [15.000143, 21.346811, 847.0], [14.622808, 21.770931, 863.0], [14.206837, 22.23335, 880.0], [13.8813, 22.65268, 896.0], [13.5049305, 23.028673, 913.0], [12.991306, 23.211828, 929.0], [12.484194, 23.25604, 946.0], [12.015547, 23.35002, 962.0], [11.499773, 23.396456, 979.0], [10.894375, 23.395754, 996.0], [10.24086, 23.348509, 1012.0], [9.68486, 23.207855, 1029.0], [9.129818, 22.928726, 1045.0], [8.660463, 22.552496, 1062.0], [8.3844385, 22.087717, 1078.0], [8.197568, 21.477459, 1095.0], [8.057518, 20.77305, 1111.0], [8.0131035, 20.082546, 1128.0], [8.10665, 19.338425, 1144.0], [8.714506, 18.030647, 1177.0], [9.179256, 17.613632, 1194.0]"}