{"Image number":30331,"Image shape":0,"Path":"[14.640778, 7.8782945, 0.0], [14.408634, 7.839434, 74.0], [14.086778, 7.9445934, 110.0], [13.679018, 8.193745, 127.0], [13.136643, 8.55049, 145.0], [12.277054, 9.129777, 163.0], [11.64901, 9.68437, 181.0], [11.112087, 10.252422, 198.0], [10.472206, 10.919651, 216.0], [9.972264, 11.469533, 234.0], [9.578237, 12.037735, 252.0], [9.288534, 12.527349, 270.0], [9.051761, 13.026014, 287.0], [8.80616, 13.429705, 305.0], [8.545536, 14.013783, 323.0], [8.284906, 14.535822, 340.0], [8.076437, 15.057461, 358.0], [7.919609, 15.463879, 376.0], [7.8173842, 15.852611, 394.0], [7.860173, 16.302681, 412.0], [8.006267, 16.921684, 429.0], [8.271615, 17.59224, 447.0], [8.477802, 18.266916, 465.0], [8.921048, 19.047558, 483.0], [9.417771, 19.802734, 500.0], [9.927521, 20.450663, 518.0], [10.365996, 20.943796, 536.0], [10.692373, 21.329592, 554.0], [11.126213, 21.770218, 572.0], [11.755441, 22.144627, 589.0], [12.321511, 22.416803, 607.0], [12.927021, 22.60888, 625.0], [13.566269, 22.740372, 642.0], [14.14987, 22.76111, 660.0], [14.671675, 22.76111, 678.0], [15.29084, 22.76111, 696.0], [16.171053, 22.685047, 713.0], [16.933445, 22.545113, 731.0], [17.70256, 22.283918, 749.0], [18.561815, 21.984337, 767.0], [19.274015, 21.660603, 785.0], [19.75727, 21.303925, 802.0], [20.160522, 21.007292, 820.0], [20.41861, 20.76091, 838.0], [20.681355, 20.432278, 856.0], [20.898535, 19.874916, 873.0], [21.164524, 19.206867, 891.0], [21.369888, 18.55473, 909.0], [21.359224, 17.90708, 927.0], [21.467428, 17.170813, 944.0], [21.532066, 16.524033, 962.0], [21.636642, 15.949529, 980.0], [21.702185, 15.430449, 998.0], [21.767485, 14.907736, 1016.0], [21.786407, 14.337868, 1033.0], [21.786407, 13.858337, 1051.0], [21.786407, 13.320951, 1069.0], [21.690474, 12.731087, 1086.0], [21.560568, 12.185016, 1104.0], [21.46883, 11.681692, 1122.0], [21.387371, 11.222988, 1140.0], [21.324717, 10.784138, 1157.0], [21.296257, 10.477665, 1175.0], [21.281553, 10.200719, 1193.0], [21.126673, 9.861231, 1211.0], [20.944357, 9.522204, 1229.0], [20.633377, 9.068657, 1246.0], [20.06974, 8.609664, 1264.0], [19.677952, 8.188843, 1282.0], [19.28677, 7.8405476, 1300.0], [18.978382, 7.597347, 1317.0], [18.689217, 7.37305, 1335.0], [18.363367, 7.223241, 1353.0], [17.955854, 7.015158, 1371.0], [17.608965, 6.8902106, 1388.0], [17.320522, 6.6932087, 1406.0], [17.108126, 6.6287875, 1424.0], [16.944736, 6.5634565, 1442.0], [16.75728, 6.4405284, 1460.0], [16.363377, 6.4793863, 1495.0], [15.985388, 6.600836, 1513.0], [15.544299, 6.7317924, 1531.0], [15.124263, 7.011755, 1548.0], [14.756232, 7.3977094, 1566.0], [14.479393, 7.740135, 1584.0], [14.256411, 8.104804, 1602.0], [14.12523, 8.390771, 1619.0], [13.994756, 8.665962, 1637.0]"}