{"Image number":30273,"Image shape":3,"Path":"[6.601942, 8.3057375, 0.0], [6.791618, 8.115945, 71.0], [7.248556, 7.833355, 89.0], [8.012708, 7.4748726, 107.0], [9.255964, 6.8857164, 124.0], [9.759378, 6.682694, 142.0], [10.270263, 6.525249, 160.0], [11.116615, 6.4287243, 178.0], [11.913105, 6.4405284, 195.0], [12.936886, 6.4405284, 213.0], [13.888233, 6.4405284, 231.0], [14.448357, 6.4405284, 249.0], [14.943246, 6.4405284, 266.0], [15.345445, 6.651536, 284.0], [15.740904, 6.919586, 302.0], [16.03625, 7.261745, 320.0], [16.242039, 7.7728596, 338.0], [16.314531, 8.464697, 355.0], [16.280588, 9.310163, 373.0], [15.93141, 10.62488, 391.0], [15.043093, 12.031132, 409.0], [14.123262, 13.012865, 426.0], [13.320389, 13.765361, 444.0], [12.804323, 14.092567, 462.0], [12.488345, 14.350914, 480.0], [12.307821, 14.507967, 497.0], [12.081713, 14.635633, 533.0], [12.260682, 14.465787, 604.0], [12.64425, 14.209918, 622.0], [13.765799, 13.639062, 639.0], [14.4654045, 13.256558, 657.0], [15.011375, 12.997073, 675.0], [15.499371, 12.889989, 693.0], [16.045343, 12.852186, 711.0], [16.525196, 12.852186, 728.0], [17.02671, 12.852186, 746.0], [17.506628, 13.014358, 764.0], [17.91753, 13.317724, 782.0], [18.311775, 13.7276, 799.0], [18.641785, 14.419015, 817.0], [18.90462, 15.198537, 835.0], [18.917465, 16.193851, 853.0], [18.88343, 17.312351, 870.0], [18.873787, 18.521526, 888.0], [18.873787, 19.39433, 906.0], [18.834951, 20.204052, 924.0], [18.755177, 20.847092, 941.0], [18.625978, 21.428839, 959.0], [18.24558, 22.020504, 977.0], [17.731638, 22.561342, 995.0], [17.208866, 23.019041, 1012.0], [16.461285, 23.480812, 1030.0], [15.733317, 23.885427, 1048.0], [15.0810995, 24.16253, 1066.0], [14.203093, 24.309784, 1084.0], [13.503984, 24.315453, 1101.0], [12.66078, 24.213913, 1119.0], [11.693341, 24.121735, 1137.0], [10.998875, 23.990757, 1155.0], [10.439688, 23.772675, 1172.0], [9.9356165, 23.456182, 1190.0], [9.5075035, 23.142633, 1208.0], [9.170477, 22.698769, 1226.0], [8.923443, 22.397049, 1243.0], [8.7576065, 22.236847, 1261.0], [8.626511, 22.049963, 1279.0], [8.504854, 21.789648, 1340.0]"}