{"Image number":37240,"Image shape":8,"Path":"[14.116471, 11.880333, 0.0], [13.786283, 11.880333, 119.0], [12.157534, 11.599994, 152.0], [11.311348, 11.317614, 169.0], [10.753154, 10.941966, 185.0], [10.3393755, 10.571928, 202.0], [10.015456, 9.682629, 235.0], [10.016639, 9.1258135, 251.0], [10.579225, 8.006474, 284.0], [11.181603, 7.6376624, 301.0], [11.834851, 7.310838, 318.0], [12.592348, 6.8843756, 334.0], [13.241909, 6.5128226, 351.0], [14.353224, 6.004683, 384.0], [14.822729, 5.9113417, 400.0], [15.194857, 5.912827, 417.0], [15.471731, 5.9601445, 433.0], [15.749161, 6.4304967, 467.0], [15.84094, 6.801329, 483.0], [15.8875065, 7.2240806, 500.0], [15.934034, 7.5487075, 516.0], [15.933444, 7.8749332, 533.0], [16.027767, 8.295662, 549.0], [16.121496, 8.717729, 566.0], [16.16714, 9.183818, 582.0], [16.166388, 9.458697, 599.0], [16.166388, 9.83201, 615.0], [16.166388, 10.157467, 632.0], [16.166388, 10.582232, 649.0], [16.119059, 10.953844, 665.0], [16.025755, 11.371401, 682.0], [15.932983, 11.695461, 698.0], [15.793653, 12.020251, 715.0], [15.46625, 12.582691, 748.0], [15.279382, 12.815025, 764.0], [15.046017, 13.048098, 781.0], [14.6726055, 13.281168, 814.0], [14.299985, 13.466873, 847.0], [14.020715, 13.607035, 880.0], [13.788251, 13.745877, 913.0], [13.509796, 13.8855505, 963.0], [12.996788, 14.165543, 996.0], [12.574432, 14.447256, 1029.0], [12.297285, 14.773798, 1062.0], [12.159654, 15.004082, 1079.0], [12.01947, 15.191093, 1095.0], [11.879218, 15.425175, 1112.0], [11.505275, 15.845894, 1145.0], [11.319885, 16.077791, 1161.0], [11.03995, 16.779669, 1178.0], [10.85447, 17.384136, 1194.0], [10.713359, 17.996872, 1211.0], [10.621623, 18.457277, 1227.0], [10.575203, 18.92517, 1244.0], [10.482493, 19.33987, 1261.0], [10.482529, 19.715746, 1277.0], [10.435483, 20.18347, 1294.0], [10.43594, 20.601889, 1310.0], [10.43594, 21.065079, 1330.0], [10.529296, 21.344957, 1343.0], [10.669817, 21.672947, 1360.0], [10.952041, 22.001345, 1377.0], [11.279841, 22.32877, 1393.0], [11.602482, 22.604752, 1409.0], [11.883801, 22.839302, 1426.0], [12.487245, 23.303381, 1459.0], [12.95647, 23.490889, 1476.0], [13.421882, 23.677181, 1492.0], [13.7965765, 23.91248, 1509.0], [14.0736265, 24.144814, 1525.0], [14.490764, 24.235285, 1542.0], [14.959938, 24.234934, 1558.0], [15.332816, 24.187683, 1575.0], [15.658057, 24.046669, 1592.0], [16.219042, 23.765257, 1625.0], [16.636799, 23.438858, 1641.0], [17.009071, 23.065323, 1658.0], [17.33696, 22.594837, 1674.0], [17.567432, 22.177526, 1691.0], [17.706131, 21.757097, 1707.0], [17.798462, 21.29051, 1724.0], [17.890863, 20.828186, 1740.0], [17.937136, 20.36173, 1757.0], [17.98391, 19.428013, 1790.0], [17.93644, 18.775612, 1807.0], [17.889818, 18.028486, 1823.0], [17.702318, 16.628647, 1856.0], [17.28224, 15.652525, 1889.0], [17.09624, 15.326918, 1906.0], [16.91052, 14.95474, 1922.0], [16.676731, 14.627985, 1939.0], [16.443712, 14.348599, 1955.0], [16.210659, 14.068742, 1972.0], [15.979109, 13.743886, 1989.0], [15.745173, 13.369141, 2005.0], [15.41819, 13.043083, 2022.0], [15.046201, 12.764592, 2038.0], [14.766515, 12.625168, 2055.0]"}