{"Image number":35370,"Image shape":1,"Path":"[14.4425955, 9.269548, 0.0], [14.489183, 9.549274, 36.0], [14.489183, 10.541599, 53.0], [14.536501, 12.138197, 70.0], [14.630045, 14.000154, 86.0], [14.628951, 15.82403, 103.0], [14.675863, 17.486538, 119.0], [14.675539, 19.160215, 136.0], [14.675539, 20.605982, 152.0], [14.628614, 22.007269, 169.0], [14.48196, 23.222889, 185.0], [14.391506, 23.944613, 202.0]"}