{"Image number":10056,"Image shape":5,"Path":"[22.983334, 7.8944445, 0.0], [22.8255, 7.7762613, 28.0], [22.60646, 7.777778, 45.0], [22.307575, 7.7494116, 61.0], [21.847473, 7.6947803, 77.0], [21.194443, 7.466667, 95.0], [20.372341, 7.2185583, 111.0], [19.432196, 6.9392076, 128.0], [18.416039, 6.6603665, 144.0], [17.512585, 6.4287777, 161.0], [16.631107, 6.261041, 178.0], [16.002254, 6.1940775, 194.0], [15.6002655, 6.1833334, 211.0], [15.178087, 6.1833334, 228.0], [14.808314, 6.2171335, 245.0], [14.425956, 6.4232626, 261.0], [14.228069, 6.6552644, 278.0], [13.717813, 7.462171, 295.0], [13.27442, 8.282685, 311.0], [13.03965, 8.830233, 328.0], [12.783718, 9.395821, 345.0], [12.451617, 10.1721525, 361.0], [12.159022, 10.648202, 378.0], [11.875683, 11.123863, 395.0], [11.491667, 11.724999, 412.0], [11.180214, 12.071521, 428.0], [10.864503, 12.440488, 445.0], [10.6307125, 12.767164, 462.0], [10.495257, 13.039635, 478.0], [10.443525, 13.1972, 495.0], [10.636111, 13.3972225, 545.0], [10.9709215, 13.449783, 562.0], [11.399683, 13.554088, 579.0], [11.986778, 13.597788, 595.0], [12.7367115, 13.772012, 612.0], [13.260946, 13.875522, 629.0], [13.8701515, 14.069449, 645.0], [14.526459, 14.35965, 662.0], [15.192077, 14.693262, 679.0], [15.769854, 14.982149, 695.0], [16.316734, 15.255591, 712.0], [16.802408, 15.651057, 729.0], [17.192028, 16.02536, 745.0], [17.532728, 16.4643, 762.0], [17.858963, 16.988445, 779.0], [18.169973, 17.637938, 796.0], [18.442339, 18.179125, 812.0], [18.605019, 18.535782, 829.0], [18.817974, 18.921734, 846.0], [19.008575, 19.272707, 862.0], [19.089592, 19.536852, 879.0], [19.142958, 19.852196, 896.0], [19.133333, 20.11065, 913.0], [19.013016, 20.423971, 929.0], [18.850836, 20.637774, 946.0], [18.489706, 20.920845, 963.0], [18.012747, 21.194769, 979.0], [17.441666, 21.38889, 996.0], [16.678265, 21.531225, 1013.0], [15.691772, 21.688726, 1029.0], [14.684412, 21.763, 1046.0], [13.699241, 21.777779, 1063.0], [12.787093, 21.724731, 1080.0], [11.716682, 21.570763, 1096.0], [10.726316, 21.457743, 1113.0], [9.900414, 21.359526, 1130.0], [8.909936, 21.286463, 1146.0], [7.990388, 21.22525, 1163.0], [7.222512, 21.090237, 1180.0], [6.8083477, 21.000557, 1196.0], [6.4316163, 20.89316, 1213.0], [5.9510403, 20.731691, 1230.0], [5.5987597, 20.571602, 1246.0]"}