{"Image number":384,"Image shape":7,"Path":"[5.6436925, 10.812901, 0.0], [5.8708386, 10.812901, 50.0], [6.048536, 10.812901, 65.0], [6.2808843, 10.867535, 79.0], [6.605343, 10.978479, 93.0], [7.0010724, 11.070124, 106.0], [7.4515724, 11.113943, 120.0], [7.941983, 11.049282, 135.0], [8.455654, 10.976947, 152.0], [8.948347, 10.887336, 169.0], [9.444434, 10.841427, 177.0], [9.942997, 10.759666, 191.0], [10.417197, 10.714193, 204.0], [10.870393, 10.668859, 218.0], [11.278906, 10.623637, 232.0], [11.667507, 10.578704, 248.0], [12.029255, 10.509, 261.0], [12.388604, 10.485096, 278.0], [12.742311, 10.448673, 293.0], [13.064434, 10.448673, 303.0], [13.40285, 10.375828, 317.0], [13.700291, 10.343845, 330.0], [13.972416, 10.257547, 344.0], [14.275812, 10.253963, 360.0], [14.548382, 10.230137, 374.0], [14.819687, 10.230137, 391.0], [15.083004, 10.230137, 408.0], [15.324167, 10.2188015, 416.0], [15.577848, 10.193714, 429.0], [15.804224, 10.164201, 442.0], [16.028976, 10.157291, 455.0], [16.208353, 10.063488, 470.0], [16.424534, 9.937153, 485.0], [16.577654, 9.8188, 499.0], [16.786858, 9.682941, 512.0], [17.094257, 9.4297285, 540.0], [17.230223, 9.248385, 553.0], [17.364485, 9.069312, 569.0], [17.499712, 8.888951, 585.0], [17.599115, 8.724161, 600.0], [17.799839, 8.45308, 624.0], [17.929491, 8.269089, 654.0], [18.019884, 8.1211405, 679.0], [17.976946, 8.449216, 822.0], [17.856041, 8.68803, 833.0], [17.719265, 8.973202, 846.0], [17.546242, 9.327213, 860.0], [17.412746, 9.685869, 875.0], [17.221218, 10.068819, 889.0], [17.01373, 10.474687, 904.0], [16.823284, 10.882512, 917.0], [16.64499, 11.283802, 931.0], [16.40813, 11.642606, 945.0], [16.30753, 12.075591, 958.0], [16.171663, 12.472706, 973.0], [16.079454, 12.836441, 987.0], [15.990251, 13.208659, 1001.0], [15.923767, 13.568496, 1017.0], [15.911574, 13.920448, 1029.0], [15.8274765, 14.281751, 1042.0], [15.787887, 14.643702, 1057.0], [15.779268, 14.98097, 1071.0], [15.734205, 15.328241, 1085.0], [15.729519, 15.69126, 1099.0], [15.680746, 15.998652, 1114.0], [15.693108, 16.317678, 1129.0], [15.723315, 16.66374, 1140.0], [15.768654, 17.026573, 1153.0], [15.813466, 17.385185, 1168.0], [15.915705, 17.713337, 1181.0], [16.006172, 18.046219, 1196.0], [16.058657, 18.362505, 1210.0], [16.057217, 18.677942, 1223.0], [16.11232, 18.993214, 1238.0], [16.13004, 19.283657, 1251.0], [16.166494, 19.5911, 1266.0], [16.16645, 19.863607, 1280.0], [16.149014, 20.115068, 1294.0], [16.13004, 20.341715, 1307.0], [16.13004, 20.496891, 1321.0], [16.086039, 20.72143, 1335.0], [16.041304, 20.892834, 1350.0], [16.032412, 21.049294, 1363.0], [15.935783, 21.320963, 1391.0], [15.947984, 21.506319, 1405.0], [15.879117, 21.658972, 1433.0], [15.802341, 21.807108, 1489.0], [5.752926, 11.067861, 0.0], [6.212821, 11.067861, 72.0], [6.6238847, 11.156249, 86.0], [7.1320133, 11.350974, 101.0], [7.786916, 11.534718, 114.0], [8.4539585, 11.681088, 128.0], [9.180592, 11.774181, 142.0], [9.840599, 11.914799, 156.0], [10.618944, 11.92981, 171.0], [11.337792, 11.909262, 186.0], [12.047292, 11.864903, 199.0], [12.742434, 11.818262, 212.0], [13.333656, 11.63158, 226.0], [13.889366, 11.419014, 240.0], [14.425688, 11.235514, 254.0], [14.969566, 11.054161, 268.0], [15.454967, 10.830258, 283.0], [15.949448, 10.590388, 298.0], [16.364265, 10.328896, 316.0], [16.716196, 10.109525, 324.0], [17.071571, 9.818293, 338.0], [17.387747, 9.518362, 351.0], [17.66624, 9.202199, 365.0], [17.8888, 8.842977, 380.0], [18.096945, 8.498802, 394.0], [18.276777, 8.210936, 409.0], [18.421568, 7.940222, 423.0], [18.512558, 7.766089, 440.0], [18.503822, 8.11814, 508.0], [18.388378, 8.515681, 526.0], [18.251728, 8.925765, 534.0], [18.074982, 9.414441, 547.0], [17.894236, 9.96217, 561.0], [17.71225, 10.531486, 575.0], [17.567902, 11.069332, 589.0], [17.38898, 11.624118, 604.0], [17.221134, 12.141609, 620.0], [17.062977, 12.733363, 635.0], [16.912428, 13.321934, 644.0], [16.817522, 13.861939, 659.0], [16.678064, 14.411306, 673.0], [16.542116, 14.841575, 686.0], [16.40661, 15.293409, 700.0], [16.233286, 15.669104, 717.0], [16.007305, 15.981988, 730.0], [15.76186, 16.188654, 746.0], [15.461377, 16.387964, 757.0], [15.146914, 16.604143, 770.0], [14.739741, 16.785156, 785.0], [14.333616, 17.019693, 798.0], [13.963861, 17.130165, 813.0], [13.556676, 17.22068, 827.0], [13.106995, 17.31091, 840.0], [12.709546, 17.296152, 855.0], [12.386255, 17.245989, 868.0], [12.103053, 17.189323, 881.0], [11.874554, 17.144096, 896.0], [11.963085, 16.972376, 938.0], [12.269009, 16.926931, 951.0], [12.632715, 16.882076, 965.0], [13.158041, 16.836693, 979.0], [13.759554, 16.729809, 993.0], [14.393743, 16.633707, 1009.0], [15.071166, 16.592176, 1023.0], [15.78389, 16.51065, 1037.0], [16.491318, 16.436018, 1050.0], [17.175768, 16.345663, 1063.0], [17.852715, 16.349161, 1077.0], [18.460337, 16.294527, 1091.0], [19.05473, 16.276316, 1105.0], [19.59502, 16.239397, 1119.0], [20.090858, 16.148628, 1134.0], [20.533287, 16.221434, 1147.0], [20.86096, 16.076616, 1161.0], [21.114937, 16.022038, 1175.0], [21.297264, 15.976609, 1189.0], [21.508202, 15.8605585, 1216.0], [21.203468, 15.839243, 1259.0], [20.901674, 15.863225, 1274.0], [20.53365, 15.940887, 1288.0], [20.126417, 16.031414, 1302.0], [19.62217, 16.121296, 1315.0], [19.0625, 16.212345, 1329.0], [18.520256, 16.30275, 1343.0], [18.017717, 16.352991, 1357.0], [17.572489, 16.44666, 1371.0], [17.218693, 16.552614, 1385.0], [16.931984, 16.6281, 1400.0], [16.660076, 16.679653, 1413.0], [16.487867, 16.771164, 1427.0], [16.25484, 17.075098, 1454.0], [16.239271, 17.337885, 1469.0], [16.239271, 17.605791, 1483.0], [16.239271, 17.915752, 1498.0], [16.239271, 18.278267, 1512.0], [16.239271, 18.641394, 1526.0], [16.239271, 18.999268, 1541.0], [16.186497, 19.357513, 1554.0], [16.140955, 19.7839, 1567.0], [16.060616, 20.264122, 1581.0], [15.971505, 20.711527, 1596.0], [15.88056, 21.114456, 1608.0], [15.7662525, 21.641422, 1622.0], [15.663129, 22.075005, 1636.0], [15.573338, 22.520895, 1651.0]"}