{"Image number":36867,"Image shape":4,"Path":"[11.973376, 8.5702305, 0.0], [11.645818, 9.273858, 52.0], [11.272455, 10.582251, 69.0], [10.944941, 12.318323, 86.0], [10.760384, 13.99341, 102.0], [10.715043, 15.2487, 119.0], [10.85754, 16.279589, 135.0], [11.184169, 16.921028, 152.0], [11.794869, 17.387669, 168.0], [12.544217, 17.523697, 186.0], [13.382317, 17.426994, 201.0], [14.17753, 16.906046, 218.0], [14.92136, 16.06174, 234.0], [15.565915, 14.854452, 251.0], [16.314903, 13.40187, 268.0], [17.197725, 11.68142, 284.0], [18.183292, 10.039465, 301.0], [18.92118, 8.840137, 317.0], [19.242397, 8.335343, 334.0], [18.775373, 8.89658, 367.0], [17.929876, 10.212703, 383.0], [16.81063, 12.408849, 400.0], [15.833523, 14.974996, 416.0], [14.981785, 17.629997, 433.0], [14.481842, 20.121716, 450.0], [14.156993, 22.507572, 466.0], [14.021296, 24.307545, 483.0], [14.0232935, 25.553543, 499.0], [13.974139, 25.985588, 516.0]"}