{"Image number":344,"Image shape":9,"Path":"[15.474642, 14.200218, 0.0], [15.170643, 14.301584, 62.0], [14.902473, 14.517613, 89.0], [14.6335945, 14.731347, 103.0], [14.334717, 14.929863, 116.0], [14.055492, 15.110206, 129.0], [13.695494, 15.245502, 144.0], [13.337131, 15.326641, 159.0], [12.874007, 15.303326, 172.0], [12.435659, 15.223965, 185.0], [11.986155, 15.091024, 199.0], [11.535906, 14.904275, 213.0], [11.106242, 14.698501, 227.0], [10.672937, 14.443333, 242.0], [10.224149, 14.133172, 258.0], [9.875574, 13.820417, 270.0], [9.526342, 13.494863, 284.0], [9.242031, 13.179048, 298.0], [9.009862, 12.82049, 312.0], [8.834683, 12.559643, 326.0], [8.717527, 12.288897, 340.0], [8.672339, 12.017681, 354.0], [8.6658, 11.7087755, 368.0], [8.713066, 11.43978, 382.0], [8.814357, 11.188057, 395.0], [8.961381, 10.905547, 409.0], [9.139701, 10.66651, 424.0], [9.368358, 10.346204, 437.0], [9.647697, 10.067631, 452.0], [9.945852, 9.75097, 465.0], [10.261053, 9.435666, 479.0], [10.669504, 9.11636, 493.0], [11.01602, 8.858444, 508.0], [11.441578, 8.548988, 521.0], [11.879865, 8.34676, 535.0], [12.324747, 8.126898, 554.0], [12.764441, 7.877774, 571.0], [13.19668, 7.672579, 579.0], [13.617097, 7.5107684, 592.0], [14.022279, 7.3347383, 606.0], [14.478489, 7.1539955, 620.0], [14.871017, 7.0319533, 633.0], [15.248737, 6.926632, 647.0], [15.60862, 6.8761487, 661.0], [16.018103, 6.879243, 675.0], [16.332458, 6.936424, 690.0], [16.633774, 6.9814367, 703.0], [16.905046, 7.064817, 718.0], [17.172417, 7.200275, 735.0], [17.387, 7.3349967, 755.0], [17.875418, 7.751043, 774.0], [18.055614, 7.9312973, 788.0], [18.23949, 8.277352, 801.0], [18.393673, 8.556921, 815.0], [18.5286, 8.802048, 828.0], [18.665422, 9.074263, 842.0], [18.798367, 9.340233, 857.0], [18.873898, 9.577232, 871.0], [18.99719, 9.847281, 885.0], [19.091473, 10.035908, 901.0], [19.23094, 10.314929, 913.0], [19.271088, 10.573717, 927.0], [19.329847, 10.859607, 940.0], [19.374687, 11.1287565, 954.0], [19.37061, 11.399797, 968.0], [19.34874, 11.672623, 982.0], [19.303635, 12.00449, 996.0], [19.219265, 12.326206, 1010.0], [19.08214, 12.68723, 1024.0], [19.006502, 12.980056, 1039.0], [18.781927, 13.338293, 1052.0], [18.562346, 13.701865, 1065.0], [18.2913, 14.015054, 1079.0], [18.024324, 14.38111, 1093.0], [17.748909, 14.748448, 1109.0], [17.478275, 15.181914, 1123.0], [17.163303, 15.587401, 1137.0], [16.95585, 16.008219, 1153.0], [16.753155, 16.46631, 1164.0], [16.572083, 16.883997, 1178.0], [16.435017, 17.335495, 1192.0], [16.353928, 17.778957, 1206.0], [16.348505, 18.212593, 1220.0], [16.348505, 18.6204, 1234.0], [16.348505, 19.070297, 1249.0], [16.363083, 19.554512, 1264.0], [16.384916, 20.008787, 1276.0], [16.449394, 20.524134, 1290.0], [16.498875, 21.06801, 1304.0], [16.592918, 21.604088, 1317.0], [16.743336, 22.17643, 1331.0], [16.908854, 22.69843, 1346.0], [17.003902, 22.959892, 1360.0], [16.16645, 6.5514383, 0.0], [16.033175, 6.3940697, 58.0], [15.788859, 6.332902, 85.0], [15.370826, 6.416083, 113.0], [15.100221, 6.5383854, 127.0], [14.787619, 6.7152085, 141.0], [14.423526, 6.845572, 157.0], [14.04199, 7.191186, 170.0], [13.632715, 7.494831, 183.0], [13.184621, 7.812601, 197.0], [12.782852, 8.175995, 211.0], [12.339034, 8.574673, 225.0], [11.932964, 8.9063225, 239.0], [11.526435, 9.222614, 253.0], [11.170198, 9.629009, 267.0], [10.824997, 9.927798, 281.0], [10.5087385, 10.3001995, 295.0], [10.228709, 10.670889, 309.0], [10.003499, 11.077691, 323.0], [9.850449, 11.446417, 337.0], [9.714815, 11.880031, 351.0], [9.614626, 12.331945, 364.0], [9.612484, 12.785749, 378.0], [9.612484, 13.235256, 393.0], [9.76095, 13.687571, 406.0], [9.930117, 14.172527, 420.0], [10.198317, 14.587545, 434.0], [10.517006, 14.988919, 448.0], [10.920731, 15.254782, 462.0], [11.390884, 15.459686, 476.0], [11.848186, 15.641132, 490.0], [12.362674, 15.707309, 508.0], [12.904764, 15.707454, 519.0], [13.416621, 15.662169, 533.0], [13.894888, 15.541771, 547.0], [14.509763, 15.302705, 560.0], [15.01586, 15.020063, 574.0], [15.540177, 14.720459, 587.0], [16.044725, 14.326334, 602.0], [16.541573, 13.919688, 620.0], [16.799284, 13.674909, 631.0], [17.342682, 13.045423, 651.0], [17.737204, 12.554837, 657.0], [18.097982, 12.103718, 671.0], [18.388252, 11.6494, 686.0], [18.658484, 11.252795, 701.0], [18.8931, 10.928004, 715.0], [19.117233, 10.658129, 728.0], [19.238342, 10.438518, 741.0], [19.43925, 10.23432, 770.0], [19.290075, 10.51488, 869.0], [19.168869, 10.712172, 891.0], [18.99683, 10.977939, 903.0], [18.847847, 11.251285, 914.0], [18.645668, 11.565254, 924.0], [18.389965, 11.956542, 938.0], [18.159883, 12.359164, 952.0], [17.931217, 12.818478, 964.0], [17.67132, 13.302017, 980.0], [17.445032, 13.839639, 994.0], [17.256891, 14.387993, 1009.0], [17.04097, 15.017431, 1028.0], [16.87823, 15.666518, 1045.0], [16.74153, 16.350227, 1056.0], [16.677029, 17.028782, 1067.0], [16.587555, 17.70628, 1077.0], [16.533344, 18.402971, 1092.0], [16.468529, 19.075436, 1106.0], [16.423397, 19.707476, 1119.0], [16.377998, 20.299925, 1133.0], [16.33362, 20.87704, 1148.0], [16.348505, 21.481773, 1162.0], [16.348505, 22.059652, 1175.0], [16.389767, 22.557978, 1189.0], [16.534649, 23.05381, 1204.0], [16.739056, 23.495686, 1217.0], [16.93108, 23.815826, 1231.0]"}