{"Image number":39246,"Image shape":7,"Path":"[8.106489, 11.41412, 0.0], [8.339434, 11.367499, 35.0], [9.143143, 11.367499, 52.0], [10.443533, 11.4143915, 69.0], [11.97933, 11.6481285, 85.0], [13.527964, 11.977215, 102.0], [15.103973, 12.208025, 118.0], [16.595675, 12.300548, 135.0], [18.871689, 12.29978, 168.0], [19.61868, 12.206092, 184.0], [20.129904, 12.112811, 201.0], [19.701534, 12.91387, 267.0], [18.954563, 14.22394, 284.0], [18.110529, 16.151571, 300.0], [17.22321, 18.350502, 317.0], [16.486185, 20.664894, 333.0], [15.973857, 22.815517, 350.0], [15.746939, 24.842316, 366.0], [15.653175, 26.532587, 383.0], [15.559426, 27.748486, 400.0], [15.511468, 28.569569, 416.0], [15.465042, 28.91715, 433.0]"}