{"Image number":37361,"Image shape":3,"Path":"[13.883527, 4.4675713, 0.0], [14.449783, 4.4675713, 69.0], [15.054759, 4.4675713, 85.0], [15.752394, 4.4675713, 102.0], [16.262266, 4.5144377, 119.0], [16.821907, 4.5141926, 135.0], [17.288738, 4.6553206, 152.0], [18.08224, 5.2179465, 185.0], [18.501017, 5.5910835, 201.0], [18.92219, 6.107933, 218.0], [19.198309, 6.760494, 234.0], [19.335726, 7.5989037, 251.0], [19.429392, 8.446319, 270.0], [19.42762, 9.230395, 284.0], [19.42762, 9.83328, 301.0], [19.286905, 10.392247, 317.0], [19.00586, 10.858768, 337.0], [18.54026, 11.229372, 350.0], [18.074606, 11.555338, 367.0], [17.560396, 11.7418, 383.0], [16.911114, 11.927155, 400.0], [16.256714, 12.067429, 416.0], [15.46011, 12.255054, 433.0], [14.714963, 12.300371, 449.0], [13.875738, 12.346976, 466.0], [13.135898, 12.346543, 483.0], [12.484546, 12.393258, 499.0], [11.973137, 12.346521, 516.0], [11.692878, 12.346543, 532.0], [11.881767, 12.393164, 598.0], [12.491718, 12.440237, 615.0], [13.185651, 12.439786, 632.0], [14.074326, 12.439786, 648.0], [14.958715, 12.439786, 665.0], [15.795562, 12.486512, 681.0], [16.591562, 12.580339, 698.0], [17.285318, 12.6729965, 714.0], [18.359444, 12.86005, 747.0], [18.73077, 12.9531145, 764.0], [18.963339, 13.14039, 780.0], [19.195631, 13.373166, 797.0], [19.382061, 13.700359, 813.0], [19.567612, 14.071976, 830.0], [19.941051, 15.00633, 863.0], [20.128048, 15.474142, 880.0], [20.452757, 16.496475, 913.0], [20.546488, 16.871723, 929.0], [20.59272, 17.244757, 946.0], [20.592346, 17.618313, 962.0], [20.639315, 17.990744, 979.0], [20.592072, 18.269072, 995.0], [20.49844, 18.54934, 1012.0], [20.311592, 18.781786, 1028.0], [20.029997, 19.06327, 1045.0], [19.752766, 19.340693, 1062.0], [19.42503, 19.57467, 1078.0], [18.957184, 19.902351, 1095.0], [18.400066, 20.227032, 1111.0], [17.326096, 20.693403, 1144.0], [16.714134, 20.976683, 1161.0], [16.070566, 21.252314, 1177.0], [15.416074, 21.533005, 1194.0], [14.760979, 21.813951, 1210.0], [14.114938, 22.044287, 1227.0], [13.456632, 22.138067, 1244.0], [12.806528, 22.183992, 1260.0], [12.154845, 22.136631, 1277.0], [11.544783, 22.04231, 1293.0], [10.941663, 21.902315, 1310.0], [10.335396, 21.715124, 1326.0], [9.776148, 21.433887, 1343.0], [9.175795, 21.11011, 1359.0], [8.009707, 20.269434, 1392.0], [7.498545, 19.803844, 1409.0], [7.0307927, 19.288525, 1425.0], [6.382765, 17.987871, 1459.0], [6.1963954, 17.428417, 1475.0], [6.0567183, 16.915949, 1492.0], [6.009694, 16.54013, 1508.0], [5.9630857, 16.167007, 1525.0]"}