{"Image number":37358,"Image shape":5,"Path":"[18.02995, 6.3324165, 0.0], [17.748207, 6.238733, 101.0], [16.7604, 6.097646, 118.0], [15.682264, 6.0044823, 135.0], [14.671102, 5.865599, 151.0], [13.97094, 5.631176, 168.0], [13.36324, 5.3497663, 185.0], [12.900112, 5.02349, 201.0], [12.528145, 4.791229, 217.0], [12.29707, 4.699704, 234.0], [12.206323, 4.981447, 283.0], [12.300044, 5.4493303, 300.0], [12.439674, 6.054455, 317.0], [12.626909, 6.7098913, 335.0], [12.765686, 7.40618, 350.0], [12.812025, 8.104693, 366.0], [12.858849, 8.854422, 383.0], [12.858569, 9.693636, 399.0], [12.858569, 10.674593, 416.0], [12.905794, 11.566077, 432.0], [12.905158, 12.356144, 449.0], [12.905158, 13.098007, 465.0], [12.9521265, 13.9385, 482.0], [12.951746, 14.734138, 498.0], [13.045216, 16.033405, 532.0], [13.091745, 16.54498, 548.0], [13.091514, 17.010057, 565.0], [13.091514, 17.384983, 581.0], [13.091514, 17.663963, 598.0], [13.184756, 17.941208, 631.0], [13.372276, 18.081558, 697.0], [14.401756, 17.424139, 763.0], [15.00782, 16.957296, 780.0], [16.122252, 16.35498, 813.0], [16.587696, 16.215496, 829.0], [17.008682, 16.122034, 846.0], [17.333889, 16.122854, 862.0], [17.565706, 16.169806, 879.0], [17.70496, 16.357471, 896.0], [17.845137, 16.5445, 912.0], [18.078285, 16.82427, 929.0], [18.31113, 17.056927, 945.0], [18.639063, 17.385086, 962.0], [19.011322, 17.710604, 978.0], [19.291409, 18.085691, 995.0], [19.476437, 18.505552, 1011.0], [19.615274, 19.018122, 1028.0], [19.661396, 19.630264, 1045.0], [19.707615, 20.278599, 1061.0], [19.707155, 20.883282, 1078.0], [19.707155, 21.492018, 1094.0], [19.659748, 21.958658, 1111.0], [19.566286, 22.422215, 1127.0], [19.33368, 22.69735, 1144.0], [19.006561, 22.977669, 1160.0], [18.534729, 23.16573, 1177.0], [18.168514, 23.302961, 1193.0], [17.277975, 23.584028, 1226.0], [16.63147, 23.675596, 1243.0], [15.975128, 23.67548, 1259.0], [15.22491, 23.628252, 1276.0], [14.578169, 23.488096, 1293.0], [13.923245, 23.253437, 1309.0], [13.460937, 22.974188, 1326.0], [13.021143, 22.582039, 1342.0], [12.800365, 22.260574, 1359.0]"}