{"Image number":10492,"Image shape":5,"Path":"[22.516666, 6.6111107, 0.0], [21.82457, 6.644288, 27.0], [20.76733, 6.795734, 44.0], [19.523396, 6.9949193, 60.0], [18.2252, 7.2288327, 77.0], [16.778378, 7.506723, 94.0], [15.586505, 7.613744, 110.0], [14.601643, 7.622222, 127.0], [13.825, 7.622222, 144.0], [13.3224325, 7.551259, 160.0], [13.125996, 7.499406, 177.0], [12.938061, 7.421808, 194.0], [12.757184, 7.350544, 211.0], [12.55688, 7.4058127, 261.0], [12.453906, 7.871316, 277.0], [12.218543, 8.846204, 294.0], [11.891038, 9.912636, 311.0], [11.565218, 10.897621, 328.0], [11.252441, 11.673935, 344.0], [11.02234, 12.246925, 361.0], [10.888229, 12.445105, 394.0], [11.255479, 12.304002, 445.0], [11.958334, 12.094444, 461.0], [13.488795, 11.791582, 478.0], [15.152, 11.675423, 495.0], [16.345747, 11.896314, 511.0], [17.464851, 12.446583, 528.0], [18.51269, 13.274638, 545.0], [19.153866, 14.429955, 561.0], [19.474918, 15.656849, 578.0], [19.483334, 17.035341, 595.0], [19.370646, 18.173477, 612.0], [19.16314, 19.064995, 628.0], [18.803331, 19.996302, 645.0], [18.191713, 21.131166, 662.0], [17.470484, 22.210941, 678.0], [16.518179, 23.226265, 695.0], [15.41806, 24.00833, 712.0], [14.2722225, 24.5, 729.0], [12.94651, 24.681524, 745.0], [11.885424, 24.788425, 762.0], [10.884627, 24.811111, 779.0], [9.972459, 24.735323, 795.0], [9.00367, 24.416039, 812.0], [8.076353, 23.853653, 829.0], [7.247886, 23.258451, 845.0], [6.5916667, 22.574999, 862.0], [6.1224647, 21.617151, 879.0], [5.6861143, 20.554176, 895.0]"}