{"Image number":10470,"Image shape":3,"Path":"[13.105556, 6.922222, 0.0], [13.38446, 6.743881, 72.0], [13.737895, 6.5901084, 89.0], [14.329365, 6.378211, 105.0], [14.988192, 6.185499, 121.0], [15.865141, 6.052274, 138.0], [16.70407, 6.0277777, 155.0], [17.213673, 6.0651, 171.0], [17.758226, 6.2788467, 188.0], [18.0436, 6.755047, 205.0], [17.864504, 7.4133964, 221.0], [17.24308, 8.15726, 238.0], [15.964342, 9.232493, 255.0], [14.655653, 10.277469, 271.0], [13.753892, 11.01095, 288.0], [13.151767, 11.543408, 305.0], [12.72483, 11.969615, 322.0], [12.378306, 12.170687, 338.0], [12.195343, 12.343545, 372.0], [12.446692, 12.137283, 422.0], [13.062384, 11.862759, 438.0], [14.033031, 11.592677, 455.0], [14.941457, 11.497064, 472.0], [16.016365, 11.512613, 489.0], [16.762308, 11.678034, 506.0], [17.543863, 12.267109, 522.0], [18.190805, 12.901918, 539.0], [18.575344, 13.384136, 556.0], [19.062485, 14.167103, 572.0], [19.275349, 14.924834, 589.0], [19.173027, 15.797287, 606.0], [18.845661, 16.679756, 622.0], [18.293777, 17.665648, 639.0], [17.83468, 18.484793, 656.0], [17.236673, 19.36787, 672.0], [16.630005, 20.144772, 689.0], [15.837427, 20.989784, 706.0], [15.196923, 21.72791, 723.0], [14.734122, 22.210321, 739.0], [14.160733, 22.783712, 756.0], [13.799519, 23.144926, 773.0], [13.314407, 23.420393, 789.0], [12.770103, 23.597301, 806.0], [12.265746, 23.605555, 823.0], [11.666778, 23.570213, 839.0], [10.754395, 23.258413, 856.0], [9.703928, 22.450005, 873.0], [8.652748, 21.27935, 890.0]"}