{"Image number":10426,"Image shape":8,"Path":"[16.683334, 7.1944447, 0.0], [15.999051, 6.983074, 30.0], [15.080167, 6.961111, 46.0], [14.440464, 6.961111, 63.0], [13.677728, 7.0146866, 80.0], [13.047528, 7.2182827, 96.0], [12.438078, 7.509028, 113.0], [11.894388, 8.000606, 130.0], [11.642448, 8.556175, 146.0], [11.452753, 9.171389, 163.0], [11.540331, 9.877994, 180.0], [11.990725, 10.693241, 197.0], [12.766525, 11.483192, 213.0], [13.786051, 12.288839, 230.0], [14.8851, 13.137326, 247.0], [15.864059, 14.006325, 263.0], [16.452139, 15.0153885, 280.0], [16.713198, 16.093765, 297.0], [16.739508, 17.137016, 314.0], [16.610983, 18.278673, 330.0], [16.36956, 19.213451, 347.0], [15.944444, 20.047222, 364.0], [15.358436, 20.809036, 380.0], [14.926773, 21.34848, 397.0], [14.646505, 21.566946, 414.0], [14.263671, 21.850552, 431.0], [13.844444, 22.166668, 447.0], [13.119728, 22.567913, 464.0], [12.594897, 22.735973, 481.0], [11.943575, 22.726429, 497.0], [11.311447, 22.474932, 514.0], [10.657482, 21.873524, 531.0], [10.331389, 21.246113, 547.0], [9.948213, 20.388773, 564.0], [9.819445, 19.677778, 581.0], [9.831427, 19.043365, 597.0], [10.080034, 18.311913, 614.0], [10.908242, 17.519535, 631.0], [11.7331505, 16.694626, 648.0], [12.71351, 15.768103, 664.0], [13.636471, 15.001663, 681.0], [14.515384, 14.239318, 698.0], [15.290185, 13.554739, 714.0], [16.160934, 12.759783, 731.0], [16.885656, 12.096147, 748.0], [17.282661, 11.790781, 765.0], [17.6595, 11.508154, 781.0], [18.14486, 11.130542, 798.0], [18.561352, 10.822044, 814.0], [18.915518, 10.525587, 831.0], [19.356419, 10.025419, 848.0], [19.437336, 9.309082, 865.0], [19.202904, 8.443731, 881.0]"}