{"Image number":35529,"Image shape":2,"Path":"[13.5574045, 6.9851117, 0.0], [13.790349, 6.7986274, 52.0], [14.443069, 6.5186973, 69.0], [15.526769, 6.1415377, 85.0], [16.731094, 5.8649025, 102.0], [17.95409, 5.7243414, 118.0], [19.856201, 5.86816, 151.0], [20.595165, 6.287382, 168.0], [21.203896, 6.94484, 184.0], [21.5272, 7.7385216, 201.0], [21.571203, 8.767427, 217.0], [21.241503, 9.933284, 234.0], [20.544798, 11.27611, 251.0], [19.463776, 12.7335825, 267.0], [16.493406, 15.562586, 300.0], [14.747784, 16.790272, 317.0], [13.123488, 17.857449, 333.0], [10.341327, 19.06052, 366.0], [9.403539, 19.200966, 383.0], [8.800238, 19.19985, 399.0], [8.5250435, 19.19985, 416.0], [8.8077, 19.153229, 449.0], [9.322762, 19.200298, 466.0], [10.0175905, 19.339903, 482.0], [10.860928, 19.668274, 499.0], [11.888949, 20.089237, 515.0], [12.9671, 20.605833, 532.0]"}