{"Image number":39153,"Image shape":2,"Path":"[12.579036, 6.8918695, 0.0], [13.187855, 6.5173187, 53.0], [14.079376, 6.1890526, 69.0], [16.682703, 5.912827, 103.0], [17.801636, 6.146898, 119.0], [18.736628, 6.5690536, 136.0], [19.299187, 7.326581, 152.0], [19.663208, 8.344396, 169.0], [19.520092, 9.6491165, 185.0], [18.911871, 11.189318, 202.0], [17.736088, 12.785631, 218.0], [16.289005, 14.558776, 235.0], [14.749743, 16.048023, 251.0], [13.400108, 17.25749, 268.0], [12.289231, 17.994553, 285.0], [11.261051, 18.507284, 301.0], [10.659402, 18.784641, 318.0], [10.226907, 18.927689, 334.0], [9.968599, 19.01385, 367.0], [9.922777, 18.77684, 384.0], [9.828979, 18.49662, 400.0], [9.877109, 17.98509, 417.0], [10.3944235, 17.61104, 433.0], [11.184068, 17.240492, 450.0], [12.262327, 17.100666, 467.0], [13.423135, 17.055058, 483.0], [16.277248, 17.853737, 516.0], [17.801582, 18.689516, 533.0], [19.349457, 19.44024, 549.0], [20.605991, 20.092735, 566.0], [21.674833, 20.725744, 582.0], [22.254223, 21.182001, 599.0]"}