{"Image number":37546,"Image shape":4,"Path":"[15.793677, 7.031733, 0.0], [15.372973, 7.4997487, 69.0], [14.760883, 8.159082, 85.0], [13.966358, 9.048014, 102.0], [13.080175, 9.791935, 118.0], [12.202606, 10.484635, 135.0], [11.404644, 11.000789, 151.0], [10.758051, 11.46361, 168.0], [10.294423, 11.835112, 184.0], [10.015588, 12.1144905, 201.0], [9.782181, 12.301134, 217.0], [9.502863, 12.487272, 234.0], [9.270552, 12.673423, 250.0], [9.084107, 12.860127, 267.0], [8.99168, 13.092619, 912.0], [9.273251, 13.233023, 962.0], [9.692105, 13.419538, 978.0], [12.020635, 14.071659, 1011.0], [13.288295, 14.306562, 1028.0], [14.122055, 14.398494, 1045.0], [14.95643, 14.58466, 1061.0], [15.565755, 14.678373, 1078.0], [16.169363, 14.865002, 1094.0], [16.634804, 15.051581, 1111.0], [17.053661, 15.284832, 1127.0], [17.381607, 15.425211, 1144.0], [17.660988, 15.51803, 1160.0], [17.938477, 15.563402, 1194.0], [18.123127, 15.282286, 1293.0], [18.217573, 14.196798, 1309.0], [18.216305, 12.994835, 1326.0], [18.216305, 11.676906, 1342.0], [17.887398, 9.348298, 1375.0], [17.608536, 8.282395, 1392.0], [17.423485, 7.400866, 1409.0], [17.283161, 6.839787, 1425.0], [17.237698, 6.517232, 1442.0], [17.425213, 7.7363443, 1558.0], [18.03312, 11.153424, 1591.0], [18.218555, 12.880191, 1607.0], [18.404486, 14.6012335, 1624.0], [18.496725, 16.043358, 1640.0], [18.589167, 17.383795, 1657.0], [18.635635, 18.594519, 1673.0], [18.635607, 19.818434, 1690.0], [18.682678, 20.88929, 1706.0], [18.77617, 21.912659, 1723.0], [18.822176, 22.746908, 1739.0], [18.962906, 23.354225, 1756.0], [19.055237, 23.770206, 1773.0], [19.14881, 24.050623, 1789.0], [19.194675, 24.37625, 1822.0]"}