{"Image number":38964,"Image shape":7,"Path":"[2.795341, 9.269548, 0.0], [3.1225796, 9.222927, 101.0], [4.1014857, 9.176228, 117.0], [5.1293383, 9.129478, 134.0], [6.200442, 9.082886, 151.0], [7.0390778, 9.036214, 167.0], [7.92585, 8.989521, 184.0], [8.907718, 8.989822, 200.0], [9.927864, 8.989822, 217.0], [10.953123, 8.989822, 233.0], [12.035863, 9.084447, 250.0], [13.047838, 9.176571, 266.0], [14.086569, 9.365827, 283.0], [15.002056, 9.549354, 299.0], [15.850479, 9.73803, 316.0], [16.500181, 9.924437, 332.0], [17.056738, 10.157499, 349.0], [17.519814, 10.389627, 366.0], [17.79845, 10.529043, 382.0], [17.93758, 10.715882, 399.0], [18.030674, 10.90274, 415.0], [18.02995, 11.231627, 432.0], [18.077215, 11.55872, 448.0], [17.982086, 12.07383, 465.0], [17.889145, 12.679642, 481.0], [17.702444, 13.518291, 498.0], [17.563543, 14.54153, 514.0], [17.329016, 15.66672, 531.0], [17.143486, 16.736244, 548.0], [16.910027, 17.856415, 564.0], [16.627302, 18.844315, 581.0], [16.396894, 19.910397, 597.0], [16.210644, 20.843264, 614.0], [16.071255, 21.8716, 630.0], [15.932411, 22.655666, 647.0], [15.838872, 23.548864, 663.0], [15.840265, 24.293056, 680.0], [15.840265, 24.941166, 696.0], [15.840265, 25.599688, 713.0], [15.840265, 26.152393, 730.0], [15.887647, 26.573126, 746.0], [15.933994, 26.849024, 763.0], [16.0748, 27.081478, 779.0], [16.354647, 27.45433, 812.0]"}