{"Image number":10003,"Image shape":9,"Path":"[16.566666, 8.516666, 0.0], [16.41085, 8.4777775, 100.0], [16.232874, 8.547452, 133.0], [16.04142, 8.643179, 150.0], [15.769444, 8.808333, 167.0], [15.304531, 9.037076, 183.0], [14.789629, 9.243037, 200.0], [13.926381, 9.549448, 217.0], [13.186174, 9.837797, 234.0], [12.158399, 10.324385, 251.0], [11.633922, 10.603104, 267.0], [11.145707, 10.880164, 284.0], [10.675, 11.2, 301.0], [10.39833, 11.4662075, 317.0], [10.115839, 11.739717, 334.0], [9.943275, 12.012575, 351.0], [9.768562, 12.312876, 367.0], [9.658605, 12.635298, 384.0], [9.644444, 12.899196, 401.0], [9.644444, 13.125852, 417.0], [9.644444, 13.36117, 434.0], [9.644444, 13.545047, 451.0], [9.644444, 13.7537775, 468.0], [9.644444, 14.066719, 501.0], [9.644444, 14.288109, 534.0], [9.899664, 14.399831, 651.0], [10.333378, 14.388889, 685.0], [10.595465, 14.388889, 701.0], [10.926364, 14.361313, 718.0], [11.262861, 14.264234, 735.0], [11.645565, 14.156029, 752.0], [11.943916, 14.011287, 768.0], [12.322903, 13.852089, 785.0], [12.591075, 13.769641, 802.0], [12.955952, 13.552154, 818.0], [13.345324, 13.380577, 835.0], [13.654796, 13.219826, 852.0], [13.968553, 13.062945, 868.0], [14.240359, 12.9549675, 885.0], [14.409224, 12.878408, 902.0], [14.592976, 12.789623, 919.0], [14.754875, 12.737263, 935.0], [14.920023, 12.647763, 952.0], [15.082704, 12.5393095, 969.0], [15.241757, 12.433271, 985.0], [15.404632, 12.284258, 1002.0], [15.569097, 12.119792, 1019.0], [15.793644, 11.815089, 1052.0], [15.961603, 11.649508, 1069.0], [16.120186, 11.562469, 1086.0], [16.343437, 11.472221, 1119.0], [16.508333, 11.413889, 1169.0], [16.488888, 11.587135, 1269.0], [16.488888, 11.859666, 1303.0], [16.488888, 12.018857, 1320.0], [16.488888, 12.182675, 1336.0], [16.488888, 12.416078, 1353.0], [16.488888, 12.58271, 1370.0], [16.527779, 12.808057, 1386.0], [16.527779, 12.974232, 1403.0], [16.527779, 13.358748, 1436.0], [16.488598, 13.573383, 1453.0], [16.488888, 13.793545, 1470.0], [16.458508, 13.97448, 1487.0], [16.405228, 14.134309, 1503.0], [16.411112, 14.291667, 1520.0], [16.333332, 14.567381, 1554.0], [16.294445, 14.813797, 1587.0], [16.255556, 15.069819, 1620.0], [16.202003, 15.327325, 1654.0], [16.146912, 15.492601, 1670.0], [16.09182, 15.704941, 1687.0], [16.1, 15.905556, 1704.0], [16.1, 16.2107, 1721.0], [16.1, 16.483625, 1737.0], [16.1, 16.677738, 1754.0], [16.1, 16.87741, 1771.0], [16.1, 17.091982, 1787.0], [16.1, 17.30192, 1804.0], [16.1, 17.519806, 1820.0], [16.1, 17.879343, 1854.0], [16.1, 18.08753, 1871.0], [16.1, 18.277779, 1887.0], [16.1, 18.578873, 1904.0], [16.1, 18.898085, 1921.0], [16.1, 19.152784, 1937.0], [16.1, 19.469908, 1954.0], [16.1, 19.73611, 1971.0], [16.028358, 20.029858, 1987.0], [16.022223, 20.46769, 2004.0], [15.964558, 20.781424, 2021.0], [15.983334, 21.163084, 2037.0], [15.983334, 21.548729, 2054.0], [15.944444, 21.928951, 2071.0], [15.944444, 22.262255, 2088.0], [15.944444, 22.576885, 2104.0], [15.944444, 22.836567, 2121.0], [15.944444, 23.038603, 2138.0], [15.944444, 23.30687, 2155.0], [15.944444, 23.546288, 2171.0], [15.944444, 23.768335, 2188.0], [15.944444, 23.957493, 2221.0], [15.944444, 24.152271, 2271.0]"}