{"Image number":15157,"Image shape":1,"Path":"[15.640625, 4.553241, 0.0], [15.564869, 6.206153, 174.0], [15.247599, 7.5821686, 191.0], [14.888672, 8.87963, 207.0], [14.571083, 10.430392, 224.0], [14.359654, 11.958491, 241.0], [14.182923, 13.053045, 258.0], [13.897438, 14.065916, 274.0], [13.637021, 14.957935, 291.0], [13.43582, 15.874699, 308.0], [13.125229, 16.715092, 324.0], [12.988542, 17.263887, 341.0], [12.872328, 17.780394, 358.0], [12.734316, 18.34971, 374.0], [12.61331, 18.858667, 391.0], [12.505876, 19.287548, 408.0], [12.388325, 20.04877, 424.0], [12.302275, 20.616348, 441.0], [12.218675, 21.10933, 458.0], [12.125879, 21.522335, 474.0], [11.771484, 22.563658, 492.0]"}