{"Image number":39491,"Image shape":4,"Path":"[12.625624, 8.803335, 0.0], [12.390245, 9.37091, 54.0], [12.110099, 10.305373, 70.0], [11.6863365, 11.529063, 87.0], [11.08377, 12.728351, 103.0], [10.568378, 13.759845, 120.0], [10.3391905, 14.597227, 136.0], [10.389505, 15.239207, 153.0], [10.717876, 15.753663, 169.0], [11.274752, 16.029718, 186.0], [12.353015, 16.170378, 202.0], [14.97769, 15.461861, 235.0], [17.286245, 13.790453, 268.0], [18.175264, 13.041185, 285.0], [18.869562, 12.485598, 302.0], [19.707481, 11.413605, 335.0], [19.847599, 10.992496, 351.0], [19.846666, 10.667672, 384.0], [19.520702, 10.948026, 417.0], [19.147217, 11.648856, 434.0], [18.725948, 12.867581, 450.0], [18.211334, 14.4598675, 467.0], [17.605413, 16.32546, 484.0], [16.85584, 18.4337, 500.0], [16.211641, 20.556261, 517.0], [15.652454, 22.561787, 533.0], [15.211145, 24.23039, 550.0], [14.841579, 25.075777, 566.0]"}