{"Image number":30263,"Image shape":9,"Path":"[18.019417, 12.774467, 0.0], [17.96896, 12.506424, 82.0], [17.86487, 12.309752, 100.0], [17.749456, 12.026344, 118.0], [17.499474, 11.592001, 135.0], [17.237679, 11.173705, 153.0], [16.93106, 10.492487, 171.0], [16.7324, 10.082296, 189.0], [16.534426, 9.729602, 206.0], [16.229042, 9.2732315, 224.0], [15.773542, 8.926607, 242.0], [15.317463, 8.600637, 260.0], [14.839203, 8.342171, 277.0], [14.022043, 8.418918, 295.0], [13.365962, 8.466525, 313.0], [12.6998625, 8.556325, 331.0], [11.760123, 8.865003, 348.0], [10.907738, 9.270113, 366.0], [10.268211, 9.739856, 384.0], [9.860516, 10.194533, 402.0], [9.559463, 10.702832, 419.0], [9.368019, 11.146067, 437.0], [9.259874, 11.808477, 455.0], [9.242718, 12.52737, 473.0], [9.461862, 13.546096, 491.0], [9.921509, 14.58227, 508.0], [10.407465, 15.444042, 526.0], [10.710871, 15.987598, 544.0], [11.172865, 16.366331, 562.0], [11.761047, 16.670631, 579.0], [12.546798, 16.816013, 597.0], [13.574011, 16.8019, 615.0], [14.480358, 16.563244, 633.0], [15.840107, 15.946166, 650.0], [16.758759, 15.389956, 668.0], [17.430902, 14.923655, 686.0], [17.922874, 14.341989, 704.0], [18.213203, 13.921379, 721.0], [18.473354, 13.53092, 739.0], [18.528147, 13.260246, 757.0], [18.563107, 12.962376, 792.0], [18.620888, 12.755516, 846.0], [18.601942, 13.003088, 917.0], [18.492464, 13.6684, 934.0], [18.401415, 14.758362, 952.0], [18.320307, 16.137524, 970.0], [18.330097, 17.73647, 988.0], [18.354305, 19.2916, 1006.0], [18.41552, 20.499258, 1023.0], [18.52338, 21.733845, 1041.0], [18.627394, 22.896563, 1059.0], [18.640778, 23.741552, 1077.0], [18.68002, 24.436083, 1094.0], [18.706705, 24.95978, 1112.0], [18.757282, 25.40349, 1128.0]"}