{"Image number":37449,"Image shape":9,"Path":"[15.840265, 17.241764, 0.0], [15.607322, 17.241764, 53.0], [14.9930315, 17.241764, 70.0], [14.346314, 17.288607, 86.0], [13.590912, 17.335823, 103.0], [13.039247, 17.3821, 119.0], [12.385734, 17.381628, 136.0], [11.73837, 17.381628, 152.0], [11.125418, 17.428968, 169.0], [10.567932, 17.47552, 186.0], [10.104527, 17.474869, 202.0], [9.686687, 17.521915, 219.0], [9.172841, 17.52149, 235.0], [8.754814, 17.474434, 252.0], [8.430159, 17.333954, 268.0], [8.196283, 17.145813, 285.0], [7.8684645, 16.817091, 301.0], [7.589542, 16.490608, 318.0], [7.358495, 16.071604, 334.0], [7.219908, 15.69956, 351.0], [7.174121, 15.089551, 368.0], [7.1747084, 14.484239, 384.0], [7.2681303, 13.836714, 401.0], [7.408328, 13.369957, 417.0], [7.6909723, 12.899684, 434.0], [8.014953, 12.484295, 450.0], [8.435633, 11.96988, 467.0], [8.856706, 11.454881, 483.0], [9.413778, 10.945343, 500.0], [9.880192, 10.572283, 518.0], [10.857592, 9.78067, 550.0], [11.414566, 9.502525, 567.0], [12.63219, 8.846672, 599.0], [13.28219, 8.5683775, 616.0], [13.93319, 8.476548, 632.0], [14.589216, 8.429877, 649.0], [15.2387295, 8.336535, 665.0], [16.361485, 8.101833, 698.0], [16.86792, 8.010287, 715.0], [17.38034, 7.8701954, 732.0], [17.75206, 7.77726, 748.0], [18.032295, 7.636635, 765.0], [18.264624, 7.5908413, 781.0], [18.545351, 7.54408, 798.0], [18.777214, 7.544566, 814.0], [19.151253, 7.544566, 847.0], [19.429237, 7.685508, 880.0], [19.567759, 7.9652777, 914.0], [19.70748, 8.338417, 947.0], [19.707155, 8.571114, 963.0], [19.753912, 9.3177, 996.0], [19.753742, 9.786781, 1013.0], [19.70677, 10.205445, 1029.0], [19.707155, 10.720409, 1046.0], [19.660542, 11.27453, 1062.0], [19.567003, 11.929636, 1079.0], [19.333094, 12.583427, 1096.0], [19.054207, 13.187245, 1112.0], [18.728394, 13.745849, 1129.0], [18.398863, 14.311149, 1145.0], [18.119156, 14.872031, 1162.0], [17.888956, 15.473349, 1178.0], [17.703579, 16.030354, 1195.0], [17.514746, 16.691849, 1211.0], [17.282793, 17.29289, 1228.0], [16.954279, 18.043753, 1244.0], [16.627304, 18.83897, 1261.0], [16.25322, 19.680353, 1277.0], [16.02438, 20.513323, 1294.0], [15.793094, 21.346529, 1310.0], [15.418695, 22.14181, 1327.0], [14.899477, 22.80115, 1344.0], [14.435661, 23.452091, 1360.0], [14.157415, 23.965567, 1377.0]"}