{"Image number":39495,"Image shape":6,"Path":"[13.044924, 4.1878433, 0.0], [12.764352, 5.030924, 53.0], [12.481056, 6.2125683, 69.0], [12.249142, 7.8033195, 86.0], [12.11181, 9.472049, 102.0], [11.971658, 11.391009, 119.0], [11.832261, 13.2974205, 135.0], [11.739077, 15.076342, 152.0], [11.787672, 16.705103, 168.0], [11.880634, 18.087475, 185.0], [12.115452, 19.305096, 201.0], [12.630185, 20.327888, 218.0], [13.234748, 21.068968, 235.0], [13.983926, 21.535421, 251.0], [14.722445, 21.764112, 268.0], [15.472428, 21.810938, 284.0], [16.3168, 21.57457, 301.0], [16.961271, 20.968788, 317.0], [17.616049, 19.984303, 334.0], [18.032112, 18.820868, 350.0], [18.311958, 17.839169, 367.0], [18.356369, 16.909502, 383.0], [18.309372, 16.16769, 400.0], [18.119648, 15.599574, 417.0], [17.934195, 15.373693, 433.0], [17.37314, 15.51939, 466.0], [16.906694, 16.129517, 483.0], [16.348616, 17.109127, 499.0], [15.398023, 19.69087, 532.0], [15.079571, 20.54672, 549.0]"}