{"Image number":39347,"Image shape":0,"Path":"[20.82529, 7.8709145, 0.0], [20.11905, 7.918105, 66.0], [19.13741, 8.153184, 82.0], [17.886929, 8.758283, 99.0], [15.172092, 10.634202, 132.0], [13.675623, 11.851229, 148.0], [12.32195, 13.257332, 165.0], [11.133755, 14.585497, 181.0], [10.147636, 15.948489, 198.0], [9.309719, 17.113134, 214.0], [8.705162, 18.280865, 231.0], [8.385231, 19.342318, 248.0], [8.480711, 20.382011, 264.0], [8.81045, 21.35981, 281.0], [9.3725815, 22.243198, 297.0], [9.882212, 22.842613, 314.0], [10.253468, 23.071833, 330.0], [10.719405, 22.92836, 347.0], [11.467549, 22.41213, 363.0], [12.691772, 21.184986, 380.0], [14.088076, 19.504353, 396.0], [15.6158695, 17.650984, 413.0], [17.058283, 15.928364, 430.0], [18.226652, 14.384206, 446.0], [19.103298, 12.996393, 463.0], [19.849592, 11.735959, 479.0], [20.50605, 10.279963, 496.0], [20.966227, 8.893067, 512.0], [21.292606, 7.7727795, 529.0], [21.38485, 7.074677, 545.0], [21.291, 6.7513757, 562.0], [20.964823, 6.6120424, 578.0], [20.167423, 6.659095, 595.0], [18.896711, 7.037197, 611.0]"}