{"Image number":10538,"Image shape":5,"Path":"[23.294445, 8.011111, 0.0], [23.0896, 8.011111, 26.0], [22.776348, 8.051792, 42.0], [21.877747, 8.05, 59.0], [20.947842, 8.152437, 76.0], [19.86891, 8.260331, 92.0], [18.803644, 8.283333, 109.0], [17.829136, 8.207559, 126.0], [16.898912, 7.937262, 142.0], [16.18334, 7.68419, 159.0], [15.626274, 7.5034385, 176.0], [15.412282, 7.450294, 192.0], [15.061056, 7.427778, 226.0], [14.757525, 7.5579453, 243.0], [14.321299, 7.8865213, 259.0], [13.66482, 8.540734, 276.0], [12.910502, 9.53344, 293.0], [11.999243, 10.836734, 309.0], [11.179201, 12.318547, 326.0], [10.517536, 13.567375, 343.0], [9.995359, 14.667821, 359.0], [9.786768, 15.423561, 376.0], [9.645992, 16.090714, 393.0], [9.550299, 16.523653, 410.0], [9.527779, 16.679697, 426.0], [9.527779, 16.853464, 460.0], [9.726491, 16.571053, 476.0], [10.227648, 15.921281, 493.0], [10.908333, 15.263889, 510.0], [12.041302, 14.508823, 526.0], [13.278644, 13.898619, 543.0], [14.625709, 13.619367, 560.0], [15.955944, 13.534475, 576.0], [17.182095, 13.6968, 593.0], [17.86775, 14.26757, 610.0], [18.315578, 14.916982, 626.0], [18.511112, 15.730556, 643.0], [18.304207, 16.92025, 660.0], [17.861729, 18.181686, 677.0], [17.10394, 19.46178, 693.0], [16.261002, 20.604307, 710.0], [15.392752, 21.689615, 727.0], [14.422994, 22.464678, 743.0], [13.33389, 22.999193, 760.0], [12.212661, 23.1606, 777.0], [10.8630295, 22.94705, 793.0], [9.626404, 22.578096, 810.0], [8.727289, 22.221344, 827.0], [8.064964, 21.977665, 843.0], [7.5782876, 21.867397, 860.0]"}