{"Image number":10216,"Image shape":4,"Path":"[15.127778, 6.416667, 0.0], [15.127778, 6.5916667, 23.0], [14.977503, 7.541098, 39.0], [14.763827, 8.729502, 56.0], [14.197119, 9.849821, 73.0], [13.265997, 11.519981, 89.0], [12.055555, 13.436111, 106.0], [11.052439, 14.833322, 123.0], [10.059593, 16.31339, 139.0], [9.391666, 17.519445, 156.0], [9.114357, 18.096378, 173.0], [8.84404, 18.429375, 190.0], [9.472197, 18.387655, 273.0], [10.286111, 18.336111, 290.0], [11.5618925, 18.280773, 306.0], [12.913915, 18.277779, 323.0], [14.0068445, 18.306793, 340.0], [14.839708, 18.430536, 357.0], [15.687217, 18.65511, 373.0], [16.294628, 18.697796, 390.0], [16.814285, 18.749762, 407.0], [17.070772, 18.700415, 424.0], [17.452518, 18.47836, 440.0], [17.834816, 18.045132, 457.0], [18.119907, 17.260265, 474.0], [18.560856, 16.071053, 490.0], [18.99352, 14.381357, 507.0], [19.534111, 12.513554, 524.0], [19.882786, 11.071729, 540.0], [20.068, 10.318176, 557.0], [20.37106, 9.8100815, 574.0], [20.64163, 9.483376, 591.0], [20.766666, 9.646187, 641.0], [20.327963, 10.638517, 657.0], [19.48439, 12.131484, 674.0], [18.46175, 14.161898, 691.0], [17.648262, 16.98473, 707.0], [17.309782, 18.23986, 724.0], [17.109505, 19.885078, 741.0], [16.947697, 21.304071, 757.0], [16.729876, 22.64383, 774.0], [16.649897, 23.590633, 791.0], [16.644445, 24.107874, 808.0], [16.556787, 24.315435, 824.0], [16.384762, 24.344444, 841.0]"}