{"Image number":39029,"Image shape":0,"Path":"[18.868551, 5.8195834, 0.0], [18.589016, 5.8195834, 52.0], [17.83449, 5.8195834, 69.0], [16.715828, 5.8666058, 86.0], [14.24205, 6.7122, 119.0], [13.134794, 7.5470486, 135.0], [12.194308, 8.583455, 152.0], [11.217719, 9.79506, 168.0], [10.432058, 11.281569, 187.0], [9.538867, 12.786158, 201.0], [8.936495, 14.373751, 218.0], [8.475918, 15.712793, 234.0], [8.385411, 17.158024, 251.0], [8.903698, 19.63446, 284.0], [9.561128, 20.661427, 301.0], [10.483864, 21.485489, 317.0], [11.5090275, 21.99789, 334.0], [12.782911, 22.328012, 350.0], [14.231839, 22.465477, 367.0], [15.758914, 22.087492, 383.0], [17.241148, 21.389536, 400.0], [18.553219, 20.168869, 416.0], [19.717293, 18.815111, 433.0], [20.745743, 17.220686, 449.0], [21.484564, 15.735825, 466.0], [21.946634, 14.1069145, 482.0], [22.129782, 10.937067, 516.0], [21.894726, 9.536589, 532.0], [21.382093, 8.472247, 549.0], [20.587667, 7.5859556, 565.0], [19.704357, 6.796124, 582.0], [18.629314, 6.0952053, 598.0], [17.464071, 5.677266, 615.0], [16.28646, 5.4900823, 631.0]"}