{"Image number":36498,"Image shape":7,"Path":"[14.256239, 7.404701, 0.0], [13.697143, 7.4979496, 52.0], [13.319975, 7.6394906, 69.0], [13.837042, 7.9175534, 118.0], [14.636345, 8.011648, 135.0], [15.706775, 8.057672, 151.0], [16.926962, 8.151807, 168.0], [19.530134, 8.478373, 201.0], [20.553427, 8.711838, 218.0], [21.345278, 9.086599, 234.0], [21.759602, 9.458283, 251.0], [21.89851, 9.88064, 267.0], [21.56777, 10.534214, 284.0], [20.82352, 11.509686, 300.0], [19.56364, 12.863402, 317.0], [18.06967, 14.498634, 333.0], [16.439413, 16.363405, 350.0], [14.710106, 18.28076, 367.0], [12.942019, 20.14252, 383.0], [10.327914, 23.13398, 416.0], [9.557805, 24.24518, 433.0], [9.156668, 24.874271, 449.0]"}