{"Image number":37516,"Image shape":4,"Path":"[10.202994, 8.5702305, 0.0], [10.155774, 9.230516, 85.0], [10.156405, 9.976629, 101.0], [10.203539, 10.817844, 118.0], [10.250288, 11.470604, 134.0], [10.249584, 12.129287, 151.0], [10.390307, 12.817536, 167.0], [10.531168, 13.380417, 184.0], [10.718123, 13.797765, 200.0], [10.904543, 14.1701975, 217.0], [11.043571, 14.401166, 233.0], [11.183819, 14.635071, 250.0], [11.4635515, 14.96087, 283.0], [11.789987, 15.144554, 316.0], [12.068175, 15.190973, 349.0], [12.770527, 15.331764, 399.0], [13.144615, 15.472604, 415.0], [13.515459, 15.564564, 432.0], [13.935703, 15.610644, 448.0], [14.357837, 15.514908, 465.0], [14.868387, 15.422358, 481.0], [15.282878, 15.142692, 498.0], [15.701347, 14.910234, 515.0], [16.308483, 14.16205, 548.0], [16.58718, 13.742943, 564.0], [16.915789, 13.273281, 581.0], [17.193016, 12.763072, 597.0], [17.472353, 12.203736, 614.0], [17.705265, 11.6906805, 631.0], [17.938177, 11.271723, 647.0], [18.030672, 10.945382, 663.0], [18.123215, 10.667917, 680.0], [18.21677, 10.293346, 697.0], [18.26347, 9.776062, 713.0], [18.357128, 9.122302, 730.0], [18.40305, 8.61257, 746.0], [18.40266, 8.286563, 763.0], [18.024763, 9.378358, 879.0], [17.6075, 10.490097, 895.0], [17.138948, 11.70896, 912.0], [16.817022, 12.58403, 928.0], [16.49037, 13.424346, 945.0], [16.207657, 14.273983, 961.0], [16.071236, 15.061769, 978.0], [16.02586, 15.761311, 994.0], [16.073437, 16.499458, 1011.0], [16.260355, 17.664513, 1044.0], [16.400934, 18.132904, 1061.0], [16.49372, 18.647034, 1077.0], [16.492512, 19.207924, 1094.0], [16.492512, 19.713018, 1110.0], [16.492512, 20.693935, 1143.0], [16.492512, 21.1128, 1160.0], [16.492512, 21.630316, 1177.0], [16.492512, 22.143637, 1193.0], [16.492512, 22.657265, 1209.0], [16.492512, 23.074928, 1226.0], [16.492512, 23.353163, 1243.0], [16.492512, 23.583961, 1259.0], [16.492512, 23.771084, 1276.0], [16.445251, 23.957893, 1292.0], [16.445923, 24.239033, 1309.0], [16.399334, 24.660206, 1342.0]"}