{"Image number":30138,"Image shape":9,"Path":"[17.902912, 11.647572, 0.0], [17.916203, 11.38886, 107.0], [17.851097, 11.220024, 124.0], [17.62957, 10.9461155, 142.0], [17.395538, 10.64684, 160.0], [17.146502, 10.385543, 178.0], [16.96515, 10.163311, 195.0], [16.545017, 9.690694, 231.0], [16.256748, 9.4563875, 249.0], [15.804189, 9.169316, 266.0], [15.39345, 9.010131, 284.0], [14.957067, 8.801399, 302.0], [14.4622755, 8.639981, 320.0], [14.062099, 8.501312, 338.0], [13.670545, 8.5000305, 355.0], [13.1283, 8.5718975, 373.0], [12.741794, 8.731871, 391.0], [12.434682, 8.865435, 409.0], [12.031683, 9.028199, 426.0], [11.739469, 9.385702, 444.0], [11.411226, 9.845516, 462.0], [11.012917, 10.451632, 480.0], [10.68309, 11.073975, 497.0], [10.405423, 11.613403, 515.0], [10.257198, 12.058307, 533.0], [10.150738, 12.437547, 551.0], [10.085772, 12.691862, 568.0], [10.173046, 13.005051, 586.0], [10.328891, 13.31728, 604.0], [10.577739, 13.618512, 622.0], [10.7597275, 13.747561, 639.0], [11.100573, 13.916241, 657.0], [11.61152, 13.993641, 675.0], [12.13454, 14.059055, 693.0], [12.857496, 14.095658, 710.0], [13.629196, 14.095658, 728.0], [14.201278, 14.095658, 746.0], [14.734648, 14.035517, 764.0], [15.41712, 13.904961, 782.0], [16.129236, 13.647576, 799.0], [16.70999, 13.35557, 817.0], [17.181349, 13.08712, 835.0], [17.547417, 12.825888, 853.0], [17.840427, 12.597923, 870.0], [18.041721, 12.402425, 888.0], [18.359467, 12.123344, 924.0], [18.620857, 11.987835, 959.0], [18.406868, 12.426092, 1083.0], [18.029848, 12.906872, 1101.0], [17.627268, 13.427181, 1119.0], [17.234192, 13.911318, 1137.0], [16.977934, 14.43126, 1154.0], [16.717318, 15.060234, 1172.0], [16.456182, 15.713466, 1190.0], [16.098186, 16.55071, 1208.0], [15.597775, 17.581837, 1226.0], [15.069161, 18.635519, 1243.0], [14.6536045, 19.479939, 1261.0], [14.3743925, 20.200851, 1279.0], [14.15955, 20.747265, 1297.0], [13.995558, 21.333635, 1314.0], [13.865687, 21.803442, 1332.0], [13.651087, 22.467867, 1350.0], [13.416701, 23.242954, 1368.0], [13.259692, 23.955263, 1385.0], [13.110656, 24.626448, 1403.0], [13.053195, 25.24503, 1421.0], [13.048545, 25.78868, 1439.0], [13.048545, 26.24449, 1456.0], [13.048545, 26.630033, 1474.0], [13.048545, 26.933924, 1492.0], [13.048545, 27.14539, 1510.0]"}