{"Image number":39708,"Image shape":2,"Path":"[7.733777, 11.134394, 0.0], [8.4390745, 10.851434, 52.0], [9.372192, 10.525588, 69.0], [10.541368, 10.104314, 85.0], [11.608241, 9.873975, 102.0], [12.638399, 9.639611, 118.0], [13.564392, 9.595546, 135.0], [14.552972, 9.548456, 151.0], [15.237679, 9.596101, 168.0], [15.751139, 9.7838545, 184.0], [16.028454, 10.0170145, 201.0], [16.167429, 10.344263, 219.0], [16.166388, 10.673406, 234.0], [16.11927, 11.186845, 250.0], [15.931353, 11.841033, 267.0], [15.653173, 12.628358, 284.0], [15.324243, 13.521701, 300.0], [14.856012, 14.550687, 317.0], [14.484831, 15.57538, 333.0], [14.204802, 16.701714, 350.0], [13.9765415, 17.708694, 366.0], [13.6460085, 18.700752, 383.0], [13.2754545, 19.62548, 399.0], [12.903781, 20.508516, 416.0], [12.576583, 21.397705, 432.0], [12.391518, 22.094717, 449.0], [12.298252, 22.610062, 466.0], [12.252554, 22.885067, 482.0], [12.488501, 21.004318, 548.0], [12.909335, 19.322994, 565.0], [13.377748, 17.826387, 581.0], [13.793566, 16.673367, 598.0], [14.588727, 15.886211, 631.0], [15.007242, 15.88975, 648.0], [15.379564, 15.88975, 664.0], [15.702482, 16.030464, 681.0], [16.310614, 16.68677, 714.0], [16.777645, 17.05976, 730.0], [17.334742, 17.289896, 747.0], [17.895382, 17.42955, 763.0], [18.548214, 17.522316, 780.0], [19.203382, 17.52149, 796.0], [19.804323, 17.427633, 813.0], [20.453909, 17.194668, 830.0], [21.255655, 16.722418, 846.0], [23.12277, 15.741838, 879.0]"}