{"Image number":38632,"Image shape":9,"Path":"[17.843594, 10.528319, 0.0], [17.469349, 10.059652, 52.0], [17.089928, 9.394978, 69.0], [16.624321, 8.650731, 85.0], [16.068165, 8.240096, 102.0], [15.462829, 8.055944, 118.0], [14.857968, 8.010475, 135.0], [14.253437, 8.010777, 151.0], [13.595803, 8.057984, 168.0], [12.903112, 8.19767, 184.0], [11.593409, 8.900936, 217.0], [10.935288, 9.3246155, 234.0], [10.37838, 9.791529, 251.0], [9.874983, 10.297102, 267.0], [9.593624, 10.767619, 284.0], [9.408718, 11.280486, 300.0], [9.271141, 11.694068, 317.0], [9.2712145, 12.400038, 333.0], [9.41232, 13.240378, 350.0], [9.694264, 14.177274, 366.0], [10.066813, 14.964953, 383.0], [10.531397, 15.706913, 400.0], [11.047539, 16.36353, 416.0], [11.744171, 16.777794, 433.0], [12.587126, 16.963835, 449.0], [13.38453, 16.72496, 466.0], [14.353361, 16.307648, 482.0], [16.077538, 14.532686, 515.0], [16.681158, 13.508197, 532.0], [17.192688, 12.577209, 548.0], [17.612335, 11.830707, 565.0], [17.892843, 11.2218685, 581.0], [17.98457, 10.7553835, 598.0], [18.030104, 10.527545, 615.0], [18.02995, 10.340363, 631.0], [18.077257, 10.76862, 780.0], [18.124031, 12.805071, 797.0], [18.123127, 14.979991, 813.0], [18.170324, 17.224266, 830.0], [18.169716, 18.60166, 846.0], [18.169716, 19.953722, 863.0], [18.122663, 21.170012, 879.0], [17.981583, 22.291069, 896.0], [17.888935, 23.221762, 912.0], [17.748428, 24.060379, 929.0], [17.702835, 24.762648, 945.0]"}