{"Image number":37030,"Image shape":8,"Path":"[15.420965, 4.327707, 0.0], [14.995308, 4.1388383, 53.0], [14.290107, 3.9988127, 70.0], [13.270908, 4.001359, 86.0], [12.336968, 4.613366, 103.0], [11.54524, 5.5973997, 119.0], [11.035828, 7.0008564, 135.0], [10.806332, 8.444765, 152.0], [10.997678, 9.943615, 169.0], [11.464334, 11.425121, 185.0], [12.210777, 12.727314, 202.0], [13.142081, 13.936838, 218.0], [14.179554, 14.973831, 235.0], [15.04982, 15.984808, 251.0], [15.855321, 17.028152, 268.0], [16.54319, 18.087217, 284.0], [17.107876, 19.076984, 301.0], [17.42931, 20.148777, 318.0], [17.424292, 21.121567, 334.0], [17.000282, 22.05421, 351.0], [16.388834, 22.755178, 367.0], [15.314694, 23.214966, 384.0], [14.244251, 23.444984, 400.0], [13.038243, 23.58301, 417.0], [12.103044, 23.58224, 433.0], [11.411909, 23.488676, 450.0], [11.036892, 23.205738, 466.0], [11.041597, 22.545668, 483.0], [11.467185, 21.231607, 499.0], [12.262834, 19.504591, 516.0], [13.389163, 17.631142, 533.0], [14.541824, 15.880547, 549.0], [15.670297, 14.281399, 566.0], [16.636263, 12.853488, 582.0], [17.384247, 11.542526, 599.0], [17.937809, 10.292874, 615.0], [18.218185, 9.121845, 632.0], [18.356995, 8.144188, 648.0], [18.21499, 7.444753, 665.0], [17.839247, 6.838179, 682.0], [17.32405, 6.32535, 698.0], [16.630451, 5.8649836, 715.0], [16.019682, 5.4418063, 731.0], [15.363619, 5.0674944, 748.0], [14.738281, 4.681934, 764.0], [14.327689, 4.504528, 781.0]"}