{"Image number":30543,"Image shape":8,"Path":"[16.660194, 8.577746, 0.0], [16.466019, 8.538888, 139.0], [16.347061, 8.380997, 228.0], [16.216242, 8.211246, 263.0], [15.838195, 8.049924, 299.0], [15.635769, 7.9770074, 317.0], [15.398685, 7.9108863, 334.0], [15.202869, 7.8455725, 352.0], [14.930195, 7.8005757, 370.0], [14.611358, 7.688713, 405.0], [14.320461, 7.684002, 424.0], [14.00943, 7.7326293, 441.0], [13.7608185, 7.8367834, 459.0], [13.395311, 7.863301, 477.0], [13.067718, 7.9794235, 494.0], [12.777694, 8.1107, 512.0], [12.519663, 8.240042, 530.0], [12.361739, 8.423392, 548.0], [12.200272, 8.496981, 565.0], [12.063971, 8.656597, 583.0], [11.881522, 8.892565, 619.0], [11.816141, 9.062264, 637.0], [11.686175, 9.522941, 672.0], [11.659461, 9.824159, 690.0], [11.650486, 10.145269, 707.0], [11.650486, 10.429412, 725.0], [11.793682, 10.83395, 743.0], [11.922331, 11.220128, 761.0], [12.266939, 11.706982, 779.0], [12.5242, 11.977797, 796.0], [12.786193, 12.257002, 814.0], [13.04928, 12.551953, 832.0], [13.454032, 12.923335, 867.0], [13.765455, 13.0691805, 885.0], [14.090997, 13.276583, 903.0], [14.484112, 13.498944, 921.0], [14.877886, 13.709124, 938.0], [15.188881, 13.903572, 956.0], [15.435373, 14.050802, 974.0], [15.714387, 14.260188, 992.0], [15.971843, 14.373013, 1009.0], [16.259714, 14.531364, 1027.0], [16.47356, 14.616287, 1045.0], [16.789125, 14.720506, 1063.0], [17.093979, 14.856702, 1080.0], [17.353928, 14.986755, 1098.0], [17.616869, 15.118307, 1116.0], [17.773685, 15.242318, 1134.0], [18.03471, 15.424499, 1169.0], [18.16501, 15.59651, 1187.0], [18.3504, 16.001497, 1223.0], [18.446602, 16.35606, 1258.0], [18.52283, 16.733707, 1294.0], [18.524273, 17.019426, 1312.0], [18.576147, 17.295395, 1330.0], [18.563107, 17.59485, 1347.0], [18.563107, 17.892561, 1365.0], [18.563107, 18.207699, 1382.0], [18.563107, 18.498852, 1400.0], [18.534365, 18.75715, 1418.0], [18.413967, 19.018291, 1436.0], [18.240705, 19.275574, 1453.0], [17.9754, 19.579895, 1471.0], [17.719034, 19.892132, 1489.0], [17.536537, 20.141228, 1507.0], [17.303144, 20.29862, 1524.0], [16.994484, 20.553791, 1560.0], [16.655888, 20.8592, 1596.0], [16.388992, 21.041142, 1613.0], [16.096485, 21.275074, 1631.0], [15.705945, 21.47046, 1649.0], [15.363057, 21.617136, 1667.0], [15.0332775, 21.748714, 1684.0], [14.683271, 21.917955, 1702.0], [14.346018, 22.047512, 1720.0], [13.940834, 22.13974, 1738.0], [13.603684, 22.241087, 1755.0], [13.185064, 22.310904, 1773.0], [12.801445, 22.333668, 1791.0], [12.48991, 22.333668, 1809.0], [12.102153, 22.333668, 1827.0], [11.664232, 22.333668, 1844.0], [11.314087, 22.333668, 1862.0], [10.9250965, 22.333668, 1880.0], [10.614052, 22.333668, 1897.0], [10.320114, 22.263168, 1915.0], [10.019721, 22.100666, 1934.0], [9.7593355, 21.970398, 1951.0], [9.513212, 21.718079, 1968.0], [9.297702, 21.316805, 1986.0], [9.099604, 20.87263, 2004.0], [9.013024, 20.523907, 2022.0], [8.951456, 20.215878, 2040.0], [8.881695, 19.905716, 2057.0], [8.856324, 19.699114, 2075.0], [8.854369, 19.540657, 2093.0], [8.854369, 19.301838, 2111.0], [8.970922, 18.991735, 2128.0], [9.062455, 18.704453, 2146.0], [9.299099, 18.430256, 2164.0], [9.600894, 18.050564, 2182.0], [9.995795, 17.588121, 2199.0], [10.383814, 17.135155, 2218.0], [10.743558, 16.793772, 2235.0], [11.295128, 16.395878, 2253.0], [11.882146, 15.957602, 2270.0], [12.390269, 15.702229, 2288.0], [13.012215, 15.415595, 2306.0], [13.647395, 15.153847, 2324.0], [14.219623, 14.850382, 2341.0], [14.792946, 14.618833, 2359.0], [15.193676, 14.342478, 2377.0], [15.714038, 14.017056, 2395.0], [16.421434, 13.72938, 2412.0], [17.165049, 13.473923, 2430.0], [17.964676, 13.158983, 2448.0], [18.612877, 12.899419, 2466.0], [19.188927, 12.686133, 2484.0], [19.746677, 12.415474, 2502.0], [20.143885, 12.196505, 2519.0], [20.691404, 11.935925, 2537.0], [21.280807, 11.7772665, 2555.0], [21.790306, 11.568742, 2572.0], [22.20091, 11.420765, 2590.0], [22.56392, 11.320996, 2608.0], [22.931438, 11.216363, 2626.0], [23.327385, 11.120648, 2643.0], [23.769602, 10.991782, 2661.0], [24.099598, 10.847603, 2679.0]"}