{"Image number":38096,"Image shape":7,"Path":"[7.8735437, 7.5911875, 0.0], [8.575006, 8.059071, 135.0], [9.091141, 8.340555, 152.0], [9.692807, 8.477518, 169.0], [10.298642, 8.570611, 185.0], [11.00442, 8.617479, 202.0], [11.653461, 8.758047, 218.0], [12.302774, 8.850426, 235.0], [12.913831, 8.991824, 251.0], [13.517595, 9.084108, 268.0], [14.073662, 9.176935, 284.0], [14.58723, 9.223371, 301.0], [15.00646, 9.2700815, 317.0], [15.329051, 9.269548, 334.0], [15.658958, 9.269548, 350.0], [15.983973, 9.316732, 367.0], [16.263083, 9.31617, 383.0], [16.494043, 9.31617, 400.0], [16.86554, 9.31617, 433.0], [17.145472, 9.31617, 450.0], [17.471634, 9.31617, 466.0], [17.845385, 9.31617, 483.0], [18.40293, 9.1762, 516.0], [18.682487, 9.082968, 532.0], [18.915487, 9.036373, 549.0], [19.150793, 9.036443, 565.0], [19.568493, 9.036443, 599.0], [19.847853, 8.989822, 632.0], [20.080015, 8.9432, 714.0], [19.80026, 9.316258, 883.0], [19.189047, 10.210198, 896.0], [18.49538, 11.18166, 915.0], [17.09201, 13.428515, 948.0], [16.489664, 14.496155, 963.0], [15.974554, 15.574861, 979.0], [15.414218, 16.742996, 996.0], [14.852386, 18.009115, 1012.0], [14.390713, 19.21362, 1029.0], [13.920939, 20.293255, 1045.0], [13.508627, 21.256287, 1062.0], [12.9900875, 22.056494, 1078.0], [12.571586, 22.708033, 1095.0], [12.297864, 23.165377, 1111.0], [12.112141, 23.443882, 1128.0], [12.01424, 23.788776, 1145.0]"}