{"Image number":30134,"Image shape":4,"Path":"[11.184465, 5.0027623, 0.0], [11.027519, 5.063463, 106.0], [10.897403, 5.2587547, 124.0], [10.765695, 5.5992427, 142.0], [10.5754795, 5.9712424, 159.0], [10.427461, 6.5267196, 177.0], [10.191432, 7.3585997, 195.0], [9.967211, 8.235992, 213.0], [9.8046465, 9.149456, 231.0], [9.635895, 9.911233, 248.0], [9.50713, 10.573571, 266.0], [9.375516, 11.166198, 284.0], [9.282398, 11.602789, 302.0], [9.281553, 11.995913, 319.0], [9.281553, 12.3888855, 337.0], [9.478867, 12.899419, 355.0], [9.793819, 13.391905, 372.0], [10.185333, 13.848946, 390.0], [10.497307, 14.427905, 408.0], [10.765337, 15.013581, 426.0], [11.071156, 15.601352, 444.0], [11.521748, 16.146719, 461.0], [12.037996, 16.599224, 479.0], [12.51238, 16.886673, 497.0], [13.175896, 17.226435, 515.0], [13.831444, 17.564322, 532.0], [14.36694, 17.883118, 550.0], [14.889121, 18.170822, 568.0], [15.234296, 18.458817, 586.0], [15.619385, 18.665403, 603.0], [16.10156, 18.813232, 621.0], [16.594746, 18.79754, 639.0], [17.107676, 18.79754, 657.0], [17.633907, 18.846468, 674.0], [18.153904, 18.87265, 692.0], [18.63544, 18.914116, 710.0], [19.057137, 18.964127, 728.0], [19.451284, 18.991835, 745.0], [19.751713, 18.991835, 763.0], [20.01219, 18.991835, 781.0], [20.234846, 18.913504, 799.0], [18.718445, 10.054371, 0.0], [18.718445, 10.537494, 99.0], [18.656616, 11.146535, 117.0], [18.640778, 12.027103, 134.0], [18.640778, 13.625369, 152.0], [18.640778, 14.98303, 170.0], [18.640778, 16.272652, 188.0], [18.640778, 17.45718, 205.0], [18.640778, 18.712856, 223.0], [18.640778, 19.83472, 241.0], [18.760357, 20.675058, 259.0], [18.954962, 21.465733, 276.0], [19.203522, 22.182095, 294.0], [19.425879, 22.739067, 312.0], [19.552189, 23.041018, 330.0], [10.407767, 4.4976015, 0.0], [10.3628645, 4.767187, 102.0], [10.225885, 5.3298473, 120.0], [10.036756, 6.159493, 138.0], [9.657787, 7.7786303, 156.0], [9.419816, 8.974057, 173.0], [9.2383375, 9.990108, 191.0], [9.155882, 11.017159, 209.0], [9.235177, 11.901842, 226.0], [9.356559, 12.720903, 244.0], [9.684193, 13.622761, 262.0], [10.160211, 14.344794, 280.0], [10.513219, 15.08386, 298.0], [10.804996, 15.76936, 315.0], [11.182302, 16.307348, 333.0], [11.791835, 16.815126, 351.0], [12.440936, 17.256718, 369.0], [13.299713, 17.598116, 386.0], [14.072765, 17.775879, 404.0], [14.823313, 17.841297, 422.0], [15.769146, 17.826077, 440.0], [16.610249, 17.826077, 457.0], [17.399458, 17.881245, 475.0], [18.184698, 17.903793, 493.0], [18.876328, 17.903793, 511.0], [19.40576, 17.903793, 528.0], [19.762346, 17.903793, 546.0], [20.011082, 17.910736, 564.0], [20.271845, 17.903793, 582.0], [20.49458, 17.903793, 617.0], [20.660194, 17.903793, 670.0], [20.559347, 18.109682, 759.0], [20.390085, 18.214085, 777.0], [20.13116, 18.279, 795.0], [19.869957, 18.3963, 813.0], [19.647322, 18.370096, 830.0], [19.398417, 18.238123, 848.0], [19.125666, 18.053959, 866.0], [18.944311, 17.452515, 884.0], [18.845219, 16.609861, 901.0], [18.834951, 15.539459, 919.0], [18.834951, 14.511402, 937.0], [18.834951, 13.461447, 955.0], [18.834951, 12.58728, 972.0], [18.879023, 11.950158, 990.0], [18.873787, 11.568343, 1008.0], [18.873787, 11.241438, 1026.0], [18.873787, 11.082832, 1044.0], [18.91262, 10.8704, 1079.0], [18.824722, 11.281548, 1150.0], [18.68364, 11.934265, 1168.0], [18.530832, 12.733068, 1186.0], [18.384924, 13.684216, 1203.0], [18.178143, 14.69933, 1221.0], [18.04719, 15.624805, 1239.0], [17.968431, 16.57071, 1257.0], [17.941748, 17.400335, 1274.0], [17.994856, 18.144917, 1292.0], [18.072693, 18.985384, 1310.0], [18.176716, 19.635128, 1328.0], [18.309383, 20.382965, 1346.0], [18.43974, 21.001007, 1363.0], [18.61261, 21.422413, 1381.0], [18.76934, 21.753922, 1399.0], [18.908329, 22.070349, 1417.0], [18.9998, 22.274975, 1434.0], [19.19275, 22.528606, 1452.0], [19.378641, 22.722252, 1467.0]"}