{"Image number":36915,"Image shape":8,"Path":"[16.725456, 4.747298, 0.0], [16.399334, 4.9804034, 36.0], [15.601875, 5.96618, 53.0], [14.519638, 7.5684366, 69.0], [13.182426, 10.768454, 102.0], [13.090205, 11.990603, 119.0], [13.421128, 13.010221, 135.0], [14.030645, 13.848605, 152.0], [14.960999, 14.589099, 169.0], [15.898744, 15.292598, 185.0], [16.645144, 16.184763, 202.0], [17.152948, 17.211536, 218.0], [17.379028, 18.367298, 235.0], [17.519342, 19.541815, 251.0], [17.42328, 20.61013, 268.0], [16.951717, 21.638866, 284.0], [16.345234, 22.520935, 301.0], [15.273053, 23.214584, 317.0], [14.068515, 23.489313, 334.0], [12.616839, 23.582804, 350.0], [11.26152, 23.393957, 367.0], [10.056672, 23.067638, 384.0], [9.208834, 22.546913, 400.0], [8.75522, 21.945927, 417.0], [8.758736, 20.99892, 433.0], [9.184822, 20.023188, 450.0], [10.02894, 18.90371, 466.0], [11.29087, 17.833918, 483.0], [12.823679, 16.626461, 499.0], [14.565683, 15.449936, 516.0], [16.246265, 14.281498, 532.0], [17.77469, 13.1680565, 549.0], [19.161655, 12.008881, 565.0], [20.327316, 10.792952, 582.0], [21.157608, 9.539976, 599.0], [21.57289, 8.518293, 615.0], [21.428894, 7.0269384, 648.0], [20.867403, 6.3738112, 665.0], [19.844128, 5.9115562, 681.0], [18.57549, 5.677213, 698.0], [15.783436, 5.77406, 731.0], [14.659984, 6.2456617, 748.0], [13.79038, 7.1249437, 764.0], [13.301689, 7.8087425, 781.0]"}