{"Image number":37695,"Image shape":8,"Path":"[16.865225, 7.31146, 0.0], [16.352745, 7.264838, 52.0], [15.456091, 7.217613, 69.0], [14.142097, 7.265588, 85.0], [13.040496, 7.452062, 105.0], [12.009749, 7.6892715, 132.0], [11.133483, 8.104632, 143.0], [9.863372, 9.237563, 168.0], [9.59272, 9.933795, 184.0], [9.454376, 10.494482, 201.0], [9.599857, 11.0037775, 217.0], [9.971654, 11.509571, 234.0], [10.7625885, 12.253797, 251.0], [11.69955, 12.956901, 267.0], [12.929678, 13.808785, 284.0], [14.17822, 14.593907, 300.0], [15.288265, 15.3819275, 317.0], [16.225649, 16.274763, 333.0], [16.87219, 17.157982, 350.0], [17.28845, 18.23084, 366.0], [17.474506, 19.266409, 383.0], [17.470882, 20.233778, 399.0], [17.377172, 21.397694, 416.0], [17.188555, 22.432083, 433.0], [16.768955, 23.309044, 449.0], [16.256374, 23.912363, 466.0], [15.69486, 24.285316, 482.0], [15.000633, 24.468315, 499.0], [14.248061, 24.32664, 515.0], [13.31882, 23.952951, 532.0], [12.434538, 23.486507, 548.0], [11.451062, 22.782648, 565.0], [10.662117, 22.037365, 581.0], [9.968076, 21.015179, 598.0], [9.455103, 19.98747, 615.0], [9.127142, 18.811495, 631.0], [8.990973, 17.842884, 648.0], [9.086306, 16.900928, 664.0], [9.460761, 16.25713, 681.0], [10.159397, 15.7008705, 697.0], [12.260123, 14.861079, 730.0], [13.480641, 14.391556, 747.0], [14.690508, 13.878703, 763.0], [15.903388, 13.31795, 780.0], [17.015875, 12.713613, 797.0], [17.994244, 12.059557, 813.0], [18.785978, 11.310889, 830.0], [19.387403, 10.5199795, 846.0], [19.756632, 9.588667, 863.0], [19.89396, 8.660449, 879.0], [19.66027, 7.7765484, 896.0], [19.237297, 6.930551, 912.0], [18.396639, 6.234153, 929.0], [17.650692, 5.7688675, 945.0], [16.632042, 5.586435, 962.0], [15.789476, 5.680187, 979.0]"}