{"Image number":36632,"Image shape":4,"Path":"[11.507487, 8.337125, 0.0], [11.460898, 8.663473, 52.0], [11.4137945, 9.559075, 69.0], [11.319504, 10.924908, 86.0], [11.321131, 12.36616, 102.0], [11.4158125, 13.388752, 119.0], [11.60376, 14.035746, 135.0], [11.8368845, 14.403115, 152.0], [12.160181, 14.724669, 168.0], [12.634681, 14.96186, 185.0], [13.281691, 15.098009, 201.0], [14.03941, 15.240077, 218.0], [14.871418, 15.142754, 238.0], [15.614011, 14.908614, 251.0], [16.365902, 14.199043, 268.0], [17.618036, 12.09922, 301.0], [18.081411, 11.077043, 317.0], [18.405048, 10.148521, 334.0], [18.637886, 9.449191, 350.0], [18.776785, 9.079296, 367.0], [18.587088, 9.320033, 400.0], [18.213963, 9.972966, 417.0], [17.654613, 11.093026, 433.0], [16.99354, 12.795601, 450.0], [15.787588, 17.033031, 483.0], [15.230863, 18.979866, 499.0], [14.761845, 20.669865, 516.0], [14.485949, 21.9656, 532.0], [14.300145, 22.990921, 549.0], [14.302828, 23.763838, 565.0], [14.302828, 24.16484, 582.0]"}