{"Image number":35376,"Image shape":3,"Path":"[9.178037, 7.31146, 0.0], [9.933862, 7.074637, 52.0], [11.019414, 6.7445736, 69.0], [12.46115, 6.4680414, 86.0], [13.713076, 6.425069, 102.0], [14.784949, 6.662295, 118.0], [15.519634, 7.081446, 135.0], [15.935799, 7.687834, 151.0], [15.933444, 8.439496, 168.0], [15.55731, 9.465447, 185.0], [14.720579, 10.577009, 201.0], [13.786902, 11.744779, 218.0], [12.662803, 12.633725, 234.0], [11.826876, 13.190216, 251.0], [11.273165, 13.46614, 267.0], [11.508987, 13.371564, 300.0], [12.253736, 13.1388445, 319.0], [13.470592, 12.7641735, 334.0], [16.216707, 12.486273, 366.0], [17.33712, 12.627022, 383.0], [18.171293, 13.046649, 400.0], [18.964153, 13.700553, 416.0], [19.522305, 14.493251, 433.0], [20.034351, 15.518929, 449.0], [20.313366, 16.59119, 466.0], [20.452578, 18.498919, 499.0], [20.266266, 19.386135, 515.0], [19.708921, 20.362288, 532.0], [18.82186, 21.344538, 548.0], [16.44256, 22.557653, 582.0], [15.000081, 22.649916, 598.0], [13.593167, 22.414902, 615.0], [12.3427, 21.949242, 631.0], [11.357106, 21.243595, 648.0], [10.535957, 20.565727, 664.0], [10.185246, 20.110075, 681.0]"}