{"Image number":30154,"Image shape":7,"Path":"[7.805825, 8.3057375, 0.0], [8.211713, 8.16445, 86.0], [8.771192, 8.099105, 104.0], [9.352967, 7.9955645, 121.0], [10.848883, 7.9300556, 139.0], [12.252692, 7.8650355, 157.0], [13.888084, 7.799432, 175.0], [15.227138, 7.7461777, 192.0], [16.46161, 7.7228603, 210.0], [17.756157, 7.7228603, 228.0], [18.810642, 7.7228603, 246.0], [19.556734, 7.7228603, 263.0], [20.314173, 7.808276, 281.0], [20.831783, 7.8005757, 299.0], [21.287445, 7.913286, 317.0], [21.45311, 7.9225597, 335.0], [21.708488, 8.03373, 370.0], [21.628712, 8.328705, 423.0], [20.904945, 9.114237, 459.0], [20.08453, 10.030744, 477.0], [19.251781, 10.880761, 494.0], [18.2144, 11.918775, 512.0], [17.50868, 12.750445, 530.0], [17.00764, 13.532984, 548.0], [16.357897, 14.701462, 565.0], [15.513982, 15.990204, 583.0], [14.771691, 17.25362, 601.0], [14.173667, 18.411137, 619.0], [13.640337, 19.437378, 636.0], [13.038135, 20.408096, 654.0], [12.569811, 21.191536, 672.0], [12.1883955, 21.79832, 690.0], [11.898178, 22.397757, 708.0], [11.599691, 22.94048, 725.0], [11.407567, 23.354172, 743.0], [11.212537, 23.58791, 761.0], [11.09797, 23.775848, 779.0], [9.514564, 15.92201, 0.0], [9.784021, 16.047703, 124.0], [10.22615, 16.113014, 141.0], [11.127818, 16.155159, 159.0], [13.157569, 16.155159, 177.0], [14.441238, 16.155159, 195.0], [16.100683, 16.155159, 212.0], [17.779278, 16.155159, 230.0], [19.016062, 16.117071, 248.0], [20.020294, 16.116302, 266.0], [20.76353, 16.064514, 283.0], [21.248095, 16.077444, 301.0], [9.242718, 8.111444, 0.0], [9.661779, 7.9948683, 60.0], [10.064037, 7.9948683, 78.0], [10.744554, 8.016476, 96.0], [12.009296, 8.129954, 114.0], [13.324586, 8.150303, 131.0], [14.372681, 8.150303, 149.0], [15.82036, 8.19993, 167.0], [17.23603, 8.189161, 185.0], [18.487219, 8.189161, 203.0], [19.327105, 8.189161, 220.0], [19.878931, 8.189161, 238.0], [20.360222, 8.228022, 256.0], [20.726141, 8.228022, 274.0], [20.97467, 8.26783, 291.0], [21.179909, 8.413187, 327.0], [21.13613, 8.819161, 362.0], [20.795013, 9.496182, 380.0], [20.02858, 10.50436, 398.0], [19.095167, 11.64229, 416.0], [17.98461, 12.770438, 433.0], [17.297905, 13.585291, 451.0], [16.455177, 14.80958, 469.0], [15.420827, 16.11211, 487.0], [14.677368, 17.207706, 504.0], [13.819233, 18.487421, 522.0], [12.9944315, 19.697845, 540.0], [12.435203, 20.715712, 558.0], [12.11887, 21.332354, 575.0], [11.840794, 21.8955, 593.0], [11.573, 22.498398, 611.0], [11.423138, 22.935577, 629.0], [11.254433, 23.227257, 646.0], [11.125084, 23.452545, 664.0], [11.069878, 23.61025, 682.0], [11.067962, 23.340555, 735.0], [11.225742, 22.527884, 753.0], [11.63184, 21.065342, 771.0], [12.487608, 19.49625, 789.0], [13.190129, 18.265598, 806.0], [14.024976, 17.083054, 824.0], [14.717199, 16.269566, 842.0], [15.129612, 15.782606, 860.0], [15.407511, 15.392947, 877.0], [15.582538, 15.290546, 895.0], [15.747043, 15.087083, 931.0], [15.485179, 15.139061, 966.0], [14.857645, 15.36433, 984.0], [13.859386, 15.761649, 1002.0], [12.989273, 16.136072, 1019.0], [12.159736, 16.437017, 1037.0], [11.348974, 16.74393, 1055.0], [10.78415, 16.88675, 1073.0], [10.407617, 17.033392, 1090.0], [10.180737, 17.048906, 1108.0], [10.836606, 16.854233, 1179.0], [12.125025, 16.476498, 1197.0], [13.7483635, 16.071035, 1215.0], [14.990875, 15.95758, 1233.0], [16.26517, 15.816601, 1250.0], [17.548223, 15.751288, 1268.0], [18.693298, 15.643431, 1286.0], [19.48972, 15.650002, 1304.0], [20.199251, 15.650002, 1321.0], [20.388351, 15.650002, 1330.0]"}