{"Image number":37838,"Image shape":2,"Path":"[4.612313, 9.036443, 0.0], [5.080699, 8.849333, 69.0], [5.6426077, 8.708759, 86.0], [6.3888087, 8.616087, 103.0], [7.0423307, 8.428255, 119.0], [7.8386207, 8.241136, 135.0], [8.7145195, 8.010153, 152.0], [9.694167, 7.7300067, 169.0], [10.725375, 7.5898356, 185.0], [11.804509, 7.401658, 202.0], [12.766416, 7.2646914, 218.0], [13.799969, 7.076604, 235.0], [14.681958, 6.9844356, 251.0], [15.568192, 6.8910837, 268.0], [16.309717, 6.8450265, 284.0], [17.098963, 6.7985806, 301.0], [17.854084, 6.7986274, 318.0], [18.594994, 6.845622, 334.0], [19.294651, 6.845248, 351.0], [19.904089, 7.03499, 367.0], [20.456345, 7.3602796, 384.0], [20.925602, 7.831431, 400.0], [21.199537, 8.386817, 417.0], [21.385233, 9.13318, 433.0], [21.431099, 9.971605, 450.0], [21.290722, 10.857579, 466.0], [20.960423, 11.658487, 483.0], [20.44896, 12.539282, 499.0], [19.797018, 13.329613, 516.0], [18.857153, 14.222225, 533.0], [17.792498, 15.100916, 549.0], [16.62305, 15.99001, 566.0], [15.509349, 16.77895, 582.0], [14.483927, 17.478458, 599.0], [13.454608, 18.180748, 615.0], [12.575223, 18.923336, 632.0], [11.589529, 19.580246, 648.0], [10.800041, 20.27974, 666.0], [10.102132, 20.979145, 682.0], [9.4923315, 21.589363, 698.0], [8.938246, 22.143831, 714.0], [8.475429, 22.606966, 731.0], [8.148195, 23.123707, 748.0], [7.8252416, 23.537823, 764.0], [7.5466037, 23.862919, 781.0], [7.2174873, 24.144958, 798.0], [6.937382, 24.4258, 814.0], [6.6590557, 24.61002, 830.0], [6.38104, 24.84156, 863.0], [6.1493883, 24.887629, 930.0], [6.5255013, 23.949886, 979.0], [7.781127, 22.975706, 1012.0], [8.342502, 22.788654, 1029.0], [8.949686, 22.648754, 1046.0], [10.061415, 22.603193, 1078.0], [10.633036, 22.698227, 1095.0], [11.230913, 22.83698, 1112.0], [11.792334, 23.071619, 1128.0], [12.258277, 23.305199, 1145.0], [12.627445, 23.489908, 1161.0], [12.953493, 23.582737, 1178.0], [13.280714, 23.629267, 1194.0], [13.514287, 23.676176, 1211.0], [13.793609, 23.628317, 1227.0]"}