{"Image number":36756,"Image shape":5,"Path":"[19.707155, 5.7263412, 0.0], [18.999842, 5.914785, 53.0], [18.059963, 6.1500793, 70.0], [16.856905, 6.521463, 86.0], [15.782796, 6.8485627, 103.0], [14.717329, 7.032569, 119.0], [13.82971, 7.125737, 136.0], [13.0853815, 7.124975, 152.0], [12.529882, 7.124975, 169.0], [12.063498, 7.21883, 185.0], [11.689133, 7.359848, 202.0], [11.50678, 7.592072, 218.0], [11.366777, 7.8728027, 235.0], [11.08794, 9.224033, 268.0], [10.853, 10.164318, 285.0], [10.575349, 11.135645, 301.0], [10.340028, 12.077759, 318.0], [10.156113, 12.954012, 334.0], [10.062239, 13.659361, 351.0], [10.016487, 14.119667, 367.0], [9.9698925, 14.398814, 384.0], [10.299458, 14.256037, 434.0], [10.815502, 13.974543, 450.0], [11.468982, 13.647891, 467.0], [12.360453, 13.13078, 483.0], [13.233385, 12.6717825, 500.0], [14.179502, 12.245897, 516.0], [15.0117655, 12.064569, 533.0], [15.756444, 12.01961, 549.0], [16.412043, 12.067725, 566.0], [17.010792, 12.58456, 583.0], [17.477262, 13.38306, 599.0], [17.896082, 14.506859, 616.0], [18.175018, 15.631243, 632.0], [18.311426, 16.64994, 649.0], [18.357061, 17.77829, 665.0], [18.308498, 18.80197, 682.0], [18.120012, 19.917868, 698.0], [17.934301, 20.654995, 715.0], [17.608696, 21.301708, 731.0], [17.047651, 21.814238, 748.0], [16.206318, 22.186563, 764.0], [15.092891, 22.32371, 781.0], [14.0627, 22.323467, 798.0], [13.0366, 22.088467, 814.0], [12.187027, 21.613424, 831.0]"}