{"Image number":36026,"Image shape":5,"Path":"[20.638933, 6.006069, 0.0], [19.933842, 6.2408834, 53.0], [19.091251, 6.4279375, 69.0], [18.163628, 6.5664363, 86.0], [17.278406, 6.612465, 102.0], [16.487034, 6.6590877, 119.0], [15.744913, 6.6587644, 135.0], [15.139587, 6.705528, 152.0], [14.625996, 6.658495, 168.0], [14.162872, 6.705404, 185.0], [13.696852, 6.752038, 201.0], [12.858335, 7.591448, 235.0], [12.391516, 8.432464, 251.0], [11.926307, 9.410424, 268.0], [11.503713, 10.63247, 284.0], [11.226235, 12.02879, 301.0], [10.993719, 13.239052, 317.0], [10.854304, 14.217949, 334.0], [10.761849, 14.772125, 350.0], [10.809091, 15.006143, 367.0], [11.512738, 14.815551, 400.0], [12.211111, 14.441939, 416.0], [13.1444435, 14.115924, 433.0], [14.031393, 13.9299555, 450.0], [15.015128, 13.837136, 466.0], [15.804594, 13.83842, 483.0], [16.6432, 13.83842, 499.0], [17.19876, 14.121857, 516.0], [17.71145, 14.685922, 532.0], [17.987474, 15.529134, 549.0], [18.124844, 16.36627, 565.0], [18.217552, 17.300867, 582.0], [18.121935, 18.185516, 598.0], [17.935223, 19.16137, 615.0], [17.370836, 20.04991, 632.0], [15.644535, 21.58435, 665.0], [14.522938, 22.28487, 681.0], [13.3146715, 22.840818, 698.0], [12.203587, 23.256916, 714.0], [11.129291, 23.490189, 731.0], [10.200887, 23.636553, 747.0], [9.660532, 23.62886, 764.0]"}