{"Image number":30605,"Image shape":0,"Path":"[21.00971, 5.974226, 0.0], [20.732801, 5.935367, 90.0], [20.471157, 5.935367, 108.0], [20.155735, 5.935367, 126.0], [19.744806, 6.0194263, 144.0], [18.916653, 6.2676706, 161.0], [18.094276, 6.6556563, 179.0], [17.514076, 6.931422, 197.0], [17.052221, 7.221109, 215.0], [16.720774, 7.4300256, 233.0], [16.399412, 7.7048445, 250.0], [16.067406, 8.07714, 268.0], [15.702305, 8.39118, 286.0], [15.376609, 8.641142, 304.0], [15.049054, 8.985253, 321.0], [14.737864, 9.238342, 339.0], [14.481171, 9.553481, 357.0], [14.185648, 9.851359, 374.0], [13.8831, 10.263929, 392.0], [13.5201645, 10.721382, 410.0], [13.09374, 11.174904, 428.0], [12.722987, 11.533317, 446.0], [12.399171, 11.869896, 463.0], [12.148973, 12.120246, 481.0], [11.916174, 12.409104, 499.0], [11.719394, 12.737269, 517.0], [11.567266, 13.018725, 534.0], [11.468238, 13.309608, 552.0], [11.342099, 13.643047, 570.0], [11.136116, 14.007647, 588.0], [10.967617, 14.296471, 605.0], [10.837657, 14.6134815, 623.0], [10.706102, 14.903709, 641.0], [10.537088, 15.190495, 659.0], [10.327027, 15.499173, 676.0], [10.065356, 15.845124, 694.0], [9.877183, 16.176537, 712.0], [9.68932, 16.485458, 730.0], [9.523436, 16.78801, 747.0], [9.368315, 17.072603, 765.0], [9.233913, 17.299679, 783.0], [9.053127, 17.560905, 801.0], [8.972071, 17.862541, 818.0], [8.803329, 18.16137, 836.0], [8.620845, 18.474579, 854.0], [8.503153, 18.76294, 872.0], [8.372966, 19.010887, 889.0], [8.295591, 19.231422, 907.0], [8.230393, 19.507465, 925.0], [8.233009, 19.759237, 943.0], [8.233009, 20.03404, 960.0], [8.35853, 20.331066, 978.0], [8.427185, 20.628536, 996.0], [8.542087, 20.95018, 1014.0], [8.717263, 21.237177, 1032.0], [8.983873, 21.485323, 1049.0], [9.184466, 21.692503, 1067.0], [9.639496, 21.937748, 1085.0], [9.994349, 22.129341, 1103.0], [10.319276, 22.337107, 1120.0], [10.596942, 22.46717, 1138.0], [10.936775, 22.602737, 1156.0], [11.285522, 22.691193, 1174.0], [11.675652, 22.771784, 1191.0], [12.069562, 22.837477, 1209.0], [12.433485, 22.887981, 1227.0], [12.764561, 22.916546, 1245.0], [13.131167, 22.916546, 1262.0], [13.634656, 22.789356, 1280.0], [14.128663, 22.652163, 1298.0], [14.660427, 22.44041, 1316.0], [15.046637, 22.189539, 1333.0], [15.379961, 21.92071, 1351.0], [15.7071705, 21.61278, 1369.0], [16.105648, 21.248203, 1387.0], [16.49629, 20.86561, 1405.0], [16.852228, 20.515575, 1422.0], [17.168434, 20.224823, 1440.0], [17.495148, 19.905008, 1458.0], [17.7377, 19.570103, 1476.0], [17.989109, 19.270473, 1493.0], [18.28001, 18.964233, 1511.0], [18.55947, 18.589283, 1529.0], [18.896564, 18.203922, 1547.0], [19.230444, 17.815357, 1565.0], [19.597935, 17.362833, 1582.0], [19.910414, 16.910168, 1600.0], [20.174538, 16.514935, 1618.0], [20.384922, 16.123165, 1635.0], [20.54271, 15.807071, 1653.0], [20.672241, 15.5227165, 1671.0], [20.804512, 15.191847, 1689.0], [21.014133, 14.707074, 1706.0], [21.233974, 14.310603, 1724.0], [21.336073, 13.923796, 1742.0], [21.481968, 13.652609, 1760.0], [21.611904, 13.395699, 1778.0], [21.741604, 13.136137, 1795.0], [21.91175, 12.877781, 1813.0], [22.043013, 12.603052, 1831.0], [22.173353, 12.34984, 1849.0], [22.26612, 12.093322, 1866.0], [22.362576, 11.822084, 1884.0], [22.427994, 11.5479965, 1902.0], [22.540087, 11.258284, 1920.0], [22.597258, 10.966873, 1937.0], [22.623676, 10.749191, 1955.0], [22.640778, 10.570025, 1973.0], [22.676785, 10.334872, 1991.0], [22.679611, 10.154576, 2008.0], [22.679611, 9.943276, 2026.0], [22.716978, 9.709053, 2044.0], [22.718447, 9.434992, 2062.0], [22.718447, 9.134519, 2079.0], [22.718447, 8.848627, 2097.0], [22.65271, 8.559732, 2115.0], [22.53375, 8.178749, 2133.0], [22.402817, 7.9047694, 2151.0], [22.16884, 7.572484, 2168.0], [21.972178, 7.255491, 2186.0], [21.773743, 7.006508, 2204.0], [21.617163, 6.815198, 2222.0], [21.48082, 6.623031, 2239.0], [21.308594, 6.4616814, 2257.0], [21.147861, 6.338395, 2275.0], [20.951462, 6.207378, 2293.0], [20.608322, 6.0234094, 2328.0]"}