{"Image number":37595,"Image shape":8,"Path":"[17.331114, 7.404701, 0.0], [17.05158, 7.404701, 52.0], [16.297016, 7.3575096, 69.0], [15.136087, 7.264411, 85.0], [13.737032, 7.264838, 102.0], [12.717578, 7.591578, 119.0], [12.019499, 8.1043625, 137.0], [11.599964, 8.851203, 153.0], [11.274239, 9.503262, 168.0], [11.039075, 10.256665, 185.0], [10.946697, 11.150762, 201.0], [11.041998, 11.977177, 218.0], [11.277371, 12.728572, 234.0], [11.648441, 13.280747, 251.0], [12.074217, 13.801169, 267.0], [12.680119, 14.405784, 284.0], [13.426031, 14.869335, 301.0], [14.315866, 15.337164, 317.0], [15.061918, 15.662628, 334.0], [15.89782, 16.08172, 352.0], [16.63648, 16.498188, 367.0], [17.286188, 17.056704, 383.0], [17.845957, 17.710733, 400.0], [18.265606, 18.411812, 416.0], [18.54378, 19.156832, 433.0], [18.683605, 20.000877, 449.0], [18.682196, 20.834301, 466.0], [18.58757, 21.589108, 483.0], [18.261106, 22.186924, 499.0], [17.744291, 22.844099, 516.0], [17.14047, 23.352762, 532.0], [16.339615, 23.775677, 549.0], [15.369726, 24.04978, 565.0], [14.288858, 24.190134, 582.0], [13.178738, 24.141443, 598.0], [12.243017, 23.90611, 615.0], [11.273534, 23.441893, 631.0], [9.77471, 22.17514, 665.0], [9.173767, 21.338507, 681.0], [8.705389, 20.161993, 698.0], [8.570873, 18.859444, 714.0], [8.712574, 17.610876, 731.0], [9.042031, 16.718712, 747.0], [9.601931, 16.117876, 764.0], [10.302015, 15.699755, 780.0], [11.094268, 15.280453, 797.0], [11.983982, 15.047777, 813.0], [12.963755, 14.908991, 830.0], [13.892042, 14.769564, 847.0], [15.612938, 14.162123, 880.0], [16.36172, 13.692943, 896.0], [16.963087, 13.134774, 913.0], [18.035322, 11.732646, 946.0], [18.406528, 10.986791, 962.0], [18.589521, 10.293322, 979.0], [18.635958, 9.590641, 995.0], [18.447617, 8.890453, 1012.0], [18.028645, 8.288617, 1029.0], [17.369883, 7.7243414, 1045.0], [16.53001, 7.2597837, 1062.0], [15.688766, 6.88665, 1078.0], [14.796823, 6.7490854, 1095.0], [14.00959, 6.799433, 1111.0]"}