{"Image number":35088,"Image shape":8,"Path":"[8.99168, 5.5864778, 0.0], [8.617374, 6.2883863, 51.0], [8.194182, 7.324878, 67.0], [7.727937, 8.633215, 84.0], [7.5926924, 9.887486, 101.0], [7.640799, 11.046156, 117.0], [7.8289824, 12.077979, 134.0], [8.300367, 12.872171, 150.0], [8.999434, 13.377897, 167.0], [9.885061, 13.654523, 183.0], [10.859785, 13.792448, 200.0], [11.985855, 13.791799, 216.0], [13.190499, 13.69811, 233.0], [14.403659, 13.651641, 249.0], [16.646097, 13.605915, 283.0], [17.624146, 13.747107, 299.0], [18.498627, 13.932249, 316.0], [19.343403, 14.2614975, 332.0], [19.991648, 14.633815, 349.0], [20.501328, 15.192789, 365.0], [20.827332, 15.800303, 382.0], [20.965727, 16.546017, 398.0], [21.059519, 17.25139, 415.0], [20.777718, 18.690716, 448.0], [20.450607, 19.43746, 465.0], [19.89002, 20.183552, 481.0], [19.19281, 20.926825, 498.0], [18.252968, 21.678717, 514.0], [17.317862, 22.285463, 531.0], [16.20077, 22.748146, 547.0], [15.135469, 22.977457, 564.0], [14.015323, 23.023115, 580.0], [12.944001, 23.022781, 597.0], [12.015281, 22.788506, 613.0], [11.129778, 22.414604, 630.0], [10.430244, 21.805695, 646.0], [9.828002, 21.108686, 663.0], [9.407651, 20.1245, 680.0], [9.270238, 18.911654, 696.0], [9.224501, 17.751463, 713.0], [9.318006, 16.679993, 729.0], [9.504256, 15.796049, 746.0], [9.97478, 14.948807, 762.0], [10.532842, 14.347214, 779.0], [11.276445, 13.88385, 795.0], [12.021601, 13.511254, 812.0], [12.868747, 13.134577, 828.0], [13.796408, 12.763707, 845.0], [14.636792, 12.5308485, 862.0], [15.619681, 12.202558, 878.0], [16.403225, 11.925579, 895.0], [17.24363, 11.504514, 911.0], [17.897034, 11.036254, 928.0], [18.357212, 10.527066, 944.0], [18.636238, 10.061054, 961.0], [18.729124, 9.640996, 977.0], [18.728785, 9.129544, 994.0], [18.728785, 8.615587, 1011.0], [18.635162, 8.054729, 1027.0], [18.398552, 7.488076, 1044.0], [17.979403, 6.9332085, 1060.0], [17.517248, 6.3787713, 1077.0], [16.909721, 5.817651, 1093.0], [16.164078, 5.351928, 1110.0], [15.327236, 4.980159, 1126.0], [14.298289, 4.8399205, 1143.0], [13.179951, 4.793721, 1159.0], [11.968451, 4.793919, 1176.0], [10.739346, 4.983901, 1192.0], [9.72378, 5.3109937, 1209.0], [8.661629, 5.8937783, 1225.0], [8.078082, 6.354283, 1242.0]"}