{"Image number":35949,"Image shape":3,"Path":"[14.4425955, 6.379038, 0.0], [15.245157, 6.2850924, 53.0], [16.217209, 6.2857957, 70.0], [17.393993, 6.616708, 86.0], [18.127644, 7.081179, 103.0], [18.542713, 7.684841, 119.0], [18.635927, 8.386154, 136.0], [17.699265, 9.927788, 169.0], [16.762804, 10.675582, 186.0], [15.9233055, 11.328769, 202.0], [15.3209915, 11.792318, 219.0], [15.045403, 12.022572, 235.0], [15.189979, 12.395125, 268.0], [15.611724, 12.817161, 285.0], [16.264536, 13.470425, 301.0], [16.873632, 14.269013, 318.0], [17.38322, 15.059101, 334.0], [17.658493, 16.03401, 351.0], [17.798265, 17.017494, 368.0], [17.609924, 18.085114, 384.0], [17.142014, 19.065756, 401.0], [16.257446, 20.134842, 417.0], [15.140551, 21.018774, 434.0], [13.788888, 21.904835, 450.0], [12.480695, 22.559155, 467.0], [11.224138, 23.024195, 483.0], [10.148821, 23.268213, 500.0], [9.567391, 23.40267, 516.0]"}