{"Image number":39069,"Image shape":7,"Path":"[8.618968, 9.222927, 0.0], [9.271757, 9.316224, 69.0], [10.0793085, 9.363737, 86.0], [11.053483, 9.409979, 102.0], [13.301329, 9.645226, 135.0], [14.544489, 9.736406, 152.0], [17.206387, 9.68862, 185.0], [18.410175, 9.454587, 201.0], [19.385046, 9.128345, 218.0], [20.081963, 8.755595, 234.0], [20.500938, 8.569443, 251.0], [20.12179, 8.759631, 319.0], [19.51901, 9.224304, 334.0], [18.774036, 10.016909, 350.0], [18.026184, 11.140046, 367.0], [16.295605, 14.467957, 400.0], [15.506178, 16.422276, 416.0], [14.811133, 18.278568, 433.0], [14.208294, 20.089724, 449.0], [13.646009, 21.777739, 466.0], [13.135372, 23.26384, 483.0], [12.620354, 24.527603, 499.0], [12.199787, 25.461615, 516.0], [11.86311, 26.08492, 532.0], [11.635468, 26.29806, 549.0]"}