{"Image number":39553,"Image shape":3,"Path":"[11.507487, 8.10402, 0.0], [12.023302, 7.9168677, 52.0], [12.820196, 7.7762213, 68.0], [13.843704, 7.683815, 85.0], [15.903328, 7.6385574, 118.0], [16.833033, 7.7324915, 134.0], [17.570705, 7.9662337, 151.0], [18.035646, 8.247304, 167.0], [18.265139, 8.667516, 184.0], [18.356464, 9.272098, 200.0], [18.214542, 10.0721035, 217.0], [17.98158, 10.954674, 233.0], [17.700596, 11.749628, 250.0], [17.232811, 12.400345, 266.0], [16.678247, 12.906567, 283.0], [16.022776, 13.187374, 300.0], [15.279862, 13.325837, 316.0], [14.53013, 13.3725605, 333.0], [13.551529, 13.372208, 349.0], [12.807851, 13.372208, 366.0], [12.110931, 13.3254385, 382.0], [11.554521, 13.278965, 415.0], [12.443843, 13.606841, 482.0], [13.199359, 13.938084, 498.0], [13.988194, 14.262743, 515.0], [14.772583, 14.58595, 531.0], [15.37812, 14.9127245, 548.0], [15.938633, 15.334189, 564.0], [16.354723, 15.751865, 581.0], [16.776522, 16.31531, 597.0], [17.148458, 16.874346, 614.0], [17.285322, 17.618977, 631.0], [17.19018, 18.881096, 664.0], [16.956015, 19.391588, 680.0], [16.627869, 19.858849, 697.0], [16.301329, 20.231037, 713.0], [16.071482, 20.601252, 730.0], [15.83739, 20.92886, 746.0], [15.65225, 21.301123, 763.0], [15.325293, 21.673626, 779.0], [14.999731, 22.04595, 796.0], [14.575581, 22.32799, 813.0], [14.297562, 22.56096, 829.0], [13.692356, 22.932293, 862.0], [13.27038, 23.11936, 879.0], [12.759207, 23.25758, 895.0], [12.252127, 23.302582, 912.0], [11.6418, 23.255472, 928.0], [10.994699, 23.069315, 945.0], [10.340406, 22.835455, 961.0], [9.686626, 22.461105, 978.0], [9.084362, 22.043396, 995.0], [8.570873, 21.482643, 1011.0], [8.246256, 21.018076, 1039.0]"}