{"Image number":37223,"Image shape":3,"Path":"[7.9201326, 6.7520065, 0.0], [8.153078, 6.705385, 52.0], [8.900781, 6.6118584, 69.0], [10.069052, 6.4715805, 85.0], [11.3856735, 6.330491, 102.0], [12.580694, 6.2857313, 118.0], [13.674061, 6.333438, 135.0], [14.68057, 6.426116, 152.0], [15.378567, 6.707063, 168.0], [15.894207, 7.178284, 185.0], [16.121609, 7.6884117, 201.0], [16.214277, 8.157144, 218.0], [16.212978, 8.671095, 234.0], [16.024656, 9.228828, 251.0], [15.602692, 9.929963, 267.0], [14.949778, 10.580241, 284.0], [14.017387, 11.372523, 300.0], [13.137423, 12.067354, 317.0], [12.194876, 12.680338, 333.0], [11.403039, 13.193021, 350.0], [10.801472, 13.563115, 367.0], [10.480179, 13.840435, 383.0], [10.672066, 14.0254345, 433.0], [11.277811, 14.024904, 449.0], [12.167451, 13.836794, 466.0], [13.18571, 13.511747, 482.0], [14.316424, 12.993003, 499.0], [15.284327, 12.671847, 516.0], [16.27433, 12.436268, 532.0], [16.966106, 12.48692, 549.0], [17.569038, 12.627419, 565.0], [17.985764, 12.9076, 582.0], [18.310411, 13.326778, 598.0], [18.686165, 13.891, 615.0], [18.964289, 14.449615, 631.0], [19.1017, 15.051448, 648.0], [19.148375, 15.61347, 664.0], [19.148087, 16.316774, 681.0], [19.101135, 17.061058, 698.0], [19.054825, 17.80253, 714.0], [18.914238, 18.551962, 730.0], [18.72628, 19.30312, 747.0], [18.446764, 19.951591, 764.0], [18.118376, 20.560698, 780.0], [17.93388, 21.025307, 797.0], [17.65495, 21.394094, 813.0], [17.233978, 21.814592, 830.0], [16.623333, 22.141804, 846.0], [15.503955, 22.653212, 879.0], [14.853584, 22.838673, 896.0], [14.208398, 22.92972, 913.0], [13.595901, 23.024027, 929.0], [12.939128, 23.070307, 946.0], [12.345844, 23.069403, 962.0], [11.730423, 23.069403, 979.0], [11.083339, 22.97547, 995.0], [10.524235, 22.788048, 1012.0], [9.967661, 22.508755, 1028.0], [9.406112, 22.227785, 1045.0], [8.896942, 21.949646, 1061.0], [8.478675, 21.483704, 1078.0], [8.292085, 20.969364, 1095.0], [8.104477, 20.358837, 1111.0]"}