{"Image number":10177,"Image shape":4,"Path":"[17.033333, 5.4444447, 0.0], [16.765266, 5.5579934, 53.0], [16.434732, 5.778697, 69.0], [15.709846, 6.466465, 86.0], [14.474741, 7.781993, 103.0], [12.975403, 9.500266, 120.0], [11.813025, 11.036776, 136.0], [10.688961, 12.635612, 153.0], [9.898237, 13.687536, 170.0], [9.443976, 14.399215, 186.0], [9.289414, 14.763589, 203.0], [9.3527775, 14.952777, 253.0], [9.822985, 14.933334, 270.0], [10.663841, 14.933334, 287.0], [11.895431, 14.713724, 303.0], [13.160222, 14.502926, 320.0], [14.255378, 14.394462, 337.0], [15.01155, 14.31706, 353.0], [15.66648, 14.311111, 370.0], [16.05044, 14.2561245, 387.0], [16.353481, 14.198193, 403.0], [16.77013, 13.990983, 437.0], [17.089087, 13.463526, 454.0], [17.357918, 13.094471, 470.0], [17.664017, 12.466412, 487.0], [17.912777, 12.056225, 504.0], [18.472221, 11.277779, 520.0], [18.917397, 10.949271, 537.0], [19.248257, 10.618411, 554.0], [19.607107, 10.418669, 570.0], [19.808317, 10.296308, 587.0], [19.171307, 10.588966, 637.0], [18.258333, 11.355556, 654.0], [16.877775, 12.752317, 670.0], [15.574664, 14.218496, 687.0], [14.596779, 15.550298, 704.0], [13.878592, 16.71828, 721.0], [13.222221, 17.752777, 737.0], [12.815851, 18.577429, 754.0], [12.354225, 19.419031, 771.0], [11.876471, 20.05719, 788.0], [11.591481, 20.489908, 804.0], [11.213892, 21.030155, 821.0], [10.939934, 21.481243, 837.0], [10.664287, 21.987617, 854.0], [10.316003, 22.528027, 871.0], [10.013889, 22.827778, 888.0]"}