{"Image number":37929,"Image shape":5,"Path":"[22.455906, 6.938491, 0.0], [21.616116, 7.592122, 69.0], [20.529373, 8.301196, 86.0], [19.078278, 9.001065, 102.0], [17.495893, 9.651408, 119.0], [15.768029, 10.399553, 135.0], [14.050593, 11.095598, 152.0], [12.843443, 11.654211, 168.0], [12.201418, 12.023, 185.0], [12.06655, 12.253308, 201.0], [11.880199, 12.440318, 284.0], [12.208059, 13.236108, 334.0], [12.488543, 13.938382, 350.0], [12.860327, 14.681117, 367.0], [13.139682, 15.287099, 383.0], [13.374731, 15.851972, 400.0], [13.60661, 16.220285, 416.0], [13.792411, 16.498919, 433.0], [14.023329, 16.682337, 450.0], [14.680347, 17.104305, 483.0], [14.91258, 17.291664, 499.0], [15.143686, 17.523748, 516.0], [15.28381, 17.90143, 532.0], [15.3752, 18.458862, 549.0], [15.327645, 19.108574, 565.0], [15.186333, 19.908728, 582.0], [14.8120365, 20.651653, 598.0], [14.390231, 21.495844, 615.0], [13.831133, 22.190866, 631.0], [13.415577, 22.792652, 648.0], [12.902248, 23.164764, 665.0], [12.484333, 23.3966, 681.0], [11.9704, 23.818323, 714.0], [11.690164, 23.957047, 731.0], [11.271939, 23.955208, 747.0], [10.849764, 23.907978, 764.0], [10.478501, 23.814335, 781.0], [10.156311, 23.442215, 813.0], [9.598251, 22.278675, 846.0], [9.30231, 21.440357, 863.0], [9.170694, 20.993584, 880.0]"}