{"Image number":15124,"Image shape":9,"Path":"[17.9375, 12.233796, 0.0], [17.005444, 13.13324, 99.0], [16.434818, 13.865608, 116.0], [15.843747, 14.483798, 133.0], [15.229526, 15.078384, 149.0], [14.639517, 15.531807, 166.0], [13.894875, 15.958129, 183.0], [13.165756, 16.35978, 200.0], [12.449432, 16.685598, 217.0], [11.744942, 16.829453, 232.0], [11.147728, 16.851852, 249.0], [10.662808, 16.72921, 266.0], [10.156437, 16.391907, 283.0], [9.691585, 15.84688, 299.0], [9.303307, 15.163805, 316.0], [9.003218, 14.3079815, 332.0], [8.811919, 13.678169, 349.0], [8.650043, 13.126345, 365.0], [8.613281, 12.64009, 382.0], [8.694764, 12.114706, 399.0], [8.915167, 11.579334, 416.0], [9.40248, 10.955867, 432.0], [9.998115, 10.491633, 449.0], [10.765484, 10.097939, 466.0], [11.690044, 9.83743, 483.0], [12.666756, 9.693133, 500.0], [13.583644, 9.657408, 516.0], [14.49836, 9.657408, 533.0], [15.285156, 9.657408, 550.0], [15.967647, 9.831434, 566.0], [16.648222, 9.98723, 583.0], [17.154573, 10.091063, 599.0], [17.559671, 10.242217, 616.0], [17.848623, 10.404794, 633.0], [18.048006, 10.566156, 650.0], [18.176004, 10.876752, 666.0], [18.2773, 11.3653555, 682.0], [18.320312, 11.922446, 699.0], [18.320312, 12.399652, 716.0], [18.339075, 12.901944, 733.0], [18.397068, 13.402172, 749.0], [18.428505, 14.11492, 766.0], [18.48464, 14.813018, 782.0], [18.575134, 15.650038, 799.0], [18.629421, 16.484192, 816.0], [18.713905, 17.180452, 832.0], [18.771338, 17.967813, 849.0], [18.80048, 18.668083, 866.0], [18.85548, 19.358955, 883.0], [18.867188, 20.259275, 899.0], [18.867188, 21.105223, 916.0], [18.867188, 22.05989, 933.0], [18.8125, 22.947306, 949.0], [18.785156, 23.877047, 966.0], [18.785156, 24.640572, 983.0]"}