{"Image number":39035,"Image shape":8,"Path":"[20.266222, 7.4979453, 0.0], [20.033278, 7.544566, 51.0], [19.41695, 7.639452, 68.0], [18.437603, 7.6849847, 85.0], [17.277792, 7.68443, 101.0], [15.970926, 7.6374826, 118.0], [14.706688, 7.5906153, 134.0], [13.412146, 7.5443697, 151.0], [12.238792, 7.544566, 167.0], [11.162256, 7.544566, 184.0], [10.427154, 7.6389084, 200.0], [9.967141, 7.825456, 217.0], [9.63909, 8.060855, 233.0], [9.224648, 8.803279, 267.0], [9.177579, 9.46245, 283.0], [9.319139, 10.397363, 300.0], [9.645976, 11.420568, 316.0], [10.115698, 12.783199, 333.0], [10.817186, 14.087469, 349.0], [11.609416, 15.4384775, 366.0], [12.535276, 16.732897, 382.0], [13.467922, 17.945889, 399.0], [14.413075, 19.22291, 415.0], [15.146982, 20.327091, 432.0], [15.66095, 21.405775, 449.0], [15.938945, 22.294277, 465.0], [15.980455, 23.12365, 482.0], [15.885609, 23.824697, 498.0], [15.603094, 24.430584, 515.0], [15.134657, 24.79981, 531.0], [13.826254, 24.980202, 564.0], [13.034785, 24.555908, 581.0], [12.299416, 23.815258, 597.0], [11.641007, 22.63865, 614.0], [11.366343, 21.244286, 630.0], [11.2743225, 19.522121, 647.0], [11.415178, 17.743584, 664.0], [11.8838625, 16.15701, 680.0], [12.720688, 14.814421, 697.0], [13.88809, 13.600565, 716.0], [15.234697, 12.532956, 730.0], [16.642292, 11.687834, 746.0], [17.892883, 11.086472, 763.0], [18.925713, 10.522549, 779.0], [19.667894, 10.010443, 796.0], [20.408125, 9.219934, 829.0], [20.311045, 8.658757, 862.0], [19.936317, 8.145438, 879.0], [19.379631, 7.543048, 895.0], [18.680096, 7.1704755, 912.0], [17.982664, 6.9382586, 928.0], [17.184082, 6.8914423, 945.0], [15.226154, 7.360388, 978.0]"}