{"Image number":38218,"Image shape":3,"Path":"[13.790349, 6.145932, 0.0], [14.2121525, 5.9118867, 53.0], [15.517266, 5.492317, 86.0], [16.215973, 5.305952, 102.0], [17.802525, 5.025989, 135.0], [18.406128, 4.980137, 152.0], [18.824936, 4.9804034, 169.0], [19.102472, 5.2611055, 185.0], [19.2422, 5.8233356, 202.0], [19.194263, 6.6661716, 218.0], [19.007238, 7.784156, 235.0], [18.488008, 8.961011, 251.0], [17.737068, 9.939775, 268.0], [16.806215, 10.819852, 284.0], [15.693541, 11.464805, 301.0], [14.573938, 11.977439, 317.0], [13.365314, 12.301467, 334.0], [12.428385, 12.535751, 350.0], [11.455285, 12.626805, 367.0], [10.849292, 12.57919, 384.0], [10.383859, 12.532478, 400.0], [10.438983, 12.203635, 450.0], [10.905109, 12.065833, 466.0], [11.709911, 11.876549, 483.0], [12.728354, 11.739164, 499.0], [13.797232, 11.599706, 516.0], [14.921018, 11.55346, 533.0], [16.030106, 11.60075, 549.0], [17.101662, 11.647378, 566.0], [18.03504, 11.787853, 582.0], [18.730791, 11.927355, 599.0], [19.382372, 12.207253, 615.0], [20.410969, 12.957101, 648.0], [20.593113, 13.373937, 665.0], [20.825768, 14.213777, 698.0], [20.87223, 14.869003, 714.0], [20.63816, 16.78123, 747.0], [20.216928, 17.85476, 764.0], [18.955929, 19.626904, 797.0], [18.259027, 20.416386, 814.0], [17.654108, 21.161795, 830.0], [17.09357, 21.863008, 847.0], [16.58141, 22.421383, 863.0], [16.02007, 22.93555, 880.0], [15.416608, 23.305195, 896.0], [14.669014, 23.490627, 913.0], [13.785809, 23.488995, 930.0], [12.657166, 23.488995, 946.0], [11.49893, 23.301142, 963.0], [10.375583, 23.066532, 979.0], [9.358122, 22.647247, 996.0], [8.508991, 22.221819, 1012.0], [7.631755, 21.712267, 1029.0], [7.0300584, 21.200424, 1045.0]"}