{"Image number":15015,"Image shape":0,"Path":"[18.566406, 9.608796, 0.0], [19.195312, 10.19213, 83.0], [19.59355, 10.594728, 100.0], [19.977367, 10.984511, 116.0], [20.171736, 11.275276, 132.0], [20.316048, 11.576591, 149.0], [20.414484, 11.881882, 166.0], [20.480469, 12.225375, 184.0], [20.529648, 12.496077, 199.0], [20.588913, 12.765211, 216.0], [20.61716, 13.0600395, 232.0], [20.617188, 13.414519, 249.0], [20.617188, 13.825292, 266.0], [20.617188, 14.160002, 283.0], [20.52436, 14.508289, 299.0], [20.469421, 14.771878, 316.0], [20.396042, 15.057497, 333.0], [20.307762, 15.29504, 349.0], [20.193047, 15.600951, 366.0], [20.078592, 15.906163, 383.0], [19.967497, 16.159637, 399.0], [19.850464, 16.46589, 416.0], [19.703, 16.671446, 433.0], [19.588493, 16.866941, 449.0], [19.437986, 17.082754, 466.0], [19.291676, 17.288567, 483.0], [19.126953, 17.41088, 500.0], [18.938038, 17.590958, 516.0], [18.699333, 17.787882, 533.0], [18.416029, 18.023367, 549.0], [18.115316, 18.297958, 567.0], [17.826483, 18.505798, 583.0], [17.568642, 18.759588, 599.0], [17.277115, 18.964514, 616.0], [17.016787, 19.16908, 633.0], [16.730282, 19.303307, 650.0], [16.447266, 19.452547, 667.0], [16.18413, 19.625679, 683.0], [15.912412, 19.794292, 699.0], [15.682691, 19.93305, 716.0], [15.455629, 20.078794, 733.0], [15.207651, 20.299217, 749.0], [15.002337, 20.454632, 766.0], [14.80697, 20.659332, 783.0], [14.597791, 20.826231, 800.0], [14.408583, 20.920845, 816.0], [14.233091, 21.056318, 833.0], [14.061432, 21.15804, 850.0], [13.901445, 21.252848, 866.0], [13.716539, 21.362421, 883.0], [13.560639, 21.406195, 900.0], [13.342891, 21.519028, 916.0], [13.171269, 21.572117, 933.0], [12.943079, 21.61574, 950.0], [12.668766, 21.729347, 966.0], [12.406883, 21.779903, 983.0], [12.128613, 21.833899, 999.0], [11.830269, 21.858797, 1016.0], [11.497248, 21.907408, 1033.0], [11.210756, 21.907408, 1050.0], [10.951873, 21.907408, 1067.0], [10.72146, 21.907408, 1083.0], [10.475007, 21.907408, 1100.0], [10.205711, 21.791653, 1116.0], [9.951861, 21.700249, 1133.0], [9.695566, 21.598494, 1150.0], [9.472997, 21.45096, 1168.0], [9.276606, 21.281752, 1184.0], [9.08865, 21.051117, 1200.0], [8.959667, 20.789438, 1216.0], [8.81502, 20.485811, 1233.0], [8.723391, 20.114017, 1250.0], [8.63986, 19.714466, 1267.0], [8.613281, 19.260025, 1284.0], [8.613281, 18.734415, 1301.0], [8.676463, 18.155869, 1318.0], [8.773329, 17.574556, 1335.0], [8.891968, 17.027634, 1352.0], [9.06163, 16.42439, 1367.0], [9.206227, 15.959544, 1383.0], [9.391211, 15.438082, 1400.0], [9.585891, 14.890169, 1417.0], [9.836538, 14.293413, 1434.0], [10.169984, 13.646879, 1451.0], [10.481197, 13.152855, 1467.0], [10.870363, 12.582939, 1484.0], [11.297867, 12.126335, 1502.0], [11.856835, 11.496227, 1517.0], [12.5948105, 10.859432, 1533.0], [13.204823, 10.275766, 1549.0], [13.787997, 9.683151, 1566.0], [14.271219, 9.173268, 1583.0], [14.74866, 8.704035, 1600.0], [15.205488, 8.244684, 1617.0], [15.6688595, 7.7336874, 1633.0], [16.132526, 7.275718, 1650.0], [16.570414, 6.8378725, 1668.0], [17.065533, 6.392366, 1683.0], [17.481478, 6.0395746, 1699.0], [17.86914, 5.8171296, 1717.0], [18.388672, 5.5011573, 1734.0], [18.944408, 5.3545237, 1750.0], [19.431324, 5.2411895, 1766.0], [19.94869, 5.1876044, 1783.0], [20.615038, 5.185185, 1800.0]"}