{"Image number":149,"Image shape":3,"Path":"[5.971391, 7.7533894, 0.0], [6.13846, 7.65789, 78.0], [6.4216657, 7.6076984, 92.0], [6.812147, 7.6076984, 106.0], [7.2698717, 7.557939, 120.0], [7.751999, 7.4709554, 141.0], [8.279528, 7.394545, 151.0], [9.246942, 7.2709665, 162.0], [10.053448, 7.1823173, 177.0], [10.875045, 7.090999, 191.0], [11.7209, 7.000373, 204.0], [12.582116, 6.9490995, 218.0], [13.38816, 6.9041386, 232.0], [14.206884, 6.8586397, 249.0], [14.953203, 6.84282, 266.0], [15.697803, 6.8795185, 276.0], [16.400938, 6.926447, 289.0], [16.983929, 6.9908595, 302.0], [17.534588, 7.08172, 316.0], [17.993855, 7.246214, 331.0], [18.298307, 7.4726286, 349.0], [18.551094, 7.716641, 361.0], [18.723513, 8.015577, 372.0], [18.78784, 8.334777, 386.0], [18.788034, 8.652784, 400.0], [18.682169, 8.985035, 415.0], [18.475044, 9.373219, 429.0], [18.213778, 9.745547, 442.0], [17.897053, 10.109223, 457.0], [17.497717, 10.5051365, 473.0], [17.044437, 10.867876, 485.0], [16.589493, 11.23195, 498.0], [16.09552, 11.592958, 512.0], [15.651818, 11.953195, 526.0], [15.101045, 12.292408, 540.0], [14.573765, 12.60731, 554.0], [14.068738, 12.968126, 568.0], [13.572548, 13.32911, 584.0], [13.09838, 13.645042, 598.0], [12.647719, 13.915525, 612.0], [12.2329235, 14.188843, 624.0], [11.926407, 14.409642, 639.0], [11.650567, 14.579758, 650.0], [11.454779, 14.730242, 665.0], [11.274321, 14.82594, 680.0], [11.592114, 14.845854, 750.0], [11.96945, 14.7446785, 769.0], [12.426422, 14.62786, 784.0], [13.009414, 14.526374, 797.0], [13.640442, 14.344607, 806.0], [14.328848, 14.181778, 820.0], [15.010971, 14.045308, 833.0], [15.690034, 13.981886, 848.0], [16.276031, 13.936828, 862.0], [16.862196, 13.998595, 878.0], [17.364641, 14.070471, 890.0], [17.78617, 14.228296, 907.0], [18.201502, 14.412947, 918.0], [18.448362, 14.698158, 932.0], [18.670021, 14.9952545, 946.0], [18.816854, 15.345493, 958.0], [18.909859, 15.707507, 973.0], [18.948687, 16.068598, 986.0], [18.970093, 16.453445, 1000.0], [18.93731, 16.862822, 1015.0], [18.892176, 17.227625, 1028.0], [18.897268, 17.592737, 1043.0], [18.815258, 17.988527, 1057.0], [18.756649, 18.380045, 1070.0], [18.710907, 18.751122, 1084.0], [18.617785, 19.155224, 1098.0], [18.52723, 19.562843, 1119.0], [18.436424, 19.971611, 1132.0], [18.267471, 20.380001, 1146.0], [18.086641, 20.775497, 1160.0], [17.88371, 21.160826, 1169.0], [17.687088, 21.538445, 1183.0], [17.430485, 21.899225, 1197.0], [17.160383, 22.212723, 1211.0], [16.831526, 22.53135, 1225.0], [16.5144, 22.79193, 1238.0], [16.160265, 23.05559, 1252.0], [15.754969, 23.279625, 1267.0], [15.401821, 23.4516, 1280.0], [15.012638, 23.56923, 1294.0], [14.605214, 23.669151, 1310.0], [14.198587, 23.71484, 1323.0], [13.775521, 23.796398, 1338.0], [13.320457, 23.815826, 1350.0], [12.868866, 23.815826, 1364.0], [12.418518, 23.815826, 1378.0], [11.91338, 23.658804, 1392.0], [11.438496, 23.583817, 1406.0], [10.985731, 23.425598, 1421.0], [10.53444, 23.287563, 1434.0], [10.09418, 23.155441, 1449.0], [9.778619, 22.981688, 1461.0], [9.557866, 22.887047, 1476.0]"}