{"Image number":38656,"Image shape":5,"Path":"[20.452578, 8.89658, 0.0], [19.98156, 8.89658, 53.0], [19.328995, 8.943589, 69.0], [18.246462, 8.990537, 86.0], [17.143188, 8.989822, 103.0], [15.925954, 9.083641, 119.0], [14.798927, 9.177671, 136.0], [13.734905, 9.364331, 152.0], [11.818075, 9.645626, 185.0], [11.032932, 9.78391, 202.0], [10.329648, 9.924869, 218.0], [9.638698, 9.922244, 235.0], [8.9884205, 9.922244, 251.0], [8.473669, 9.922244, 268.0], [8.244359, 9.922244, 284.0], [8.012016, 9.922244, 351.0], [8.060385, 10.392336, 450.0], [8.15424, 11.804525, 466.0], [8.200442, 13.161604, 483.0], [8.246515, 14.498632, 500.0], [8.246256, 15.481883, 516.0], [8.246256, 16.509338, 533.0], [8.246256, 17.591475, 549.0], [8.246256, 18.465591, 566.0], [8.199213, 19.01882, 582.0], [8.199667, 19.345512, 599.0], [8.199667, 19.621681, 632.0], [8.29361, 19.384039, 715.0], [8.292845, 19.102339, 731.0], [8.3396635, 18.356998, 748.0], [8.480338, 17.70266, 764.0], [8.759462, 17.147066, 781.0], [9.132101, 16.868301, 797.0], [9.507591, 16.68059, 814.0], [9.785731, 16.494465, 830.0], [10.019322, 16.354347, 847.0], [10.298771, 16.261852, 864.0], [10.62484, 16.215733, 880.0], [11.139482, 16.169048, 897.0], [11.650989, 16.028593, 913.0], [12.306404, 15.8882675, 930.0], [12.954174, 15.749364, 946.0], [13.701765, 15.60916, 963.0], [14.450842, 15.468614, 979.0], [15.144165, 15.282947, 996.0], [15.756439, 15.094311, 1012.0], [16.450676, 14.909437, 1029.0], [17.102768, 14.7698555, 1046.0], [17.759855, 14.628955, 1062.0], [18.362001, 14.489746, 1079.0], [18.96658, 14.350133, 1095.0], [19.57229, 14.257256, 1112.0], [20.09062, 14.162811, 1128.0], [20.551704, 14.117551, 1145.0], [20.967503, 14.118147, 1161.0], [21.339762, 14.211887, 1178.0], [21.618753, 14.305114, 1194.0], [21.850525, 14.538012, 1211.0], [22.085049, 14.7726965, 1227.0], [22.31737, 15.098915, 1244.0], [22.642422, 15.890228, 1277.0], [22.829304, 16.778978, 1310.0], [22.922035, 17.24296, 1327.0], [22.968573, 17.756662, 1343.0], [22.921412, 18.271664, 1360.0], [22.827513, 18.73917, 1376.0], [22.641958, 19.153913, 1393.0], [22.31591, 19.619766, 1409.0], [21.799906, 20.042103, 1426.0], [21.335289, 20.507725, 1443.0], [20.636166, 21.16025, 1476.0], [20.262247, 21.34641, 1492.0], [19.891785, 21.53177, 1509.0], [19.471619, 21.859272, 1525.0], [19.003143, 22.04581, 1542.0], [18.48812, 22.280357, 1558.0], [18.024998, 22.512428, 1575.0], [17.656979, 22.743217, 1591.0], [17.278215, 22.932695, 1608.0], [16.810493, 23.071848, 1625.0], [16.346285, 23.16394, 1641.0], [15.930576, 23.303469, 1658.0], [15.697493, 23.585846, 1674.0], [15.512213, 23.864862, 1691.0], [15.230352, 24.00396, 1707.0], [14.903661, 24.096449, 1724.0], [14.483249, 24.09507, 1740.0], [14.204994, 24.09507, 1757.0]"}