{"Image number":39038,"Image shape":7,"Path":"[6.7088184, 8.476988, 0.0], [7.230257, 8.762692, 69.0], [7.838235, 9.089143, 86.0], [8.67337, 9.506563, 103.0], [9.558611, 9.737829, 119.0], [10.671671, 9.922708, 136.0], [13.107765, 10.156554, 169.0], [14.361263, 10.202409, 185.0], [15.566213, 10.248802, 202.0], [16.690094, 10.295681, 218.0], [17.661407, 10.342033, 235.0], [18.50513, 10.43611, 252.0], [19.013441, 10.482164, 268.0], [19.29036, 10.528738, 285.0], [19.145416, 11.282268, 384.0], [18.960386, 12.072536, 400.0], [18.725418, 13.201897, 417.0], [18.493645, 14.503418, 434.0], [18.213467, 16.092325, 450.0], [17.839468, 17.914581, 467.0], [17.514822, 19.680447, 483.0], [17.09338, 21.269285, 500.0], [16.578123, 22.62316, 516.0], [16.115484, 23.967728, 533.0], [15.649829, 25.225002, 549.0], [15.088311, 26.251623, 566.0], [14.530608, 27.180683, 582.0], [13.993835, 28.010183, 599.0], [13.826683, 28.505676, 617.0]"}