{"Image number":38075,"Image shape":7,"Path":"[10.016639, 11.553984, 0.0], [11.800519, 10.520216, 86.0], [12.864136, 9.965959, 102.0], [13.895538, 9.591525, 119.0], [14.957289, 9.268873, 135.0], [15.992767, 9.080747, 152.0], [16.876589, 8.705306, 169.0], [17.76285, 8.426437, 185.0], [18.463364, 8.097428, 202.0], [18.969809, 7.9145956, 218.0], [19.24658, 7.775012, 235.0], [18.865824, 7.9663405, 350.0], [18.160728, 8.908574, 367.0], [17.561985, 10.066101, 384.0], [16.902168, 11.528732, 400.0], [16.393122, 12.970135, 417.0], [15.83858, 14.495756, 433.0], [15.134405, 16.139257, 450.0], [14.38287, 17.830793, 468.0], [13.404368, 19.26607, 483.0], [12.707504, 20.525595, 499.0], [12.110037, 21.723614, 516.0], [11.879343, 22.65324, 533.0], [11.691504, 23.40512, 549.0], [11.321597, 24.233652, 582.0], [11.179039, 24.566711, 599.0], [10.947388, 24.982727, 615.0], [10.621156, 25.542984, 648.0], [10.481144, 25.77574, 665.0], [10.388885, 26.00747, 698.0]"}