{"Image number":30081,"Image shape":5,"Path":"[22.990292, 8.733181, 0.0], [22.81416, 8.733181, 87.0], [22.479599, 8.812359, 123.0], [22.174694, 8.911955, 141.0], [21.793547, 9.098765, 158.0], [21.438023, 9.128054, 176.0], [20.911266, 9.3335705, 194.0], [20.213593, 9.529781, 212.0], [19.53526, 9.732441, 229.0], [18.989101, 9.810458, 247.0], [18.473972, 9.979522, 265.0], [17.952482, 10.109974, 283.0], [17.428888, 10.275954, 300.0], [16.907219, 10.410307, 318.0], [16.384933, 10.589957, 336.0], [16.05195, 10.67392, 354.0], [15.787756, 10.738915, 371.0], [15.526232, 10.804337, 389.0], [15.343525, 10.908017, 407.0], [15.186899, 10.934353, 425.0], [14.991807, 10.999422, 442.0], [14.769407, 11.052559, 478.0], [14.601943, 11.103552, 531.0], [14.320005, 11.262352, 567.0], [14.017524, 11.395938, 585.0], [13.700689, 11.694483, 602.0], [13.294845, 11.940883, 620.0], [12.80182, 12.229309, 638.0], [12.343824, 12.663586, 656.0], [11.717398, 13.257048, 673.0], [11.130403, 13.800027, 691.0], [10.544203, 14.386584, 709.0], [10.084659, 14.8002205, 727.0], [9.801573, 15.090806, 744.0], [9.62805, 15.264435, 762.0], [9.440887, 15.416848, 798.0], [9.624305, 15.369549, 869.0], [9.919635, 15.239181, 886.0], [10.43714, 14.916425, 904.0], [10.960679, 14.615635, 922.0], [11.528407, 14.152427, 940.0], [12.154007, 13.863042, 957.0], [12.913968, 13.561748, 975.0], [13.57742, 13.248182, 993.0], [14.145903, 13.041485, 1011.0], [14.6000185, 12.9138, 1028.0], [14.948042, 12.7836075, 1046.0], [15.192704, 12.655146, 1064.0], [15.3975315, 12.629012, 1082.0], [15.61606, 12.580176, 1117.0], [15.772475, 12.580176, 1171.0], [16.00244, 12.660334, 1260.0], [16.133034, 12.838133, 1277.0], [16.332348, 13.189239, 1313.0], [16.446817, 13.435493, 1330.0], [16.463192, 13.695758, 1348.0], [16.489466, 13.995208, 1366.0], [16.504856, 14.355684, 1384.0], [16.504856, 14.670351, 1401.0], [16.504856, 15.06146, 1419.0], [16.453482, 15.504663, 1437.0], [16.388542, 15.959515, 1455.0], [16.258581, 16.376476, 1472.0], [16.074242, 16.783756, 1490.0], [15.800205, 17.212776, 1508.0], [15.511657, 17.670832, 1526.0], [15.186293, 18.018543, 1544.0], [14.85969, 18.300844, 1561.0], [14.476196, 18.602982, 1579.0], [14.020513, 18.918884, 1597.0], [13.646239, 19.205858, 1615.0], [13.216796, 19.492704, 1632.0], [12.82974, 19.75953, 1650.0], [12.38936, 20.19003, 1668.0], [12.074846, 20.471283, 1686.0], [11.751362, 20.679907, 1704.0], [11.378796, 20.921705, 1722.0], [11.025949, 21.150072, 1739.0], [10.675481, 21.32541, 1757.0], [10.365694, 21.45676, 1774.0], [10.075888, 21.552086, 1792.0], [9.81517, 21.556498, 1810.0], [9.553236, 21.556498, 1828.0], [9.216589, 21.52018, 1846.0], [8.916805, 21.377823, 1863.0], [8.554054, 21.31212, 1881.0], [8.278108, 21.208338, 1899.0], [8.016193, 21.040009, 1917.0], [7.7575407, 20.9106, 1934.0], [7.5735893, 20.66404, 1952.0], [7.378182, 20.377024, 1970.0], [7.18378, 20.104862, 1988.0], [7.0272303, 19.685596, 2006.0], [6.900862, 19.370432, 2023.0], [6.7646127, 19.084227, 2041.0], [6.680306, 18.800322, 2059.0], [6.613347, 18.548355, 2076.0], [6.601942, 18.362114, 2094.0], [6.5748467, 18.121582, 2130.0], [6.563107, 17.928741, 2165.0]"}