{"Image number":37481,"Image shape":2,"Path":"[15.7005, 7.358081, 0.0], [16.453499, 7.6409674, 69.0], [17.150581, 7.966876, 86.0], [17.84794, 8.339445, 102.0], [18.40481, 8.7583275, 119.0], [18.87453, 9.27613, 135.0], [19.247656, 9.886013, 152.0], [19.382477, 10.487968, 168.0], [19.428123, 11.14143, 185.0], [19.474483, 11.790964, 201.0], [19.427353, 12.396652, 218.0], [19.380455, 12.959523, 234.0], [19.192808, 13.564765, 251.0], [18.862549, 14.270883, 267.0], [18.442759, 14.920813, 284.0], [18.070723, 15.573587, 301.0], [17.697155, 16.037958, 317.0], [17.042404, 16.596935, 334.0], [16.34439, 16.919312, 350.0], [15.454269, 17.293982, 367.0], [14.759461, 17.571817, 383.0], [13.872814, 17.99278, 400.0], [13.125782, 18.366835, 416.0], [12.329338, 18.741526, 433.0], [11.496384, 19.017069, 450.0], [10.752993, 19.249308, 466.0], [9.956107, 19.341354, 483.0], [9.25993, 19.387085, 499.0], [8.612089, 19.244995, 516.0], [8.102915, 18.964794, 532.0], [7.7285357, 18.446701, 549.0], [7.49806, 17.699102, 565.0], [7.4538145, 16.81404, 582.0], [7.6424446, 15.786349, 598.0], [8.016911, 14.902152, 615.0], [8.481457, 14.067461, 631.0], [9.048327, 13.359629, 648.0], [9.649265, 12.807822, 665.0], [10.205814, 12.48476, 681.0], [10.813433, 12.439418, 698.0], [12.116281, 12.813801, 731.0], [12.815045, 13.140534, 747.0], [14.0784445, 14.078775, 780.0], [14.683659, 14.591232, 797.0], [15.285717, 15.007081, 813.0], [15.800295, 15.523404, 830.0], [16.31154, 16.034998, 847.0], [16.871729, 16.642736, 863.0], [17.382803, 17.247793, 880.0], [17.75297, 17.898932, 896.0], [18.030907, 18.549389, 913.0], [18.35854, 19.063866, 929.0], [18.78276, 19.581854, 946.0], [19.153887, 20.140982, 962.0], [19.38185, 20.834044, 979.0], [19.570183, 21.494078, 995.0], [19.754154, 22.231867, 1012.0], [20.085247, 22.798912, 1029.0], [20.603348, 23.408766, 1045.0]"}