{"Image number":38268,"Image shape":2,"Path":"[6.7554073, 7.824293, 0.0], [7.3177958, 7.683765, 53.0], [8.023741, 7.35321, 70.0], [8.99709, 7.029929, 86.0], [10.950693, 6.4718666, 119.0], [12.029983, 6.378166, 136.0], [13.148873, 6.4261074, 152.0], [14.165823, 6.7061386, 169.0], [14.911867, 7.3142095, 185.0], [15.376378, 8.060604, 202.0], [15.700977, 10.161085, 235.0], [15.6534, 11.380712, 252.0], [15.418777, 12.732208, 268.0], [15.04123, 14.144501, 285.0], [14.577189, 15.673728, 301.0], [14.017021, 17.118114, 318.0], [13.36601, 18.511337, 334.0], [12.715773, 19.671473, 351.0], [12.019334, 20.739319, 367.0], [11.358355, 21.684162, 384.0], [10.8048315, 22.421803, 401.0], [10.340156, 22.93241, 417.0], [10.059293, 23.213207, 434.0], [9.827177, 23.303757, 450.0], [9.594922, 23.349617, 467.0], [9.644961, 22.974869, 516.0], [10.583026, 22.084726, 549.0], [11.18582, 21.573755, 566.0], [11.932981, 21.201462, 582.0], [12.686329, 21.014544, 599.0], [14.215871, 20.971455, 632.0], [15.002391, 20.971455, 649.0], [15.802747, 21.018608, 665.0], [17.517803, 21.018076, 698.0], [19.384308, 20.784313, 731.0], [20.178606, 20.597176, 748.0], [20.875929, 20.317139, 765.0], [21.478401, 20.08532, 781.0], [22.318636, 19.89881, 814.0]"}