{"Image number":39560,"Image shape":1,"Path":"[12.951746, 7.824293, 0.0], [13.092152, 8.433879, 52.0], [13.327505, 9.233294, 69.0], [13.651641, 10.345464, 85.0], [14.024677, 11.558479, 102.0], [14.350253, 12.815982, 118.0], [14.677811, 14.033343, 135.0], [15.003815, 15.0104065, 151.0], [15.329706, 15.988754, 168.0], [15.655794, 16.920803, 184.0], [15.888383, 17.807022, 201.0], [16.027, 18.595922, 218.0], [16.16769, 19.252546, 234.0], [16.21342, 19.90537, 251.0], [16.259817, 20.5085, 267.0], [16.306396, 21.067574, 284.0], [16.35282, 21.531654, 300.0], [16.39934, 22.043781, 317.0], [16.492512, 22.556572, 345.0]"}