{"Image number":10161,"Image shape":3,"Path":"[13.338889, 7.9333334, 0.0], [13.661678, 7.728775, 55.0], [14.06495, 7.475219, 71.0], [14.71689, 7.067384, 88.0], [15.708856, 6.461254, 105.0], [16.72317, 6.0211887, 121.0], [17.58166, 5.7024097, 138.0], [18.180557, 5.6, 155.0], [18.417662, 5.6388893, 172.0], [18.965506, 5.8324065, 188.0], [19.26466, 6.016172, 205.0], [19.536583, 6.358992, 222.0], [19.61989, 6.6318955, 239.0], [19.3911, 7.474468, 255.0], [19.063454, 8.238977, 272.0], [18.511112, 9.216667, 289.0], [17.868128, 10.108116, 305.0], [17.137104, 10.966589, 322.0], [16.389544, 11.804899, 339.0], [15.611908, 12.544741, 355.0], [15.020157, 12.926566, 372.0], [14.343548, 13.342114, 389.0], [13.69044, 13.646293, 405.0], [13.416666, 13.786111, 422.0], [13.229021, 13.842177, 439.0], [13.622856, 13.704868, 556.0], [14.195282, 13.649924, 572.0], [14.926239, 13.597729, 589.0], [15.667243, 13.546848, 606.0], [16.572226, 13.492104, 622.0], [17.022898, 13.494444, 639.0], [17.414038, 13.494444, 656.0], [17.94891, 13.592003, 672.0], [18.144361, 13.66107, 689.0], [18.355007, 13.843896, 706.0], [18.50588, 14.145095, 723.0], [18.616402, 14.714284, 739.0], [18.627777, 15.391567, 756.0], [18.627777, 16.111244, 773.0], [18.480576, 17.052639, 789.0], [18.320759, 17.918917, 806.0], [17.888512, 18.836256, 823.0], [17.62393, 19.6171, 839.0], [17.195099, 20.587416, 856.0], [16.96077, 20.900772, 873.0], [16.339626, 21.532652, 889.0], [15.886111, 21.875, 906.0], [14.826111, 22.373974, 923.0], [14.206644, 22.711529, 940.0], [13.231827, 22.942041, 956.0], [12.636877, 23.061478, 973.0], [12.375051, 23.113878, 990.0], [11.905985, 23.069489, 1006.0], [11.216326, 22.967896, 1023.0], [10.341024, 22.778313, 1040.0], [9.362274, 22.486916, 1056.0], [8.319319, 22.104195, 1073.0], [7.830886, 21.938074, 1090.0], [6.900457, 21.574627, 1106.0], [5.8635454, 21.137575, 1123.0], [4.977938, 20.8121, 1140.0], [4.1608667, 20.486568, 1156.0], [3.6361113, 20.241667, 1173.0]"}