{"Image number":30675,"Image shape":3,"Path":"[10.990291, 5.8187914, 0.0], [11.175075, 5.706915, 152.0], [11.427153, 5.641508, 170.0], [11.737046, 5.5276804, 187.0], [12.137446, 5.5467815, 205.0], [12.665924, 5.593073, 223.0], [13.304138, 5.6745033, 241.0], [13.851944, 5.739725, 258.0], [14.312023, 5.919483, 276.0], [14.816338, 6.1275325, 294.0], [15.180036, 6.3605943, 312.0], [15.44389, 6.5707116, 330.0], [15.704765, 6.7921305, 347.0], [15.925489, 7.0265675, 365.0], [16.113548, 7.278517, 383.0], [16.319107, 7.552761, 401.0], [16.432817, 7.814666, 418.0], [16.523499, 8.099798, 436.0], [16.599463, 8.317719, 454.0], [16.62136, 8.5096035, 472.0], [16.62136, 8.709188, 489.0], [16.62136, 8.90481, 507.0], [16.582523, 9.185737, 525.0], [16.47224, 9.48545, 543.0], [16.347616, 9.8454, 561.0], [16.17039, 10.171754, 578.0], [15.901305, 10.463997, 596.0], [15.644005, 10.700401, 614.0], [15.284974, 10.945836, 631.0], [14.9295845, 11.096764, 649.0], [14.641895, 11.305167, 667.0], [14.314911, 11.535381, 685.0], [13.911425, 11.644732, 702.0], [13.303319, 11.878075, 720.0], [12.808586, 12.02149, 738.0], [12.27146, 12.191735, 756.0], [11.725232, 12.321768, 774.0], [11.24012, 12.506348, 791.0], [10.593553, 12.621132, 809.0], [10.206303, 12.657894, 827.0], [9.9713, 12.7128, 845.0], [9.698547, 12.781266, 862.0], [9.497419, 12.774467, 898.0], [9.927857, 12.655682, 1004.0], [10.299155, 12.572383, 1022.0], [10.792961, 12.434079, 1040.0], [11.417477, 12.249882, 1058.0], [12.017893, 12.131484, 1076.0], [12.557398, 12.002886, 1093.0], [13.16505, 11.880724, 1111.0], [13.9738, 11.790618, 1129.0], [14.440535, 11.687188, 1146.0], [14.847139, 11.647572, 1164.0], [15.1728, 11.595504, 1182.0], [15.419667, 11.608713, 1200.0], [15.680374, 11.608713, 1218.0], [15.940825, 11.608713, 1235.0], [16.361767, 11.8091345, 1253.0], [16.710697, 11.964276, 1271.0], [16.997904, 12.107966, 1289.0], [17.258827, 12.238507, 1306.0], [17.51962, 12.468662, 1324.0], [17.780853, 12.730056, 1342.0], [17.952637, 12.985103, 1360.0], [18.121262, 13.257624, 1377.0], [18.251427, 13.45299, 1395.0], [18.419712, 13.723009, 1413.0], [18.663246, 14.068364, 1431.0], [18.83794, 14.41549, 1449.0], [18.920921, 14.711754, 1466.0], [19.059278, 15.1187725, 1484.0], [19.106796, 15.508764, 1502.0], [19.106796, 15.900513, 1520.0], [19.106796, 16.327091, 1537.0], [19.060026, 16.855455, 1555.0], [18.928318, 17.564829, 1573.0], [18.874874, 18.204876, 1591.0], [18.809532, 18.678137, 1608.0], [18.744614, 19.016352, 1626.0], [18.718525, 19.224747, 1644.0], [18.691854, 19.382524, 1662.0], [18.640778, 19.65282, 1697.0], [10.252428, 5.3913484, 0.0], [10.610241, 5.3115554, 111.0], [11.101054, 5.1402035, 129.0], [11.62526, 5.0090737, 147.0], [12.400964, 4.875156, 165.0], [12.931709, 4.886187, 183.0], [13.574086, 4.9426584, 200.0], [14.223686, 5.0136414, 218.0], [14.747674, 5.0416217, 236.0], [15.203882, 5.216485, 254.0], [15.663997, 5.467619, 271.0], [16.076193, 5.6791663, 289.0], [16.45103, 5.938912, 307.0], [16.773523, 6.1970634, 325.0], [17.033558, 6.4255323, 342.0], [17.281553, 6.615391, 360.0], [17.464733, 6.953257, 378.0], [17.583944, 7.235821, 396.0], [17.631067, 7.6018143, 413.0], [17.631067, 8.032212, 431.0], [17.557205, 8.4867, 449.0], [17.466328, 8.940969, 467.0], [17.386013, 9.40043, 485.0], [17.282076, 9.740368, 502.0], [17.15606, 10.096286, 520.0], [17.019253, 10.492027, 538.0], [16.850786, 10.799853, 557.0], [16.720306, 11.128047, 573.0], [16.589518, 11.345636, 591.0], [16.497087, 11.585397, 609.0], [16.281916, 11.802713, 627.0], [15.836346, 12.068667, 644.0], [15.294584, 12.328279, 662.0], [14.714594, 12.628349, 680.0], [13.948334, 13.004326, 698.0], [13.319656, 13.23757, 716.0], [12.783576, 13.38477, 733.0], [12.383607, 13.553222, 751.0], [11.987835, 13.685224, 769.0], [11.562343, 13.741877, 786.0], [11.110788, 13.845283, 804.0], [10.695625, 13.911648, 822.0], [10.455643, 13.937962, 840.0], [10.271845, 13.940224, 857.0], [9.991005, 13.940224, 875.0], [10.377855, 13.624892, 1000.0], [10.804422, 13.493752, 1017.0], [11.376302, 13.250446, 1035.0], [12.001719, 13.028445, 1053.0], [12.583849, 12.908021, 1070.0], [13.176297, 12.776283, 1088.0], [13.809563, 12.606629, 1106.0], [14.349009, 12.515524, 1124.0], [14.784001, 12.448677, 1142.0], [15.127093, 12.295981, 1159.0], [15.388868, 12.269307, 1177.0], [15.656004, 12.230449, 1195.0], [15.920099, 12.230449, 1213.0], [16.180067, 12.230449, 1230.0], [16.485437, 12.230449, 1248.0], [16.791336, 12.280006, 1266.0], [17.040392, 12.3061285, 1284.0], [17.276638, 12.332433, 1301.0], [17.47469, 12.449954, 1319.0], [17.670185, 12.463694, 1337.0], [17.932228, 12.594842, 1373.0], [18.098864, 12.776246, 1390.0], [18.323168, 13.039543, 1426.0], [18.451109, 13.206419, 1444.0], [18.608042, 13.458188, 1461.0], [18.75119, 13.733742, 1479.0], [18.877825, 14.034103, 1497.0], [19.012041, 14.294617, 1515.0], [19.143396, 14.61466, 1532.0], [19.234287, 14.900308, 1550.0], [19.294308, 15.221408, 1568.0], [19.358002, 15.546742, 1586.0], [19.424648, 15.88018, 1603.0], [19.417475, 16.35556, 1621.0], [19.395521, 16.792126, 1639.0], [19.33041, 17.23129, 1657.0], [19.303873, 17.503597, 1674.0], [19.300972, 17.717846, 1692.0], [19.18776, 18.127056, 1728.0], [19.059328, 18.396013, 1745.0], [18.925013, 18.695028, 1763.0], [18.873787, 18.99144, 1781.0], [18.76971, 19.226536, 1799.0], [18.599283, 19.527334, 1817.0], [18.404018, 19.852348, 1834.0], [18.15327, 20.256807, 1852.0], [17.933811, 20.694233, 1870.0], [17.69839, 20.987423, 1888.0], [17.435858, 21.353786, 1905.0], [17.171387, 21.741274, 1923.0], [16.91099, 22.087984, 1941.0], [16.752327, 22.382444, 1959.0], [16.564457, 22.70057, 1976.0], [16.453362, 22.85783, 1994.0], [16.394184, 23.01561, 2012.0], [16.229332, 23.231094, 2030.0], [15.971946, 23.44276, 2047.0], [15.706665, 23.685038, 2065.0], [15.507408, 23.853924, 2083.0], [15.310295, 24.034111, 2101.0], [15.041843, 24.15493, 2118.0], [14.854368, 24.276594, 2136.0], [14.654732, 24.456924, 2154.0], [14.407768, 24.606892, 2190.0], [14.208666, 24.772089, 2207.0], [13.953891, 24.820614, 2243.0], [13.781602, 24.874025, 2261.0], [13.546436, 24.89833, 2278.0], [13.188623, 24.93719, 2296.0], [12.851118, 25.047293, 2314.0], [12.523788, 24.93719, 2332.0], [12.090216, 24.9069, 2349.0], [11.6439705, 24.841885, 2367.0], [11.228729, 24.815042, 2385.0], [10.805206, 24.749746, 2403.0], [10.360153, 24.686129, 2420.0], [9.975178, 24.494991, 2438.0], [9.655905, 24.39814, 2456.0], [9.331129, 24.27312, 2474.0], [9.003112, 24.189785, 2491.0], [8.64217, 24.089241, 2509.0], [8.213593, 24.024014, 2527.0], [7.7542796, 23.827044, 2545.0], [7.4639025, 23.662453, 2563.0], [7.20465, 23.490091, 2580.0], [6.9410048, 23.358187, 2598.0], [6.7573166, 23.18859, 2616.0], [6.499099, 23.020527, 2651.0], [6.341345, 22.916546, 2687.0]"}