{"Image number":38264,"Image shape":1,"Path":"[15.65391, 4.700677, 0.0], [15.65391, 5.3601527, 53.0], [15.65391, 6.381613, 70.0], [15.606955, 7.7886696, 86.0], [15.326901, 11.052377, 119.0], [15.186734, 12.923143, 136.0], [15.141264, 14.871111, 152.0], [15.094651, 16.642883, 169.0], [15.094841, 18.389328, 185.0], [15.141991, 19.776108, 202.0], [15.188352, 21.167936, 219.0], [15.28186, 22.331762, 235.0], [15.328125, 23.309591, 252.0], [15.3749695, 23.916325, 268.0], [15.423889, 24.20587, 285.0]"}