{"Image number":35056,"Image shape":0,"Path":"[18.91514, 5.912827, 0.0], [18.682196, 5.8662043, 51.0], [18.113106, 5.8662043, 67.0], [16.113024, 6.006916, 101.0], [14.8979225, 6.382289, 117.0], [13.540819, 7.0397453, 134.0], [12.052938, 7.9256263, 150.0], [10.656823, 9.046099, 167.0], [9.402232, 10.444805, 183.0], [8.422681, 11.989192, 200.0], [7.8667803, 13.436315, 216.0], [7.590778, 14.833631, 233.0], [7.547073, 16.22654, 249.0], [7.6881633, 17.530602, 266.0], [8.108016, 18.738054, 282.0], [8.668093, 19.90445, 299.0], [9.41102, 21.064756, 315.0], [10.162386, 22.09859, 332.0], [11.000596, 22.794336, 349.0], [11.884192, 23.164331, 365.0], [12.81434, 23.256126, 382.0], [14.777573, 22.879965, 415.0], [15.80019, 22.319912, 431.0], [17.799809, 20.642569, 464.0], [18.823374, 19.477972, 481.0], [19.755774, 18.17134, 497.0], [20.641094, 16.538465, 514.0], [21.762873, 12.883354, 547.0], [21.99136, 11.264849, 564.0], [21.895987, 9.909883, 580.0], [21.616566, 8.800381, 597.0], [21.151066, 7.823561, 613.0], [20.495804, 7.1213665, 630.0], [19.695398, 6.5572176, 646.0], [18.631695, 6.378357, 663.0], [17.369665, 6.2852, 679.0]"}