{"Image number":36808,"Image shape":9,"Path":"[13.650583, 8.663473, 0.0], [12.806102, 9.03958, 52.0], [12.056351, 9.745331, 69.0], [11.411732, 10.718674, 86.0], [11.367296, 11.702761, 102.0], [11.742318, 12.443561, 119.0], [12.539219, 12.815945, 135.0], [13.713612, 12.812754, 152.0], [14.972524, 12.434611, 168.0], [16.089338, 11.777674, 185.0], [16.825958, 10.845509, 201.0], [17.28952, 9.723764, 218.0], [17.565683, 8.657245, 234.0], [17.751387, 7.9136534, 251.0], [17.797245, 7.636363, 267.0], [17.61035, 8.385988, 334.0], [17.61065, 9.326643, 350.0], [17.845251, 10.536945, 367.0], [18.268238, 11.567056, 383.0], [18.737226, 12.693163, 400.0], [19.0575, 13.894672, 416.0], [19.148668, 15.104748, 433.0], [18.862925, 16.6191, 449.0], [18.253279, 18.00991, 466.0], [17.227196, 19.495207, 483.0], [14.654999, 21.780317, 516.0], [13.459118, 22.559912, 532.0], [12.386199, 23.166315, 549.0]"}