{"Image number":36693,"Image shape":2,"Path":"[13.930115, 5.8195834, 0.0], [13.368101, 5.960103, 53.0], [12.667336, 6.1002865, 70.0], [11.968913, 6.333905, 86.0], [11.504275, 6.520187, 103.0], [11.274184, 6.7057443, 136.0], [11.83705, 6.7050023, 169.0], [12.535617, 6.658552, 185.0], [13.426341, 6.611685, 202.0], [14.353609, 6.612143, 218.0], [15.39343, 6.802094, 235.0], [16.27064, 7.1762614, 252.0], [17.02057, 7.7903395, 268.0], [17.521221, 8.669955, 285.0], [17.704908, 9.648204, 301.0], [17.703827, 10.821519, 318.0], [17.47086, 12.020314, 334.0], [16.955114, 13.427801, 351.0], [16.206919, 14.875834, 367.0], [14.109651, 17.950184, 401.0], [12.990202, 19.162048, 417.0], [11.86938, 20.141748, 434.0], [10.986877, 20.743914, 450.0], [10.340137, 21.159628, 467.0], [10.011608, 21.252619, 483.0], [10.438949, 20.782293, 516.0], [11.239322, 20.170197, 533.0], [12.506219, 19.32613, 549.0], [14.047633, 18.581966, 566.0], [15.769323, 18.027105, 583.0], [17.388084, 17.752815, 599.0], [18.892628, 17.707222, 616.0], [20.292444, 17.75547, 632.0], [21.739666, 17.897285, 649.0]"}