{"Image number":38992,"Image shape":9,"Path":"[18.449251, 10.668182, 0.0], [17.789734, 10.055559, 69.0], [16.949621, 9.30836, 85.0], [15.9683275, 8.608486, 102.0], [14.943333, 8.0981455, 119.0], [14.112613, 7.8698416, 135.0], [13.222856, 7.7767844, 152.0], [12.523762, 7.7776723, 168.0], [11.728363, 8.061661, 185.0], [11.033437, 8.57622, 201.0], [10.479756, 9.413571, 218.0], [10.108148, 10.486501, 234.0], [10.062707, 11.8016815, 251.0], [10.015918, 13.112693, 267.0], [10.063992, 14.324489, 284.0], [10.440617, 15.343166, 300.0], [11.09096, 16.173046, 317.0], [11.941492, 16.833616, 334.0], [13.997281, 17.479347, 367.0], [14.9611635, 17.381046, 383.0], [16.031425, 16.913322, 400.0], [17.057064, 15.88426, 416.0], [18.037743, 14.385986, 433.0], [18.73339, 12.802308, 449.0], [19.245613, 11.2612, 466.0], [19.52469, 10.0925, 483.0], [19.614489, 9.218057, 499.0], [19.520714, 8.756288, 516.0], [19.195288, 8.523764, 549.0], [19.007154, 8.6174345, 565.0], [18.820206, 9.040402, 582.0], [18.634758, 10.019949, 598.0], [18.353619, 11.661549, 615.0], [18.028278, 13.709068, 631.0], [17.562119, 18.197016, 664.0], [17.517145, 20.239841, 681.0], [17.470465, 22.107088, 698.0], [17.131563, 25.440975, 731.0], [16.997738, 26.432741, 747.0]"}