{"Image number":39388,"Image shape":6,"Path":"[14.396006, 2.0898929, 0.0], [13.835813, 2.3701205, 67.0], [13.182598, 2.6970153, 84.0], [11.876848, 4.286953, 117.0], [11.2200775, 5.555055, 134.0], [10.705488, 7.108331, 150.0], [10.292473, 8.818559, 167.0], [10.107091, 10.837365, 183.0], [10.016639, 14.652058, 216.0], [10.063522, 16.226109, 233.0], [10.343044, 17.569475, 250.0], [10.861924, 18.843296, 266.0], [12.168043, 20.8893, 299.0], [12.866305, 21.72668, 316.0], [13.65807, 22.282133, 332.0], [14.400305, 22.698853, 349.0], [15.8982315, 22.88363, 382.0], [17.576395, 22.035717, 415.0], [18.408852, 20.963543, 432.0], [19.105469, 19.564869, 448.0], [19.572527, 18.15875, 465.0], [19.801897, 17.000835, 481.0], [19.89439, 15.973281, 498.0], [19.705275, 15.18243, 514.0], [19.376587, 14.38707, 531.0], [18.909208, 13.642436, 547.0], [18.303978, 13.040353, 564.0], [17.596306, 12.522503, 580.0], [16.763405, 12.250419, 597.0], [15.969489, 12.111576, 613.0], [15.137558, 12.113438, 630.0], [14.439554, 12.253909, 646.0], [13.731381, 12.632876, 663.0], [13.082398, 13.14627, 680.0], [12.475801, 13.66045, 696.0], [11.785728, 14.866887, 729.0], [11.176182, 16.13409, 762.0], [10.946965, 16.826534, 779.0], [10.801056, 17.608654, 795.0], [10.661736, 18.009163, 812.0]"}