{"Image number":38112,"Image shape":8,"Path":"[17.517471, 5.959448, 0.0], [17.097542, 5.586059, 119.0], [16.34979, 5.3056417, 136.0], [15.462982, 5.2130275, 152.0], [14.571368, 5.2135086, 169.0], [12.859795, 5.5396113, 202.0], [12.107854, 5.8215685, 218.0], [11.459198, 6.1467824, 235.0], [10.806184, 6.4267173, 251.0], [10.201277, 6.799686, 268.0], [9.637648, 7.175785, 285.0], [9.269428, 7.593199, 301.0], [8.943808, 8.059233, 318.0], [8.337377, 9.227389, 351.0], [8.151152, 9.835266, 367.0], [8.10624, 10.532052, 384.0], [8.106489, 11.322796, 400.0], [8.106489, 12.07593, 417.0], [8.24735, 12.72462, 433.0], [8.43327, 13.280941, 450.0], [8.665936, 13.699242, 467.0], [8.946585, 14.026648, 483.0], [9.179627, 14.259602, 500.0], [9.458906, 14.445386, 516.0], [9.924235, 14.6312895, 533.0], [10.440703, 14.772142, 549.0], [10.904173, 14.958266, 566.0], [11.508753, 15.0040455, 582.0], [12.258954, 15.191945, 599.0], [13.146346, 15.3786545, 615.0], [13.933237, 15.610941, 632.0], [14.632037, 15.703677, 648.0], [15.191331, 15.843958, 665.0], [15.608181, 15.98328, 681.0], [16.448328, 16.40392, 715.0], [16.870825, 16.6388, 731.0], [17.28638, 17.010303, 748.0], [18.08064, 17.758701, 781.0], [18.358143, 18.08336, 797.0], [18.59158, 18.316612, 814.0], [18.779505, 18.552322, 831.0], [18.962952, 18.828716, 847.0], [19.055315, 19.154652, 864.0], [19.101702, 19.527842, 880.0], [19.148546, 19.902843, 897.0], [19.100952, 20.323654, 913.0], [19.008, 20.83334, 930.0], [18.774137, 21.347145, 947.0], [18.491983, 21.86433, 963.0], [18.025742, 22.468803, 979.0], [17.467669, 23.025997, 996.0], [16.909966, 23.490538, 1012.0], [16.258657, 23.769114, 1029.0], [15.50778, 23.9568, 1045.0], [14.671801, 24.048864, 1062.0], [13.740788, 24.095219, 1079.0], [12.850987, 24.04805, 1095.0], [12.055264, 23.906591, 1112.0], [11.310417, 23.67213, 1128.0], [10.149421, 23.064743, 1161.0], [9.735599, 22.55473, 1178.0], [9.454995, 22.039017, 1194.0], [9.270622, 21.576048, 1211.0], [9.224601, 21.157722, 1228.0], [9.224626, 20.63976, 1244.0], [9.364871, 20.036955, 1261.0], [10.15864, 18.917664, 1294.0], [10.677299, 18.398872, 1310.0], [11.321196, 17.89441, 1327.0], [12.167836, 17.282528, 1343.0], [13.195604, 16.628736, 1360.0], [14.07427, 16.120314, 1376.0], [14.865556, 15.795001, 1393.0], [15.475018, 15.607723, 1409.0], [16.12466, 15.37518, 1426.0], [16.826042, 14.952881, 1443.0], [17.475378, 14.487902, 1459.0], [18.030796, 14.070889, 1476.0], [18.405207, 13.789889, 1492.0], [18.729782, 13.511219, 1509.0], [19.010395, 13.324201, 1525.0], [19.336231, 12.997447, 1542.0], [19.66326, 12.670195, 1558.0], [19.941515, 12.298034, 1575.0], [20.080383, 11.972366, 1591.0], [20.173506, 11.645608, 1608.0], [20.219921, 11.225044, 1625.0], [20.219633, 10.754409, 1641.0], [20.219633, 10.295107, 1658.0], [20.219633, 9.732603, 1674.0], [20.172922, 9.128101, 1691.0], [20.07977, 8.42964, 1707.0], [19.939503, 7.821711, 1726.0], [19.659798, 7.1698036, 1740.0], [18.772533, 6.376765, 1773.0], [18.116817, 6.1436777, 1790.0], [17.423466, 5.959227, 1807.0], [16.771095, 5.7726903, 1823.0], [16.252743, 5.5367537, 1840.0]"}