{"Image number":36090,"Image shape":0,"Path":"[20.452578, 6.3324165, 0.0], [19.70425, 6.3324165, 53.0], [18.493172, 6.3324165, 69.0], [16.804089, 6.6145697, 86.0], [15.042759, 7.2200975, 103.0], [13.226761, 8.433382, 119.0], [11.410748, 9.78503, 136.0], [9.682562, 11.374812, 152.0], [8.242428, 12.9568205, 169.0], [7.1248116, 14.916498, 185.0], [6.377065, 16.836609, 202.0], [6.008267, 18.60193, 219.0], [6.149869, 19.99359, 235.0], [6.618498, 21.165087, 252.0], [8.395319, 22.561443, 284.0], [9.693062, 22.743422, 301.0], [11.148333, 22.60188, 317.0], [12.831272, 22.225935, 334.0], [14.418785, 21.52085, 351.0], [17.161087, 19.23013, 384.0], [18.513662, 17.640444, 400.0], [19.713154, 15.97468, 417.0], [20.644857, 14.293963, 433.0], [21.1063, 12.76126, 450.0], [21.292068, 11.220317, 466.0], [21.151175, 9.779915, 483.0], [20.867952, 8.458645, 500.0], [18.959488, 6.7506595, 533.0], [16.01117, 6.566972, 566.0], [12.909934, 8.601014, 599.0], [11.867018, 9.655707, 615.0]"}