{"Image number":10535,"Image shape":2,"Path":"[12.288889, 8.05, 0.0], [13.219998, 7.584321, 28.0], [14.728104, 7.0813727, 45.0], [16.110338, 6.9367437, 61.0], [17.306194, 6.841404, 78.0], [19.050547, 6.8444443, 95.0], [20.320633, 7.582405, 111.0], [21.290207, 8.403024, 128.0], [21.889412, 9.4720745, 145.0], [22.090683, 10.477254, 161.0], [21.979156, 11.503571, 178.0], [21.283567, 12.571061, 195.0], [20.2486, 13.784075, 212.0], [18.892868, 14.966053, 228.0], [16.790539, 16.284836, 245.0], [14.488007, 17.493603, 262.0], [12.386704, 18.496248, 279.0], [10.578995, 19.347794, 295.0], [8.970216, 20.015772, 312.0], [8.0348, 20.365736, 328.0], [7.422838, 20.613085, 345.0], [7.0951233, 20.721996, 362.0], [7.22177, 20.314018, 395.0], [7.7229114, 19.515097, 412.0], [8.636011, 18.391344, 429.0], [9.799459, 17.228317, 445.0], [11.667507, 16.138468, 462.0], [13.521796, 15.660532, 479.0], [15.089569, 15.672223, 496.0], [16.5547, 16.476463, 512.0], [17.845291, 17.502556, 529.0], [19.06689, 18.615618, 546.0], [20.138042, 19.601616, 562.0], [21.036255, 20.539698, 579.0], [21.754059, 21.173208, 596.0], [22.345833, 21.51736, 612.0]"}