{"Image number":38001,"Image shape":7,"Path":"[6.4292846, 7.8709145, 0.0], [7.2261114, 8.199115, 69.0], [9.699118, 9.086032, 102.0], [11.139567, 9.644374, 118.0], [12.5904255, 10.25337, 135.0], [14.123852, 10.951266, 151.0], [15.609565, 11.74166, 168.0], [17.033915, 12.454258, 184.0], [18.130978, 13.097064, 201.0], [19.712936, 14.075244, 234.0], [20.130867, 14.49553, 251.0], [20.36066, 14.772354, 267.0], [20.406326, 15.0525875, 284.0], [20.312449, 15.331388, 300.0], [19.98553, 15.751375, 317.0], [19.469976, 16.31396, 333.0], [18.770187, 16.966879, 350.0], [18.067934, 17.764353, 367.0], [17.27613, 18.60267, 383.0], [16.47543, 19.736814, 400.0], [15.6905365, 20.987288, 416.0], [14.844589, 22.446535, 433.0]"}