{"Image number":10583,"Image shape":2,"Path":"[12.833334, 9.994444, 0.0], [13.117807, 9.7099695, 17.0], [14.043619, 8.8742075, 33.0], [14.92724, 8.063005, 50.0], [15.450294, 7.7442484, 67.0], [16.573013, 7.24418, 83.0], [17.823202, 7.050839, 100.0], [19.089428, 7.3803177, 117.0], [20.207401, 8.154186, 133.0], [20.93006, 9.255649, 150.0], [20.922222, 10.2973385, 167.0], [20.60635, 11.211306, 184.0], [19.705755, 12.27511, 200.0], [18.301647, 13.180383, 217.0], [16.940536, 14.009012, 234.0], [15.499903, 14.759105, 250.0], [14.106436, 15.522396, 267.0], [12.696745, 16.335852, 284.0], [11.348457, 17.109612, 300.0], [9.811176, 18.005709, 317.0], [8.476097, 18.751608, 334.0], [7.3347163, 19.370617, 351.0], [6.4848266, 19.7756, 367.0], [6.125846, 19.935205, 384.0], [5.9530487, 19.987873, 401.0], [5.686754, 19.988888, 417.0], [5.613323, 19.552109, 434.0], [5.6794515, 18.849394, 451.0], [6.168097, 17.934952, 467.0], [7.4824066, 17.172297, 484.0], [9.0463705, 16.785616, 501.0], [10.532734, 16.987131, 518.0], [11.876659, 17.604023, 534.0], [13.0177, 18.394197, 551.0], [14.223677, 19.185362, 568.0], [15.513088, 19.891348, 584.0], [16.811506, 20.42794, 601.0], [18.191874, 20.803524, 618.0], [19.326824, 21.12195, 634.0], [20.467657, 21.279638, 651.0], [21.386826, 21.345564, 668.0], [22.182579, 21.30227, 684.0], [22.987127, 20.93977, 701.0], [23.71439, 20.390388, 718.0], [24.074215, 19.914108, 735.0], [24.82999, 18.902075, 751.0], [25.199999, 18.452778, 768.0]"}