{"Image number":30601,"Image shape":8,"Path":"[19.61165, 5.2359138, 0.0], [19.286196, 5.313631, 64.0], [18.944298, 5.3524895, 100.0], [18.761204, 5.3913484, 118.0], [18.500107, 5.3913484, 136.0], [18.110699, 5.3913484, 153.0], [17.673624, 5.3913484, 171.0], [17.403301, 5.3913484, 189.0], [17.230852, 5.3913484, 207.0], [17.031126, 5.3913484, 224.0], [16.834951, 5.3913484, 242.0], [16.590946, 5.3913484, 260.0], [16.363762, 5.4254546, 278.0], [16.08554, 5.4302063, 295.0], [15.709912, 5.5753384, 313.0], [15.278476, 5.7701235, 331.0], [14.851007, 6.0671377, 349.0], [14.4591675, 6.378239, 367.0], [14.065911, 6.7838693, 384.0], [13.752792, 7.173619, 402.0], [13.362457, 7.461644, 420.0], [12.96873, 7.8804398, 437.0], [12.578791, 8.336003, 455.0], [12.240063, 8.793247, 473.0], [11.993043, 9.333459, 491.0], [11.761608, 9.887396, 509.0], [11.619404, 10.411928, 526.0], [11.531222, 10.889719, 544.0], [11.495146, 11.3105955, 562.0], [11.495146, 11.821818, 580.0], [11.495146, 12.350279, 597.0], [11.597327, 12.911431, 615.0], [11.899484, 13.487176, 633.0], [12.314351, 14.1276865, 651.0], [12.705849, 14.602305, 668.0], [13.056132, 15.015163, 686.0], [13.451584, 15.440472, 704.0], [13.917562, 15.827006, 722.0], [14.234445, 16.214882, 739.0], [14.626181, 16.55748, 757.0], [14.866966, 16.960953, 775.0], [15.126966, 17.312332, 793.0], [15.286676, 17.60318, 810.0], [15.41742, 17.942514, 828.0], [15.443922, 18.242788, 846.0], [15.403584, 18.55617, 864.0], [15.2542305, 19.087347, 882.0], [14.782097, 19.67347, 899.0], [14.280694, 20.261776, 917.0], [13.800563, 20.765162, 935.0], [13.149174, 21.206173, 952.0], [12.648559, 21.51319, 970.0], [12.237664, 21.765446, 988.0], [11.748737, 22.000504, 1006.0], [11.28592, 22.19579, 1024.0], [10.82696, 22.392607, 1041.0], [10.375303, 22.47618, 1059.0], [9.852385, 22.605677, 1077.0], [9.234188, 22.65316, 1095.0], [8.7683525, 22.67958, 1112.0], [8.386119, 22.722252, 1130.0], [8.075166, 22.722252, 1148.0], [7.7766285, 22.722252, 1166.0], [7.5128155, 22.595089, 1183.0], [7.253089, 22.465149, 1201.0], [7.015232, 22.17681, 1237.0], [6.885055, 21.981422, 1255.0], [6.873787, 21.708622, 1272.0], [6.9286537, 21.336895, 1290.0], [7.223726, 20.700758, 1308.0], [7.594413, 19.966137, 1326.0], [7.925997, 19.411942, 1343.0], [8.186726, 19.003012, 1362.0], [8.453513, 18.566368, 1379.0], [8.983299, 18.148865, 1397.0], [9.550585, 17.615524, 1415.0], [10.075313, 17.024845, 1433.0], [10.565043, 16.508224, 1450.0], [11.009709, 16.058016, 1468.0], [11.598486, 15.565038, 1485.0], [12.121098, 15.239688, 1503.0], [12.709179, 14.812453, 1521.0], [13.385096, 14.334004, 1539.0], [14.189263, 13.72699, 1556.0], [14.855287, 13.345839, 1574.0], [15.317543, 13.006878, 1592.0], [15.682945, 12.702069, 1610.0], [16.11462, 12.41336, 1627.0], [16.506794, 12.138486, 1645.0], [16.978235, 11.8765135, 1663.0], [17.325905, 11.617987, 1681.0], [17.667856, 11.299892, 1698.0], [17.952606, 11.012254, 1716.0], [18.216122, 10.709907, 1734.0], [18.357588, 10.321577, 1752.0], [18.58078, 9.954552, 1770.0], [18.810839, 9.558606, 1787.0], [18.949188, 9.2245865, 1805.0], [19.125154, 8.858001, 1823.0], [19.321253, 8.498302, 1841.0], [19.45726, 8.18726, 1858.0], [19.587776, 7.879733, 1876.0], [19.61165, 7.6209097, 1894.0], [19.61165, 7.4250555, 1912.0], [19.61165, 7.228166, 1930.0], [19.61165, 6.994928, 1947.0], [19.547134, 6.7388625, 1965.0], [19.393776, 6.3812423, 1983.0], [19.417475, 6.1961756, 2018.0]"}