{"Image number":35412,"Image shape":4,"Path":"[11.36772, 8.10402, 0.0], [11.321131, 8.383746, 35.0], [11.273995, 9.421453, 52.0], [11.086569, 11.102339, 68.0], [10.805946, 13.064809, 85.0], [10.574163, 14.73534, 102.0], [10.388613, 16.081587, 118.0], [10.342742, 17.148993, 135.0], [10.5297165, 17.756544, 151.0], [10.85657, 18.035461, 168.0], [11.563573, 18.081575, 184.0], [12.583301, 17.893684, 201.0], [13.98427, 17.285103, 217.0], [15.442521, 16.342043, 234.0], [16.736633, 15.086407, 250.0], [17.895689, 13.691944, 267.0], [18.869009, 12.15934, 283.0], [19.620077, 10.655973, 300.0], [19.987616, 9.359537, 316.0], [20.126755, 8.3816395, 333.0], [20.126455, 7.8195972, 350.0], [19.427195, 8.197734, 383.0], [18.90886, 9.282689, 399.0], [18.447008, 10.95599, 416.0], [17.981657, 12.959946, 432.0], [17.607166, 14.929007, 449.0], [17.423878, 16.919891, 465.0], [17.330086, 18.84798, 482.0], [17.425615, 20.7655, 498.0], [17.571598, 22.507248, 515.0], [17.661932, 23.494043, 532.0]"}