{"Image number":39316,"Image shape":7,"Path":"[8.386023, 16.682308, 0.0], [8.057858, 16.682308, 201.0], [7.3539033, 16.635208, 218.0], [6.7965775, 16.447393, 235.0], [6.3782372, 16.166502, 251.0], [6.2883863, 15.744797, 268.0], [6.1954, 15.278975, 284.0], [6.1493216, 14.766124, 301.0], [6.14975, 14.25531, 317.0], [6.14975, 13.787999, 334.0], [6.1969748, 13.366485, 350.0], [6.2905364, 13.042292, 367.0], [6.6173706, 12.71778, 383.0], [7.089023, 12.530028, 400.0], [7.7849936, 12.298378, 416.0], [8.582833, 12.20545, 434.0], [9.459414, 12.113245, 449.0], [10.395773, 12.113438, 466.0], [11.42034, 12.113438, 482.0], [12.543976, 12.113438, 499.0], [13.610655, 12.113438, 516.0], [14.5952835, 12.160674, 532.0], [15.518147, 12.253702, 549.0], [16.36429, 12.300565, 565.0], [17.108234, 12.347173, 582.0], [17.846136, 12.346543, 599.0], [18.553516, 12.346543, 615.0], [19.243021, 12.253067, 631.0], [19.847557, 12.159961, 648.0], [20.965637, 12.020099, 681.0], [21.48054, 11.879514, 698.0], [21.943546, 11.6938, 714.0], [22.549656, 11.460512, 747.0], [22.87603, 11.414002, 764.0], [23.576433, 11.320536, 797.0], [23.807419, 11.320878, 813.0], [24.03996, 11.227622, 880.0], [22.915695, 12.774374, 1012.0], [21.839504, 14.272968, 1029.0], [20.719046, 16.097483, 1045.0], [19.829956, 17.691732, 1062.0], [18.907036, 19.307285, 1078.0], [18.069086, 20.798227, 1095.0], [17.31996, 22.25185, 1111.0], [16.67277, 23.59488, 1128.0], [16.165148, 24.750587, 1144.0], [15.74543, 25.730679, 1161.0], [15.559858, 26.382563, 1177.0], [15.420331, 26.800999, 1194.0], [15.327372, 27.07965, 1227.0], [15.094454, 27.032202, 1392.0], [15.235725, 26.656998, 1459.0], [15.749766, 25.534477, 1475.0], [16.358438, 24.457956, 1492.0], [16.869951, 23.57407, 1508.0], [17.006157, 23.300177, 1525.0], [17.285614, 23.115301, 1558.0], [17.801682, 22.975492, 1591.0], [18.125568, 22.976162, 1608.0], [18.35821, 22.976162, 1624.0], [18.589016, 23.023163, 1674.0], [17.92795, 23.258833, 1723.0], [17.143372, 23.396, 1740.0], [16.291462, 23.490631, 1756.0], [15.22463, 23.488995, 1773.0], [14.545448, 23.488995, 1790.0]"}