{"Image number":37236,"Image shape":6,"Path":"[13.371048, 4.0479803, 0.0], [13.371048, 4.5637646, 85.0], [13.371048, 5.175574, 102.0], [13.371048, 5.8268123, 118.0], [13.324298, 6.287403, 135.0], [13.23114, 6.6126328, 151.0], [13.083535, 7.055683, 168.0], [12.993267, 7.2775164, 184.0], [14.535773, 4.1412225, 0.0], [14.348541, 4.657998, 53.0], [14.208225, 5.3134007, 70.0], [14.069325, 6.055668, 86.0], [13.649277, 7.362001, 119.0], [13.270247, 8.119275, 136.0], [12.851917, 8.861792, 152.0], [12.530348, 9.553773, 169.0], [12.295967, 10.164543, 186.0], [12.064398, 10.719981, 202.0], [11.831909, 11.325301, 219.0], [11.550805, 11.886877, 235.0], [11.222444, 12.401828, 252.0], [10.9458065, 12.957846, 268.0], [10.666315, 13.423115, 285.0], [10.481008, 13.841845, 301.0], [10.388398, 14.168106, 318.0], [10.294432, 14.497214, 334.0], [10.202545, 14.819037, 351.0], [10.156143, 15.239418, 368.0], [10.109561, 15.612066, 384.0], [10.109817, 15.983265, 401.0], [10.109817, 16.359756, 417.0], [10.109817, 16.778727, 434.0], [10.15654, 17.056084, 451.0], [10.249998, 17.383076, 467.0], [10.622467, 17.987907, 500.0], [10.856386, 18.268805, 517.0], [11.233719, 18.50414, 533.0], [11.930352, 18.781279, 566.0], [12.208526, 19.015203, 583.0], [12.535538, 19.154556, 599.0], [12.861028, 19.294147, 616.0], [13.235634, 19.387423, 632.0], [13.607621, 19.480484, 649.0], [13.932142, 19.620115, 682.0], [14.164044, 19.713009, 715.0], [14.538187, 19.85315, 748.0], [14.910702, 19.852545, 781.0], [15.283801, 19.852545, 814.0], [15.471204, 19.80501, 831.0], [15.702923, 19.758818, 847.0], [15.935805, 19.712208, 864.0], [16.449636, 19.571579, 897.0], [16.775988, 19.525635, 914.0], [17.056597, 19.478739, 930.0], [17.335814, 19.384768, 947.0], [17.565485, 19.198711, 963.0], [17.751469, 18.965431, 980.0], [17.984976, 18.732021, 996.0], [18.311874, 18.498825, 1013.0], [18.638836, 18.265121, 1029.0], [18.918182, 18.031784, 1046.0], [19.197542, 17.893023, 1062.0], [19.429323, 17.659649, 1079.0], [19.662828, 17.473059, 1095.0], [20.22007, 16.821587, 1128.0], [20.546371, 16.495209, 1145.0], [20.82622, 16.261942, 1162.0], [21.058973, 15.981886, 1195.0], [21.058235, 15.747593, 1228.0], [21.104826, 15.468508, 1294.0], [21.199663, 14.855781, 1327.0], [21.245483, 14.38895, 1344.0], [21.291756, 13.973114, 1360.0], [21.291182, 13.650059, 1377.0], [21.291182, 13.184998, 1410.0], [21.244297, 12.998065, 1426.0], [20.963486, 12.718332, 1459.0], [20.682327, 12.625203, 1476.0], [20.2616, 12.532, 1493.0], [19.564539, 12.533028, 1526.0], [19.189978, 12.627445, 1542.0], [18.626461, 12.863189, 1559.0], [18.071646, 13.23561, 1575.0], [17.51727, 13.652084, 1592.0], [16.905605, 14.075827, 1608.0], [16.347136, 14.448236, 1625.0], [15.790275, 14.866638, 1641.0], [15.277871, 15.380245, 1658.0], [14.71645, 15.989149, 1674.0], [14.297128, 16.691813, 1691.0], [14.018356, 17.393978, 1708.0], [13.883151, 18.223066, 1724.0], [13.743182, 19.016644, 1741.0], [13.650093, 19.763231, 1757.0]"}