{"Image number":10842,"Image shape":1,"Path":"[15.75, 6.572222, 0.0], [15.64664, 6.882303, 19.0], [15.468393, 7.949391, 36.0], [15.325433, 9.000816, 53.0], [15.216253, 9.711031, 70.0], [14.879346, 10.825066, 86.0], [14.596346, 11.92573, 103.0], [14.388889, 12.988889, 120.0], [14.171423, 14.041296, 136.0], [13.902627, 15.027208, 153.0], [13.679388, 15.8876, 170.0], [13.504038, 16.748838, 187.0], [13.337451, 17.532639, 203.0], [13.233079, 17.979303, 220.0], [13.222221, 18.604141, 237.0], [13.279871, 19.12648, 254.0], [13.513248, 19.661432, 270.0], [13.840607, 20.331213, 287.0], [14.155556, 20.844444, 304.0], [14.411762, 21.317968, 320.0], [14.784315, 21.859343, 337.0], [15.090285, 22.272, 354.0], [15.410336, 22.686003, 370.0], [15.684889, 23.12804, 387.0], [15.769444, 23.333332, 404.0]"}