{"Image number":35320,"Image shape":0,"Path":"[16.259565, 6.7520065, 0.0], [15.933444, 6.9851117, 36.0], [14.896513, 7.8340936, 52.0], [13.351049, 9.430031, 69.0], [11.864941, 11.623031, 85.0], [10.655649, 13.721479, 102.0], [10.009325, 15.772889, 119.0], [9.594607, 17.579952, 135.0], [9.738426, 19.21528, 152.0], [10.205396, 20.511969, 168.0], [11.149338, 21.404888, 185.0], [12.401602, 21.860561, 201.0], [13.892931, 21.857254, 218.0], [15.472374, 21.436388, 234.0], [16.881783, 20.588545, 251.0], [18.170826, 19.24532, 268.0], [19.163713, 17.304474, 284.0], [19.902061, 15.024361, 301.0], [20.224655, 12.730963, 317.0], [20.453003, 10.711069, 334.0], [20.358307, 8.969579, 350.0], [19.983711, 7.674003, 367.0], [18.066948, 6.7500863, 400.0], [16.622627, 6.98667, 416.0], [14.975052, 7.506315, 433.0], [13.432047, 8.381462, 449.0], [12.579898, 8.925479, 466.0]"}