{"Image number":38337,"Image shape":1,"Path":"[13.743761, 6.612143, 0.0], [13.697171, 6.845248, 52.0], [13.649913, 7.7910776, 69.0], [13.745226, 9.198312, 85.0], [13.932356, 11.205119, 102.0], [14.304807, 13.290102, 118.0], [14.778175, 15.800051, 135.0], [15.289173, 18.164576, 152.0], [15.753273, 20.347849, 168.0], [16.451176, 23.605524, 201.0], [16.58863, 24.72467, 218.0], [16.632948, 25.599659, 234.0], [16.434614, 26.279251, 251.0], [16.249039, 26.682941, 267.0]"}