{"Image number":38753,"Image shape":2,"Path":"[12.672214, 4.0946016, 0.0], [13.046195, 4.328251, 70.0], [13.700102, 4.51503, 87.0], [15.557631, 5.0726113, 120.0], [16.634968, 5.400812, 136.0], [17.660875, 5.9614334, 153.0], [19.292002, 7.175229, 186.0], [19.852829, 7.784075, 202.0], [20.128063, 8.5279045, 219.0], [20.173552, 9.419049, 235.0], [19.938168, 10.490591, 252.0], [19.469324, 11.753669, 269.0], [18.67102, 13.111556, 285.0], [17.64623, 14.506136, 302.0], [16.341478, 15.948852, 318.0], [14.987604, 17.349558, 335.0], [13.496015, 18.559189, 351.0], [12.016863, 19.38808, 368.0], [10.84911, 19.948732, 384.0], [9.963784, 20.227495, 401.0], [8.663839, 20.458752, 434.0], [8.147984, 20.458622, 450.0], [7.636681, 20.458622, 467.0], [7.1241794, 20.270706, 484.0], [6.7991104, 19.848831, 500.0], [6.660536, 19.19194, 517.0], [6.662229, 18.49351, 533.0], [6.9444942, 17.700233, 550.0], [7.505503, 16.90879, 566.0], [8.435021, 16.261032, 583.0], [9.459166, 15.609007, 599.0], [11.899168, 14.859866, 633.0], [13.239101, 14.770302, 649.0], [14.6462145, 14.770842, 666.0], [15.8496065, 14.911785, 682.0], [16.872122, 15.145382, 699.0], [17.754673, 15.612265, 715.0], [18.55159, 16.223106, 732.0], [19.386599, 16.920057, 748.0], [20.081509, 17.429453, 765.0], [20.739086, 17.852325, 781.0], [21.247063, 18.128914, 798.0], [21.619167, 18.361835, 815.0]"}