{"Image number":39670,"Image shape":4,"Path":"[11.787022, 8.7100935, 0.0], [11.740433, 8.9432, 37.0], [11.599454, 9.789653, 53.0], [11.460408, 11.232703, 70.0], [11.225136, 12.926299, 86.0], [10.992011, 14.322622, 103.0], [10.8538685, 15.38745, 119.0], [10.855241, 16.125597, 136.0], [10.996429, 16.593805, 152.0], [11.415019, 16.869265, 169.0], [12.163035, 16.868792, 185.0], [13.19796, 16.821568, 202.0], [14.34959, 16.589031, 219.0], [15.482008, 16.164053, 235.0], [16.496689, 15.46731, 252.0], [17.155611, 14.52222, 268.0], [17.612703, 13.32024, 285.0], [17.84586, 12.007509, 301.0], [18.07835, 10.657678, 318.0], [18.264061, 9.495361, 334.0], [18.403618, 8.704663, 351.0], [18.497158, 8.284564, 368.0], [18.259975, 8.763141, 434.0], [17.88899, 9.692119, 450.0], [17.330475, 10.949347, 467.0], [16.764915, 12.4116, 483.0], [16.25771, 13.937239, 500.0], [15.839891, 15.42487, 516.0], [15.466032, 16.921505, 533.0], [15.139265, 18.4172, 549.0], [14.815059, 19.900309, 566.0], [14.6277485, 21.212988, 582.0], [14.53564, 22.32507, 599.0], [14.488943, 23.401304, 616.0], [14.442405, 24.285189, 632.0]"}