{"Image number":36842,"Image shape":0,"Path":"[17.703827, 6.3324165, 0.0], [16.998951, 6.3324165, 53.0], [16.06681, 6.3793583, 69.0], [14.717982, 6.472566, 86.0], [13.412438, 6.7531214, 102.0], [12.155716, 7.2664766, 119.0], [10.899009, 8.199352, 135.0], [9.827541, 9.552734, 152.0], [8.89066, 10.959681, 168.0], [8.478031, 12.537452, 185.0], [8.244966, 14.314445, 202.0], [8.48241, 16.431482, 218.0], [9.185915, 18.47704, 235.0], [10.409547, 20.160255, 251.0], [13.545728, 21.680754, 284.0], [15.317367, 21.861067, 301.0], [17.385847, 21.759296, 317.0], [18.802782, 21.715002, 334.0], [19.490383, 21.622128, 350.0], [20.794422, 20.35196, 367.0], [22.058, 19.134338, 383.0], [23.316126, 17.92022, 400.0], [23.294508, 16.241959, 417.0], [23.011385, 13.807296, 433.0], [22.451042, 10.828699, 450.0], [21.467613, 9.159279, 466.0], [20.350416, 7.81343, 483.0], [18.993988, 6.976211, 499.0], [15.828393, 6.800375, 532.0], [14.422918, 7.3855195, 549.0], [13.707417, 7.9448123, 566.0]"}