{"Image number":38624,"Image shape":5,"Path":"[21.198004, 7.7776723, 0.0], [20.869736, 7.7310505, 53.0], [20.166538, 7.6839952, 69.0], [19.188858, 7.5906334, 86.0], [18.105677, 7.5438075, 102.0], [16.952206, 7.4976974, 119.0], [15.6431265, 7.403931, 136.0], [14.5700865, 7.357547, 152.0], [13.601504, 7.3113413, 169.0], [12.94497, 7.264354, 185.0], [12.433078, 7.264838, 202.0], [12.299768, 7.592526, 268.0], [12.393309, 8.24829, 284.0], [12.486273, 9.039984, 301.0], [12.580149, 9.980013, 317.0], [12.53176, 10.867694, 334.0], [12.390747, 12.036302, 350.0], [12.250618, 13.204843, 367.0], [12.111549, 14.364557, 384.0], [12.019197, 15.056339, 400.0], [11.972833, 15.522221, 417.0], [11.973376, 15.751023, 450.0], [12.206323, 15.703265, 516.0], [12.863319, 15.6093445, 533.0], [13.51118, 15.423433, 549.0], [14.16866, 15.329496, 566.0], [14.5395565, 15.236107, 582.0], [14.958244, 15.331001, 599.0], [15.285448, 15.519212, 615.0], [15.516991, 15.847118, 632.0], [15.748888, 16.312944, 648.0], [15.980922, 16.870928, 665.0], [16.167894, 17.620762, 681.0], [16.260551, 18.509897, 698.0], [16.259565, 19.442858, 715.0], [16.212715, 20.417526, 731.0], [16.165703, 21.263529, 748.0], [16.072145, 22.099953, 764.0], [15.8854885, 22.794807, 781.0], [15.699523, 23.445793, 797.0], [15.182759, 24.430191, 830.0], [14.808577, 24.753658, 847.0], [14.392197, 24.935944, 863.0], [14.01729, 25.028994, 880.0], [13.271978, 25.026754, 913.0], [12.762317, 24.98059, 929.0], [12.252272, 24.794153, 946.0], [11.737259, 24.559837, 963.0], [11.131813, 24.186487, 979.0], [10.571507, 23.765572, 996.0], [9.642995, 22.788435, 1029.0], [9.177269, 22.182602, 1045.0], [8.662627, 21.527176, 1062.0]"}