{"Image number":38094,"Image shape":2,"Path":"[9.923461, 5.7263412, 0.0], [10.204324, 5.7263412, 101.0], [10.96042, 5.6789694, 117.0], [11.660085, 5.632243, 134.0], [12.308884, 5.538515, 150.0], [12.865135, 5.4926887, 167.0], [13.470471, 5.446133, 183.0], [13.843957, 5.4466147, 200.0], [14.116936, 5.4466147, 216.0], [14.541504, 5.588389, 233.0], [15.009269, 5.6812425, 250.0], [15.379771, 5.9162016, 266.0], [15.657612, 6.1490197, 283.0], [15.748446, 6.382437, 299.0], [15.794315, 6.757109, 316.0], [15.8409815, 7.1780524, 332.0], [15.887435, 7.643604, 349.0], [15.934283, 8.112425, 365.0], [15.981098, 8.6762905, 382.0], [15.980032, 9.276414, 398.0], [15.980032, 9.791552, 415.0], [15.980032, 10.35359, 432.0], [15.932641, 10.910936, 448.0], [15.933444, 11.469619, 465.0], [15.885966, 12.078397, 481.0], [15.839499, 12.588084, 498.0], [15.697798, 13.197441, 514.0], [15.417124, 13.658342, 531.0], [14.947849, 14.125379, 547.0], [14.527831, 14.640692, 564.0], [14.205023, 15.151088, 580.0], [14.068658, 15.661141, 597.0], [13.880827, 16.129612, 616.0], [13.366114, 17.249521, 647.0], [13.040982, 17.855164, 663.0], [12.666095, 18.274315, 680.0], [12.483113, 18.835112, 696.0], [12.296519, 19.20582, 713.0], [12.20446, 19.580276, 729.0], [12.158812, 20.0007, 746.0], [12.112337, 20.514135, 762.0], [12.113144, 21.026316, 779.0], [12.113144, 21.585787, 795.0], [12.160621, 22.290169, 813.0], [12.159733, 22.89437, 829.0], [12.207053, 23.309092, 845.0], [12.300707, 23.58586, 862.0], [12.580612, 23.863544, 878.0], [13.049524, 24.050291, 895.0], [13.513583, 24.142246, 911.0], [14.405034, 23.951593, 944.0], [15.010697, 23.76594, 961.0], [15.514367, 23.535515, 977.0], [15.986492, 23.441082, 994.0], [16.547035, 23.111397, 1011.0], [17.149784, 22.73996, 1027.0], [17.71487, 22.315178, 1044.0], [18.273985, 22.133282, 1060.0], [18.92847, 21.803963, 1077.0], [19.389696, 21.525703, 1093.0], [21.757072, 19.992409, 0.0], [8.758736, 6.612143, 0.0], [9.086983, 6.5180507, 83.0], [9.832896, 6.425331, 99.0], [10.579414, 6.2382474, 116.0], [11.287149, 6.0967875, 132.0], [11.745595, 5.957898, 149.0], [12.490643, 5.912827, 182.0], [12.8629875, 5.9600005, 198.0], [13.232676, 6.0062437, 215.0], [13.604523, 6.1461315, 231.0], [14.208738, 6.79741, 264.0], [14.441528, 7.169887, 281.0], [14.676121, 7.4987574, 298.0], [14.862984, 7.826197, 314.0], [15.048778, 8.151561, 331.0], [15.236138, 8.526671, 347.0], [15.423778, 8.9495325, 364.0], [15.562659, 9.368582, 380.0], [15.655134, 9.787893, 397.0], [15.794478, 10.2512665, 413.0], [15.8408785, 10.768164, 430.0], [15.88751, 11.281459, 446.0], [15.886856, 11.743929, 463.0], [15.886856, 12.211744, 480.0], [15.839878, 12.629764, 496.0], [15.7931385, 13.145035, 513.0], [15.700241, 13.606602, 529.0], [15.607153, 14.119075, 546.0], [15.419592, 14.728686, 562.0], [15.089324, 15.340548, 579.0], [14.716469, 15.992907, 595.0], [14.43728, 16.60059, 612.0], [14.157534, 17.159584, 628.0], [14.021794, 17.572609, 645.0], [13.836289, 17.989164, 662.0], [13.226391, 18.973734, 695.0], [12.947754, 19.534187, 711.0], [12.669273, 20.04442, 728.0], [12.435821, 20.559452, 744.0], [12.297853, 20.929228, 761.0], [12.20557, 21.253817, 777.0], [12.15927, 21.533688, 794.0], [12.159733, 21.859514, 810.0], [12.159733, 22.090776, 827.0], [12.159733, 22.32429, 844.0], [12.582544, 22.838406, 893.0], [13.006145, 22.88379, 910.0], [13.37484, 22.88292, 926.0], [13.747408, 22.88292, 943.0], [14.074346, 22.835659, 959.0], [14.541862, 22.600145, 976.0], [15.1022, 22.414253, 992.0], [15.518493, 22.134079, 1009.0], [15.938564, 21.99541, 1026.0], [16.359926, 21.854858, 1042.0], [16.9676, 21.62061, 1059.0], [17.473572, 21.389818, 1075.0], [18.034073, 21.203184, 1092.0], [18.595715, 20.968662, 1108.0], [19.154709, 20.641241, 1125.0], [19.666332, 20.267942, 1141.0], [20.184141, 19.891088, 1158.0], [20.783016, 19.617449, 1174.0], [21.251032, 19.477642, 1191.0], [21.525808, 19.432673, 1207.0], [22.03541, 19.293491, 1240.0], [22.272263, 19.198765, 1257.0], [22.55039, 19.059332, 1290.0]"}