{"Image number":38746,"Image shape":0,"Path":"[14.72213, 5.5398564, 0.0], [13.831933, 5.4463196, 102.0], [12.797637, 5.3993406, 119.0], [11.623962, 5.4950995, 135.0], [10.939509, 5.8709598, 152.0], [10.384609, 6.430404, 168.0], [9.968979, 7.313721, 185.0], [9.6879835, 8.393457, 201.0], [9.36348, 11.430123, 234.0], [9.45829, 13.199413, 251.0], [9.690538, 14.957502, 268.0], [10.018854, 16.647089, 284.0], [10.437935, 18.275194, 301.0], [10.950975, 19.719894, 317.0], [11.559331, 21.0294, 334.0], [12.066784, 22.137482, 350.0], [12.579159, 23.116264, 367.0], [13.098663, 23.8251, 383.0], [13.603997, 24.328182, 400.0], [14.728308, 24.702095, 433.0], [15.330333, 24.560694, 450.0], [17.050348, 23.35024, 483.0], [17.94391, 22.080206, 499.0], [18.58945, 20.597494, 516.0], [19.29169, 18.01435, 549.0], [19.334745, 16.861248, 565.0], [19.147738, 15.607672, 582.0], [18.913958, 14.251145, 598.0], [18.586147, 12.847065, 615.0], [17.46433, 10.141228, 648.0], [16.722012, 9.031271, 665.0], [15.926272, 8.001492, 681.0], [15.046623, 7.123345, 698.0], [14.206258, 6.2824, 714.0], [13.320025, 5.582976, 731.0], [12.520078, 4.9709396, 747.0]"}