{"Image number":30116,"Image shape":8,"Path":"[15.53398, 12.813327, 0.0], [15.670701, 12.598806, 140.0], [15.861613, 12.465247, 158.0], [16.102064, 12.212141, 176.0], [16.466057, 11.770577, 194.0], [16.912622, 11.258988, 211.0], [17.731783, 10.327784, 229.0], [18.207645, 9.793914, 247.0], [18.549318, 9.366462, 265.0], [18.828768, 9.003212, 282.0], [19.016085, 8.711723, 300.0], [19.150816, 8.389915, 318.0], [19.281708, 8.111135, 336.0], [19.339806, 7.849588, 353.0], [19.378641, 7.5501103, 371.0], [19.277885, 7.1368423, 389.0], [19.071012, 6.7171183, 407.0], [18.939768, 6.3801613, 424.0], [18.80986, 5.976622, 442.0], [18.562168, 5.6621833, 460.0], [18.224285, 5.442837, 478.0], [17.81924, 5.4302063, 496.0], [17.187347, 5.5504584, 514.0], [16.58874, 5.805191, 531.0], [16.012201, 6.131513, 549.0], [15.3417015, 6.497868, 567.0], [14.553666, 6.960914, 584.0], [13.830763, 7.4155445, 602.0], [13.399762, 7.746081, 620.0], [13.015762, 8.144246, 638.0], [12.626348, 8.591354, 656.0], [12.324802, 9.048468, 673.0], [12.064508, 9.465398, 691.0], [11.8640785, 9.976652, 709.0], [11.7035475, 10.547477, 726.0], [11.582317, 11.065524, 744.0], [11.512728, 11.503164, 762.0], [11.495146, 11.89466, 780.0], [11.495146, 12.100077, 797.0], [11.495146, 12.407423, 815.0], [11.495146, 12.700874, 833.0], [11.64687, 13.11334, 851.0], [11.777059, 13.401962, 869.0], [12.011434, 13.679655, 886.0], [12.232997, 13.901359, 904.0], [12.537065, 14.042743, 922.0], [12.884247, 14.214629, 940.0], [13.368594, 14.2122345, 957.0], [13.8513155, 14.2122345, 975.0], [14.426289, 14.2122345, 993.0], [15.012333, 14.170927, 1011.0], [15.53425, 14.066482, 1028.0], [15.996798, 14.056801, 1046.0], [16.376167, 14.017942, 1064.0], [16.760332, 14.017942, 1082.0], [17.272137, 14.017942, 1099.0], [17.791277, 14.017942, 1117.0], [18.179302, 14.088796, 1135.0], [18.561995, 14.211864, 1153.0], [18.784332, 14.296718, 1170.0], [18.974007, 14.434525, 1188.0], [19.109428, 14.642309, 1206.0], [19.240456, 14.915735, 1224.0], [19.335882, 15.202921, 1241.0], [19.300972, 15.535275, 1259.0], [19.255451, 15.968835, 1277.0], [19.073555, 16.596283, 1295.0], [18.87976, 17.084778, 1313.0], [18.584671, 17.605034, 1330.0], [18.216726, 18.170786, 1348.0], [17.918638, 18.688354, 1366.0], [17.554419, 19.21067, 1384.0], [17.201729, 19.693804, 1402.0], [16.877888, 20.1091, 1419.0], [16.549583, 20.409338, 1437.0], [16.182436, 20.709438, 1455.0], [15.698515, 21.007877, 1472.0], [15.17473, 21.324577, 1490.0], [14.523501, 21.57451, 1508.0], [13.997102, 21.732328, 1526.0], [13.493764, 21.918882, 1543.0], [13.134216, 21.989082, 1561.0], [12.713737, 22.054005, 1579.0], [12.317141, 22.061657, 1597.0], [11.755015, 22.14573, 1614.0], [11.265368, 22.205065, 1632.0], [10.848709, 22.21709, 1650.0], [10.389385, 22.123016, 1668.0], [9.860671, 21.992804, 1686.0], [9.4225645, 21.840765, 1703.0], [9.029418, 21.644073, 1721.0], [8.677889, 21.338099, 1739.0], [8.411118, 20.972954, 1757.0], [8.250052, 20.597336, 1774.0], [8.194175, 20.203238, 1792.0], [8.244079, 19.68584, 1810.0], [8.374099, 19.063137, 1828.0], [8.624346, 18.441835, 1845.0], [8.97455, 17.832901, 1863.0], [9.41555, 17.079966, 1881.0], [9.995499, 16.528824, 1899.0], [10.556495, 15.928627, 1916.0], [11.221626, 15.317328, 1934.0], [11.998882, 14.766807, 1952.0], [12.810421, 14.325979, 1970.0], [13.657287, 13.860338, 1987.0], [14.335485, 13.575749, 2005.0], [15.060759, 13.263933, 2023.0], [15.777052, 12.953589, 2041.0], [15.961164, 12.891045, 2049.0]"}