{"Image number":39252,"Image shape":7,"Path":"[7.966722, 12.066816, 0.0], [8.342259, 11.783697, 69.0], [8.765073, 11.266505, 86.0], [9.231311, 10.517615, 102.0], [9.73933, 9.825965, 119.0], [10.298219, 9.173918, 135.0], [10.808887, 8.803165, 152.0], [11.231608, 8.615227, 169.0], [11.650499, 8.56987, 185.0], [12.114223, 8.5702305, 202.0], [12.771613, 8.758494, 218.0], [13.561906, 9.084918, 235.0], [14.493671, 9.598366, 251.0], [15.478545, 10.1144905, 268.0], [16.4041, 10.671045, 284.0], [17.287369, 11.13589, 301.0], [18.036224, 11.604529, 317.0], [18.639975, 11.929308, 334.0], [18.963057, 12.161008, 351.0], [19.196583, 12.348071, 367.0], [19.381031, 12.861467, 417.0], [19.192669, 13.471972, 433.0], [18.911484, 14.410068, 450.0], [18.397266, 15.622783, 466.0], [17.933395, 16.971832, 483.0], [17.467815, 18.36987, 499.0], [17.18803, 19.728724, 516.0], [17.050293, 21.030087, 533.0], [16.910114, 22.33934, 549.0], [16.771912, 23.490124, 566.0], [16.678602, 24.51759, 582.0], [16.631811, 25.268084, 599.0], [16.538807, 25.775047, 615.0], [16.294445, 26.263083, 632.0], [16.158417, 26.535324, 648.0]"}