{"Image number":35051,"Image shape":2,"Path":"[10.622295, 9.176307, 0.0], [10.954898, 8.940422, 52.0], [11.612081, 8.706014, 69.0], [12.498242, 8.426454, 85.0], [13.435034, 8.050434, 102.0], [14.359289, 7.7747083, 118.0], [15.384508, 7.6364255, 135.0], [16.223257, 7.6378083, 151.0], [17.10074, 7.8715906, 168.0], [17.756283, 8.341317, 184.0], [18.311956, 8.992707, 201.0], [18.63851, 9.836467, 217.0], [18.775946, 10.765239, 234.0], [18.869184, 11.653246, 251.0], [18.868551, 12.495067, 267.0], [18.821861, 13.280707, 284.0], [18.587622, 14.076273, 300.0], [18.024654, 14.871589, 317.0], [17.327839, 15.56668, 335.0], [16.39655, 16.264807, 350.0], [15.467312, 16.962217, 366.0], [14.390496, 17.664951, 383.0], [13.358419, 18.2277, 399.0], [11.36228, 18.968376, 432.0], [10.375997, 19.250286, 449.0], [9.593218, 19.433926, 466.0], [8.850017, 19.526434, 482.0], [8.289917, 19.619926, 499.0], [7.871356, 19.666304, 515.0], [8.389518, 19.43179, 581.0], [8.992412, 19.246246, 598.0], [9.786321, 19.012592, 615.0], [10.578229, 18.826286, 631.0], [11.557304, 18.593008, 648.0], [12.395213, 18.500252, 664.0], [13.421558, 18.406935, 681.0], [14.214068, 18.407291, 697.0], [15.099541, 18.547897, 714.0], [15.795244, 18.734056, 730.0], [16.400991, 19.06088, 747.0], [16.959793, 19.480621, 763.0], [17.473396, 20.041775, 780.0], [17.938133, 20.693636, 797.0], [18.264212, 21.39387, 813.0], [18.459146, 22.225683, 830.0], [18.498306, 22.77269, 846.0]"}