{"Image number":30033,"Image shape":6,"Path":"[19.06796, 4.147875, 0.0], [18.905157, 4.147875, 85.0], [18.718636, 4.199624, 104.0], [18.251987, 4.4201374, 121.0], [17.702106, 4.7618217, 139.0], [16.55243, 5.5236106, 157.0], [15.588923, 6.1832337, 174.0], [14.6061535, 7.0315995, 192.0], [13.700371, 7.9255266, 210.0], [12.813809, 9.094, 228.0], [12.126442, 10.160803, 245.0], [11.647623, 11.1652, 263.0], [11.364433, 12.054167, 281.0], [11.09868, 12.938901, 299.0], [10.971453, 13.815534, 317.0], [10.951456, 14.821623, 334.0], [10.951456, 15.65777, 352.0], [10.951456, 16.475807, 370.0], [10.951456, 17.179745, 387.0], [10.951456, 17.743282, 405.0], [10.951456, 18.335638, 423.0], [11.0001955, 18.876827, 441.0], [11.140408, 19.287018, 458.0], [11.271103, 19.592657, 476.0], [11.40172, 19.904453, 494.0], [11.569593, 20.038864, 512.0], [11.959926, 20.208988, 529.0], [12.4036255, 20.339596, 547.0], [13.218338, 20.31191, 565.0], [14.078718, 20.191328, 583.0], [14.9193735, 19.885971, 601.0], [15.774647, 19.433323, 619.0], [16.53699, 18.992567, 636.0], [17.226355, 18.517565, 654.0], [17.747837, 18.063856, 671.0], [18.207897, 17.53576, 690.0], [18.59917, 17.013744, 707.0], [18.900719, 16.58104, 725.0], [18.979092, 16.294147, 743.0], [19.029127, 16.015312, 761.0], [19.029127, 15.819344, 778.0], [19.029127, 15.657967, 796.0], [18.945505, 15.427345, 814.0], [18.864328, 15.233021, 831.0], [18.422956, 15.032607, 849.0], [17.994104, 14.926895, 867.0], [17.598946, 14.860992, 885.0], [16.789356, 14.9875965, 902.0], [15.781858, 15.377268, 920.0], [14.577919, 15.927262, 938.0], [13.57846, 16.632292, 956.0], [12.838011, 17.287292, 973.0], [12.248581, 17.942612, 991.0], [11.785314, 18.551918, 1009.0], [11.513265, 19.11361, 1027.0], [11.339806, 19.458136, 1042.0]"}