{"Image number":37435,"Image shape":2,"Path":"[17.09817, 8.197262, 0.0], [18.036228, 7.6346664, 85.0], [18.547411, 7.496585, 101.0], [18.87161, 7.4979453, 118.0], [19.196323, 7.4979453, 134.0], [19.47659, 7.591982, 151.0], [19.848286, 7.96586, 184.0], [19.987438, 8.292255, 200.0], [20.08044, 8.712687, 217.0], [20.079865, 9.131898, 233.0], [20.079865, 9.689736, 250.0], [20.0328, 10.3014145, 267.0], [19.986229, 10.954326, 283.0], [19.843994, 11.757074, 300.0], [19.705452, 12.542675, 316.0], [19.659925, 13.430995, 333.0], [19.566156, 14.221844, 349.0], [19.38017, 14.913931, 366.0], [19.099651, 15.426924, 382.0], [18.724174, 15.895517, 399.0], [18.303894, 16.362175, 415.0], [17.9805, 16.732203, 432.0], [17.512848, 17.058514, 448.0], [16.99789, 17.338882, 465.0], [16.393837, 17.523184, 482.0], [15.792623, 17.7083, 498.0], [15.227289, 17.849669, 515.0], [14.623367, 18.083094, 531.0], [14.064077, 18.269365, 548.0], [13.408992, 18.456385, 564.0], [12.062398, 18.87461, 597.0], [11.406229, 19.015097, 616.0], [10.666389, 19.153696, 630.0], [9.967645, 19.293573, 647.0], [9.220321, 19.386871, 664.0], [8.521975, 19.433208, 680.0], [7.8197727, 19.480055, 697.0], [7.1662064, 19.479576, 713.0], [6.5627236, 19.526686, 730.0], [6.0052586, 19.38515, 746.0], [5.489895, 19.244394, 763.0], [5.120225, 18.82174, 779.0], [4.795613, 18.262184, 799.0], [4.611856, 17.613132, 812.0], [4.518342, 16.909464, 829.0], [4.660608, 16.207561, 845.0], [4.990114, 15.553215, 862.0], [5.5489836, 14.904997, 879.0], [6.1538706, 14.48826, 895.0], [6.812187, 14.159668, 912.0], [7.5023856, 13.931143, 928.0], [8.301648, 13.695966, 945.0], [9.048343, 13.509552, 961.0], [9.786443, 13.512073, 978.0], [10.491511, 13.653733, 994.0], [11.234136, 13.886975, 1011.0], [11.98285, 14.26275, 1028.0], [12.8613, 14.772425, 1044.0], [13.748384, 15.333218, 1061.0], [14.593887, 15.9919615, 1077.0], [15.335396, 16.64235, 1094.0], [15.938145, 17.293451, 1110.0], [16.499477, 17.90201, 1127.0], [17.01197, 18.414274, 1143.0], [17.378498, 19.01466, 1160.0], [17.75148, 19.527662, 1176.0], [18.171663, 20.041409, 1193.0], [18.641539, 20.463963, 1209.0], [19.1025, 20.879118, 1226.0], [19.577364, 21.21155, 1243.0]"}