{"Image number":37381,"Image shape":4,"Path":"[10.43594, 11.181014, 0.0], [9.968176, 12.257676, 68.0], [9.596205, 13.095032, 85.0], [9.13094, 13.792558, 101.0], [8.804129, 14.353302, 118.0], [8.665182, 14.771969, 135.0], [8.571766, 15.005482, 151.0], [8.760213, 15.238902, 168.0], [10.069265, 15.517847, 201.0], [11.1045265, 15.516781, 217.0], [12.209861, 15.470012, 234.0], [13.293877, 15.470159, 250.0], [14.359339, 15.470159, 267.0], [15.993739, 15.423539, 300.0], [16.643066, 15.47093, 316.0], [17.202549, 15.565269, 333.0], [17.614717, 15.704623, 350.0], [17.845282, 15.797182, 366.0], [18.079735, 15.843769, 383.0], [18.357655, 15.843128, 399.0], [18.59005, 15.843128, 416.0], [18.116589, 16.172745, 548.0], [17.370186, 16.452026, 565.0], [15.68752, 16.91883, 598.0], [14.990131, 17.152367, 615.0], [14.346634, 17.429441, 631.0], [13.928728, 17.80245, 647.0], [13.416638, 18.73564, 681.0], [13.276187, 19.15828, 697.0], [13.18379, 19.52981, 714.0], [13.137676, 19.761433, 730.0], [13.090661, 20.044153, 747.0], [12.997819, 20.273172, 780.0], [13.140291, 19.988756, 813.0], [13.420026, 19.522213, 829.0], [13.83976, 18.775242, 846.0], [14.406097, 17.783543, 863.0], [15.051855, 16.769884, 879.0], [15.803987, 15.830234, 896.0], [16.501287, 14.757376, 912.0], [17.149588, 13.737581, 929.0], [18.358633, 11.782949, 962.0], [19.010525, 10.898289, 978.0], [20.359694, 9.129372, 1011.0], [20.968674, 8.519989, 1028.0], [21.947025, 7.8685145, 1061.0]"}