{"Image number":427,"Image shape":0,"Path":"[15.838752, 7.1706247, 0.0], [16.039078, 7.0503907, 41.0], [16.216436, 7.0124335, 54.0], [16.537153, 6.9667563, 68.0], [16.8841, 6.9826365, 82.0], [17.323103, 6.988511, 96.0], [17.823, 7.0365095, 113.0], [18.315859, 7.2505164, 126.0], [18.811365, 7.487982, 141.0], [19.311684, 7.8740296, 154.0], [19.718233, 8.283237, 166.0], [20.01421, 8.784214, 180.0], [20.274729, 9.326645, 194.0], [20.49998, 9.940517, 207.0], [20.5903, 10.5756235, 223.0], [20.608582, 11.203003, 238.0], [20.555666, 11.891991, 250.0], [20.429768, 12.581412, 263.0], [20.249731, 13.260818, 277.0], [19.725397, 14.490267, 292.0], [19.47456, 15.012091, 305.0], [19.135677, 15.622218, 319.0], [18.342472, 16.989288, 334.0], [18.126017, 17.309814, 350.0], [17.716766, 17.855177, 363.0], [17.295965, 18.476664, 375.0], [16.848114, 19.068562, 389.0], [16.292027, 19.661098, 403.0], [15.729481, 20.210014, 417.0], [15.112142, 20.73424, 430.0], [14.479495, 21.23148, 445.0], [13.804275, 21.627739, 458.0], [13.162548, 21.903633, 474.0], [12.449307, 22.112103, 487.0], [11.748617, 22.214743, 501.0], [11.067714, 22.19364, 519.0], [10.401409, 22.102228, 528.0], [9.770046, 21.900936, 543.0], [9.209569, 21.592642, 557.0], [8.712842, 21.140144, 572.0], [8.341505, 20.561523, 586.0], [7.8467326, 19.521156, 599.0], [7.5047894, 18.26178, 614.0], [7.4568152, 17.760805, 627.0], [7.4642386, 16.411705, 641.0], [7.6267357, 15.6792755, 654.0], [7.9197397, 14.4172945, 670.0], [8.106692, 13.880704, 682.0], [8.641635, 12.624951, 696.0], [9.252656, 11.686134, 709.0], [9.689657, 11.140362, 724.0], [10.511906, 10.272234, 737.0], [11.353491, 9.584019, 751.0], [12.245443, 8.932808, 767.0], [12.805247, 8.51904, 781.0], [13.762761, 7.876264, 800.0], [14.282, 7.5608683, 813.0], [14.87286, 7.221673, 823.0], [15.510929, 6.86474, 836.0], [16.197544, 6.5369234, 850.0], [16.870016, 6.26992, 865.0]"}