{"Image number":30611,"Image shape":3,"Path":"[12.349515, 7.6451416, 0.0], [12.466021, 7.353703, 84.0], [12.681945, 7.2347937, 102.0], [13.052044, 7.0774164, 120.0], [13.59318, 6.8589163, 137.0], [14.086033, 6.645113, 155.0], [14.809346, 6.370131, 173.0], [15.245567, 6.2184515, 191.0], [15.776783, 6.0689225, 208.0], [16.375137, 6.0519433, 226.0], [16.85994, 6.0519433, 244.0], [17.228916, 6.0519433, 262.0], [17.631567, 6.0519433, 280.0], [18.023567, 6.078541, 297.0], [18.41755, 6.0908012, 315.0], [18.844995, 6.2908363, 333.0], [19.156265, 6.540066, 351.0], [19.446575, 6.7635193, 368.0], [19.662998, 7.035927, 386.0], [19.788868, 7.3391953, 404.0], [19.919855, 7.6583815, 422.0], [19.96711, 7.9080305, 439.0], [19.961166, 8.152783, 458.0], [19.961166, 8.459705, 475.0], [19.915165, 8.769038, 493.0], [19.73851, 9.057005, 511.0], [19.611652, 9.316058, 528.0], [19.478003, 9.669811, 546.0], [19.27342, 9.957836, 564.0], [19.087378, 10.209805, 582.0], [18.829363, 10.526268, 599.0], [18.457745, 10.936969, 617.0], [18.043468, 11.278542, 635.0], [17.653967, 11.576665, 653.0], [17.28108, 11.881197, 670.0], [17.020649, 12.076521, 688.0], [16.758121, 12.32675, 706.0], [16.417164, 12.627054, 724.0], [15.968178, 12.9546585, 741.0], [15.443441, 13.28282, 759.0], [15.049973, 13.56664, 777.0], [14.657505, 13.786583, 794.0], [14.259644, 13.937817, 812.0], [13.913611, 14.068061, 830.0], [13.414682, 14.276077, 848.0], [12.951456, 14.464815, 866.0], [12.577907, 14.615313, 884.0], [12.331722, 14.745725, 901.0], [12.0714245, 14.893821, 919.0], [11.809684, 15.006903, 937.0], [11.3969345, 15.137516, 954.0], [10.902563, 15.329533, 972.0], [10.462565, 15.427137, 990.0], [10.145099, 15.604254, 1008.0], [9.907901, 15.650002, 1025.0], [9.631299, 15.688859, 1061.0], [9.436893, 15.727716, 1114.0], [9.860542, 15.586414, 1239.0], [10.250823, 15.340199, 1256.0], [10.7365265, 15.116364, 1274.0], [11.401424, 14.967025, 1292.0], [11.952995, 14.830753, 1310.0], [12.460619, 14.747215, 1327.0], [12.944578, 14.717396, 1345.0], [13.486948, 14.717396, 1363.0], [14.023107, 14.717396, 1381.0], [14.511469, 14.754425, 1398.0], [14.903153, 14.897155, 1416.0], [15.192359, 14.9622345, 1434.0], [15.455038, 15.066805, 1452.0], [15.805696, 15.248375, 1469.0], [16.303247, 15.405274, 1488.0], [16.627918, 15.61639, 1505.0], [16.965015, 15.744214, 1523.0], [17.225504, 15.982502, 1541.0], [17.446447, 16.164719, 1558.0], [17.612463, 16.428793, 1576.0], [17.74324, 16.746628, 1594.0], [17.874088, 17.07896, 1612.0], [17.97322, 17.463638, 1629.0], [18.03807, 17.860355, 1647.0], [17.980583, 18.217413, 1665.0], [17.914217, 18.574972, 1683.0], [17.786407, 19.011261, 1700.0], [17.526628, 19.520638, 1718.0], [17.30558, 19.888378, 1736.0], [17.082571, 20.283789, 1754.0], [16.89972, 20.649714, 1771.0], [16.741714, 20.925125, 1790.0], [16.530973, 21.203243, 1807.0], [16.311197, 21.439405, 1825.0], [16.002533, 21.710411, 1842.0], [15.63797, 21.944824, 1860.0], [15.310886, 22.141195, 1878.0], [15.023685, 22.297531, 1896.0], [14.7289715, 22.425547, 1913.0], [14.40934, 22.612505, 1931.0], [14.0417595, 22.769361, 1949.0], [13.7321615, 22.95273, 1967.0], [13.279585, 23.10585, 1984.0], [12.790728, 23.310093, 2002.0], [12.458384, 23.444956, 2020.0], [12.196937, 23.575758, 2038.0], [11.938488, 23.705063, 2056.0], [11.643297, 23.765102, 2073.0], [11.334375, 23.869484, 2092.0], [10.988288, 23.982073, 2109.0], [10.588596, 24.039192, 2127.0], [10.318799, 24.0823, 2144.0], [10.057008, 24.0823, 2162.0], [9.79497, 24.045584, 2180.0], [9.495146, 23.985153, 2198.0], [9.049425, 23.784681, 2215.0], [8.584824, 23.694372, 2233.0], [8.154851, 23.538036, 2251.0], [7.816146, 23.447086, 2269.0], [7.5291677, 23.303205, 2286.0], [7.217, 23.134644, 2304.0], [6.821095, 23.002594, 2322.0], [6.3907557, 22.749763, 2340.0], [5.960781, 22.586117, 2357.0], [5.5554757, 22.335052, 2375.0], [5.255834, 22.243082, 2393.0], [5.027504, 22.073528, 2411.0], [4.8071227, 21.936665, 2446.0]"}