{"Image number":10430,"Image shape":3,"Path":"[7.7388887, 6.377778, 0.0], [8.074541, 6.223053, 43.0], [8.7067995, 5.986294, 60.0], [9.590914, 5.738017, 77.0], [10.924454, 5.580971, 94.0], [12.646418, 5.683979, 110.0], [14.304424, 5.8927565, 127.0], [15.847221, 6.163889, 143.0], [16.892298, 6.538173, 160.0], [17.755867, 6.927552, 177.0], [18.362139, 7.3299265, 193.0], [18.639006, 7.636257, 210.0], [18.727955, 8.123112, 227.0], [18.470406, 8.831412, 243.0], [17.832613, 9.588383, 260.0], [16.798811, 10.445737, 277.0], [15.377878, 11.636669, 294.0], [13.908897, 12.874522, 311.0], [12.788701, 13.808344, 327.0], [12.01229, 14.439057, 344.0], [11.447457, 14.837892, 361.0], [11.283493, 14.94992, 377.0], [11.850165, 14.962612, 444.0], [12.794444, 14.797223, 461.0], [14.464003, 14.397486, 478.0], [15.871134, 14.186582, 494.0], [17.141068, 14.155556, 511.0], [18.34167, 14.286238, 528.0], [19.230555, 14.680556, 545.0], [19.813316, 15.29685, 561.0], [20.278889, 15.920276, 578.0], [20.60933, 16.458313, 595.0], [20.904816, 17.175562, 611.0], [21.079288, 18.117826, 628.0], [21.116667, 19.042286, 644.0], [20.906578, 20.048336, 661.0], [20.630556, 20.805557, 678.0], [20.173431, 22.010204, 695.0], [19.788277, 22.934786, 711.0], [19.133333, 23.819443, 728.0], [18.202293, 24.357594, 745.0], [17.125761, 24.745707, 761.0], [15.659945, 24.799343, 778.0], [13.980769, 24.854528, 795.0], [12.308333, 24.85, 812.0], [11.251178, 24.85, 828.0], [10.36381, 24.80503, 845.0], [9.644444, 24.694443, 862.0], [9.04183, 24.430065, 878.0], [8.474261, 24.07352, 895.0]"}