{"Image number":39068,"Image shape":8,"Path":"[18.076538, 7.68443, 0.0], [17.327646, 7.5439887, 53.0], [16.38904, 7.4031568, 69.0], [15.139247, 7.2178936, 86.0], [13.863855, 7.1235166, 102.0], [11.731234, 7.5005755, 135.0], [11.073211, 7.92717, 152.0], [10.716032, 9.090323, 185.0], [11.187171, 9.696692, 201.0], [11.983074, 10.44421, 218.0], [13.056721, 11.613435, 235.0], [14.267338, 13.106151, 251.0], [15.522418, 14.828811, 268.0], [16.5458, 16.506794, 284.0], [17.246628, 18.10066, 301.0], [17.567448, 19.541212, 317.0], [17.657822, 20.792858, 334.0], [17.421915, 21.868198, 350.0], [16.815727, 22.794155, 367.0], [15.976891, 23.725594, 383.0], [13.781885, 24.42283, 417.0], [12.614683, 24.280243, 433.0], [11.640546, 23.859087, 450.0], [10.851303, 23.11232, 466.0], [10.383225, 22.076878, 483.0], [10.202324, 20.873846, 499.0], [10.249714, 19.52243, 516.0], [10.576918, 18.21596, 532.0], [11.041832, 16.9614, 549.0], [11.843036, 15.829813, 565.0], [13.606262, 13.929607, 598.0], [14.493366, 13.322724, 615.0], [15.331891, 12.997641, 632.0], [16.075674, 12.718588, 648.0], [16.777641, 12.531535, 665.0], [17.385794, 12.202321, 681.0], [17.986988, 11.690773, 698.0], [18.777084, 9.870487, 731.0], [18.869263, 9.030038, 747.0], [18.915586, 8.424569, 764.0], [18.868425, 7.962906, 780.0], [18.727354, 7.681566, 797.0], [18.259352, 7.4025745, 814.0], [17.604874, 7.1224985, 830.0], [16.67255, 6.890289, 847.0], [15.505672, 6.7509894, 863.0], [14.195328, 6.704874, 880.0]"}