{"Image number":240,"Image shape":8,"Path":"[17.149544, 8.081194, 0.0], [17.017685, 7.6415176, 76.0], [16.816786, 7.3840976, 103.0], [16.645395, 7.247675, 117.0], [16.463728, 7.067349, 131.0], [16.285433, 6.9411917, 145.0], [16.015808, 6.778782, 158.0], [15.744137, 6.597609, 173.0], [15.472101, 6.45911, 186.0], [15.205206, 6.32562, 200.0], [14.929329, 6.308761, 214.0], [14.625317, 6.329396, 228.0], [14.308667, 6.3746467, 243.0], [13.992206, 6.5209584, 256.0], [13.757161, 6.680211, 270.0], [13.534227, 6.9211483, 284.0], [13.344809, 7.1567116, 298.0], [13.214145, 7.431623, 315.0], [13.1382885, 7.7351403, 332.0], [13.0772915, 8.010138, 341.0], [13.071522, 8.281451, 356.0], [13.1201725, 8.603974, 369.0], [13.244454, 8.900668, 383.0], [13.379786, 9.201363, 397.0], [13.553892, 9.517487, 412.0], [13.734894, 9.78682, 427.0], [13.97088, 10.037106, 447.0], [14.167002, 10.233291, 458.0], [14.389239, 10.417792, 467.0], [14.569826, 10.552931, 481.0], [14.750856, 10.669426, 495.0], [14.903423, 10.759769, 511.0], [15.174255, 10.985913, 537.0], [15.447151, 11.085951, 564.0], [15.600636, 11.185513, 594.0], [15.796864, 11.283659, 636.0], [15.945697, 11.395665, 691.0], [16.057217, 11.546016, 761.0], [16.16645, 11.7369, 831.0], [16.239271, 11.904434, 1047.0], [16.455376, 11.869161, 1612.0], [16.704079, 11.764162, 1642.0], [16.860312, 11.698503, 1656.0], [17.030397, 11.619161, 1673.0], [17.244995, 11.5664625, 1692.0], [17.425934, 11.475963, 1699.0], [17.60989, 11.408022, 1712.0], [17.791431, 11.329577, 1723.0], [18.116657, 11.1264925, 1754.0], [18.274712, 11.058104, 1767.0], [18.505833, 10.95405, 1794.0], [18.723547, 10.849323, 1821.0], [18.873423, 10.763911, 1863.0], [16.712614, 8.190462, 0.0], [16.581821, 7.739968, 83.0], [16.504662, 7.5558896, 94.0], [16.374094, 7.3346972, 107.0], [16.288157, 7.159158, 120.0], [16.119911, 6.9783807, 137.0], [15.942673, 6.8010836, 151.0], [15.6828, 6.655551, 163.0], [15.457437, 6.472109, 176.0], [15.230184, 6.3859787, 190.0], [14.976651, 6.3693247, 204.0], [14.705116, 6.4065638, 218.0], [14.386716, 6.4981475, 232.0], [14.127895, 6.696824, 246.0], [13.854826, 6.933408, 260.0], [13.619141, 7.241433, 276.0], [13.39763, 7.551648, 291.0], [13.277003, 7.868679, 303.0], [13.139215, 8.252703, 316.0], [13.073147, 8.649321, 330.0], [13.071522, 9.055816, 344.0], [13.071522, 9.40657, 357.0], [13.193861, 9.809087, 371.0], [13.350373, 10.135523, 385.0], [13.531144, 10.494073, 400.0], [13.812785, 10.753103, 414.0], [14.109627, 10.906785, 428.0], [14.457449, 11.022912, 442.0], [14.861513, 11.11368, 456.0], [15.315791, 11.104283, 470.0], [15.827677, 11.045691, 487.0], [16.323965, 11.000559, 498.0], [16.783207, 10.9551735, 512.0], [17.28249, 10.897989, 528.0], [17.76012, 10.8073, 539.0], [18.183287, 10.746568, 553.0], [18.588915, 10.66291, 567.0], [18.947285, 10.525522, 581.0], [19.188557, 10.448673, 595.0], [19.411701, 10.318854, 609.0], [19.599012, 10.183778, 637.0], [19.43451, 10.184549, 665.0], [19.263285, 10.22966, 680.0], [19.030983, 10.327162, 699.0], [18.759283, 10.44612, 710.0], [18.43491, 10.562928, 721.0], [18.107187, 10.733791, 734.0], [17.703728, 10.914558, 749.0], [17.351583, 11.19856, 763.0], [16.92556, 11.410874, 777.0], [16.585726, 11.637225, 791.0], [16.227959, 11.904966, 805.0], [15.868072, 12.225937, 819.0], [15.551716, 12.544092, 833.0], [15.249014, 12.85974, 847.0], [14.972267, 13.219105, 861.0], [14.709938, 13.568992, 875.0], [14.467688, 13.9406595, 889.0], [14.227141, 14.302884, 909.0], [14.036432, 14.662757, 923.0], [13.812028, 14.977025, 931.0], [13.663801, 15.315576, 945.0], [13.497538, 15.648921, 958.0], [13.316663, 16.004412, 973.0], [13.184678, 16.31572, 986.0], [13.048225, 16.634214, 1000.0], [12.912596, 16.950783, 1014.0], [12.814505, 17.267223, 1028.0], [12.678328, 17.582579, 1042.0], [12.578758, 17.863544, 1056.0], [12.470455, 18.152946, 1070.0], [12.416268, 18.4244, 1084.0], [12.325688, 18.696655, 1098.0], [12.18328, 18.963945, 1112.0], [12.108683, 19.175901, 1126.0], [12.01836, 19.401781, 1140.0], [11.97157, 19.62892, 1154.0], [11.874862, 19.851702, 1168.0], [11.844729, 20.019552, 1182.0], [11.799409, 20.166742, 1196.0], [11.659293, 20.333555, 1224.0], [11.710228, 20.070145, 1295.0], [11.800434, 19.686867, 1322.0], [11.895327, 19.405397, 1336.0], [11.97131, 19.016912, 1356.0], [12.107233, 18.623777, 1366.0], [12.241055, 18.144682, 1379.0], [12.475573, 17.59051, 1392.0], [12.644579, 17.047638, 1406.0], [12.855879, 16.472946, 1419.0], [13.082897, 15.882504, 1434.0], [13.260533, 15.344871, 1448.0], [13.529729, 14.867281, 1464.0], [13.787632, 14.390378, 1477.0], [14.021906, 14.012183, 1490.0], [14.247998, 13.696289, 1505.0], [14.456995, 13.45123, 1518.0], [14.610973, 13.251771, 1532.0], [14.881778, 13.053694, 1559.0], [17.113134, 8.154039, 0.0], [17.003902, 7.8981714, 70.0], [16.804585, 7.6182184, 114.0], [16.714289, 7.46536, 127.0], [16.597956, 7.3108873, 139.0], [16.424854, 7.1377325, 153.0], [16.244139, 6.9126434, 166.0], [16.063873, 6.740211, 180.0], [15.844444, 6.5312395, 194.0], [15.629054, 6.3399196, 208.0], [15.3615265, 6.2034783, 222.0], [15.089836, 6.06759, 236.0], [14.828116, 6.0779414, 250.0], [14.547538, 6.1110997, 266.0], [14.278093, 6.239337, 282.0], [14.056561, 6.426045, 292.0], [13.828597, 6.6318407, 306.0], [13.634097, 6.923358, 320.0], [13.4111805, 7.2826023, 334.0], [13.286338, 7.5919337, 348.0], [13.172655, 7.9679036, 362.0], [13.113423, 8.359563, 377.0], [13.068476, 8.72476, 392.0], [13.071522, 9.120953, 407.0], [13.092546, 9.508849, 417.0], [13.167819, 9.886996, 432.0], [13.219538, 10.210323, 445.0], [13.359428, 10.478336, 460.0], [13.494638, 10.729168, 474.0], [13.68747, 10.955555, 488.0], [13.875599, 11.180927, 503.0], [14.104557, 11.362786, 516.0], [14.327698, 11.486722, 529.0], [14.556143, 11.596341, 544.0], [14.744713, 11.686192, 561.0], [15.003695, 11.775419, 578.0], [15.2324295, 11.84984, 595.0], [15.457599, 11.869161, 607.0], [15.721304, 11.869161, 616.0], [15.993138, 11.825211, 627.0], [16.264593, 11.779953, 640.0], [16.535713, 11.673187, 654.0], [16.808304, 11.548131, 669.0], [17.0368, 11.369339, 683.0], [17.31173, 11.293023, 697.0], [17.513718, 11.140676, 711.0], [17.751654, 11.005146, 725.0], [17.977695, 10.869474, 741.0], [18.199791, 10.786032, 755.0], [18.429653, 10.6940565, 767.0], [18.623926, 10.571796, 781.0], [18.846458, 10.476289, 794.0], [19.022173, 10.43565, 808.0], [19.18088, 10.390529, 823.0], [19.414474, 10.264076, 851.0], [19.248999, 10.46907, 950.0], [19.076887, 10.559161, 966.0], [18.847847, 10.696874, 977.0], [18.566729, 10.869905, 991.0], [18.266832, 11.069202, 1004.0], [17.985907, 11.287305, 1018.0], [17.625778, 11.512232, 1033.0], [17.31809, 11.684362, 1048.0], [17.000124, 11.892673, 1062.0], [16.334742, 12.305663, 1098.0], [16.017715, 12.51613, 1107.0], [15.696951, 12.699486, 1120.0], [15.380895, 12.880147, 1131.0], [15.062376, 13.018913, 1145.0], [14.747709, 13.153813, 1158.0], [14.463961, 13.352248, 1172.0], [14.181375, 13.49942, 1186.0], [13.951191, 13.635822, 1200.0], [13.677979, 13.820064, 1215.0], [13.523491, 13.979506, 1229.0], [13.341386, 14.116129, 1242.0], [13.161146, 14.251352, 1255.0], [12.980847, 14.38662, 1269.0], [12.822182, 14.522484, 1283.0], [12.50991, 14.834857, 1311.0], [12.378277, 15.015577, 1325.0], [12.106892, 15.304696, 1354.0], [11.873443, 15.580802, 1385.0], [11.79342, 15.773839, 1400.0], [11.702365, 15.956008, 1410.0], [11.64991, 16.136967, 1423.0], [11.604405, 16.319046, 1438.0], [11.559029, 16.500616, 1451.0], [11.513784, 16.681644, 1465.0], [11.46944, 17.050783, 1493.0], [11.46944, 17.223307, 1507.0], [11.46944, 17.469076, 1521.0], [11.46944, 17.659245, 1535.0], [11.514793, 17.841845, 1549.0], [11.559083, 18.01907, 1563.0], [11.568432, 18.191914, 1577.0], [11.613503, 18.417349, 1591.0], [11.659124, 18.645535, 1605.0], [11.703092, 18.81382, 1619.0], [11.737702, 18.99838, 1634.0], [11.760729, 19.179676, 1648.0], [11.797139, 19.454685, 1675.0], [11.869961, 19.725124, 1702.0], [12.055941, 19.651854, 1772.0], [12.101039, 19.46747, 1786.0], 