{"Image number":39517,"Image shape":7,"Path":"[6.7088184, 10.015486, 0.0], [7.4114547, 10.062399, 86.0], [8.158467, 10.062107, 102.0], [9.089085, 10.202604, 119.0], [9.831317, 10.342028, 135.0], [10.716208, 10.435154, 152.0], [11.467276, 10.435077, 168.0], [12.352085, 10.435077, 185.0], [13.187721, 10.435077, 201.0], [14.0879545, 10.387504, 218.0], [14.914576, 10.341495, 235.0], [15.660005, 10.294831, 251.0], [16.414902, 10.295212, 268.0], [17.009874, 10.248215, 284.0], [17.47484, 10.248591, 301.0], [17.753208, 10.248591, 317.0], [18.077578, 10.248591, 350.0], [18.30988, 10.248591, 400.0], [18.40266, 10.482616, 554.0], [18.49621, 10.809159, 599.0], [18.495838, 11.322048, 648.0], [18.401232, 12.030926, 665.0], [18.214375, 12.726758, 681.0], [17.936068, 13.467325, 698.0], [17.654148, 14.078228, 714.0], [17.282967, 14.773767, 731.0], [16.811916, 15.527536, 747.0], [16.345846, 16.368387, 764.0], [15.97733, 17.107307, 781.0], [15.603561, 17.855364, 797.0], [15.135745, 18.602879, 814.0], [14.626979, 19.342585, 830.0], [14.205757, 20.139631, 847.0], [13.789413, 20.879875, 865.0], [13.416963, 21.578793, 880.0], [12.994333, 22.18939, 897.0], [12.624207, 22.745184, 914.0], [12.299371, 23.162817, 929.0], [11.833559, 23.86204, 962.0], [11.740264, 24.048784, 979.0]"}