{"Image number":30839,"Image shape":6,"Path":"[14.563107, 4.1867337, 0.0], [14.308538, 4.286022, 76.0], [14.085536, 4.586879, 112.0], [13.987546, 4.8971753, 129.0], [13.8656225, 5.2701364, 147.0], [13.6107025, 5.710906, 165.0], [13.210386, 6.37248, 183.0], [12.888882, 7.032057, 201.0], [12.577363, 7.607812, 218.0], [12.326129, 8.014406, 236.0], [12.088646, 8.494678, 254.0], [11.890533, 8.923999, 271.0], [11.731941, 9.380523, 289.0], [11.562805, 9.87571, 307.0], [11.431535, 10.335432, 325.0], [11.262092, 10.753927, 343.0], [11.105579, 11.236328, 360.0], [10.909691, 11.759013, 378.0], [10.674044, 12.282307, 396.0], [10.439716, 12.79514, 414.0], [10.244889, 13.271322, 431.0], [10.047041, 13.694393, 449.0], [9.781982, 14.190839, 467.0], [9.577347, 14.705307, 485.0], [9.464445, 15.023276, 502.0], [9.514564, 15.4545145, 520.0], [9.631068, 15.902578, 538.0], [9.808297, 16.361698, 556.0], [10.003482, 16.81209, 573.0], [10.237913, 17.235216, 591.0], [10.481085, 17.549713, 609.0], [10.633363, 17.850101, 627.0], [10.847182, 18.210531, 645.0], [11.109964, 18.539207, 662.0], [11.3715515, 18.827532, 680.0], [11.6955185, 19.051197, 698.0], [12.073364, 19.210596, 716.0], [12.425344, 19.340824, 733.0], [12.753355, 19.445694, 751.0], [13.134258, 19.511288, 769.0], [13.764483, 19.535854, 787.0], [14.216886, 19.535854, 804.0], [14.732712, 19.535854, 822.0], [15.088921, 19.535854, 840.0], [15.551404, 19.505606, 858.0], [16.060778, 19.496994, 875.0], [16.502321, 19.496994, 893.0], [16.91763, 19.464796, 911.0], [17.320389, 19.458136, 929.0], [17.714485, 19.458136, 946.0], [18.21058, 19.419277, 964.0], [18.718445, 19.419277, 982.0], [19.088121, 19.34156, 1000.0], [19.518618, 19.302702, 1017.0], [19.883034, 19.13968, 1035.0], [20.11043, 18.959055, 1053.0], [20.341452, 18.841778, 1071.0], [20.50132, 18.635042, 1088.0], [20.646214, 18.35922, 1106.0], [20.774487, 18.10141, 1124.0], [20.955673, 17.82777, 1142.0], [21.062483, 17.628803, 1159.0], [21.20591, 17.395596, 1177.0], [21.269957, 17.239151, 1195.0], [21.334782, 17.04457, 1213.0], [21.320389, 16.883783, 1231.0], [21.320389, 16.716846, 1248.0], [21.320389, 16.475632, 1266.0], [21.276634, 16.295828, 1284.0], [21.211042, 16.060074, 1302.0], [21.145634, 15.863721, 1319.0], [20.910547, 15.628495, 1337.0], [20.643728, 15.355917, 1355.0], [20.343582, 15.198677, 1373.0], [19.986336, 15.049614, 1390.0], [19.70326, 14.954034, 1408.0], [19.441938, 14.911688, 1426.0], [19.184935, 14.911688, 1444.0], [18.764833, 14.9492855, 1461.0], [18.182142, 15.039575, 1479.0], [17.64672, 15.170069, 1497.0], [17.2801, 15.378716, 1515.0], [16.88819, 15.601534, 1532.0], [16.496002, 15.863152, 1550.0], [15.948507, 16.360535, 1568.0], [15.324379, 16.804977, 1586.0], [14.776867, 17.34018, 1604.0], [14.463285, 17.937044, 1621.0], [14.209622, 18.464481, 1639.0], [14.135922, 18.79754, 1656.0]"}