{"Image number":30527,"Image shape":8,"Path":"[19.495146, 5.8576508, 0.0], [19.323977, 5.8576508, 107.0], [19.099176, 5.8576508, 143.0], [18.768984, 5.8576508, 160.0], [18.352978, 5.8576508, 178.0], [17.9204, 5.8576508, 196.0], [17.439594, 5.8576508, 214.0], [17.16853, 5.8576508, 232.0], [16.84008, 5.8576508, 267.0], [16.53827, 5.8576508, 285.0], [16.00851, 6.04384, 303.0], [15.452318, 6.2288027, 320.0], [14.9077, 6.512347, 338.0], [14.225294, 6.9830976, 356.0], [13.469274, 7.6570024, 373.0], [12.858177, 8.271831, 391.0], [12.435495, 8.674441, 409.0], [12.200249, 8.999115, 427.0], [12.077669, 9.238342, 445.0], [11.921383, 9.433584, 480.0], [11.844661, 9.713443, 516.0], [12.154274, 10.131021, 551.0], [12.526681, 10.448204, 569.0], [12.879106, 10.813309, 587.0], [13.271433, 11.248858, 604.0], [13.662186, 11.582848, 622.0], [14.095331, 11.956684, 640.0], [14.553003, 12.202466, 658.0], [14.95633, 12.564812, 676.0], [15.256397, 12.940717, 693.0], [15.482328, 13.219396, 711.0], [15.655634, 13.506229, 729.0], [15.779899, 13.726448, 747.0], [15.916459, 14.045048, 764.0], [16.046574, 14.367599, 782.0], [16.127121, 14.79175, 800.0], [16.231781, 15.213951, 818.0], [16.297379, 15.634555, 836.0], [16.362577, 16.039284, 853.0], [16.38835, 16.39226, 871.0], [16.415209, 16.678123, 889.0], [16.427185, 17.06245, 907.0], [16.427185, 17.3338, 924.0], [16.427185, 17.607311, 942.0], [16.427185, 17.952759, 960.0], [16.427185, 18.311844, 978.0], [16.357801, 18.670086, 995.0], [16.235718, 18.947556, 1013.0], [15.969, 19.462706, 1031.0], [15.616988, 19.88024, 1049.0], [15.223301, 20.33245, 1066.0], [14.824567, 20.626074, 1084.0], [14.436014, 20.988926, 1102.0], [14.005336, 21.398071, 1120.0], [13.564037, 21.759838, 1137.0], [13.0677805, 22.05066, 1156.0], [12.7367735, 22.303017, 1173.0], [12.459137, 22.434256, 1191.0], [12.19881, 22.564499, 1208.0], [11.885634, 22.670084, 1226.0], [11.494392, 22.735332, 1244.0], [11.180496, 22.839624, 1262.0], [10.912006, 22.885706, 1279.0], [10.6118355, 22.916546, 1297.0], [10.438976, 22.916546, 1315.0], [10.243754, 22.830149, 1333.0], [9.885647, 22.471825, 1368.0], [9.802815, 22.249926, 1386.0], [9.786408, 21.876495, 1404.0], [9.786408, 21.356995, 1422.0], [9.929274, 20.757778, 1440.0], [10.058253, 20.17702, 1457.0], [10.362267, 19.580002, 1475.0], [10.586999, 19.138313, 1492.0], [10.723206, 18.805067, 1510.0], [10.854338, 18.477036, 1528.0], [11.095892, 18.15331, 1546.0], [11.405011, 17.760834, 1563.0], [11.746709, 17.318241, 1581.0], [12.187393, 16.862532, 1599.0], [12.61983, 16.46756, 1617.0], [13.004423, 16.082733, 1635.0], [13.562247, 15.721076, 1652.0], [14.1230755, 15.356882, 1670.0], [14.644963, 15.030502, 1688.0], [15.043905, 14.783282, 1706.0], [15.394231, 14.564516, 1724.0], [15.902447, 14.2441, 1741.0], [16.465998, 13.87116, 1759.0], [17.091734, 13.414402, 1777.0], [17.620111, 13.07276, 1795.0], [17.930275, 12.791423, 1812.0], [18.329552, 12.386429, 1830.0], [18.832287, 11.999299, 1848.0], [19.468264, 11.504636, 1866.0], [19.927116, 11.059903, 1883.0], [20.285273, 10.762058, 1901.0], [20.581747, 10.530971, 1919.0], [21.097351, 10.116336, 1936.0]"}