{"Image number":39155,"Image shape":0,"Path":"[15.23461, 5.2135086, 0.0], [14.340025, 5.5436163, 52.0], [13.221082, 6.245553, 69.0], [11.908646, 7.279104, 85.0], [10.838795, 8.542929, 102.0], [9.900314, 10.100326, 118.0], [9.116466, 11.81972, 135.0], [8.588952, 13.85986, 151.0], [8.381538, 15.075701, 168.0], [9.026451, 17.071774, 184.0], [11.0408325, 19.851635, 217.0], [12.594845, 20.464855, 234.0], [14.648544, 21.117556, 251.0], [16.307676, 20.971329, 267.0], [19.163221, 19.797045, 300.0], [20.129635, 18.683384, 317.0], [20.972273, 17.276352, 333.0], [21.384775, 15.515023, 350.0], [21.57096, 13.649505, 366.0], [20.774199, 10.1871, 399.0], [18.721996, 8.146197, 432.0], [17.08914, 7.681848, 449.0], [15.274525, 7.544052, 466.0], [13.44499, 7.8272533, 482.0], [11.6940365, 8.562381, 499.0], [10.708986, 9.25914, 515.0]"}