{"Image number":35723,"Image shape":3,"Path":"[10.529118, 6.379038, 0.0], [10.948419, 6.1925535, 54.0], [11.7554655, 5.955023, 70.0], [14.074539, 6.006814, 103.0], [15.107824, 6.383762, 120.0], [15.897191, 6.99302, 137.0], [16.358082, 7.7867494, 153.0], [16.493177, 8.620842, 170.0], [16.067553, 9.656359, 186.0], [15.371035, 10.673085, 203.0], [14.247839, 11.795494, 219.0], [13.128657, 12.539329, 236.0], [12.150595, 13.003592, 252.0], [11.594948, 13.140532, 269.0], [12.118345, 13.232344, 302.0], [13.200536, 13.232344, 318.0], [14.691823, 13.232344, 335.0], [16.2758, 13.514938, 352.0], [17.687729, 14.083731, 368.0], [18.792492, 14.97089, 385.0], [19.620504, 16.037958, 401.0], [20.036495, 17.110126, 418.0], [19.703112, 19.209742, 451.0], [18.769693, 20.184862, 467.0], [15.639545, 21.348017, 500.0], [13.869105, 21.438427, 517.0], [12.135796, 21.29586, 534.0], [10.666304, 20.737381, 550.0], [9.499382, 19.755287, 567.0], [8.717284, 18.62739, 583.0], [8.367037, 17.903082, 600.0]"}