{"Image number":213,"Image shape":2,"Path":"[11.105331, 6.879243, 0.0], [11.386282, 6.642989, 62.0], [11.64979, 6.4797297, 76.0], [12.046494, 6.3468843, 89.0], [12.47074, 6.1507864, 103.0], [13.062539, 6.0346594, 115.0], [13.640056, 5.899069, 129.0], [14.185194, 5.8072824, 143.0], [14.778972, 5.7700467, 157.0], [15.280343, 5.750137, 172.0], [15.812089, 5.7843366, 186.0], [16.22518, 5.8295107, 200.0], [16.629858, 5.9259953, 213.0], [16.990725, 6.162185, 228.0], [17.3067, 6.3879566, 242.0], [17.581158, 6.655388, 256.0], [17.750849, 6.975767, 270.0], [17.909674, 7.389298, 284.0], [18.013496, 7.8130927, 298.0], [18.10345, 8.2630005, 312.0], [18.145144, 8.692259, 328.0], [18.16905, 9.189065, 341.0], [18.16905, 9.654207, 362.0], [18.130785, 10.141274, 373.0], [18.084599, 10.649475, 383.0], [18.01934, 11.201532, 396.0], [17.928547, 11.746481, 409.0], [17.838076, 12.289481, 424.0], [17.74945, 12.821415, 441.0], [17.547693, 13.388418, 453.0], [17.310043, 13.951964, 466.0], [17.037926, 14.533195, 479.0], [16.766853, 15.029525, 493.0], [16.442825, 15.560892, 508.0], [16.098698, 16.03323, 521.0], [15.737328, 16.520533, 535.0], [15.423334, 16.968824, 549.0], [15.000228, 17.370071, 567.0], [14.595296, 17.750244, 588.0], [13.772744, 18.512424, 608.0], [13.319593, 18.875063, 619.0], [12.889929, 19.177635, 633.0], [12.448831, 19.49504, 648.0], [11.951792, 19.813524, 661.0], [11.511401, 20.075525, 675.0], [10.95963, 20.266285, 689.0], [10.428723, 20.447725, 703.0], [9.965594, 20.58843, 717.0], [9.469095, 20.673128, 731.0], [8.990575, 20.705616, 745.0], [8.538603, 20.688957, 759.0], [8.123896, 20.643475, 773.0], [7.672047, 20.550217, 788.0], [7.3337283, 20.345024, 801.0], [7.0034947, 20.106306, 815.0], [6.7212954, 19.869896, 829.0], [6.4536395, 19.552616, 843.0], [6.3131466, 19.215492, 857.0], [6.233919, 18.850718, 871.0], [6.226268, 18.412632, 884.0], [6.318174, 17.965578, 898.0], [6.5001707, 17.567844, 913.0], [6.78255, 17.158262, 927.0], [7.1007133, 16.822075, 941.0], [7.5473948, 16.50947, 955.0], [8.0733185, 16.262234, 969.0], [8.669798, 16.061842, 982.0], [9.30818, 15.914879, 996.0], [9.976444, 15.780997, 1011.0], [10.605203, 15.7501, 1025.0], [11.295632, 15.791229, 1038.0], [11.980569, 15.836906, 1053.0], [12.604545, 16.007568, 1067.0], [13.245908, 16.190872, 1081.0], [13.817896, 16.455605, 1094.0], [14.440989, 16.728134, 1108.0], [14.976863, 16.992546, 1122.0], [15.571834, 17.314882, 1137.0], [16.171684, 17.637985, 1150.0], [16.759361, 17.954529, 1165.0], [17.350002, 18.313309, 1178.0], [17.9319, 18.671516, 1192.0], [18.465853, 18.999561, 1206.0], [18.980667, 19.363388, 1220.0], [19.439972, 19.726425, 1234.0], [19.88372, 20.081541, 1248.0], [20.376842, 20.39008, 1262.0], [20.85929, 20.736729, 1276.0], [21.13654, 20.93843, 1290.0]"}