{"Image number":38703,"Image shape":6,"Path":"[17.191349, 3.3020425, 0.0], [16.816616, 4.0523553, 53.0], [16.251333, 5.183367, 70.0], [15.457697, 6.630129, 86.0], [14.624227, 8.112426, 103.0], [13.646952, 9.648228, 119.0], [12.710178, 11.383462, 136.0], [11.824274, 13.204899, 152.0], [11.078622, 14.885618, 169.0], [10.476387, 16.371088, 189.0], [10.059821, 17.718958, 202.0], [9.503941, 19.993248, 235.0], [9.362658, 20.794807, 252.0], [9.458503, 21.350027, 268.0], [9.785584, 21.53199, 285.0], [11.472046, 21.247993, 318.0], [12.677538, 20.782919, 334.0], [13.841624, 20.129648, 351.0], [14.915156, 19.569334, 368.0], [15.998415, 18.908926, 384.0], [16.96328, 18.170465, 401.0], [17.943825, 17.188086, 417.0], [18.82393, 16.12047, 434.0], [19.574875, 15.133976, 450.0], [20.037928, 14.249169, 467.0], [20.3159, 13.598101, 483.0], [20.359545, 13.27795, 500.0], [19.469656, 12.952203, 549.0], [18.680035, 12.999366, 566.0], [17.841621, 13.186162, 583.0], [16.771338, 13.558939, 599.0], [15.692535, 14.028368, 616.0], [14.523882, 14.778458, 632.0], [13.4122925, 15.56719, 649.0], [11.448962, 17.48627, 682.0], [10.713513, 18.456488, 698.0], [9.773397, 19.3495, 715.0]"}