{"Image number":37287,"Image shape":0,"Path":"[10.389351, 15.88975, 0.0], [10.95434, 15.13627, 102.0], [11.510521, 14.300077, 119.0], [12.120522, 13.455229, 135.0], [12.538622, 12.992371, 152.0], [13.09645, 12.481879, 169.0], [13.6562605, 12.10965, 185.0], [14.168397, 11.783692, 202.0], [14.775727, 11.504126, 218.0], [15.286608, 11.130456, 235.0], [15.704198, 10.805166, 251.0], [15.935777, 10.47843, 268.0], [16.313866, 10.243771, 284.0], [16.778229, 10.059633, 301.0], [17.24189, 10.01509, 317.0], [17.567324, 9.968397, 334.0], [17.84704, 9.921668, 351.0], [18.21989, 9.8751745, 367.0], [18.687637, 9.734125, 384.0], [19.107874, 9.593768, 400.0], [19.385284, 9.501236, 417.0], [19.803185, 9.40884, 450.0], [20.12772, 9.315807, 466.0], [20.548508, 9.222315, 483.0], [20.874905, 9.175874, 499.0], [21.15362, 9.129318, 516.0], [21.478891, 8.942523, 549.0], [21.850483, 8.756668, 582.0], [22.084358, 8.709861, 599.0], [22.31663, 8.7100935, 615.0], [22.549208, 8.663448, 632.0], [22.782051, 8.663473, 648.0], [23.015741, 8.710478, 681.0], [23.248354, 8.89658, 830.0], [23.388205, 9.084101, 880.0], [23.574629, 9.363668, 930.0], [23.620632, 9.643077, 963.0], [23.667852, 9.973296, 979.0], [23.667221, 10.768068, 996.0], [23.667221, 11.469606, 1012.0], [23.619919, 12.218086, 1029.0], [23.526384, 12.725398, 1046.0], [23.43361, 13.236006, 1062.0], [23.38702, 13.657921, 1079.0], [23.3408, 14.027288, 1095.0], [23.246948, 14.40176, 1112.0], [23.107883, 14.678135, 1128.0], [22.824244, 15.009057, 1145.0], [22.452103, 15.427821, 1161.0], [22.029684, 15.897444, 1178.0], [21.706604, 16.219976, 1194.0], [21.520317, 16.501541, 1211.0], [21.429853, 16.873169, 1227.0], [21.10285, 17.244022, 1244.0], [20.58491, 17.667444, 1260.0], [20.070967, 18.135662, 1277.0], [19.658834, 18.595701, 1294.0], [19.186356, 19.020855, 1310.0], [18.626814, 19.439556, 1327.0], [18.115938, 19.811153, 1343.0], [17.794369, 20.134909, 1360.0], [17.607391, 20.41689, 1376.0], [17.280848, 20.60059, 1393.0], [16.808817, 20.741297, 1409.0], [16.344692, 20.880629, 1426.0], [16.023052, 21.066738, 1442.0], [15.650741, 21.299387, 1476.0], [15.229269, 21.345016, 1492.0], [14.715048, 21.391687, 1509.0], [14.2977085, 21.485424, 1525.0], [13.69467, 21.531265, 1558.0], [13.178759, 21.57807, 1575.0], [12.71456, 21.624573, 1591.0], [12.343214, 21.671131, 1608.0], [12.015511, 21.67077, 1625.0], [11.5993595, 21.717537, 1641.0], [11.081262, 21.717392, 1658.0], [10.661774, 21.717392, 1674.0], [10.385446, 21.717392, 1691.0], [9.968183, 21.717392, 1724.0], [9.5940075, 21.670355, 1740.0], [9.170597, 21.575874, 1757.0], [8.798943, 21.43527, 1773.0], [8.523787, 21.343754, 1790.0], [8.05577, 21.15656, 1823.0], [7.682897, 21.016466, 1839.0], [7.265151, 20.8773, 1856.0], [6.9389343, 20.69011, 1873.0], [6.7068644, 20.409655, 1889.0], [6.5680733, 20.130318, 1906.0], [6.4268885, 19.80033, 1922.0], [6.334815, 19.522318, 1939.0], [6.2424436, 19.291878, 1955.0], [6.195771, 19.057144, 1972.0], [6.196339, 18.823118, 1988.0], [6.1491613, 18.543621, 2005.0], [6.14975, 18.266953, 2022.0], [6.196702, 17.938543, 2038.0], [6.2432756, 17.565334, 2055.0], [6.2898793, 17.19225, 2071.0], [6.3838305, 16.770441, 2088.0], [6.5697412, 16.354408, 2104.0], [6.756731, 15.933391, 2121.0], [6.9889936, 15.468877, 2137.0], [7.223252, 15.000038, 2154.0], [7.549683, 14.440613, 2170.0], [7.8779774, 14.019201, 2187.0], [8.200448, 13.604309, 2203.0], [8.481359, 13.276446, 2220.0], [8.852317, 12.905592, 2237.0], [9.271481, 12.532791, 2253.0], [9.691165, 12.159481, 2270.0], [10.0660925, 11.784222, 2286.0], [10.534277, 11.40999, 2303.0], [11.0426855, 10.946919, 2319.0], [11.652011, 10.525024, 2336.0], [12.352499, 10.104878, 2352.0], [13.007017, 9.872519, 2369.0], [13.651811, 9.642078, 2386.0], [14.26013, 9.407913, 2402.0], [14.867742, 9.126985, 2419.0], [15.517614, 8.801599, 2435.0]"}