{"Image number":30761,"Image shape":5,"Path":"[24.621359, 7.8782945, 0.0], [24.454308, 7.839434, 105.0], [24.197245, 7.7259293, 141.0], [24.001894, 7.697586, 158.0], [23.754223, 7.684002, 176.0], [23.057747, 7.7228603, 211.0], [22.590195, 7.8303976, 229.0], [22.281189, 7.8005757, 247.0], [22.019928, 7.8005757, 265.0], [21.703102, 7.8005757, 283.0], [21.165888, 7.839434, 300.0], [20.579727, 7.8782945, 318.0], [20.049894, 7.9351993, 336.0], [19.774714, 8.039955, 354.0], [19.519922, 8.144106, 371.0], [19.262136, 8.20859, 389.0], [18.86121, 8.236595, 407.0], [18.402046, 8.297454, 425.0], [17.962608, 8.428307, 442.0], [17.569792, 8.461172, 460.0], [17.328411, 8.536882, 478.0], [17.155174, 8.538888, 496.0], [16.89341, 8.577746, 531.0], [16.685143, 8.616607, 567.0], [16.411833, 8.721432, 602.0], [16.116276, 8.842079, 620.0], [15.745389, 9.014456, 638.0], [15.306378, 9.1638565, 656.0], [14.881472, 9.427508, 673.0], [14.4962, 9.689194, 691.0], [14.17467, 9.976742, 709.0], [13.851692, 10.243034, 727.0], [13.484904, 10.628067, 744.0], [13.085917, 10.916954, 762.0], [12.699028, 11.181267, 780.0], [12.424507, 11.572533, 798.0], [12.2412815, 11.790592, 815.0], [12.072369, 11.941664, 833.0], [11.885817, 12.150409, 869.0], [11.728155, 12.230449, 993.0], [11.981382, 12.257809, 1046.0], [12.3257065, 12.326719, 1064.0], [12.562935, 12.308167, 1082.0], [12.823637, 12.409366, 1100.0], [13.0261545, 12.424741, 1118.0], [13.307051, 12.508838, 1135.0], [13.632622, 12.645459, 1153.0], [13.98438, 12.8152275, 1171.0], [14.3369465, 12.945141, 1189.0], [14.729721, 13.144668, 1206.0], [15.000219, 13.284598, 1225.0], [15.2636385, 13.514283, 1242.0], [15.543571, 13.779755, 1277.0], [15.805039, 14.056014, 1313.0], [15.870245, 14.2501745, 1331.0], [16.00133, 14.643664, 1366.0], [16.093428, 15.013615, 1402.0], [16.119446, 15.234329, 1419.0], [16.116505, 15.457472, 1437.0], [16.116505, 15.775815, 1455.0], [16.116505, 16.022514, 1473.0], [16.116505, 16.312683, 1490.0], [16.116505, 16.581964, 1508.0], [16.070568, 16.798218, 1526.0], [15.972511, 17.05938, 1544.0], [15.859834, 17.347424, 1561.0], [15.710867, 17.627525, 1579.0], [15.393879, 18.036362, 1597.0], [15.110515, 18.388947, 1615.0], [14.83224, 18.68368, 1632.0], [14.571478, 18.98346, 1650.0], [14.373884, 19.220032, 1668.0], [14.12789, 19.466175, 1686.0], [13.943498, 19.688951, 1703.0], [13.721978, 19.963076, 1721.0], [13.40768, 20.212063, 1739.0], [13.121368, 20.394377, 1757.0], [12.795877, 20.600672, 1774.0], [12.520344, 20.732718, 1792.0], [12.258758, 20.90245, 1810.0], [12.038266, 20.993332, 1828.0], [11.775473, 21.068645, 1846.0], [11.472806, 21.25457, 1863.0], [11.106136, 21.346926, 1881.0], [10.721876, 21.419922, 1899.0], [10.421632, 21.439922, 1917.0], [10.15847, 21.517637, 1934.0], [9.938715, 21.517637, 1952.0], [9.760254, 21.517637, 1970.0], [9.564504, 21.40477, 1988.0], [9.4076185, 21.378345, 2005.0], [9.211782, 21.313026, 2023.0], [9.013454, 21.208643, 2041.0], [8.776699, 21.031906, 2059.0], [8.383719, 20.893585, 2077.0], [8.002423, 20.74168, 2094.0], [7.7152467, 20.594776, 2112.0], [7.4373283, 20.439533, 2130.0], [7.258953, 20.272041, 2147.0], [7.090634, 20.075043, 2165.0], [6.8289213, 19.801828, 2201.0], [6.727801, 19.63229, 2219.0], [6.601942, 19.426765, 2272.0]"}