{"Image number":35232,"Image shape":8,"Path":"[15.327787, 5.8195834, 0.0], [14.908485, 5.8195834, 52.0], [14.199168, 5.8195834, 69.0], [13.317843, 5.8195834, 85.0], [12.383813, 5.8195834, 102.0], [11.547171, 6.007604, 118.0], [10.571305, 6.4743776, 135.0], [9.869432, 7.1319237, 151.0], [9.266834, 7.8763084, 168.0], [8.9444475, 8.711749, 184.0], [8.756763, 9.699494, 201.0], [8.711635, 10.867463, 217.0], [8.853537, 11.98658, 234.0], [9.274066, 13.05315, 251.0], [9.982172, 13.994457, 267.0], [10.862049, 14.823917, 284.0], [11.788255, 15.42434, 300.0], [12.766939, 15.890488, 317.0], [14.625697, 16.773834, 350.0], [15.562506, 17.382782, 367.0], [17.005455, 18.967304, 399.0], [18.029957, 20.598501, 432.0], [18.31001, 21.39254, 449.0], [18.30914, 22.60526, 482.0], [17.983322, 23.209341, 499.0], [16.770958, 23.955717, 532.0], [15.979883, 24.048466, 548.0], [15.088518, 24.048449, 565.0], [13.55065, 23.250097, 598.0], [13.229022, 22.22312, 615.0], [13.278004, 20.874317, 631.0], [13.837342, 19.431913, 648.0], [14.818238, 17.936613, 664.0], [15.981734, 16.773848, 681.0], [17.246565, 15.74285, 697.0], [18.41742, 14.947287, 714.0], [19.477478, 14.162349, 730.0], [20.32301, 13.456947, 747.0], [20.969494, 12.808315, 763.0], [21.293343, 12.202662, 780.0], [21.477943, 11.73945, 796.0], [21.244106, 10.853209, 830.0], [20.824295, 9.545538, 863.0], [20.214943, 7.8131447, 896.0], [18.773247, 6.7509427, 929.0], [17.694199, 6.610887, 945.0], [16.387503, 6.518055, 962.0], [15.138767, 6.612341, 979.0], [14.068885, 6.7585006, 995.0], [13.62608, 6.948299, 1012.0]"}