{"Image number":38890,"Image shape":7,"Path":"[5.777038, 8.89658, 0.0], [6.852184, 8.943379, 101.0], [8.20479, 8.9432, 118.0], [9.695955, 8.89641, 135.0], [10.8248415, 8.849282, 151.0], [12.491827, 8.616105, 184.0], [13.046971, 8.570059, 201.0], [13.419226, 8.5702305, 217.0], [13.65066, 8.5702305, 250.0], [13.650583, 8.758047, 284.0], [13.744062, 9.130893, 300.0], [13.837834, 9.788658, 317.0], [14.024246, 10.860148, 333.0], [14.256528, 12.348396, 350.0], [14.442802, 16.407227, 383.0], [14.4425955, 18.459272, 399.0], [14.395516, 20.291252, 416.0], [14.301509, 22.02152, 432.0], [14.161971, 23.547607, 449.0], [14.068885, 24.854994, 466.0], [14.022931, 25.874647, 482.0], [13.929244, 26.666647, 499.0], [13.880844, 27.201593, 515.0]"}