{"Image number":30307,"Image shape":7,"Path":"[8.660194, 8.849757, 0.0], [8.970846, 8.849757, 81.0], [9.348955, 8.849757, 98.0], [9.863928, 8.849757, 116.0], [11.141279, 8.93434, 134.0], [11.962227, 8.99424, 152.0], [12.792277, 9.264267, 170.0], [13.627491, 9.545122, 187.0], [14.325437, 9.844251, 205.0], [14.858549, 10.043798, 223.0], [15.332718, 10.289024, 240.0], [15.937677, 10.435125, 258.0], [16.563454, 10.645962, 276.0], [17.050058, 10.826639, 294.0], [17.428743, 11.059802, 312.0], [17.701576, 11.290678, 329.0], [17.95096, 11.591089, 347.0], [18.097897, 11.961269, 365.0], [18.227875, 12.457338, 383.0], [18.252426, 13.058292, 400.0], [18.090744, 14.209351, 418.0], [17.706806, 15.405444, 436.0], [17.300383, 16.548656, 454.0], [16.95427, 17.646095, 471.0], [16.661148, 18.63829, 489.0], [16.397484, 19.581577, 507.0], [16.213387, 20.576038, 525.0], [15.992607, 21.353405, 542.0], [15.73046, 22.13246, 560.0], [15.510026, 22.827023, 578.0], [15.352446, 23.578972, 596.0], [15.183373, 24.302044, 614.0], [15.099179, 24.881586, 631.0], [15.106796, 25.47757, 649.0], [15.128975, 25.96961, 667.0], [15.243082, 26.395475, 685.0], [15.262136, 26.753397, 702.0]"}