{"Image number":36588,"Image shape":5,"Path":"[19.753742, 9.689137, 0.0], [18.814697, 9.453759, 53.0], [17.738125, 9.12594, 70.0], [16.580948, 8.802008, 86.0], [15.737578, 8.567588, 103.0], [15.037622, 8.380909, 119.0], [14.627012, 8.196399, 136.0], [14.205549, 8.150185, 152.0], [13.835543, 8.337823, 169.0], [13.554804, 8.713563, 185.0], [13.229661, 9.319179, 202.0], [12.85708, 10.158703, 218.0], [12.298174, 11.136718, 235.0], [11.780619, 12.220077, 251.0], [11.362479, 13.009146, 268.0], [11.178435, 13.567488, 285.0], [11.134365, 13.79385, 301.0], [11.229251, 13.980881, 318.0], [11.554299, 14.024936, 334.0], [12.168425, 13.930325, 351.0], [12.821919, 13.836998, 367.0], [13.518457, 13.744158, 384.0], [14.1684265, 13.745178, 400.0], [14.780852, 13.887844, 417.0], [15.290468, 14.359688, 433.0], [15.660995, 15.016356, 450.0], [15.842227, 15.851961, 466.0], [16.028364, 16.596039, 483.0], [16.215225, 17.296812, 500.0], [16.354668, 18.091845, 516.0], [16.400318, 18.937849, 533.0], [16.209902, 19.915327, 549.0], [16.024094, 20.70248, 566.0], [15.601352, 21.448282, 582.0], [14.996727, 22.142681, 599.0], [14.345259, 22.746922, 615.0], [13.455126, 23.449564, 632.0], [12.709308, 24.056168, 648.0], [11.736401, 24.65702, 665.0], [10.99359, 24.981491, 682.0], [10.145699, 25.075304, 698.0]"}