{"Image number":38972,"Image shape":7,"Path":"[8.618968, 7.031733, 0.0], [8.852015, 7.0783796, 85.0], [9.6046505, 7.1254325, 101.0], [10.4370775, 7.265028, 118.0], [11.472118, 7.406233, 134.0], [12.450643, 7.6405187, 151.0], [13.472588, 7.872815, 169.0], [14.497265, 8.105856, 184.0], [15.516365, 8.244186, 200.0], [16.41304, 8.33857, 217.0], [17.239414, 8.383828, 233.0], [17.984503, 8.477131, 250.0], [18.643513, 8.6185465, 266.0], [19.105976, 8.710991, 283.0], [19.42895, 8.756905, 300.0], [19.661293, 8.756715, 316.0], [19.894545, 8.803543, 333.0], [20.127071, 8.850265, 366.0], [20.266453, 9.130379, 432.0], [20.266222, 9.59604, 465.0], [20.125502, 10.346921, 482.0], [19.285702, 12.164793, 515.0], [18.72679, 13.189387, 531.0], [18.118053, 14.172972, 548.0], [17.462587, 15.109049, 564.0], [16.767878, 16.128973, 581.0], [15.459311, 18.045517, 614.0], [14.812589, 18.830185, 630.0], [14.205774, 19.67143, 647.0], [13.0863, 21.211515, 680.0], [12.623043, 21.860872, 697.0], [12.159083, 22.464176, 713.0], [11.549746, 23.49622, 746.0], [11.367327, 23.862755, 763.0], [11.043124, 24.279518, 796.0], [10.854483, 24.469557, 829.0], [10.621717, 24.56186, 912.0], [11.041623, 24.51466, 1127.0], [11.97363, 24.561293, 1143.0], [12.866865, 24.60834, 1160.0], [13.564827, 24.655018, 1176.0], [13.79323, 24.701721, 1193.0], [8.99168, 6.6587644, 0.0], [9.2712755, 6.6587644, 98.0], [10.022102, 6.6587644, 115.0], [10.904411, 6.6587644, 131.0], [11.790368, 6.7523594, 148.0], [12.580835, 6.845461, 164.0], [13.428264, 7.0340953, 181.0], [14.308327, 7.313197, 198.0], [16.121872, 7.8715696, 231.0], [17.837816, 8.335198, 264.0], [18.487598, 8.521253, 280.0], [18.95767, 8.7546835, 297.0], [19.237347, 8.89462, 313.0], [19.521305, 9.083402, 330.0], [19.708672, 9.271067, 346.0], [19.801083, 9.504529, 363.0], [19.752838, 10.439149, 412.0], [19.473095, 11.090373, 429.0], [19.147408, 11.881978, 446.0], [18.819715, 12.819181, 462.0], [18.44765, 13.84282, 479.0], [17.278824, 16.180075, 512.0], [16.627491, 17.390528, 528.0], [15.9247, 18.514532, 545.0], [15.089067, 19.533258, 561.0], [14.301752, 20.413202, 578.0], [13.549068, 21.35485, 594.0], [12.85798, 22.230968, 611.0], [11.595016, 24.057144, 644.0], [11.082783, 24.802252, 661.0], [10.57244, 25.357407, 677.0], [10.247243, 25.917309, 694.0], [10.013999, 26.337639, 710.0], [9.828334, 26.662647, 727.0], [9.598127, 26.752476, 760.0], [9.45757, 26.376787, 925.0], [9.550934, 25.772224, 942.0], [9.784519, 24.978666, 975.0], [9.971237, 24.746578, 1008.0], [10.53038, 24.327387, 1041.0], [11.140562, 24.045776, 1058.0], [11.789664, 23.908018, 1074.0], [12.489211, 23.814896, 1091.0], [13.145199, 23.815344, 1107.0], [13.608752, 23.815344, 1124.0], [13.932243, 23.815344, 1140.0], [13.319672, 23.815344, 1240.0], [12.435043, 23.815344, 1256.0], [10.283545, 23.815344, 1289.0], [9.313477, 23.768518, 1306.0], [8.61484, 23.67493, 1323.0], [7.8626156, 23.486261, 1339.0]"}