{"Image number":39745,"Image shape":5,"Path":"[21.058235, 10.015486, 0.0], [20.449003, 10.2026205, 53.0], [19.511055, 10.437513, 70.0], [18.244377, 10.624307, 86.0], [16.995806, 10.762445, 103.0], [15.745529, 10.8081045, 119.0], [14.618866, 10.761004, 136.0], [13.740318, 10.7146225, 152.0], [13.180199, 10.620812, 169.0], [12.90401, 10.57475, 185.0], [12.764806, 10.763768, 218.0], [12.718322, 11.279547, 235.0], [12.672035, 12.116653, 251.0], [12.672214, 13.093681, 268.0], [12.625385, 13.982816, 284.0], [12.578768, 14.6347275, 301.0], [12.531965, 14.960691, 318.0], [12.722046, 15.098002, 367.0], [13.231364, 15.097191, 384.0], [13.939184, 15.097191, 400.0], [14.727524, 15.14413, 417.0], [15.467704, 15.237073, 433.0], [16.221266, 15.284193, 450.0], [16.872938, 15.378019, 466.0], [17.2884, 15.612178, 483.0], [17.567307, 15.892996, 500.0], [17.658556, 16.362562, 516.0], [17.704275, 16.732515, 533.0], [17.703827, 17.200048, 549.0], [17.42177, 18.1345, 582.0], [16.953125, 18.740503, 599.0], [16.44585, 19.339798, 615.0], [15.929225, 19.856766, 632.0], [15.32019, 20.419018, 648.0], [14.714157, 20.931583, 665.0], [14.159912, 21.346786, 682.0], [13.502867, 21.580368, 698.0], [12.85162, 21.718882, 715.0], [11.968049, 21.858099, 731.0], [11.17475, 21.951275, 748.0], [10.20264, 21.717306, 764.0], [9.214994, 21.29367, 781.0], [8.139104, 20.636595, 797.0], [7.1646476, 19.891495, 814.0], [6.3318586, 19.149452, 830.0], [5.7240567, 18.493643, 847.0], [5.4001617, 17.933937, 863.0]"}