{"Image number":10061,"Image shape":8,"Path":"[20.105555, 7.661111, 0.0], [19.971119, 7.481865, 15.0], [19.463888, 7.2722225, 32.0], [18.738766, 7.161091, 49.0], [18.40494, 7.105453, 66.0], [17.91082, 7.1959424, 82.0], [17.383648, 7.489812, 99.0], [16.809252, 7.9263954, 116.0], [16.062504, 8.564896, 132.0], [15.320213, 9.251867, 149.0], [14.699999, 10.052777, 166.0], [14.525055, 10.533904, 182.0], [14.197325, 11.348354, 199.0], [14.023022, 12.303522, 216.0], [13.963279, 13.256665, 233.0], [14.013449, 14.503728, 249.0], [14.164686, 15.590502, 266.0], [14.36996, 16.622583, 283.0], [14.640198, 17.39837, 300.0], [14.735067, 18.333277, 316.0], [14.789664, 19.156061, 333.0], [14.839974, 19.6076, 351.0], [14.855556, 20.159359, 366.0], [14.855556, 20.763023, 383.0], [14.82766, 21.145386, 400.0], [14.684413, 21.630093, 416.0], [14.349999, 22.108334, 433.0], [13.883307, 22.48644, 450.0], [13.336543, 22.821407, 467.0], [12.757484, 23.040863, 484.0], [12.004805, 23.322939, 500.0], [11.414636, 23.538113, 517.0], [10.958053, 23.622833, 533.0], [10.498302, 23.688406, 550.0], [10.131222, 23.683334, 567.0], [9.863068, 23.581173, 583.0], [9.704163, 23.431942, 600.0], [9.683333, 23.00462, 617.0], [9.683333, 22.548492, 634.0], [9.893185, 21.78219, 650.0], [10.217634, 21.020287, 667.0], [10.685115, 20.16967, 684.0], [11.297222, 19.230555, 701.0], [11.825888, 18.53215, 717.0], [12.371444, 17.790455, 734.0], [13.144444, 16.916668, 751.0], [13.752304, 16.269918, 767.0], [14.406857, 15.615366, 784.0], [14.97115, 14.960509, 800.0], [15.58207, 14.116989, 817.0], [16.065037, 13.476246, 834.0], [16.55382, 12.86973, 850.0], [17.15206, 12.120106, 867.0], [17.750273, 11.242532, 884.0], [18.069654, 10.698439, 900.0], [18.559124, 9.937041, 917.0], [19.08632, 9.024605, 934.0], [19.386112, 8.458334, 951.0]"}