{"Image number":35044,"Image shape":8,"Path":"[15.001663, 6.705385, 0.0], [14.298757, 6.799254, 52.0], [13.357927, 6.987738, 69.0], [12.292862, 7.2665715, 85.0], [11.316738, 7.639483, 102.0], [10.424962, 8.204201, 118.0], [9.686918, 8.853107, 135.0], [9.078697, 9.6505785, 151.0], [8.710503, 10.438571, 168.0], [8.432102, 11.3224945, 185.0], [8.432612, 12.209669, 201.0], [8.619596, 13.04869, 218.0], [8.947091, 13.937096, 234.0], [9.416068, 14.638613, 251.0], [10.069457, 15.148709, 267.0], [10.864355, 15.56823, 284.0], [11.792847, 15.797965, 300.0], [12.683914, 15.985456, 317.0], [13.751165, 15.982991, 333.0], [14.823388, 15.982991, 350.0], [15.895224, 15.982991, 367.0], [16.96563, 15.982991, 383.0], [17.94019, 15.982991, 400.0], [18.919607, 16.076658, 416.0], [19.711456, 16.216858, 433.0], [20.318735, 16.498558, 449.0], [20.828373, 16.871037, 466.0], [21.29493, 17.19777, 482.0], [21.711863, 17.616114, 499.0], [21.992773, 18.038462, 516.0], [22.13209, 18.55562, 532.0], [22.129782, 19.064396, 549.0], [22.129782, 19.719612, 565.0], [21.895142, 20.370134, 582.0], [21.475481, 21.068123, 598.0], [20.866627, 21.67603, 615.0], [20.118286, 22.283487, 631.0], [19.372566, 22.748352, 648.0], [18.398224, 23.117718, 664.0], [17.513823, 23.350092, 681.0], [15.405286, 23.442375, 714.0], [14.300534, 23.348942, 731.0], [12.381302, 22.597227, 764.0], [11.643792, 21.900629, 780.0], [10.899332, 21.108662, 797.0], [10.337976, 20.311974, 813.0], [9.872093, 19.470968, 830.0], [9.688953, 18.633362, 846.0], [9.643573, 17.794846, 863.0], [9.737859, 17.143242, 879.0], [10.110535, 16.541277, 896.0], [10.635033, 16.112427, 913.0], [11.282625, 15.792462, 929.0], [11.981251, 15.607923, 946.0], [12.8204, 15.468756, 962.0], [13.706311, 15.328852, 979.0], [14.586827, 15.236584, 995.0], [15.571124, 15.095706, 1012.0], [16.36079, 15.050096, 1028.0], [17.29448, 14.909213, 1045.0], [17.988869, 14.72275, 1061.0], [18.688765, 14.441864, 1078.0], [19.342886, 14.066697, 1095.0], [19.899565, 13.647391, 1111.0], [20.364473, 13.180647, 1128.0], [20.59581, 12.807205, 1144.0], [20.780527, 12.341977, 1161.0], [20.872246, 11.7849, 1177.0], [20.965504, 11.178115, 1194.0], [21.011856, 10.431724, 1210.0], [20.917425, 9.775066, 1227.0], [20.778059, 9.079842, 1243.0], [20.496738, 8.47172, 1260.0], [20.032595, 7.9167166, 1277.0], [19.423613, 7.4013066, 1293.0], [18.672342, 7.026802, 1310.0], [17.836645, 6.702681, 1326.0], [16.859922, 6.5647645, 1343.0], [15.874594, 6.471111, 1359.0], [14.853716, 6.4722795, 1376.0]"}