{"Image number":35363,"Image shape":4,"Path":"[12.625624, 10.808046, 0.0], [12.436597, 11.566455, 53.0], [12.203329, 12.592833, 70.0], [11.92442, 13.896103, 86.0], [11.739177, 14.964557, 103.0], [11.646704, 15.801463, 119.0], [11.740941, 16.405891, 136.0], [12.021965, 16.731262, 152.0], [13.467711, 16.681437, 185.0], [16.040022, 14.665115, 218.0], [17.474678, 12.994829, 235.0], [18.873446, 11.268217, 252.0], [19.990822, 9.776864, 268.0], [20.640045, 8.941772, 285.0], [20.826065, 8.615498, 301.0], [20.638842, 8.896718, 318.0], [19.986324, 9.596284, 334.0], [18.866531, 10.903646, 351.0], [15.9598675, 14.658724, 384.0], [14.530294, 16.783688, 400.0], [13.313436, 19.080776, 417.0], [12.338539, 21.221107, 434.0], [11.85629, 22.969051, 450.0], [11.635497, 23.960348, 467.0]"}