{"Image number":10343,"Image shape":0,"Path":"[23.800001, 8.244444, 0.0], [23.004566, 7.464759, 31.0], [22.760424, 7.4748864, 48.0], [22.4794, 7.4203253, 65.0], [22.00835, 7.3450656, 82.0], [21.451622, 7.2101293, 98.0], [20.60324, 7.096238, 115.0], [19.421726, 6.926022, 132.0], [18.046755, 6.843038, 148.0], [16.610857, 7.014346, 165.0], [15.207983, 7.671771, 182.0], [13.859478, 8.641502, 199.0], [12.794444, 9.761111, 215.0], [11.810541, 11.1165085, 232.0], [10.8102455, 12.429208, 249.0], [10.035463, 13.694258, 265.0], [9.408608, 14.814148, 282.0], [8.866667, 15.963888, 299.0], [8.443712, 17.185349, 315.0], [8.099556, 18.357107, 332.0], [7.9333334, 19.113888, 349.0], [7.896665, 19.882246, 366.0], [7.8944445, 20.330336, 382.0], [8.109111, 20.89448, 399.0], [8.605412, 21.438744, 416.0], [9.430555, 21.913889, 433.0], [10.382718, 22.080572, 449.0], [11.308174, 22.182146, 466.0], [12.513006, 22.228827, 482.0], [13.801926, 22.244444, 499.0], [15.135658, 22.244444, 516.0], [16.370049, 22.123083, 533.0], [17.486498, 21.766947, 549.0], [18.35387, 21.211235, 566.0], [18.9387, 20.561876, 582.0], [19.588037, 19.5985, 599.0], [20.201149, 18.397705, 616.0], [20.856686, 17.08663, 632.0], [21.478489, 15.948696, 649.0], [22.046816, 14.923508, 666.0], [22.460024, 13.923428, 682.0], [22.574999, 13.086111, 699.0], [22.627703, 12.295566, 716.0], [22.732786, 11.514937, 732.0], [22.75, 11.1859865, 749.0], [22.75, 10.7645645, 766.0], [22.75, 10.431416, 783.0], [22.75, 10.0354, 799.0], [22.652767, 9.605517, 816.0], [22.45256, 9.079264, 833.0], [22.140903, 8.542918, 849.0], [21.871946, 8.0561695, 866.0], [21.517023, 7.6987185, 882.0], [21.128408, 7.408388, 899.0]"}