{"Image number":30386,"Image shape":3,"Path":"[7.6116514, 10.948117, 0.0], [7.996667, 10.948117, 148.0], [8.685229, 10.734651, 166.0], [9.607956, 10.43969, 184.0], [10.401593, 10.1464205, 202.0], [11.344896, 9.819523, 219.0], [12.243443, 9.498405, 237.0], [13.369716, 9.105314, 255.0], [14.302699, 8.712955, 273.0], [14.963028, 8.395577, 290.0], [15.692095, 8.047605, 308.0], [16.3461, 7.755312, 326.0], [16.803852, 7.4940934, 343.0], [17.237644, 7.284157, 361.0], [17.679085, 7.051464, 379.0], [18.17326, 6.907393, 397.0], [18.695614, 6.7376795, 415.0], [19.164404, 6.659893, 432.0], [19.505022, 6.634821, 450.0], [19.76261, 6.634821, 468.0], [19.96932, 6.634821, 486.0], [20.166317, 6.634821, 503.0], [20.322983, 6.7725563, 521.0], [20.462215, 6.959413, 539.0], [20.59312, 7.2830596, 557.0], [20.722862, 7.498542, 574.0], [20.737865, 7.7024307, 592.0], [20.73171, 7.9479446, 610.0], [20.393929, 8.618142, 628.0], [19.838087, 9.501611, 646.0], [19.361048, 10.400449, 663.0], [18.83168, 11.196714, 681.0], [18.129044, 11.9435005, 699.0], [17.552502, 12.503354, 717.0], [17.141953, 12.955637, 734.0], [16.764881, 13.431924, 752.0], [16.25874, 13.953338, 770.0], [15.58416, 14.400334, 788.0], [15.072765, 14.830765, 805.0], [14.535602, 15.171756, 823.0], [13.934168, 15.616196, 841.0], [13.441187, 15.914002, 859.0], [13.091548, 16.12157, 876.0], [12.886592, 16.278353, 894.0], [12.682634, 16.310593, 930.0], [13.026141, 16.11082, 1001.0], [13.391081, 15.973966, 1018.0], [13.848633, 15.862019, 1036.0], [14.305412, 15.759001, 1054.0], [14.76828, 15.727716, 1072.0], [15.075719, 15.727716, 1090.0], [15.481888, 15.823851, 1107.0], [15.936705, 16.029408, 1125.0], [16.434002, 16.309916, 1143.0], [16.892054, 16.687092, 1161.0], [17.271597, 17.152199, 1178.0], [17.53444, 17.734818, 1196.0], [17.743385, 18.318665, 1214.0], [17.900995, 18.9832, 1232.0], [18.031763, 19.5464, 1249.0], [18.110466, 20.070375, 1267.0], [18.135921, 20.514807, 1285.0], [18.053469, 20.987976, 1303.0], [17.75052, 21.574505, 1320.0], [17.422003, 22.124355, 1338.0], [17.09727, 22.537418, 1356.0], [16.718796, 22.935627, 1374.0], [16.24127, 23.409616, 1392.0], [15.603548, 23.805645, 1409.0], [15.142199, 24.073162, 1427.0], [14.721572, 24.25305, 1445.0], [13.98357, 24.487736, 1462.0], [13.270121, 24.624868, 1480.0], [12.4985, 24.795767, 1498.0], [11.607835, 24.926632, 1516.0], [11.016856, 25.035872, 1534.0], [10.542328, 25.006384, 1551.0], [10.157008, 24.90888, 1569.0], [9.642249, 24.75195, 1587.0], [9.0252495, 24.508194, 1605.0], [8.448414, 24.246233, 1622.0], [7.9334545, 23.960983, 1640.0], [7.4993515, 23.734678, 1658.0], [7.2658014, 23.541214, 1676.0], [7.0691147, 23.384003, 1693.0], [6.7949047, 23.03191, 1729.0], [6.7305202, 22.875074, 1747.0], [6.6796117, 22.717615, 1782.0]"}