{"Image number":10114,"Image shape":4,"Path":"[14.583333, 7.116667, 0.0], [14.184871, 7.843892, 31.0], [13.721987, 9.045021, 48.0], [13.496567, 10.016346, 65.0], [13.173364, 11.157114, 81.0], [13.030376, 12.410704, 98.0], [12.856597, 13.609027, 115.0], [12.697223, 14.661112, 132.0], [12.677777, 15.528558, 148.0], [12.677777, 16.46155, 165.0], [12.745115, 17.063347, 182.0], [13.023158, 17.418373, 198.0], [13.644722, 17.576458, 215.0], [14.181557, 17.577778, 232.0], [15.040754, 17.308638, 249.0], [15.542421, 17.141415, 265.0], [16.316463, 16.665785, 282.0], [17.014008, 16.095411, 299.0], [17.5, 15.652779, 315.0], [17.94953, 15.147363, 332.0], [18.494585, 14.494274, 349.0], [18.715576, 13.931054, 365.0], [18.820843, 13.538847, 382.0], [18.876446, 13.045309, 399.0], [18.9, 12.724825, 415.0], [18.9, 12.500881, 432.0], [18.634178, 12.592001, 466.0], [18.308498, 13.398198, 482.0], [17.819277, 15.083968, 499.0], [17.344116, 17.501827, 516.0], [17.178932, 19.762016, 532.0], [17.11995, 21.270462, 549.0], [17.020649, 22.720463, 566.0], [17.01101, 23.790613, 582.0], [16.994444, 24.518646, 599.0], [16.994444, 24.958609, 616.0]"}