{"Image number":37652,"Image shape":3,"Path":"[12.346089, 4.654056, 0.0], [12.579036, 4.700677, 53.0], [12.954476, 4.794603, 69.0], [13.376315, 4.9355383, 86.0], [13.748223, 5.2168584, 102.0], [14.071577, 5.541551, 119.0], [14.350019, 6.0070744, 135.0], [14.537796, 6.524465, 152.0], [14.582659, 7.0819044, 168.0], [14.488501, 7.6419153, 185.0], [14.34785, 8.297827, 202.0], [14.112818, 8.906084, 218.0], [13.926965, 9.41808, 235.0], [13.836215, 9.83226, 251.0], [13.742475, 10.301647, 268.0], [13.369204, 11.091462, 301.0], [13.134287, 11.324696, 318.0], [12.9494095, 11.604114, 334.0], [12.666242, 11.743456, 351.0], [12.390453, 11.881075, 384.0], [12.817017, 12.115119, 566.0], [13.472674, 12.255113, 582.0], [14.032885, 12.395564, 599.0], [14.540393, 12.581329, 615.0], [14.9117985, 12.814827, 632.0], [15.2410145, 13.002902, 648.0], [15.517067, 13.328999, 665.0], [15.748024, 13.60644, 681.0], [15.933714, 13.978825, 698.0], [16.121119, 14.353891, 714.0], [16.353071, 14.724741, 731.0], [16.539371, 15.144425, 748.0], [16.72693, 15.613705, 764.0], [16.81929, 16.220362, 781.0], [16.912903, 16.782095, 797.0], [17.005518, 17.338171, 814.0], [17.052164, 17.759857, 830.0], [17.098866, 18.27509, 847.0], [17.09817, 18.736109, 863.0], [17.05098, 19.205868, 880.0], [16.957731, 19.622461, 896.0], [16.76881, 20.046318, 913.0], [16.535433, 20.465229, 930.0], [16.256695, 20.835423, 946.0], [15.973932, 21.11742, 963.0], [15.60628, 21.485329, 996.0], [15.370083, 21.626726, 1012.0], [15.139442, 21.765205, 1029.0], [14.810928, 21.858507, 1045.0], [14.390072, 21.951817, 1062.0], [14.018213, 22.092266, 1078.0], [13.693211, 22.27911, 1095.0], [13.4152775, 22.370872, 1112.0], [12.99205, 22.370087, 1128.0], [12.619257, 22.417505, 1145.0], [12.247326, 22.464027, 1161.0], [11.969231, 22.510643, 1178.0], [11.45938, 22.509735, 1211.0], [11.17928, 22.369045, 1227.0], [10.946877, 22.182367, 1244.0], [10.711731, 21.994122, 1260.0]"}