{"Image number":37091,"Image shape":6,"Path":"[15.560732, 5.0736456, 0.0], [14.952988, 5.447943, 53.0], [14.157999, 6.056564, 69.0], [12.058981, 8.393128, 103.0], [11.036561, 9.8361025, 119.0], [10.199863, 11.326449, 136.0], [9.444635, 12.933501, 152.0], [8.985163, 14.37147, 169.0], [8.711215, 15.7077675, 185.0], [8.618268, 16.97149, 202.0], [8.852572, 18.177616, 218.0], [9.273845, 19.253197, 235.0], [9.976172, 20.234093, 251.0], [10.816971, 20.837603, 268.0], [11.844894, 21.208666, 284.0], [13.067363, 21.252043, 301.0], [14.423369, 21.25118, 318.0], [21.430948, 17.474869, 0.0], [21.33777, 17.241764, 54.0], [20.86646, 16.675798, 70.0], [20.211891, 16.116213, 87.0], [19.13975, 15.7469845, 104.0], [18.108465, 15.986327, 120.0], [16.899336, 16.501106, 137.0], [15.731769, 17.39328, 153.0], [14.668752, 18.460707, 170.0], [14.013051, 19.543037, 186.0], [16.958403, 4.1412225, 0.0], [16.01975, 4.75234, 53.0], [14.8076515, 5.497951, 69.0], [13.312481, 6.527141, 86.0], [12.011667, 7.551093, 102.0], [10.712311, 8.666185, 120.0], [8.71273, 11.133649, 152.0], [8.059515, 12.440555, 169.0], [7.6393785, 13.7957325, 185.0], [7.6884317, 16.086607, 218.0], [8.155782, 17.107851, 235.0], [9.839933, 18.787619, 268.0], [11.001975, 19.34306, 284.0], [12.307011, 19.808607, 301.0], [13.701536, 20.180061, 317.0], [15.106018, 20.413866, 334.0], [16.592813, 20.505688, 351.0], [17.9498, 20.505243, 367.0], [19.156612, 20.364395, 384.0], [20.137268, 20.035423, 400.0], [21.069324, 19.425743, 417.0], [21.71798, 18.725601, 433.0], [22.037886, 18.031574, 450.0], [22.223614, 17.472906, 466.0], [22.176142, 16.95949, 483.0], [21.80001, 16.538338, 499.0], [21.24319, 16.215279, 516.0], [20.30163, 16.027374, 533.0], [19.425365, 15.982872, 549.0], [18.251078, 16.124273, 566.0], [17.277674, 16.639278, 582.0], [16.162752, 17.384054, 599.0], [15.365418, 18.324593, 615.0], [14.66498, 19.165909, 632.0], [14.346682, 20.14049, 648.0], [14.207889, 21.076452, 665.0]"}