{"Image number":38756,"Image shape":5,"Path":"[21.617304, 6.612143, 0.0], [20.775284, 6.7058125, 85.0], [19.753283, 7.03188, 102.0], [18.303978, 7.546522, 118.0], [16.989342, 8.110731, 135.0], [15.551233, 8.526369, 162.0], [13.049622, 9.03569, 185.0], [12.057676, 9.271664, 203.0], [11.17844, 9.409873, 221.0], [10.3823, 9.644592, 238.0], [9.587199, 9.878607, 251.0], [8.936099, 10.064677, 267.0], [8.519223, 10.156809, 283.0], [8.386023, 10.388331, 350.0], [8.479382, 10.761878, 383.0], [8.898037, 12.391183, 416.0], [9.08437, 13.090645, 433.0], [9.13149, 13.419123, 449.0], [9.225686, 13.654589, 466.0], [9.412924, 13.793257, 482.0], [10.441377, 13.603336, 532.0], [11.148339, 13.367683, 548.0], [12.0720825, 13.137719, 565.0], [13.145173, 13.045244, 581.0], [14.223645, 12.99863, 598.0], [15.2815075, 13.185778, 614.0], [16.213331, 13.558834, 631.0], [16.96445, 14.169685, 647.0], [17.56603, 14.819587, 664.0], [18.077837, 15.518553, 681.0], [18.406076, 16.317636, 697.0], [18.589508, 17.057236, 714.0], [18.636194, 17.716198, 730.0], [18.682579, 18.272034, 747.0], [18.635368, 18.829756, 763.0], [18.541512, 19.391838, 780.0], [18.260021, 19.99864, 796.0], [17.839977, 20.650734, 813.0], [17.330183, 21.252281, 829.0], [16.722723, 21.813162, 846.0], [16.115227, 22.421286, 863.0], [15.415996, 22.98014, 879.0], [14.1143465, 23.816488, 912.0], [13.507204, 24.049839, 929.0], [12.902766, 24.235672, 945.0], [11.830975, 24.421658, 978.0], [11.318025, 24.515224, 995.0], [10.336332, 24.51466, 1028.0], [9.920013, 24.420652, 1045.0], [9.314825, 24.187168, 1061.0], [8.657154, 23.952206, 1078.0]"}