{"Image number":39400,"Image shape":5,"Path":"[23.806988, 6.4256587, 0.0], [23.574043, 6.4256587, 53.0], [22.917189, 6.472609, 70.0], [21.795975, 6.566163, 86.0], [20.398579, 6.7529945, 103.0], [18.803242, 6.987868, 119.0], [17.21657, 7.268611, 136.0], [15.644281, 7.499362, 152.0], [14.431829, 7.733123, 169.0], [13.543611, 7.967789, 185.0], [12.990399, 8.153288, 202.0], [12.620761, 8.292329, 218.0], [12.389836, 8.526453, 235.0], [12.298498, 8.947716, 251.0], [12.157724, 9.557985, 268.0], [11.970174, 10.4503, 285.0], [11.689813, 11.428236, 301.0], [11.272104, 12.49264, 318.0], [10.804123, 13.427895, 334.0], [10.478654, 14.267982, 351.0], [10.294798, 14.962487, 367.0], [10.249283, 15.426557, 384.0], [10.202466, 15.65929, 400.0], [10.579986, 15.609411, 450.0], [11.13628, 15.51653, 467.0], [11.838841, 15.4698105, 483.0], [12.533177, 15.470159, 500.0], [13.186739, 15.563694, 516.0], [13.699623, 15.703934, 533.0], [14.21256, 16.125238, 549.0], [14.583788, 16.637648, 566.0], [14.9575, 17.386484, 582.0], [15.1417465, 18.268929, 599.0], [15.235413, 19.254917, 615.0], [15.094561, 20.227482, 632.0], [14.812909, 21.16594, 649.0], [14.250248, 22.100353, 665.0], [13.602304, 22.931713, 682.0], [12.76326, 23.630636, 698.0], [10.839915, 24.09716, 731.0], [9.774212, 23.953972, 748.0], [8.698353, 23.577435, 764.0], [7.5768456, 22.824848, 781.0], [6.7094407, 21.754416, 799.0], [6.1675987, 20.879295, 814.0]"}