{"Image number":110,"Image shape":9,"Path":"[16.821846, 11.905583, 0.0], [16.576117, 12.064912, 81.0], [16.390099, 12.228205, 95.0], [16.210897, 12.450983, 110.0], [15.95662, 12.661822, 123.0], [15.683875, 12.908836, 136.0], [15.413442, 13.168754, 150.0], [15.096725, 13.485576, 164.0], [14.835792, 13.746593, 178.0], [14.463961, 13.959768, 192.0], [14.181117, 14.185823, 206.0], [13.90935, 14.36994, 220.0], [13.641745, 14.599024, 235.0], [13.294667, 14.804142, 248.0], [13.023258, 14.985141, 262.0], [12.751448, 15.166409, 275.0], [12.481754, 15.2965, 290.0], [12.20903, 15.432905, 304.0], [11.908915, 15.536729, 321.0], [11.679263, 15.662316, 338.0], [11.395822, 15.705827, 346.0], [11.145319, 15.751113, 361.0], [10.9187, 15.796452, 374.0], [10.653014, 15.80282, 390.0], [10.437205, 15.849074, 405.0], [10.153784, 15.839243, 420.0], [9.879301, 15.810883, 429.0], [9.680495, 15.765194, 443.0], [9.453104, 15.673488, 457.0], [9.281613, 15.581111, 471.0], [9.102239, 15.456557, 485.0], [8.956641, 15.255736, 499.0], [8.822186, 15.031572, 513.0], [8.721612, 14.79016, 530.0], [8.649939, 14.490704, 541.0], [8.594152, 14.172018, 555.0], [8.592978, 13.855338, 569.0], [8.592978, 13.489808, 583.0], [8.643085, 13.162004, 597.0], [8.733879, 12.764654, 611.0], [8.867609, 12.356218, 626.0], [8.978919, 11.934752, 646.0], [9.137188, 11.547221, 663.0], [9.337191, 11.173384, 672.0], [9.566931, 10.763802, 682.0], [9.790073, 10.362016, 696.0], [10.055473, 9.986124, 709.0], [10.31404, 9.642066, 723.0], [10.5448265, 9.284245, 737.0], [10.868439, 8.924374, 751.0], [11.1279125, 8.677792, 765.0], [11.425545, 8.410213, 779.0], [11.707868, 8.134072, 793.0], [12.005072, 7.9727435, 807.0], [12.322115, 7.743238, 821.0], [12.62442, 7.591246, 835.0], [12.899231, 7.4571233, 848.0], [13.268062, 7.367327, 862.0], [13.515706, 7.3163157, 885.0], [13.8456335, 7.2889442, 901.0], [14.16868, 7.280584, 913.0], [14.484072, 7.325654, 921.0], [14.819146, 7.4437585, 933.0], [15.155269, 7.5800476, 948.0], [15.506452, 7.679394, 960.0], [15.78189, 7.8611603, 974.0], [16.154446, 7.9856343, 989.0], [16.394962, 8.185021, 1003.0], [16.666637, 8.366197, 1017.0], [16.935217, 8.588491, 1035.0], [17.11691, 8.84985, 1051.0], [17.319689, 9.101373, 1062.0], [17.468288, 9.374499, 1072.0], [17.645979, 9.729997, 1087.0], [17.775515, 10.090938, 1100.0], [17.888256, 10.477699, 1115.0], [17.978542, 10.91631, 1129.0], [18.028057, 11.369342, 1142.0], [18.035309, 11.806115, 1164.0], [18.081331, 12.287999, 1175.0], [18.09623, 12.790212, 1185.0], [18.09623, 13.250082, 1199.0], [18.09623, 13.79562, 1213.0], [18.09623, 14.282575, 1229.0], [18.09623, 14.782022, 1241.0], [18.134756, 15.279754, 1254.0], [18.132639, 15.777335, 1268.0], [18.132639, 16.272116, 1283.0], [18.132639, 16.770412, 1297.0], [18.132639, 17.270395, 1312.0], [18.132639, 17.760662, 1326.0], [18.132639, 18.242212, 1338.0], [18.132639, 18.692532, 1353.0], [18.132639, 19.147976, 1365.0], [18.132639, 19.599606, 1379.0], [18.18579, 19.996433, 1393.0], [18.205462, 20.49392, 1407.0], [18.240116, 20.922628, 1421.0], [18.328945, 21.330387, 1436.0], [18.366377, 21.731524, 1450.0], [18.50903, 22.141026, 1465.0], [18.63271, 22.515202, 1481.0], [18.761986, 22.951902, 1496.0], [18.853075, 23.36193, 1508.0], [19.001316, 23.763842, 1519.0], [19.17078, 24.176466, 1533.0], [19.311035, 24.62487, 1547.0], [19.493856, 25.021996, 1562.0], [19.716513, 25.400219, 1576.0]"}