{"Image number":10527,"Image shape":3,"Path":"[10.7722225, 6.1055555, 0.0], [11.161624, 6.1055555, 21.0], [12.446477, 6.1055555, 37.0], [13.971988, 6.1515245, 54.0], [15.211285, 6.1444445, 71.0], [16.713015, 6.1444445, 88.0], [18.051104, 6.1444445, 104.0], [18.806097, 6.4284134, 121.0], [19.335655, 6.7330294, 138.0], [19.540827, 7.1538763, 154.0], [19.400705, 7.8919716, 171.0], [18.811216, 8.705423, 188.0], [17.71119, 9.638822, 205.0], [16.434362, 10.68362, 221.0], [15.064474, 11.674912, 238.0], [14.138116, 12.180943, 255.0], [13.307205, 12.5580225, 271.0], [12.645213, 12.724808, 288.0], [12.425, 12.716667, 321.0], [12.793226, 12.716667, 338.0], [13.739509, 12.641476, 355.0], [14.98711, 12.548486, 371.0], [16.84691, 12.5222225, 388.0], [18.46223, 12.715, 405.0], [19.742115, 13.103156, 422.0], [20.45962, 13.610933, 438.0], [20.93285, 14.22983, 455.0], [21.0, 15.055916, 472.0], [20.772736, 15.906614, 488.0], [20.157791, 17.0197, 505.0], [19.207201, 18.419756, 522.0], [18.230797, 19.791187, 538.0], [17.172928, 21.130688, 555.0], [16.274479, 22.16121, 572.0], [15.361637, 23.099476, 589.0], [14.6027775, 23.858334, 605.0], [13.6586685, 24.24985, 622.0], [12.702563, 24.490171, 638.0], [11.783333, 24.519445, 655.0], [10.704757, 24.09294, 672.0], [9.761412, 23.441061, 688.0], [9.011707, 22.565762, 705.0], [8.275259, 21.76635, 722.0], [7.688309, 21.129929, 739.0], [7.0388885, 20.727777, 755.0]"}