{"Image number":304,"Image shape":9,"Path":"[15.547463, 10.958592, 0.0], [15.355133, 10.776478, 115.0], [15.133025, 10.853966, 148.0], [14.83936, 11.003166, 170.0], [14.65959, 11.0930805, 184.0], [14.43653, 11.184574, 202.0], [14.217882, 11.272061, 219.0], [13.985361, 11.3651, 235.0], [13.763983, 11.424673, 248.0], [13.286292, 11.468511, 271.0], [12.93132, 11.541356, 287.0], [12.6141615, 11.541356, 302.0], [12.302738, 11.504415, 318.0], [11.948606, 11.468511, 328.0], [11.6107, 11.449751, 341.0], [11.277277, 11.404628, 352.0], [10.998268, 11.323544, 366.0], [10.681062, 11.23278, 380.0], [10.401206, 11.123336, 398.0], [10.110095, 11.051672, 412.0], [9.872166, 10.960515, 432.0], [9.650505, 10.828436, 438.0], [9.474979, 10.744127, 455.0], [9.317574, 10.652653, 465.0], [9.046849, 10.392774, 494.0], [8.99926, 10.2205715, 508.0], [8.957087, 10.05995, 520.0], [8.990121, 9.879424, 535.0], [9.077577, 9.697696, 549.0], [9.473208, 9.29007, 576.0], [9.730463, 9.051248, 590.0], [10.042793, 8.824787, 604.0], [10.357216, 8.600126, 617.0], [10.735907, 8.429869, 632.0], [11.064962, 8.219307, 646.0], [11.417974, 8.073183, 670.0], [12.124944, 7.857424, 692.0], [12.469681, 7.767313, 704.0], [12.790421, 7.6788464, 722.0], [13.0644455, 7.6331596, 733.0], [13.423267, 7.6250753, 748.0], [13.77342, 7.6076984, 760.0], [14.0605955, 7.5712757, 778.0], [14.3679695, 7.5712757, 792.0], [14.639142, 7.5898123, 806.0], [14.883757, 7.6076984, 822.0], [15.364388, 7.687625, 843.0], [15.544704, 7.8248553, 859.0], [15.725248, 7.9151554, 874.0], [15.87158, 8.076416, 885.0], [16.140778, 8.39904, 912.0], [16.237322, 8.660059, 926.0], [16.343452, 8.940182, 945.0], [16.391346, 9.212474, 954.0], [16.436401, 9.534397, 971.0], [16.48208, 9.915028, 982.0], [16.559755, 10.306928, 995.0], [16.566969, 10.711067, 1009.0], [16.618021, 11.126822, 1025.0], [16.60338, 11.529546, 1038.0], [16.60338, 11.966342, 1051.0], [16.60338, 12.461648, 1064.0], [16.553738, 12.92534, 1085.0], [16.508427, 13.423906, 1101.0], [16.464048, 13.912234, 1115.0], [16.381481, 14.423561, 1127.0], [16.324436, 14.963867, 1142.0], [16.254732, 15.5289, 1155.0], [16.179432, 16.119059, 1167.0], [16.127857, 16.666723, 1179.0], [16.083014, 17.252066, 1193.0], [16.037271, 17.866869, 1207.0], [16.020805, 18.501377, 1219.0], [15.983243, 19.095856, 1238.0], [15.937723, 19.687801, 1246.0], [15.947984, 20.319244, 1260.0], [15.947984, 20.893589, 1278.0], [15.947984, 21.484064, 1288.0], [15.947984, 22.030565, 1302.0], [15.947984, 22.618967, 1316.0], [15.947984, 23.152098, 1330.0], [15.947984, 23.689575, 1344.0], [15.992404, 24.195328, 1362.0], [16.020805, 24.656473, 1377.0], [16.046179, 25.089468, 1392.0], [16.057217, 25.541117, 1409.0], [16.144894, 26.26577, 1428.0], [16.13004, 26.529324, 1446.0]"}