{"Image number":10543,"Image shape":5,"Path":"[22.672222, 8.438889, 0.0], [21.851461, 8.438889, 31.0], [20.527649, 8.290594, 48.0], [19.266668, 8.283333, 65.0], [17.761173, 8.396959, 81.0], [16.365852, 8.650162, 98.0], [15.00442, 8.960945, 115.0], [13.915613, 9.288344, 131.0], [13.041425, 9.534509, 148.0], [12.445015, 9.697319, 165.0], [12.264698, 9.714873, 181.0], [12.107016, 9.722221, 198.0], [11.9443445, 9.688788, 232.0], [11.900001, 9.437035, 265.0], [11.851866, 9.990627, 332.0], [11.7519655, 10.407826, 349.0], [11.603909, 10.887723, 365.0], [11.438941, 11.32764, 382.0], [11.342302, 11.667538, 399.0], [11.236657, 11.904462, 415.0], [11.2, 12.075, 466.0], [11.482203, 12.055555, 549.0], [12.046509, 12.055555, 566.0], [12.889082, 12.084579, 582.0], [13.947289, 12.182507, 599.0], [15.011111, 12.405556, 616.0], [16.091858, 12.689534, 632.0], [17.12452, 13.115294, 649.0], [17.825607, 13.59485, 666.0], [18.388153, 13.983929, 682.0], [18.747118, 14.3526745, 699.0], [18.98779, 14.651873, 716.0], [19.10618, 15.058057, 733.0], [19.094444, 15.766853, 749.0], [18.623789, 16.734076, 766.0], [17.965706, 17.786705, 783.0], [17.141378, 18.796005, 799.0], [16.41681, 19.555414, 816.0], [15.668817, 20.251328, 833.0], [14.8078785, 21.00135, 849.0], [13.961961, 21.641027, 866.0], [13.222221, 22.166668, 883.0], [12.783578, 22.422077, 899.0], [12.05291, 22.639645, 916.0], [11.412192, 22.73778, 933.0], [10.670772, 22.787937, 950.0], [9.998902, 22.788889, 966.0], [9.202216, 22.788889, 983.0], [8.563613, 22.744188, 1000.0], [8.05, 22.691666, 1016.0], [7.6916957, 22.564293, 1033.0], [7.3183937, 22.408676, 1050.0], [7.0388885, 22.030556, 1067.0], [6.967033, 21.274782, 1083.0], [6.9085608, 20.287416, 1100.0]"}