{"Image number":242,"Image shape":3,"Path":"[9.175553, 7.680544, 0.0], [9.278367, 7.4384246, 60.0], [9.625764, 7.3063745, 85.0], [9.937815, 7.1660986, 99.0], [10.282605, 7.0758853, 112.0], [10.684523, 6.9467125, 126.0], [11.090063, 6.8583546, 140.0], [11.554606, 6.731082, 155.0], [12.007682, 6.6404376, 168.0], [12.450369, 6.588078, 182.0], [12.949812, 6.4521956, 200.0], [13.375724, 6.4245462, 214.0], [13.809172, 6.4057474, 230.0], [14.265525, 6.4057474, 238.0], [14.671653, 6.4057474, 252.0], [15.076231, 6.4585924, 266.0], [15.435907, 6.566384, 282.0], [15.819503, 6.6564274, 296.0], [16.122534, 6.741813, 311.0], [16.468044, 6.894068, 323.0], [16.752317, 7.00175, 336.0], [17.023874, 7.159663, 350.0], [17.295912, 7.34108, 364.0], [17.513632, 7.5202656, 378.0], [17.680613, 7.725408, 392.0], [17.829815, 7.920117, 407.0], [17.964605, 8.099893, 422.0], [18.049618, 8.341963, 439.0], [18.140741, 8.5931635, 447.0], [18.200834, 8.822926, 461.0], [18.205462, 9.091113, 475.0], [18.205462, 9.360751, 488.0], [18.125093, 9.6335945, 502.0], [18.004784, 9.933664, 517.0], [17.867966, 10.213317, 531.0], [17.733105, 10.483125, 548.0], [17.504938, 10.8303385, 565.0], [17.266832, 11.132648, 584.0], [16.954906, 11.442878, 603.0], [16.286297, 12.059955, 615.0], [15.908343, 12.369094, 629.0], [15.575742, 12.603429, 642.0], [15.263262, 12.872519, 656.0], [14.946684, 13.089324, 670.0], [14.690538, 13.345553, 684.0], [14.41883, 13.580946, 698.0], [14.147484, 13.761918, 713.0], [13.984582, 13.996408, 727.0], [13.802261, 14.124849, 741.0], [13.601832, 14.325343, 770.0], [13.82369, 14.164038, 853.0], [14.0384035, 13.961477, 868.0], [14.303096, 13.738125, 881.0], [14.575756, 13.561298, 895.0], [14.896049, 13.282608, 909.0], [15.226695, 13.055756, 922.0], [15.544346, 12.828788, 937.0], [15.858345, 12.654058, 950.0], [16.175117, 12.517092, 965.0], [16.49112, 12.426776, 979.0], [16.807163, 12.375975, 993.0], [17.075296, 12.330755, 1009.0], [17.288141, 12.363103, 1029.0], [17.545424, 12.438238, 1037.0], [17.778376, 12.490318, 1049.0], [17.956644, 12.582437, 1063.0], [18.195286, 12.693494, 1077.0], [18.421997, 12.800813, 1090.0], [18.572456, 12.890923, 1105.0], [18.754595, 13.074083, 1119.0], [18.916527, 13.218205, 1133.0], [19.052097, 13.399028, 1147.0], [19.188057, 13.616623, 1160.0], [19.323395, 13.842259, 1175.0], [19.440483, 14.048624, 1190.0], [19.531815, 14.231347, 1203.0], [19.622444, 14.482474, 1219.0], [19.668581, 14.707132, 1232.0], [19.714165, 14.987412, 1245.0], [19.759752, 15.235994, 1258.0], [19.771132, 15.495602, 1272.0], [19.771132, 15.76735, 1286.0], [19.771132, 16.084206, 1300.0], [19.771132, 16.344582, 1315.0], [19.738834, 16.64815, 1329.0], [19.653446, 16.920874, 1343.0], [19.612259, 17.292734, 1356.0], [19.53024, 17.56245, 1370.0], [19.422447, 17.816776, 1383.0], [19.327057, 18.122463, 1398.0], [19.188671, 18.437132, 1413.0], [19.089674, 18.695934, 1428.0], [18.953419, 18.93869, 1442.0], [18.779583, 19.164282, 1454.0], [18.603165, 19.431112, 1468.0], [18.418217, 19.672201, 1482.0], [18.236847, 19.915771, 1495.0], [18.018896, 20.104317, 1509.0], [17.84057, 20.329329, 1525.0], [17.624428, 20.463392, 1540.0], [17.414024, 20.61943, 1552.0], [17.224728, 20.790377, 1566.0], [16.956333, 20.9258, 1580.0], [16.736628, 21.079473, 1595.0], [16.509851, 21.260952, 1608.0], [16.317759, 21.372667, 1621.0], [16.096275, 21.505037, 1635.0], [15.817375, 21.589025, 1649.0], [15.5817, 21.716173, 1665.0], [15.378289, 21.806133, 1682.0], [15.117939, 21.897024, 1695.0], [14.891396, 21.987673, 1706.0], [14.628212, 22.078415, 1719.0], [14.401064, 22.13663, 1733.0], [14.133245, 22.223433, 1747.0], [13.916329, 22.262747, 1761.0], [13.65163, 22.344845, 1777.0], [13.361134, 22.390377, 1789.0], [13.086771, 22.435291, 1803.0], [12.755573, 22.480375, 1819.0], [12.413703, 22.525768, 1831.0], [12.066534, 22.571085, 1845.0], [11.747825, 22.615723, 1859.0], [11.380741, 22.661392, 1873.0], [11.020583, 22.6503, 1887.0], [10.6283865, 22.62157, 1901.0], [10.220564, 22.613876, 1915.0], [9.866769, 22.522673, 1929.0], [9.505318, 22.505127, 1943.0], [9.138404, 22.413368, 1957.0], [8.774897, 22.358902, 1971.0], [8.464068, 22.225603, 1984.0], [8.1457, 22.19614, 1998.0], [7.8646502, 22.088318, 2012.0], [7.546252, 21.962206, 2026.0], [7.2361093, 21.872252, 2041.0], [6.968769, 21.72866, 2055.0], [6.699087, 21.593779, 2069.0], [6.4243526, 21.422615, 2082.0], [6.1990438, 21.24445, 2098.0], [5.9218373, 21.11397, 2110.0], [5.745767, 20.91813, 2125.0], [5.5519915, 20.73743, 2139.0], [5.412637, 20.557407, 2153.0], [5.2774687, 20.278587, 2166.0], [5.221147, 20.063389, 2180.0], [5.1760244, 19.806953, 2194.0], [5.2098174, 19.536022, 2208.0], [5.2550716, 19.21609, 2222.0], [5.377795, 18.920805, 2236.0], [5.544174, 18.617683, 2250.0], [5.763298, 18.301466, 2263.0], [5.941269, 17.986284, 2277.0], [6.19785, 17.744778, 2292.0], [6.4692054, 17.518572, 2305.0], [6.7426276, 17.290644, 2319.0]"}