{"Image number":30552,"Image shape":4,"Path":"[12.116505, 7.3731327, 0.0], [11.947367, 7.3167195, 62.0], [11.78786, 7.4299664, 115.0], [11.54981, 7.623549, 133.0], [11.078716, 7.9638557, 151.0], [10.594883, 8.370207, 169.0], [9.894466, 8.960423, 186.0], [9.436495, 9.43784, 204.0], [8.952777, 9.977596, 221.0], [8.387629, 10.560253, 239.0], [7.7563744, 11.305328, 257.0], [7.2524843, 12.038851, 275.0], [6.84918, 12.636537, 293.0], [6.6053877, 13.231576, 310.0], [6.3689327, 13.765361, 328.0], [6.2242184, 14.3639965, 346.0], [6.059051, 14.792715, 364.0], [5.993117, 15.198706, 381.0], [5.980582, 15.574117, 399.0], [5.980582, 15.852219, 417.0], [6.008999, 16.085028, 435.0], [6.0742846, 16.335905, 452.0], [6.23406, 16.593895, 488.0], [6.36527, 16.847286, 506.0], [6.668093, 17.237143, 523.0], [7.284477, 17.379791, 541.0], [8.07767, 17.515211, 559.0], [9.147067, 17.693396, 577.0], [9.774319, 17.709503, 595.0], [10.582525, 17.709503, 612.0], [11.567474, 17.74836, 630.0], [12.307295, 17.74836, 648.0], [13.180621, 17.74836, 666.0], [14.045669, 17.74836, 683.0], [14.588538, 17.74836, 701.0], [15.413899, 17.723635, 719.0], [16.325674, 17.65847, 737.0], [17.05108, 17.397871, 754.0], [17.60671, 17.16491, 772.0], [18.179466, 16.96962, 790.0], [18.688766, 16.813465, 808.0], [19.116396, 16.683025, 825.0], [19.508595, 16.606268, 843.0], [19.779215, 16.53763, 861.0], [20.011538, 16.543747, 879.0], [20.206244, 16.543747, 897.0], [20.448154, 16.543747, 914.0], [12.85437, 6.4793863, 0.0], [12.62738, 6.5571036, 84.0], [12.333544, 6.8450923, 119.0], [12.138983, 7.039776, 137.0], [11.942576, 7.371474, 155.0], [11.506609, 7.964527, 172.0], [10.349516, 9.316058, 190.0], [9.836587, 10.111375, 208.0], [9.356068, 10.707924, 226.0], [8.959878, 11.337445, 243.0], [8.471196, 11.962326, 261.0], [8.023117, 12.550438, 279.0], [7.589925, 13.137373, 297.0], [7.2479386, 13.675403, 314.0], [6.9192452, 14.237836, 332.0], [6.684403, 14.707807, 350.0], [6.538336, 15.205128, 368.0], [6.369288, 15.609894, 385.0], [6.3038177, 15.859197, 403.0], [6.2381244, 16.081522, 421.0], [6.2524276, 16.352972, 439.0], [6.2524276, 16.511826, 457.0], [6.3072896, 16.763329, 474.0], [6.5820646, 16.986364, 492.0], [7.0710077, 17.14415, 510.0], [7.5194693, 17.272356, 528.0], [8.346288, 17.243198, 545.0], [9.135888, 17.243198, 563.0], [9.902913, 17.243198, 581.0], [10.868036, 17.243198, 599.0], [11.715004, 17.20434, 616.0], [12.680119, 17.143738, 634.0], [13.744027, 17.126625, 652.0], [14.4483795, 17.052277, 670.0], [15.1283655, 17.026321, 687.0], [15.893713, 16.959663, 705.0], [16.60669, 16.7813, 723.0], [17.156006, 16.652868, 741.0], [17.697681, 16.413273, 758.0], [18.29036, 16.310795, 776.0], [18.806696, 16.170301, 794.0], [19.329407, 16.103031, 812.0], [19.700836, 16.116302, 830.0], [19.957962, 16.116302, 847.0], [20.218105, 16.116302, 865.0], [20.436016, 16.116302, 883.0], [20.672674, 16.116302, 901.0], [20.868393, 16.116302, 918.0], [21.080467, 16.116302, 954.0], [20.862312, 16.194021, 1078.0], [20.564024, 16.194021, 1096.0], [20.279398, 16.19704, 1114.0], [19.977163, 16.194021, 1131.0], [19.715275, 16.194021, 1149.0], [19.493326, 16.076532, 1167.0], [19.29826, 15.984963, 1185.0], [19.155201, 15.80037, 1203.0], [19.024635, 15.604399, 1221.0], [18.8984, 15.310669, 1238.0], [18.873787, 14.928531, 1256.0], [18.792679, 14.502468, 1273.0], [18.796118, 14.027535, 1291.0], [18.738647, 13.422701, 1309.0], [18.757282, 12.924169, 1327.0], [18.725664, 12.295443, 1345.0], [18.718445, 11.705859, 1362.0], [18.679611, 10.865944, 1380.0], [18.679611, 10.041101, 1398.0], [18.621359, 9.218912, 1416.0], [18.553473, 8.462055, 1434.0], [18.563107, 7.681465, 1451.0], [18.539791, 7.085457, 1469.0], [18.524273, 6.547571, 1487.0], [18.524273, 6.139143, 1504.0], [18.46021, 5.8480153, 1522.0], [18.394714, 5.624176, 1540.0], [18.36893, 5.4674373, 1558.0], [18.134077, 5.5628166, 1629.0], [17.984947, 5.905017, 1646.0], [17.856411, 6.6419926, 1664.0], [17.687244, 7.4848175, 1682.0], [17.558342, 8.387676, 1700.0], [17.470303, 9.475222, 1718.0], [17.405052, 10.589022, 1735.0], [17.398058, 11.647521, 1753.0], [17.351753, 12.614571, 1771.0], [17.359224, 13.55088, 1789.0], [17.419294, 14.527311, 1806.0], [17.533484, 15.4327965, 1824.0], [17.625412, 16.309834, 1842.0], [17.75526, 17.118345, 1860.0], [17.886314, 17.870735, 1878.0], [18.016949, 18.513174, 1895.0], [18.083267, 19.100515, 1913.0], [18.148212, 19.634241, 1931.0], [18.174759, 20.16424, 1948.0], [18.213593, 20.629555, 1966.0], [18.26738, 21.078342, 1984.0], [18.332872, 21.373312, 2002.0], [18.359184, 21.702026, 2020.0], [18.36893, 22.022799, 2035.0]"}