{"Image number":35420,"Image shape":5,"Path":"[16.07321, 7.218218, 0.0], [15.368124, 7.4541683, 52.0], [14.476555, 7.8296137, 69.0], [13.687439, 8.296232, 85.0], [13.085605, 8.572959, 102.0], [12.620372, 8.664524, 118.0], [12.249553, 8.710514, 135.0], [12.017489, 8.804327, 151.0], [11.878599, 8.991955, 168.0], [11.737997, 9.464151, 184.0], [11.600275, 10.157302, 201.0], [11.413101, 11.093816, 218.0], [11.320357, 12.074953, 234.0], [11.181152, 13.000653, 251.0], [11.134496, 13.890355, 267.0], [11.08779, 14.590312, 284.0], [11.135279, 15.149859, 300.0], [11.228986, 15.520916, 317.0], [11.604001, 15.751971, 333.0], [12.166277, 15.797054, 350.0], [12.772232, 15.796507, 366.0], [13.42538, 15.749334, 383.0], [14.028837, 15.7498865, 400.0], [14.631746, 15.843558, 416.0], [15.148041, 16.079239, 433.0], [15.658033, 16.4992, 449.0], [16.172823, 17.062302, 466.0], [16.542768, 17.573158, 482.0], [16.774277, 18.085852, 499.0], [16.959085, 18.642448, 515.0], [17.052565, 19.252876, 532.0], [17.004734, 19.996527, 548.0], [16.8173, 20.743692, 565.0], [16.206049, 21.539976, 582.0], [15.319159, 22.23704, 598.0], [14.200325, 22.794342, 615.0], [13.077824, 23.167213, 631.0], [12.010647, 23.457634, 648.0], [11.429162, 23.638632, 664.0]"}