{"Image number":30674,"Image shape":7,"Path":"[10.718447, 8.5000305, 0.0], [10.951456, 8.538888, 158.0], [11.2246, 8.538888, 176.0], [11.630479, 8.538888, 194.0], [12.12772, 8.516054, 212.0], [13.217249, 8.5000305, 230.0], [14.004969, 8.5000305, 247.0], [14.610283, 8.5000305, 265.0], [15.133306, 8.448141, 283.0], [15.68827, 8.461172, 301.0], [16.284145, 8.435348, 318.0], [16.755623, 8.422314, 336.0], [17.055603, 8.382042, 354.0], [17.2481, 8.383453, 372.0], [17.520954, 8.383453, 407.0], [17.71309, 8.3057375, 460.0], [17.786407, 8.47779, 567.0], [17.604612, 8.867972, 585.0], [17.326326, 9.398626, 603.0], [17.04625, 10.040682, 620.0], [16.824463, 10.610443, 638.0], [16.667625, 11.174394, 656.0], [16.520731, 11.750948, 674.0], [16.428358, 12.451855, 691.0], [16.260387, 13.16782, 709.0], [16.131557, 13.876821, 727.0], [15.92087, 14.64504, 745.0], [15.764395, 15.269208, 762.0], [15.567902, 15.859045, 780.0], [15.371852, 16.447552, 798.0], [15.183585, 17.0127, 816.0], [14.97666, 17.63385, 833.0], [14.823644, 18.209745, 851.0], [14.556014, 18.712845, 869.0], [14.293623, 19.316818, 887.0], [14.119475, 19.896091, 904.0], [13.987756, 20.449894, 922.0], [13.864693, 20.97116, 940.0], [13.687245, 21.373526, 958.0], [13.492203, 21.901123, 975.0], [13.300971, 22.411385, 993.0], [13.089334, 22.873775, 1011.0], [12.940981, 23.312668, 1029.0], [12.757281, 23.577139, 1047.0], [12.638456, 23.881775, 1064.0], [12.509538, 24.15299, 1082.0], [12.442131, 24.309443, 1100.0], [12.38835, 24.470364, 1135.0], [12.428541, 24.229591, 1189.0], [12.720306, 23.529556, 1206.0], [13.046209, 22.412022, 1224.0], [13.532415, 21.27996, 1242.0], [13.890835, 20.271563, 1260.0], [14.217048, 19.402515, 1278.0], [14.583902, 18.798946, 1295.0], [14.842736, 18.269035, 1313.0], [15.044153, 17.816898, 1331.0], [15.196291, 17.524487, 1349.0], [15.326577, 17.198572, 1366.0], [15.456312, 16.990618, 1384.0], [15.502615, 16.800812, 1402.0], [15.495146, 16.638699, 1437.0], [15.495146, 16.469162, 1473.0], [15.406316, 16.299427, 1508.0], [14.96986, 16.091763, 1544.0], [14.761002, 16.077444, 1561.0], [14.486723, 16.077444, 1579.0], [14.083789, 16.142252, 1597.0], [13.661165, 16.314966, 1615.0], [13.080577, 16.429115, 1633.0], [12.6677, 16.529541, 1651.0], [12.246824, 16.655716, 1668.0], [11.864154, 16.740805, 1686.0], [11.444888, 16.845144, 1704.0], [10.99172, 17.02054, 1721.0], [10.611831, 17.053734, 1739.0], [10.361373, 17.07994, 1757.0], [10.103302, 17.087765, 1775.0], [9.909356, 17.159037, 1810.0], [10.316731, 16.939018, 1935.0], [10.958556, 16.693066, 1952.0], [11.714558, 16.393263, 1970.0], [12.5457325, 16.093513, 1988.0], [13.460678, 15.883603, 2006.0], [14.219341, 15.648275, 2024.0], [14.723938, 15.503312, 2041.0], [15.1397505, 15.354045, 2059.0], [15.6632595, 15.2189045, 2077.0], [16.187794, 15.116494, 2094.0], [16.65359, 15.0514145, 2112.0], [17.090038, 14.988961, 2130.0], [17.469763, 14.920653, 2148.0], [17.73755, 14.855904, 2165.0], [18.24738, 14.751424, 2183.0], [18.67319, 14.717396, 2201.0], [19.007164, 14.717396, 2219.0], [19.330881, 14.672548, 2237.0], [19.627596, 14.678535, 2254.0], [19.868547, 14.657616, 2272.0], [20.186136, 14.604843, 2308.0], [20.39864, 14.60082, 2343.0]"}