{"Image number":30014,"Image shape":2,"Path":"[15.76699, 3.21527, 0.0], [15.957208, 3.2914028, 110.0], [16.180187, 3.4732828, 129.0], [16.494267, 3.7352703, 146.0], [16.861406, 4.1949477, 164.0], [17.255276, 4.816456, 181.0], [17.969229, 5.952998, 199.0], [18.267141, 6.3848963, 217.0], [18.52453, 7.1019006, 235.0], [18.786552, 7.888444, 252.0], [18.878107, 8.543251, 270.0], [18.873787, 9.546985, 288.0], [18.816605, 10.638461, 306.0], [18.789833, 11.496179, 324.0], [18.76293, 12.4290085, 341.0], [18.407768, 13.49335, 359.0], [17.908934, 14.3331785, 377.0], [17.720274, 14.842047, 395.0], [17.48827, 15.296896, 412.0], [17.191132, 15.8594885, 430.0], [16.867403, 16.478804, 448.0], [16.500679, 17.086683, 466.0], [16.175947, 17.656843, 483.0], [15.773712, 18.243435, 501.0], [15.242719, 18.778112, 519.0], [14.621794, 19.43827, 536.0], [13.976303, 20.00601, 554.0], [13.388074, 20.424416, 572.0], [12.8550825, 20.774021, 590.0], [12.451627, 21.058538, 608.0], [12.059376, 21.225826, 625.0], [11.50171, 21.245628, 644.0], [10.830827, 21.241331, 662.0], [10.082932, 21.07497, 679.0], [9.3686695, 20.918165, 697.0], [8.760853, 20.722229, 715.0], [8.24586, 20.52671, 733.0], [7.880286, 20.272024, 750.0], [7.5329986, 19.962315, 767.0], [7.280467, 19.52909, 785.0], [7.066586, 18.966213, 803.0], [6.932811, 18.363857, 821.0], [6.803302, 17.890102, 838.0], [6.7342615, 17.454723, 856.0], [6.7184467, 17.014914, 875.0], [6.716381, 16.406914, 892.0], [6.918238, 15.682018, 909.0], [7.44556, 14.836555, 927.0], [7.9216056, 14.251908, 945.0], [8.534763, 13.717213, 963.0], [9.289603, 13.261977, 980.0], [9.917793, 12.960488, 998.0], [10.57238, 12.834785, 1016.0], [11.387676, 12.649829, 1034.0], [12.0814905, 12.696753, 1052.0], [12.755067, 12.774467, 1069.0], [13.591696, 12.887974, 1087.0], [14.221556, 12.979166, 1105.0], [14.744997, 13.141131, 1123.0], [15.144145, 13.279137, 1140.0], [15.530918, 13.580274, 1158.0], [15.855646, 13.873499, 1176.0], [16.201618, 14.160154, 1194.0], [16.547184, 14.440411, 1211.0], [17.09478, 14.919095, 1229.0], [17.56163, 15.24885, 1247.0], [18.05642, 15.629194, 1265.0], [18.690586, 15.94693, 1282.0], [19.304134, 16.32058, 1300.0], [19.90432, 16.875454, 1318.0], [20.57453, 17.54607, 1336.0], [21.16056, 18.042786, 1353.0], [21.592129, 18.344122, 1371.0], [22.125568, 18.561798, 1389.0], [22.550741, 18.69933, 1407.0], [22.757282, 18.758682, 1423.0]"}