{"Image number":38818,"Image shape":5,"Path":"[21.990017, 7.544566, 0.0], [21.51732, 7.544566, 53.0], [20.678673, 7.6385703, 70.0], [19.264174, 7.780042, 86.0], [17.63876, 7.9662695, 103.0], [15.962732, 8.152565, 119.0], [14.559445, 8.340182, 136.0], [13.358278, 8.384237, 152.0], [12.420509, 8.383746, 169.0], [11.449144, 8.430927, 185.0], [10.895268, 8.477535, 202.0], [10.430251, 8.5241785, 219.0], [10.435967, 8.990009, 268.0], [10.43594, 10.440486, 301.0], [10.38882, 11.519582, 318.0], [10.342519, 12.632121, 334.0], [10.295852, 13.612064, 351.0], [10.296173, 14.407748, 367.0], [10.249161, 15.009464, 384.0], [10.249584, 15.428744, 401.0], [10.577769, 15.6100235, 467.0], [10.906208, 15.6100235, 483.0], [11.370074, 15.6100235, 500.0], [11.88041, 15.6100235, 516.0], [12.675559, 15.750476, 533.0], [14.270974, 16.551456, 566.0], [14.820773, 17.154446, 583.0], [15.334408, 17.809652, 599.0], [15.514845, 18.503162, 616.0], [15.608027, 19.158178, 632.0], [15.654337, 19.811914, 649.0], [15.65391, 20.37304, 665.0], [15.559675, 20.884026, 682.0], [15.419932, 21.394836, 698.0], [15.186827, 21.906504, 715.0], [14.809596, 22.28256, 731.0], [14.393071, 22.605476, 748.0], [13.879041, 22.885368, 764.0], [13.136692, 23.16318, 781.0], [12.484274, 23.349586, 797.0], [11.686609, 23.490273, 814.0], [10.427973, 23.62886, 847.0], [9.824149, 23.62886, 864.0]"}