{"Image number":40116,"Image shape":4,"Path":"[11.319148, 8.259613, 0.0], [11.121522, 9.064644, 40.0], [10.920873, 9.820321, 57.0], [10.748994, 10.878334, 74.0], [10.533354, 12.033017, 91.0], [10.36875, 13.431715, 107.0], [10.265287, 15.058084, 124.0], [10.231268, 16.492332, 141.0], [10.231268, 17.690321, 157.0], [10.231268, 18.62661, 173.0], [10.231268, 19.105822, 190.0], [10.231268, 19.475378, 207.0], [10.256689, 19.65916, 224.0], [10.334876, 19.81656, 240.0], [10.566029, 19.675018, 290.0], [11.102133, 19.336594, 307.0], [11.847282, 18.760687, 323.0], [12.558836, 18.084032, 341.0], [13.295921, 17.458416, 357.0], [14.183337, 16.667599, 373.0], [15.190795, 15.938225, 390.0], [16.03419, 15.457599, 407.0], [16.729828, 15.037125, 424.0], [17.403488, 14.543097, 440.0], [18.19664, 13.914561, 457.0], [18.774586, 13.292391, 474.0], [19.199968, 12.680691, 490.0], [19.478622, 12.140422, 507.0], [19.681124, 11.593779, 524.0], [19.750473, 10.835749, 540.0], [19.830439, 10.149372, 557.0], [19.814987, 9.406954, 574.0], [19.814987, 8.78742, 590.0], [19.814987, 8.270079, 607.0], [19.829512, 7.843809, 623.0], [19.870167, 7.5363283, 640.0], [19.86679, 7.324389, 657.0], [19.892693, 7.505492, 707.0], [19.868143, 8.308919, 724.0], [19.788868, 9.505249, 740.0], [19.680876, 10.903179, 757.0], [19.56454, 12.476944, 773.0], [19.459988, 13.914472, 790.0], [19.47261, 15.204638, 807.0], [19.547728, 16.288954, 824.0], [19.676512, 17.35065, 840.0], [19.802265, 18.341402, 857.0], [19.950018, 19.169071, 873.0], [20.011995, 19.792967, 890.0], [20.081348, 20.301151, 907.0], [20.140759, 20.57601, 924.0], [20.185062, 20.853405, 940.0], [20.223936, 21.144812, 957.0], [20.229416, 21.389284, 974.0], [20.177612, 21.552416, 991.0], [20.15171, 21.786415, 1007.0], [20.15171, 21.95433, 1024.0]"}