{"Image number":445,"Image shape":8,"Path":"[14.20026, 14.163795, 0.0], [14.023685, 13.950743, 43.0], [13.909046, 13.775385, 60.0], [13.740044, 13.461602, 73.0], [13.598099, 13.099874, 90.0], [13.41693, 12.66455, 106.0], [13.257297, 12.115971, 114.0], [13.025795, 10.984848, 128.0], [12.9577, 10.398188, 142.0], [12.862779, 9.154612, 154.0], [12.947689, 8.897447, 170.0], [13.053797, 8.401166, 183.0], [13.190172, 7.940522, 196.0], [13.371989, 7.5893316, 212.0], [13.9925165, 7.058899, 238.0], [14.468647, 6.79964, 252.0], [14.969377, 6.6661053, 266.0], [15.559442, 6.567083, 280.0], [16.165117, 6.487101, 294.0], [16.785892, 6.478593, 307.0], [17.420391, 6.478593, 321.0], [17.991867, 6.478593, 335.0], [18.558453, 6.5049834, 350.0], [19.0988, 6.5850387, 365.0], [19.554913, 6.719658, 378.0], [19.898045, 6.8540053, 393.0], [20.14962, 7.161626, 406.0], [20.342047, 7.4780183, 421.0], [20.438004, 7.7935696, 436.0], [20.477339, 8.160023, 449.0], [20.40317, 8.619317, 462.0], [20.293995, 9.089361, 476.0], [20.077034, 9.626855, 491.0], [19.802002, 10.168377, 506.0], [19.451405, 10.651695, 518.0], [19.059616, 11.209649, 533.0], [18.613125, 11.719254, 547.0], [18.070435, 12.2115135, 561.0], [17.560795, 12.655447, 575.0], [17.018383, 13.0493145, 587.0], [16.475618, 13.449243, 602.0], [15.937361, 13.760239, 616.0], [15.338313, 14.077527, 630.0], [14.751613, 14.33831, 644.0], [14.166045, 14.5998535, 657.0], [13.536654, 14.869753, 673.0], [12.939819, 15.194872, 687.0], [12.357674, 15.48604, 700.0], [11.77755, 15.828889, 713.0], [11.277093, 16.191092, 729.0], [10.785257, 16.601192, 743.0], [10.347708, 17.045813, 758.0], [9.963028, 17.519688, 771.0], [9.645134, 18.057076, 784.0], [9.377354, 18.552946, 798.0], [9.189767, 19.231422, 812.0], [9.041973, 19.829874, 825.0], [8.947093, 20.462069, 839.0], [8.907103, 21.042099, 854.0], [8.920675, 21.591629, 868.0], [8.920675, 22.117115, 882.0], [9.000728, 22.617231, 896.0], [9.138395, 23.10892, 910.0], [9.351122, 23.52734, 924.0], [9.636976, 23.935783, 937.0], [9.913821, 24.264627, 951.0], [10.232607, 24.534855, 966.0], [10.601582, 24.710438, 981.0], [10.965949, 24.79092, 993.0], [11.328711, 24.762207, 1010.0], [11.730001, 24.672522, 1022.0], [12.157008, 24.49177, 1037.0], [12.583963, 24.21135, 1050.0], [13.02272, 23.862167, 1063.0], [13.475548, 23.499784, 1077.0], [13.873545, 23.053793, 1092.0], [14.279194, 22.55784, 1105.0], [14.688038, 22.023996, 1119.0], [15.006518, 21.48623, 1133.0], [15.374099, 20.892435, 1148.0], [15.616067, 20.364105, 1161.0], [15.823291, 19.851858, 1175.0], [15.920809, 19.357866, 1189.0], [16.010885, 18.812613, 1204.0], [15.940256, 18.269602, 1217.0], [15.819045, 17.758072, 1232.0], [15.566569, 17.185802, 1245.0], [15.29538, 16.598032, 1259.0], [14.931597, 15.975117, 1273.0], [14.6134, 15.383992, 1289.0], [14.337251, 14.838517, 1301.0], [14.112184, 14.341478, 1314.0]"}