{"Image number":39669,"Image shape":2,"Path":"[9.923461, 7.31146, 0.0], [10.251127, 6.9372034, 53.0], [10.768276, 6.4666276, 69.0], [11.46756, 6.0486894, 86.0], [12.071559, 5.7236447, 102.0], [12.629334, 5.5855494, 119.0], [13.146408, 5.5391006, 135.0], [13.65225, 5.6801753, 152.0], [14.540089, 6.4775577, 185.0], [14.910186, 7.127956, 201.0], [15.09523, 7.8724732, 218.0], [15.188862, 8.529519, 234.0], [15.18802, 9.1810255, 251.0], [15.094175, 9.8806095, 268.0], [14.859497, 10.629245, 284.0], [14.114151, 12.11808, 317.0], [13.650068, 12.813525, 334.0], [13.181217, 13.47032, 350.0], [12.6673, 14.124405, 367.0], [12.202914, 14.822578, 383.0], [11.738222, 15.473256, 400.0], [11.26987, 16.223577, 416.0], [10.714687, 17.523535, 450.0], [10.574616, 18.085308, 466.0], [10.5757065, 18.549807, 483.0], [10.5757065, 19.114355, 499.0], [11.184786, 20.18308, 532.0], [11.698807, 20.696695, 549.0], [12.309742, 21.071003, 565.0], [13.046754, 21.391846, 582.0], [13.848981, 21.580362, 599.0], [14.781389, 21.624784, 615.0], [15.716526, 21.529305, 632.0], [16.734756, 21.342731, 648.0], [17.813375, 21.107758, 665.0], [23.294508, 19.61944, 0.0], [10.296173, 6.938491, 0.0], [10.955343, 6.3261805, 66.0], [11.694793, 5.9589725, 82.0], [12.44876, 5.7233715, 99.0], [13.050331, 5.773378, 115.0], [13.609547, 5.9142165, 132.0], [14.025497, 6.2408905, 148.0], [14.305757, 6.8044877, 165.0], [14.489252, 7.451565, 181.0], [14.536202, 8.157075, 198.0], [14.535773, 8.948255, 214.0], [14.441323, 9.746578, 231.0], [14.255413, 10.438174, 248.0], [13.929926, 11.181448, 264.0], [13.553437, 11.887778, 281.0], [13.136483, 12.62915, 297.0], [12.713473, 13.428901, 314.0], [12.252714, 14.305004, 330.0], [11.878435, 15.241466, 347.0], [11.090545, 17.00305, 380.0], [10.806978, 17.852865, 399.0], [10.66788, 18.599136, 415.0], [10.669157, 19.856085, 447.0], [11.04372, 20.460747, 480.0], [11.46353, 20.552448, 496.0], [12.069234, 20.551865, 513.0], [12.862521, 20.458158, 529.0], [13.754728, 20.364223, 545.0], [14.730731, 20.271317, 562.0], [15.717373, 20.082438, 579.0], [16.741203, 19.94364, 595.0], [17.863777, 19.8034, 612.0]"}