{"Image number":38490,"Image shape":1,"Path":"[12.019966, 6.1925535, 0.0], [12.721714, 7.2692094, 84.0], [13.464566, 8.710753, 101.0], [14.447749, 10.725364, 118.0], [15.104358, 12.701462, 134.0], [15.701904, 15.009362, 151.0], [16.17115, 17.31173, 167.0], [16.59203, 19.56004, 184.0], [17.00717, 21.400734, 200.0], [17.239334, 22.985674, 217.0], [17.380112, 24.209196, 233.0], [17.47232, 24.945778, 250.0], [17.518261, 25.266144, 267.0]"}