{"Image number":36909,"Image shape":4,"Path":"[11.460898, 9.502654, 0.0], [11.36772, 9.73576, 37.0], [11.132979, 10.628391, 53.0], [10.755153, 12.141098, 70.0], [10.388171, 13.843883, 86.0], [10.060875, 15.294106, 103.0], [9.922127, 16.319128, 119.0], [9.8761835, 16.87706, 136.0], [10.018988, 17.105818, 152.0], [10.391698, 17.195728, 169.0], [11.00101, 17.100975, 185.0], [11.839861, 16.820086, 202.0], [12.828158, 16.34825, 219.0], [13.856445, 15.690844, 235.0], [14.729581, 14.857022, 252.0], [15.526782, 13.822052, 268.0], [16.174652, 12.705335, 285.0], [16.777214, 11.49702, 301.0], [17.290016, 10.564951, 318.0], [17.614412, 10.009028, 334.0], [17.703695, 10.296128, 368.0], [17.469578, 11.1390915, 384.0], [17.000278, 12.641359, 401.0], [16.254557, 14.691386, 417.0], [15.600846, 17.0318, 434.0], [15.139096, 19.351398, 450.0], [14.953308, 21.45757, 467.0], [15.00413, 23.54856, 483.0], [15.099763, 24.816715, 500.0]"}