{"Image number":38845,"Image shape":1,"Path":"[16.632278, 5.4466147, 0.0], [16.351187, 6.1976204, 52.0], [16.02345, 7.2752676, 69.0], [15.603804, 8.816241, 86.0], [15.13714, 10.591258, 102.0], [14.672396, 12.499307, 119.0], [14.206095, 14.553386, 135.0], [13.69096, 16.51955, 152.0], [13.22669, 18.331963, 168.0], [12.668175, 19.863659, 185.0], [12.082747, 21.278069, 201.0], [11.71971, 22.041183, 218.0]"}