{"Image number":36042,"Image shape":1,"Path":"[13.883527, 8.9432, 0.0], [13.976706, 9.176307, 36.0], [14.118343, 10.073979, 52.0], [14.304262, 11.518484, 69.0], [14.492281, 13.166221, 85.0], [14.677648, 14.647847, 102.0], [14.7701645, 16.051302, 118.0], [15.006416, 17.409218, 135.0], [15.28565, 18.707817, 151.0], [15.723395, 20.014523, 168.0], [15.947451, 20.786001, 185.0]"}