{"Image number":38441,"Image shape":3,"Path":"[12.066555, 5.912827, 0.0], [12.254562, 5.81917, 102.0], [12.953651, 5.679338, 119.0], [13.794565, 5.539153, 136.0], [14.589673, 5.3987017, 152.0], [15.334189, 5.447015, 169.0], [15.981062, 5.5400033, 185.0], [16.639141, 5.681191, 202.0], [17.193699, 5.8201714, 218.0], [17.706406, 6.1007195, 235.0], [18.030529, 6.4729433, 251.0], [18.170965, 6.8485794, 268.0], [18.216581, 7.3142295, 284.0], [18.26309, 7.87325, 301.0], [18.215763, 8.531184, 318.0], [18.169296, 9.182209, 334.0], [18.074957, 9.840082, 351.0], [17.889164, 10.532141, 367.0], [17.60789, 11.234539, 384.0], [17.090591, 12.126535, 400.0], [16.487053, 13.007223, 417.0], [15.8832655, 13.890292, 433.0], [14.85771, 14.914058, 466.0], [14.437157, 15.194061, 483.0], [14.161708, 15.330974, 500.0], [13.882046, 15.56439, 533.0], [14.869837, 15.375592, 698.0], [15.66523, 15.32963, 715.0], [16.453737, 15.2832155, 731.0], [16.871168, 15.425522, 748.0], [17.244932, 15.6135235, 764.0], [17.517912, 15.89019, 781.0], [17.799635, 16.219168, 797.0], [18.032032, 16.639439, 814.0], [18.123337, 17.19641, 830.0], [18.170126, 17.806543, 847.0], [18.169716, 18.415674, 863.0], [18.029373, 19.01587, 880.0], [17.841879, 19.672073, 896.0], [17.514217, 20.278185, 913.0], [17.09261, 20.886251, 930.0], [15.786084, 22.096535, 963.0], [14.113369, 23.258083, 996.0], [12.530998, 23.955883, 1029.0], [11.645269, 24.048658, 1045.0], [10.900869, 24.141811, 1062.0], [10.15457, 24.141691, 1078.0], [9.500358, 24.047905, 1095.0], [8.84889, 23.907938, 1112.0], [8.099192, 23.720276, 1128.0], [7.39911, 23.533339, 1145.0]"}