{"Image number":39061,"Image shape":3,"Path":"[12.625624, 5.3067513, 0.0], [12.860186, 5.4942055, 103.0], [13.708447, 6.2019567, 120.0], [14.737679, 6.8551493, 136.0], [15.709436, 7.550954, 153.0], [16.309494, 8.013348, 169.0], [16.680399, 8.572526, 186.0], [16.915304, 9.043428, 202.0], [16.958693, 9.505554, 219.0], [16.769716, 9.880287, 235.0], [16.396366, 10.392539, 252.0], [15.784504, 10.86173, 269.0], [14.9448595, 11.279367, 285.0], [14.104455, 11.510703, 302.0], [13.319472, 11.69502, 318.0], [12.804482, 11.693847, 335.0], [12.481885, 11.741035, 351.0], [13.003287, 11.78764, 401.0], [13.607597, 11.833987, 417.0], [15.521001, 12.349157, 450.0], [16.542068, 12.767348, 467.0], [17.572865, 13.283371, 483.0], [18.591574, 13.93329, 500.0], [20.12711, 15.377665, 533.0], [20.454994, 16.12838, 550.0], [20.545887, 16.823156, 567.0], [20.404297, 17.529955, 583.0], [20.0318, 18.176773, 599.0], [18.491358, 19.482882, 632.0], [16.24449, 20.60519, 666.0], [14.858778, 21.112463, 682.0], [13.366271, 21.57902, 699.0], [11.914423, 21.90667, 715.0], [10.707066, 22.091654, 732.0], [9.592006, 22.137203, 748.0], [8.604375, 22.042349, 765.0]"}