{"Image number":10209,"Image shape":4,"Path":"[12.638889, 9.061111, 0.0], [12.415553, 9.337781, 56.0], [12.037601, 10.056901, 72.0], [11.399028, 11.4235115, 89.0], [10.556951, 13.275818, 106.0], [9.9227295, 14.790075, 122.0], [9.456567, 16.205866, 139.0], [9.286974, 17.108805, 156.0], [9.217117, 17.728828, 173.0], [9.326561, 18.117962, 189.0], [10.012605, 18.240402, 223.0], [10.91078, 18.067078, 239.0], [12.338274, 17.450283, 256.0], [13.418884, 16.962334, 273.0], [14.411284, 16.611053, 289.0], [15.393882, 16.44532, 306.0], [15.701103, 16.401428, 323.0], [16.422043, 16.294998, 339.0], [17.11779, 15.874008, 356.0], [17.699295, 15.164469, 373.0], [18.011913, 14.104241, 389.0], [18.193953, 12.416187, 406.0], [18.199999, 10.96185, 423.0], [18.199999, 9.942492, 440.0], [18.199999, 9.262869, 456.0], [18.322178, 9.099999, 490.0], [18.321041, 9.782032, 523.0], [17.96361, 10.998928, 540.0], [17.227777, 12.716667, 557.0], [15.99748, 15.439841, 573.0], [15.0492, 17.977983, 590.0], [14.625644, 20.123245, 607.0], [14.116573, 21.949207, 623.0], [13.747222, 23.216667, 640.0], [13.734476, 23.840939, 657.0], [13.67891, 24.317587, 673.0], [13.627857, 24.483253, 690.0], [13.786111, 24.558334, 723.0]"}