{"Image number":10377,"Image shape":7,"Path":"[6.961111, 8.594444, 0.0], [7.470746, 8.88815, 36.0], [8.225719, 9.133895, 53.0], [8.908043, 9.249489, 69.0], [10.636658, 9.325247, 86.0], [13.308769, 9.245148, 103.0], [16.294445, 8.847221, 119.0], [18.265005, 8.478091, 136.0], [19.800488, 8.255679, 153.0], [21.064125, 8.032407, 170.0], [21.901451, 7.8540535, 186.0], [22.497799, 7.800704, 203.0], [22.693863, 7.8166666, 220.0], [22.596788, 8.054527, 270.0], [22.032112, 8.564746, 287.0], [21.132238, 9.5460615, 303.0], [20.171585, 10.775403, 320.0], [19.151674, 12.300265, 337.0], [18.32019, 13.705879, 353.0], [17.555683, 15.026768, 370.0], [16.8403, 16.431717, 387.0], [16.246206, 17.976357, 403.0], [15.693657, 19.371414, 420.0], [15.238328, 20.482733, 437.0], [14.775934, 21.470814, 454.0], [14.286736, 22.339632, 470.0], [14.072316, 23.116383, 487.0], [13.758635, 23.61703, 504.0], [13.198377, 24.117018, 520.0]"}