{"Image number":38288,"Image shape":2,"Path":"[6.8951745, 7.031733, 0.0], [7.3144755, 7.031733, 50.0], [7.9745064, 6.9373784, 67.0], [10.057644, 6.566737, 100.0], [11.279501, 6.3314624, 117.0], [13.756282, 6.0988297, 150.0], [14.87868, 6.193953, 166.0], [15.758055, 6.4757447, 183.0], [16.544973, 6.8480144, 199.0], [17.147593, 7.1731234, 216.0], [17.660234, 7.406065, 232.0], [18.034176, 7.8762007, 249.0], [18.170288, 8.666723, 265.0], [18.169716, 9.693844, 282.0], [17.935225, 10.862402, 298.0], [17.465986, 12.032447, 315.0], [15.971651, 14.410206, 348.0], [15.037736, 15.623705, 365.0], [14.247998, 16.834784, 381.0], [13.415614, 17.897045, 398.0], [12.664117, 18.83701, 414.0], [11.919073, 19.533434, 431.0], [11.220578, 20.232897, 447.0], [10.705912, 20.747917, 464.0], [10.3374195, 21.21124, 480.0], [10.058899, 21.630648, 497.0], [9.8278675, 21.95388, 514.0], [9.6399975, 22.188519, 530.0], [10.066896, 21.901428, 580.0], [11.653774, 21.670443, 613.0], [13.008373, 21.576836, 629.0], [14.452017, 21.483677, 646.0], [17.604557, 21.29816, 679.0], [19.068201, 21.203703, 696.0], [21.351585, 21.11069, 729.0], [21.943426, 21.064695, 756.0]"}