{"Image number":497,"Image shape":7,"Path":"[13.836151, 7.5712757, 0.0], [14.237053, 7.5470576, 59.0], [14.530101, 7.592396, 70.0], [14.9095, 7.668232, 82.0], [15.396465, 7.8375316, 96.0], [15.941947, 7.970416, 110.0], [16.564438, 8.220778, 123.0], [17.16833, 8.505972, 138.0], [17.79121, 8.7829485, 152.0], [18.423895, 9.05419, 168.0], [18.997677, 9.323898, 184.0], [19.582813, 9.566513, 197.0], [20.139786, 9.794957, 208.0], [20.611786, 9.96641, 222.0], [21.008797, 10.102544, 235.0], [21.344568, 10.211545, 249.0], [21.587729, 10.26577, 264.0], [21.769691, 10.355595, 279.0], [21.797367, 10.534301, 308.0], [21.639061, 10.7263365, 319.0], [21.413603, 10.95461, 334.0], [21.087706, 11.229408, 346.0], [20.627987, 11.500573, 361.0], [20.13992, 11.839267, 375.0], [19.601517, 12.2422695, 389.0], [19.012426, 12.646748, 404.0], [17.921268, 13.565293, 417.0], [17.42584, 13.970774, 431.0], [16.848835, 14.497499, 445.0], [16.26427, 14.988763, 459.0], [15.230419, 16.047123, 472.0], [14.393552, 16.94346, 486.0], [13.891068, 17.459757, 501.0], [12.920727, 18.52456, 515.0], [12.679016, 18.800812, 530.0], [12.21644, 19.252525, 544.0], [11.755079, 19.705706, 557.0], [11.216502, 20.153725, 571.0], [10.252631, 21.081491, 586.0], [9.819565, 21.469524, 599.0], [9.329742, 21.878426, 612.0], [8.8376875, 22.281149, 628.0], [8.288791, 22.634623, 641.0], [7.831076, 22.997776, 654.0], [7.3768344, 23.361288, 669.0], [7.01708, 23.632282, 684.0], [6.7015066, 23.907858, 698.0], [6.5357604, 24.088997, 711.0]"}