{"Image number":8,"Image shape":1,"Path":"[12.962289, 5.6772914, 0.0], [13.167647, 5.780004, 59.0], [13.266632, 5.9583726, 73.0], [13.408181, 6.19001, 87.0], [13.520387, 6.5021667, 103.0], [13.643109, 6.8499346, 118.0], [13.777195, 7.289704, 130.0], [13.912571, 7.741105, 145.0], [14.027836, 8.298084, 158.0], [14.150259, 8.860012, 171.0], [14.245102, 9.406594, 186.0], [14.335213, 10.046015, 200.0], [14.404173, 10.681957, 214.0], [14.480076, 11.346024, 228.0], [14.531042, 12.0642185, 243.0], [14.527958, 12.731302, 258.0], [14.58519, 13.815696, 269.0], [14.60078, 14.672584, 283.0], [14.63921, 15.78452, 299.0], [14.684139, 16.152634, 313.0], [14.710012, 16.725597, 327.0], [14.738009, 17.324007, 344.0], [14.746969, 17.955864, 361.0], [14.835404, 18.619345, 369.0], [14.873863, 19.317617, 382.0], [14.919155, 20.06076, 394.0], [14.964399, 20.784897, 408.0], [15.009751, 21.51076, 423.0], [15.054348, 22.224533, 438.0], [15.063671, 22.90457, 451.0], [15.074121, 23.572697, 465.0], [15.074121, 24.211624, 480.0], [15.074121, 24.729052, 494.0]"}