{"Image number":36902,"Image shape":7,"Path":"[12.439267, 7.824293, 0.0], [13.10043, 7.7295637, 53.0], [14.135519, 7.636075, 69.0], [15.574072, 7.449602, 86.0], [16.926271, 7.262843, 103.0], [18.09263, 7.028513, 119.0], [18.786005, 6.889742, 136.0], [19.106571, 6.844524, 152.0], [19.054626, 7.126667, 169.0], [18.81937, 7.9734926, 185.0], [18.259298, 9.55947, 202.0], [17.556973, 11.527224, 218.0], [16.626099, 13.619233, 235.0], [15.786979, 15.861008, 251.0], [14.802253, 18.01632, 268.0], [13.362031, 21.647354, 301.0], [12.977237, 23.10196, 318.0], [12.801459, 24.057098, 334.0]"}