{"Image number":35874,"Image shape":3,"Path":"[9.550749, 6.845248, 0.0], [9.923461, 6.845248, 36.0], [10.815267, 6.845248, 53.0], [12.083848, 7.0342965, 70.0], [13.468965, 7.4527473, 86.0], [14.44902, 8.202161, 103.0], [15.238048, 9.040084, 119.0], [15.5157175, 10.067881, 136.0], [15.467052, 11.193015, 152.0], [15.091681, 12.30941, 169.0], [14.345849, 13.283651, 185.0], [13.600112, 13.981923, 202.0], [13.0896015, 14.352643, 219.0], [13.281146, 14.491115, 252.0], [14.026459, 14.491115, 268.0], [15.242243, 14.491115, 285.0], [16.726242, 14.631052, 301.0], [18.227966, 14.959882, 318.0], [19.487396, 15.475536, 334.0], [20.45692, 16.266235, 351.0], [21.018791, 17.207058, 367.0], [21.292576, 18.225924, 384.0], [21.150356, 19.254225, 401.0], [20.7285, 20.375021, 417.0], [19.79109, 21.636637, 434.0], [18.44831, 22.837141, 450.0], [14.766117, 24.468864, 483.0], [12.895158, 24.702394, 500.0], [11.139137, 24.553877, 516.0], [10.152603, 24.414543, 533.0]"}