{"Image number":37744,"Image shape":0,"Path":"[18.40266, 5.5398564, 0.0], [17.932274, 5.6335983, 53.0], [17.328363, 5.8204308, 70.0], [16.347786, 6.147586, 86.0], [15.60317, 6.614738, 103.0], [14.721971, 7.171697, 119.0], [13.273776, 8.433953, 152.0], [12.578757, 9.083323, 169.0], [11.826108, 9.883599, 186.0], [11.131816, 10.765177, 202.0], [10.572752, 11.651906, 219.0], [10.104922, 12.495222, 235.0], [9.779919, 13.288139, 252.0], [9.5011215, 13.985883, 268.0], [9.267375, 14.689126, 285.0], [9.034097, 15.389444, 301.0], [8.7537775, 16.088636, 318.0], [8.522284, 16.786076, 335.0], [8.384227, 17.531076, 351.0], [8.338813, 18.230127, 368.0], [8.245979, 18.96896, 384.0], [8.151882, 19.675037, 401.0], [8.10581, 20.328272, 417.0], [8.106489, 20.883234, 434.0], [8.153745, 21.445665, 451.0], [8.200477, 22.006838, 467.0], [8.341156, 22.61066, 483.0], [8.528616, 23.171137, 500.0], [8.902258, 23.68065, 516.0], [9.323083, 24.194769, 533.0], [10.252934, 24.702486, 566.0], [10.864221, 24.748459, 583.0], [11.516145, 24.606045, 599.0], [12.214249, 24.372154, 616.0], [12.908815, 24.04674, 632.0], [13.697843, 23.581842, 649.0], [14.494235, 23.019213, 665.0], [15.327885, 22.323387, 682.0], [16.125317, 21.572332, 699.0], [16.826344, 20.776228, 715.0], [17.424871, 20.038315, 732.0], [17.940348, 19.287888, 748.0], [18.404802, 18.590563, 765.0], [18.827515, 17.837967, 781.0], [19.245897, 17.140795, 798.0], [19.711752, 16.442305, 814.0], [20.08301, 15.932043, 831.0], [20.406094, 15.516648, 847.0], [20.64171, 15.186544, 864.0], [20.827446, 14.813151, 880.0], [21.060673, 14.581919, 897.0], [21.29295, 14.302508, 915.0], [21.52598, 14.022677, 932.0], [21.711664, 13.7434025, 947.0], [21.89773, 13.510957, 963.0], [22.03833, 13.228893, 980.0], [22.130602, 12.950161, 996.0], [22.176985, 12.669213, 1013.0], [22.223135, 12.392116, 1030.0], [22.270086, 12.063066, 1046.0], [22.26955, 11.692252, 1063.0], [22.26955, 11.268234, 1079.0], [22.222221, 10.800649, 1096.0], [22.081326, 10.2411175, 1112.0], [21.942131, 9.731008, 1129.0], [21.755585, 9.31282, 1145.0]"}