{"Image number":30472,"Image shape":4,"Path":"[11.61165, 7.3731327, 0.0], [11.383392, 7.596778, 105.0], [11.110846, 8.043598, 123.0], [10.639864, 8.751272, 141.0], [10.100544, 9.635085, 159.0], [9.621683, 10.445655, 176.0], [9.340868, 10.912254, 194.0], [9.160521, 11.328604, 212.0], [9.02879, 11.706868, 230.0], [8.938028, 12.060032, 247.0], [8.869429, 12.388257, 265.0], [8.804081, 12.715198, 283.0], [8.891393, 13.195566, 301.0], [9.021385, 13.600275, 318.0], [9.100191, 14.029967, 336.0], [9.36067, 14.5648575, 354.0], [9.71486, 14.86396, 372.0], [10.106981, 15.01861, 389.0], [10.581981, 15.149561, 407.0], [11.155111, 15.317716, 425.0], [11.705925, 15.450145, 443.0], [12.227918, 15.6238, 460.0], [12.572614, 15.719587, 478.0], [12.849612, 15.784814, 496.0], [13.196516, 15.811732, 514.0], [13.516428, 15.805435, 532.0], [13.9051285, 15.805435, 549.0], [14.307455, 15.805435, 567.0], [14.691534, 15.732206, 585.0], [15.067962, 15.727716, 603.0], [15.302416, 15.688859, 620.0], [15.486625, 15.464234, 638.0], [15.750688, 15.20001, 674.0], [15.908592, 15.003151, 709.0], [16.025726, 14.834216, 727.0], [16.195871, 14.559697, 745.0], [16.390553, 14.261107, 762.0], [16.531864, 13.950377, 780.0], [16.823162, 13.577141, 798.0], [17.177998, 13.122031, 816.0], [17.503693, 12.733118, 834.0], [17.799477, 12.285286, 851.0], [18.061495, 11.895287, 869.0], [18.319958, 11.395851, 887.0], [18.67077, 10.869243, 905.0], [18.959461, 10.349222, 922.0], [19.275034, 9.888639, 940.0], [19.604399, 9.427249, 958.0], [19.858934, 9.0359125, 976.0], [20.116507, 8.713753, 993.0], [20.248188, 8.391945, 1011.0], [20.416782, 8.059746, 1029.0], [20.548035, 7.835086, 1047.0], [20.582523, 7.654914, 1064.0], [20.683586, 7.489709, 1100.0], [20.30035, 7.810913, 1242.0], [19.917366, 8.232987, 1260.0], [19.570667, 8.744398, 1278.0], [19.242542, 9.432986, 1295.0], [18.987028, 10.00425, 1313.0], [18.72676, 10.6553135, 1331.0], [18.33732, 11.477682, 1349.0], [17.946281, 12.369576, 1366.0], [17.554523, 13.044601, 1384.0], [17.3315, 13.7833605, 1402.0], [17.03062, 14.543277, 1420.0], [16.830185, 15.277312, 1437.0], [16.681644, 15.931266, 1455.0], [16.55088, 16.659607, 1473.0], [16.459755, 17.374815, 1491.0], [16.377705, 18.148176, 1508.0], [16.237104, 18.889538, 1526.0], [16.004818, 19.710865, 1544.0], [15.706926, 20.49612, 1562.0], [15.38006, 21.242502, 1579.0], [15.093732, 21.828722, 1597.0], [14.818835, 22.418524, 1615.0], [14.556679, 22.809618, 1633.0], [14.429721, 23.211353, 1650.0], [14.299629, 23.536783, 1668.0], [14.210425, 23.822966, 1686.0], [14.145344, 24.02459, 1704.0], [14.135922, 24.198877, 1730.0]"}