{"Image number":37900,"Image shape":7,"Path":"[4.1930113, 15.982991, 0.0], [4.38071, 15.465234, 51.0], [4.660409, 14.579581, 68.0], [5.0824914, 13.312711, 84.0], [5.7671027, 11.848356, 101.0], [6.221881, 10.943411, 117.0], [6.5244346, 10.431693, 134.0], [7.9763956, 9.590275, 150.0], [9.883919, 8.753619, 167.0], [12.165132, 8.102476, 183.0], [14.914999, 9.459944, 216.0], [16.175861, 10.67731, 233.0], [18.125608, 13.2832, 266.0], [18.823174, 14.539914, 283.0], [19.195047, 15.797767, 299.0], [19.42831, 16.918726, 316.0], [19.194122, 18.782246, 349.0], [18.914602, 19.480923, 365.0], [18.164015, 20.510948, 398.0], [17.603468, 20.883, 415.0], [17.142641, 21.159212, 431.0], [16.77032, 21.438961, 448.0], [16.442717, 21.625984, 465.0], [16.163988, 21.718193, 481.0], [15.885313, 21.76427, 498.0], [15.652243, 21.857922, 514.0], [15.232089, 21.90438, 547.0], [14.954517, 21.950497, 580.0], [14.72052, 21.99712, 613.0], [14.864412, 21.715504, 779.0], [15.424988, 21.529566, 795.0], [16.30978, 21.20335, 828.0], [16.541637, 21.157433, 845.0], [16.774456, 21.110836, 862.0], [17.056509, 21.111317, 878.0], [17.381027, 21.111317, 895.0], [17.800795, 21.111317, 911.0], [18.22216, 21.15859, 928.0], [18.594437, 21.205238, 944.0], [18.918385, 21.298727, 961.0], [19.150972, 21.3922, 977.0], [19.381575, 21.53145, 1011.0], [3.8668885, 15.656643, 0.0], [3.7259877, 15.138708, 49.0], [3.6799612, 14.48311, 66.0], [3.6805325, 13.736313, 83.0], [3.72776, 13.036265, 99.0], [3.821148, 12.246082, 116.0], [3.9621205, 11.496401, 132.0], [4.196751, 10.796821, 149.0], [4.523897, 10.240421, 165.0], [4.8043118, 9.8680935, 182.0], [5.0349584, 9.6864605, 198.0], [5.312416, 9.548639, 231.0], [5.4991865, 9.5964575, 281.0], [5.77833, 9.689785, 314.0], [6.0574837, 9.735911, 331.0], [6.808124, 10.017786, 347.0], [7.644348, 10.249634, 364.0], [8.632217, 10.532107, 380.0], [9.60728, 10.669604, 397.0], [10.626073, 10.94894, 413.0], [11.698254, 11.181974, 430.0], [12.8194685, 11.462614, 446.0], [13.888706, 11.694973, 463.0], [14.868996, 11.975604, 480.0], [15.798389, 12.254716, 496.0], [16.543774, 12.581694, 513.0], [17.292028, 12.76801, 529.0], [17.94142, 12.906994, 546.0], [18.49846, 13.093355, 562.0], [18.966232, 13.327838, 579.0], [19.381634, 13.51234, 595.0], [19.754768, 13.65232, 612.0], [20.03496, 13.745739, 628.0], [20.219633, 13.978672, 678.0], [20.079098, 14.212542, 744.0], [19.706457, 14.771889, 761.0], [19.282753, 15.4314785, 777.0], [18.913805, 16.265722, 794.0], [18.635065, 17.196955, 810.0], [18.167751, 18.178316, 827.0], [17.605637, 19.256083, 844.0], [17.051493, 20.179039, 860.0], [16.57997, 21.075577, 877.0], [16.072222, 21.998917, 893.0], [15.605226, 22.840076, 910.0], [15.182889, 23.73294, 926.0], [14.860992, 24.376608, 943.0], [14.581148, 24.93668, 959.0], [14.301778, 25.30862, 976.0], [14.1609955, 25.638391, 992.0], [14.069781, 25.866926, 1009.0], [13.976006, 26.054558, 1026.0], [13.8828945, 26.334784, 1042.0], [13.836149, 26.522532, 1059.0], [13.743761, 26.84699, 1092.0], [13.650362, 27.079266, 1141.0], [9.410981, 9.456033, 0.0], [7.1747084, 9.222927, 0.0], [7.924291, 9.316467, 119.0], [8.720186, 9.410358, 135.0], [9.787795, 9.503012, 152.0], [10.4893055, 9.5497265, 168.0], [12.115653, 9.549128, 201.0], [12.907951, 9.549274, 218.0], [13.74587, 9.502537, 234.0], [14.398843, 9.502654, 251.0], [15.00891, 9.502654, 268.0], [15.52005, 9.5969715, 284.0], [16.079512, 9.643043, 301.0], [16.497292, 9.783974, 317.0], [16.7752, 9.876675, 334.0], [17.009089, 9.970505, 350.0], [17.378763, 10.108994, 383.0], [17.751171, 10.248781, 416.0], [18.030478, 10.295212, 450.0], [18.26364, 10.295212, 516.0], [18.54293, 10.388705, 565.0], [18.822195, 10.528436, 615.0], [19.148216, 10.621627, 648.0], [19.567596, 10.761509, 681.0], [19.802774, 10.855644, 698.0], [20.175333, 10.995103, 731.0], [20.453615, 11.228676, 780.0], [20.545755, 11.461209, 847.0], [20.499174, 12.020154, 929.0], [19.986296, 12.95333, 946.0], [19.421297, 13.942737, 962.0], [18.496702, 15.93403, 995.0], [18.075666, 16.917454, 1012.0], [17.562359, 17.850935, 1029.0], [16.813667, 19.634354, 1062.0], [16.488754, 20.421135, 1078.0], [16.11813, 21.161282, 1095.0], [15.741444, 21.915173, 1111.0], [15.5123005, 22.514744, 1128.0], [15.325968, 22.98071, 1144.0], [15.234588, 23.255957, 1161.0], [15.18802, 23.442982, 1194.0], [15.045563, 23.63424, 1227.0]"}