{"Image number":37296,"Image shape":2,"Path":"[12.206323, 7.31146, 0.0], [12.487553, 7.076997, 102.0], [13.982457, 6.3302574, 135.0], [14.685281, 6.2378745, 152.0], [15.195495, 6.4756794, 169.0], [15.519739, 6.804226, 185.0], [15.701937, 7.3154125, 201.0], [15.747495, 7.8757977, 218.0], [15.7470875, 8.436758, 234.0], [15.7470875, 8.95105, 251.0], [15.7470875, 9.462604, 268.0], [15.7470875, 9.927138, 284.0], [15.465479, 11.0002365, 317.0], [15.232572, 11.464819, 334.0], [14.952794, 11.9307575, 350.0], [14.718595, 12.447571, 367.0], [14.485997, 12.959634, 383.0], [14.29998, 13.520621, 400.0], [14.16111, 13.984793, 417.0], [14.021162, 14.498939, 433.0], [13.882611, 15.007309, 450.0], [13.647683, 15.523166, 466.0], [13.273607, 16.082634, 483.0], [12.899813, 16.643711, 499.0], [12.479307, 17.25123, 516.0], [12.202561, 17.714249, 532.0], [11.971263, 18.131372, 549.0], [11.501262, 18.64725, 565.0], [10.944022, 19.0163, 582.0], [10.434804, 19.293713, 598.0], [9.965391, 19.340181, 615.0], [9.452384, 19.386806, 631.0], [8.938318, 19.339098, 648.0], [8.614801, 19.198065, 665.0], [8.38339, 18.869814, 681.0], [8.291388, 18.44735, 698.0], [8.245961, 18.031668, 714.0], [8.292923, 17.660725, 731.0], [8.900867, 17.006882, 764.0], [9.461651, 16.82081, 781.0], [10.817846, 16.72893, 813.0], [11.465297, 16.8228, 830.0], [12.071506, 17.104185, 847.0], [12.535839, 17.524548, 863.0], [12.957002, 17.993546, 880.0], [13.280296, 18.50435, 896.0], [13.512762, 19.064663, 913.0], [13.699168, 19.578314, 929.0], [13.791798, 20.046278, 946.0], [13.931338, 20.509325, 962.0], [14.116832, 20.83222, 979.0], [14.399879, 21.020658, 995.0], [14.774693, 21.065441, 1019.0], [15.19312, 21.064695, 1029.0], [15.564517, 21.064695, 1045.0], [15.934913, 21.064695, 1062.0], [16.451668, 21.064695, 1078.0], [17.061005, 21.064695, 1095.0], [17.522457, 21.017578, 1111.0], [17.892603, 20.924227, 1128.0], [18.312332, 20.737082, 1144.0], [18.874033, 20.50296, 1161.0], [19.339016, 20.269852, 1177.0], [19.614258, 20.085464, 1194.0], [19.993025, 19.753756, 1211.0], [20.502737, 19.336792, 1227.0], [21.013573, 18.824953, 1244.0], [21.341202, 18.261541, 1260.0], [21.621328, 17.605335, 1277.0], [21.945604, 17.145409, 1293.0], [22.414665, 16.818426, 1310.0]"}