{"Image number":40108,"Image shape":0,"Path":"[15.100833, 8.181877, 0.0], [14.170812, 8.48011, 61.0], [13.427207, 8.714695, 78.0], [12.625003, 8.998848, 95.0], [11.759915, 9.315688, 111.0], [10.972263, 9.63366, 127.0], [10.256822, 10.013213, 144.0], [9.416073, 10.633303, 160.0], [8.629474, 11.35741, 177.0], [7.9130206, 12.253967, 194.0], [7.3118486, 13.196024, 210.0], [6.8230314, 14.147369, 227.0], [6.543459, 15.058458, 243.0], [6.3885856, 16.00328, 261.0], [6.4328713, 17.051426, 277.0], [6.5784597, 18.115173, 293.0], [6.8527884, 19.08323, 310.0], [7.2740273, 19.998123, 327.0], [7.7282076, 20.677296, 343.0], [8.271904, 21.381641, 360.0], [8.932991, 22.038805, 377.0], [9.546311, 22.502243, 393.0], [10.1289625, 22.962242, 411.0], [10.708846, 23.346512, 427.0], [11.1272, 23.603752, 444.0], [11.659427, 23.924595, 460.0], [12.271566, 24.193525, 477.0], [12.924244, 24.355936, 494.0], [13.712654, 24.237617, 510.0], [14.749543, 23.825191, 527.0], [15.819165, 23.217556, 543.0], [16.921724, 22.528673, 560.0], [18.029837, 21.617134, 577.0], [19.155561, 20.727276, 594.0], [19.887127, 19.870358, 610.0], [20.44106, 19.019901, 626.0], [20.858496, 18.107374, 643.0], [21.05444, 17.270432, 660.0], [21.116722, 16.4055, 677.0], [21.110085, 15.992694, 693.0], [21.110085, 15.305455, 710.0], [20.957348, 14.159126, 727.0], [20.688929, 13.083375, 743.0], [20.337223, 11.975276, 760.0], [19.795555, 10.993865, 777.0], [19.174644, 10.1602335, 793.0], [18.45111, 9.518993, 810.0], [17.635696, 9.104407, 827.0], [16.563808, 8.713412, 844.0], [15.497286, 8.504849, 860.0], [14.460443, 8.3579035, 877.0], [13.520949, 8.388033, 893.0], [12.700474, 8.476426, 910.0], [12.218628, 8.698867, 927.0], [11.69434, 9.005332, 944.0], [11.313363, 9.375165, 960.0]"}