{"Image number":10301,"Image shape":1,"Path":"[18.277779, 5.4444447, 0.0], [18.199999, 5.6388893, 31.0], [18.025, 6.1055555, 48.0], [17.66438, 6.865686, 65.0], [17.277258, 7.9101434, 82.0], [16.741867, 9.245333, 98.0], [16.107355, 10.831614, 115.0], [15.361111, 12.463889, 132.0], [14.637903, 14.297447, 148.0], [13.983323, 15.994007, 165.0], [13.389035, 17.73845, 182.0], [12.863467, 19.19557, 199.0], [12.489568, 20.374851, 215.0], [12.20727, 21.119432, 232.0], [12.031292, 21.7031, 249.0], [11.8409605, 22.063904, 282.0], [11.5772915, 22.333818, 299.0]"}