{"Image number":479,"Image shape":3,"Path":"[10.886866, 7.0977793, 0.0], [11.063149, 7.0272427, 40.0], [11.247264, 7.024934, 57.0], [11.567211, 6.971733, 67.0], [11.983849, 6.9261265, 80.0], [12.43726, 6.88077, 94.0], [12.931707, 6.8356686, 108.0], [13.526554, 6.84282, 123.0], [14.1829195, 6.867597, 136.0], [14.815947, 6.9128284, 150.0], [15.491521, 6.95807, 164.0], [16.147854, 7.0515924, 178.0], [16.761562, 7.240761, 192.0], [17.317476, 7.376524, 206.0], [17.813393, 7.552803, 232.0], [18.252213, 7.746994, 240.0], [18.634615, 7.9716153, 248.0], [18.935535, 8.198079, 262.0], [19.207457, 8.503902, 276.0], [19.42668, 8.815328, 290.0], [19.577751, 9.135302, 304.0], [19.654722, 9.451428, 320.0], [19.6619, 9.801937, 335.0], [19.59703, 10.07802, 352.0], [19.460274, 10.397223, 361.0], [19.268045, 10.771759, 373.0], [19.00628, 11.104541, 387.0], [18.692799, 11.418089, 402.0], [18.304913, 11.77155, 417.0], [17.898806, 12.061523, 431.0], [17.462635, 12.329571, 446.0], [16.973589, 12.597601, 458.0], [16.4334, 12.822716, 472.0], [15.84486, 13.04915, 485.0], [15.190343, 13.308706, 499.0], [14.511926, 13.495466, 513.0], [13.794193, 13.746322, 529.0], [13.021927, 13.927956, 542.0], [12.267757, 14.077804, 555.0], [11.469618, 14.21233, 569.0], [10.706793, 14.24938, 583.0], [10.03745, 14.273064, 598.0], [9.477499, 14.273064, 612.0], [9.0436125, 14.273064, 626.0], [8.734683, 14.273064, 642.0], [8.570192, 14.273064, 655.0], [8.742377, 14.310426, 680.0], [9.150428, 14.309486, 695.0], [9.717097, 14.309486, 709.0], [10.910226, 14.309486, 723.0], [12.1764965, 14.237965, 738.0], [12.767756, 14.192773, 752.0], [13.475018, 14.131554, 774.0], [14.208868, 14.09095, 791.0], [14.952396, 14.09095, 803.0], [15.676916, 14.169999, 814.0], [16.35415, 14.23011, 825.0], [16.985697, 14.320693, 834.0], [17.50535, 14.442979, 849.0], [17.958948, 14.659686, 863.0], [18.307583, 14.883251, 876.0], [18.570919, 15.112137, 891.0], [18.734547, 15.337272, 905.0], [18.869886, 15.641778, 919.0], [18.908844, 15.956727, 933.0], [18.897268, 16.271105, 947.0], [18.897268, 16.617064, 960.0], [18.822426, 17.013882, 974.0], [18.731468, 17.376812, 988.0], [18.549332, 17.791523, 1002.0], [18.350216, 18.199621, 1016.0], [18.133772, 18.569141, 1030.0], [17.90689, 18.932268, 1044.0], [17.684162, 19.34205, 1058.0], [17.367905, 19.67938, 1072.0], [17.052156, 20.050745, 1086.0], [16.77804, 20.414093, 1100.0], [16.459858, 20.821232, 1114.0], [16.079601, 21.170998, 1129.0], [15.718726, 21.53199, 1144.0], [15.361176, 21.889654, 1156.0], [14.947211, 22.15217, 1170.0], [14.517297, 22.460014, 1184.0], [14.097254, 22.731134, 1198.0], [13.608996, 23.002714, 1212.0], [13.064451, 23.273022, 1226.0], [12.503585, 23.427485, 1240.0], [11.852595, 23.578913, 1253.0], [11.1344595, 23.6756, 1267.0], [10.416888, 23.717731, 1281.0], [9.747055, 23.742981, 1297.0], [9.230168, 23.742981, 1310.0]"}