{"Image number":36068,"Image shape":6,"Path":"[16.306156, 2.136514, 0.0], [15.980032, 2.4628615, 36.0], [15.043205, 3.6815774, 57.0], [13.818529, 5.8995066, 69.0], [12.523043, 8.683634, 86.0], [11.734579, 11.434447, 103.0], [11.317199, 13.861154, 119.0], [11.274417, 15.848512, 136.0], [11.701072, 17.360723, 152.0], [12.444198, 18.461315, 169.0], [13.616024, 19.11335, 185.0], [15.012141, 19.576315, 202.0], [16.55873, 19.8089, 218.0], [18.003864, 19.90049, 235.0], [19.218292, 19.709044, 251.0], [20.22834, 19.007423, 268.0], [20.785559, 17.97512, 284.0], [20.918596, 16.72777, 301.0], [20.538912, 15.684429, 318.0], [19.790995, 14.806369, 334.0], [18.62048, 14.15629, 351.0], [17.26785, 13.787195, 367.0], [15.924565, 13.697945, 384.0], [14.57571, 14.120212, 400.0], [13.26927, 15.150576, 417.0], [12.247201, 16.597115, 433.0], [11.736226, 18.140194, 450.0], [11.787363, 19.39556, 466.0], [12.019966, 20.178896, 480.0]"}