{"Image number":373,"Image shape":4,"Path":"[9.211964, 12.051274, 0.0], [9.023394, 12.3530855, 95.0], [8.888566, 12.625435, 110.0], [8.659817, 13.066366, 124.0], [8.450937, 13.5009775, 138.0], [8.225041, 13.952916, 152.0], [7.9987593, 14.451664, 166.0], [7.88294, 14.874112, 180.0], [7.7739854, 15.282655, 194.0], [7.7914023, 15.652848, 208.0], [7.8816023, 16.015902, 222.0], [8.127236, 16.214104, 236.0], [8.497418, 16.390142, 250.0], [9.005981, 16.525291, 264.0], [9.595036, 16.618246, 279.0], [10.331771, 16.65592, 294.0], [11.057696, 16.676966, 309.0], [11.744863, 16.676966, 328.0], [12.458186, 16.635635, 335.0], [13.196474, 16.589478, 349.0], [13.793867, 16.485285, 360.0], [14.398732, 16.362183, 374.0], [14.986341, 16.18566, 389.0], [15.471511, 16.00594, 405.0], [15.9677925, 15.782079, 419.0], [16.43577, 15.448887, 432.0], [16.848618, 15.047587, 445.0], [17.256731, 14.542663, 459.0], [17.771854, 13.636466, 474.0], [18.170033, 12.8577, 491.0], [18.357328, 12.248028, 502.0], [18.53809, 11.661915, 515.0], [18.70002, 10.961737, 530.0], [18.835697, 10.255107, 543.0], [18.97115, 9.532467, 557.0], [19.19745, 8.810318, 571.0], [19.422754, 8.034971, 585.0], [19.67205, 7.3273516, 605.0], [19.934757, 6.703718, 617.0], [20.17456, 6.0406537, 629.0], [20.41468, 5.62025, 642.0], [20.661556, 5.2825828, 655.0], [20.854685, 5.0668817, 669.0], [21.124968, 5.036033, 695.0], [21.085642, 5.4364514, 723.0], [20.957731, 5.7486343, 737.0], [20.822754, 6.163676, 752.0], [20.524109, 6.697962, 766.0], [19.956743, 7.7564583, 780.0], [19.63808, 8.383802, 795.0], [18.927877, 9.755721, 809.0], [18.42398, 10.791554, 823.0], [17.971478, 11.771829, 837.0], [17.5625, 12.765512, 850.0], [17.064104, 13.751969, 865.0], [16.639793, 14.655502, 878.0], [16.532455, 14.982397, 891.0], [16.270317, 15.522176, 905.0], [16.00003, 16.15483, 920.0], [15.708834, 16.84618, 934.0], [15.418949, 17.526487, 949.0], [15.147572, 18.132519, 962.0], [14.885499, 18.744112, 976.0], [14.552309, 19.32529, 991.0], [14.261957, 19.868004, 1004.0], [14.060366, 20.41126, 1019.0], [13.83545, 20.866985, 1033.0], [13.715824, 21.315369, 1048.0], [13.604677, 21.743654, 1060.0], [13.544863, 22.012901, 1074.0]"}