{"Image number":38451,"Image shape":3,"Path":"[8.0599, 9.31617, 0.0], [8.52579, 9.269548, 53.0], [9.320862, 9.129145, 69.0], [10.39723, 8.94183, 86.0], [11.423494, 8.802083, 102.0], [12.492092, 8.66266, 122.0], [13.703838, 8.616595, 135.0], [16.225933, 8.804776, 168.0], [17.24859, 9.180182, 185.0], [17.992247, 9.648074, 201.0], [18.407194, 10.160892, 218.0], [18.496006, 10.622397, 235.0], [17.931465, 12.0296335, 268.0], [17.049435, 12.814676, 284.0], [15.922165, 13.519126, 301.0], [14.717356, 14.260949, 317.0], [13.503369, 14.961626, 334.0], [12.573347, 15.426386, 350.0], [11.924536, 15.65745, 367.0], [11.692194, 15.703595, 384.0], [12.073201, 15.655812, 450.0], [12.76846, 15.609818, 466.0], [13.65671, 15.6100235, 483.0], [14.633003, 15.563209, 499.0], [15.607698, 15.65668, 516.0], [16.542585, 15.890621, 532.0], [17.336254, 16.312061, 549.0], [17.991066, 16.8754, 565.0], [18.359306, 17.33905, 582.0], [18.49621, 17.849197, 599.0], [18.495838, 18.459997, 615.0], [18.260956, 19.253073, 632.0], [17.748098, 20.183113, 648.0], [16.998856, 21.118994, 665.0], [16.253075, 22.05186, 681.0], [15.362519, 22.752422, 698.0], [13.8230715, 24.059063, 731.0], [13.035526, 24.520193, 748.0], [12.197432, 24.891582, 764.0], [11.307645, 25.076956, 781.0], [10.56766, 25.168362, 797.0], [8.934363, 25.213976, 830.0]"}