{"Image number":38472,"Image shape":6,"Path":"[13.464226, 4.84054, 0.0], [13.04133, 5.216206, 52.0], [12.388578, 5.7295637, 68.0], [11.456912, 6.615931, 85.0], [10.702392, 7.750687, 101.0], [10.242212, 8.962381, 118.0], [10.016351, 10.296881, 134.0], [9.969411, 11.571241, 151.0], [9.97005, 12.825768, 168.0], [10.156409, 13.978306, 184.0], [10.582466, 15.1626, 201.0], [11.184961, 16.363161, 217.0], [11.932792, 17.530876, 234.0], [12.772705, 18.650154, 250.0], [13.654785, 19.624088, 267.0], [14.58508, 20.507828, 283.0], [15.475918, 21.164108, 300.0], [16.448606, 21.672178, 316.0], [17.285091, 22.043993, 333.0], [18.2173, 22.230423, 349.0], [19.618439, 21.715158, 383.0], [20.130789, 21.012161, 399.0], [20.500486, 20.175924, 416.0], [20.686312, 19.289347, 432.0], [20.685524, 18.45016, 449.0], [20.591625, 17.561281, 465.0], [20.26311, 16.626781, 482.0], [19.795736, 15.78823, 498.0], [19.283297, 15.090973, 515.0], [18.676785, 14.438662, 532.0], [18.021656, 13.877929, 548.0], [17.327694, 13.510246, 565.0], [16.531479, 13.323792, 581.0], [15.735344, 13.325586, 598.0], [14.951566, 13.512898, 614.0], [14.247225, 13.84263, 631.0], [13.639684, 14.313021, 647.0], [13.085194, 14.870411, 664.0], [12.57645, 15.520071, 680.0], [12.202781, 16.269806, 697.0], [11.97103, 16.921988, 714.0], [11.879075, 17.575985, 730.0], [11.785585, 18.088846, 747.0]"}