{"Image number":30479,"Image shape":7,"Path":"[7.495146, 11.297844, 0.0], [7.9066997, 11.297844, 107.0], [8.395096, 11.297844, 124.0], [9.036364, 11.297844, 142.0], [9.863932, 11.297844, 160.0], [10.838875, 11.246598, 178.0], [11.849007, 10.946088, 195.0], [12.942897, 10.529402, 213.0], [14.119235, 10.071657, 231.0], [14.779341, 9.731465, 249.0], [15.495088, 9.436188, 266.0], [16.267853, 9.120194, 284.0], [16.888641, 8.873375, 302.0], [17.406303, 8.750548, 320.0], [17.92638, 8.507718, 338.0], [18.447239, 8.412439, 355.0], [18.899693, 8.242821, 373.0], [19.298378, 8.054455, 391.0], [19.682663, 7.904274, 409.0], [19.982845, 7.7400236, 427.0], [20.158133, 7.6243157, 444.0], [20.38455, 7.5323706, 480.0], [20.54369, 7.489709, 551.0], [20.582523, 7.788003, 604.0], [20.582523, 8.050466, 622.0], [20.345764, 8.58775, 639.0], [20.018688, 9.255634, 657.0], [19.582207, 9.989645, 675.0], [19.28664, 10.624203, 693.0], [18.944407, 11.246012, 710.0], [18.481401, 12.04863, 728.0], [17.829588, 12.89705, 746.0], [17.342264, 13.71951, 764.0], [16.937515, 14.512144, 782.0], [16.59218, 15.298468, 799.0], [16.194239, 16.038458, 818.0], [15.631069, 16.932331, 835.0], [15.124577, 17.682816, 853.0], [14.76933, 18.367805, 870.0], [14.438225, 19.12937, 888.0], [14.17613, 19.784998, 906.0], [13.987734, 20.358536, 924.0], [13.834236, 20.946623, 942.0], [13.638079, 21.485983, 959.0], [13.481551, 22.046122, 977.0], [13.310431, 22.631084, 995.0], [13.179847, 23.168186, 1013.0], [13.087723, 23.690964, 1030.0], [13.087379, 24.09451, 1048.0], [13.087379, 24.525442, 1066.0], [13.087379, 24.830254, 1084.0], [13.087379, 25.053766, 1096.0]"}