{"Image number":38486,"Image shape":5,"Path":"[20.82529, 9.129684, 0.0], [19.933266, 9.3170805, 51.0], [18.718994, 9.50416, 68.0], [17.120852, 9.644628, 84.0], [15.555725, 9.876359, 101.0], [13.957786, 10.111512, 117.0], [12.611832, 10.344213, 134.0], [11.406023, 10.435716, 150.0], [10.526159, 10.528631, 167.0], [9.63227, 10.528319, 183.0], [8.938764, 10.622406, 200.0], [8.33135, 10.763292, 216.0], [7.8697643, 10.902423, 233.0], [7.266821, 11.228277, 266.0], [7.5500426, 11.602704, 316.0], [7.8765, 11.835823, 332.0], [8.155168, 12.209468, 349.0], [8.667021, 13.328516, 382.0], [8.992952, 13.934025, 399.0], [9.22487, 14.398483, 430.0], [9.504322, 15.144302, 449.0], [9.50416, 15.377428, 485.0], [9.832722, 14.718851, 547.0], [10.110033, 14.11768, 564.0], [10.624555, 13.556229, 580.0], [11.280501, 13.27641, 597.0], [12.121178, 13.090695, 613.0], [13.803148, 13.093154, 647.0], [14.58516, 13.279625, 663.0], [15.332945, 13.654515, 680.0], [16.031466, 14.215265, 696.0], [16.587645, 14.866366, 713.0], [17.056255, 15.523331, 729.0], [17.42601, 16.219318, 746.0], [17.610846, 16.962826, 762.0], [17.705006, 17.811844, 779.0], [17.703827, 18.550522, 795.0], [17.46981, 20.04475, 828.0], [17.143856, 20.740278, 845.0], [16.628798, 21.301601, 862.0], [16.117878, 21.765762, 878.0], [15.459482, 22.188795, 895.0], [14.766756, 22.464115, 911.0], [13.877917, 22.650995, 928.0], [12.949448, 22.743286, 944.0], [11.921121, 22.696175, 961.0], [10.798853, 22.508316, 977.0], [9.5662155, 21.983942, 994.0]"}