{"Image number":10876,"Image shape":3,"Path":"[13.3, 3.9666667, 0.0], [14.407536, 3.475774, 30.0], [15.986581, 2.9416296, 49.0], [16.94036, 2.7174833, 66.0], [18.048803, 2.5678403, 83.0], [18.893536, 2.5666666, 100.0], [19.215872, 2.646824, 116.0], [19.777222, 3.1539438, 133.0], [19.859022, 3.8485832, 149.0], [19.781687, 4.5162597, 166.0], [19.18353, 5.4706655, 183.0], [18.330261, 6.437153, 199.0], [17.189812, 7.491188, 216.0], [15.829309, 8.701258, 233.0], [14.656687, 9.647815, 250.0], [13.736564, 10.188295, 267.0], [13.036596, 10.519862, 283.0], [12.463407, 10.75686, 300.0], [12.055555, 10.849999, 317.0], [11.880556, 10.986111, 367.0], [12.335424, 11.056647, 400.0], [12.999024, 11.044444, 417.0], [13.847937, 11.044444, 434.0], [14.846506, 11.044444, 450.0], [16.212564, 11.142115, 467.0], [17.593575, 11.425014, 484.0], [18.802778, 11.802777, 501.0], [19.770521, 12.551968, 517.0], [20.489271, 13.35685, 534.0], [20.882175, 14.2041235, 551.0], [21.107086, 15.04818, 567.0], [21.168356, 16.0193, 584.0], [21.00064, 16.875856, 601.0], [20.589529, 17.818087, 617.0], [19.865604, 18.747114, 634.0], [18.910261, 19.494228, 651.0], [17.715511, 20.279522, 668.0], [16.527779, 20.844444, 685.0], [14.534975, 20.94832, 701.0], [12.457153, 20.961111, 718.0], [10.692343, 20.743814, 734.0], [9.148851, 20.529202, 751.0], [7.981007, 20.315739, 768.0], [7.198662, 20.040697, 785.0], [6.5218134, 19.757236, 801.0], [6.047222, 19.366667, 835.0]"}