{"Image number":35834,"Image shape":7,"Path":"[11.926788, 7.7776723, 0.0], [12.159733, 7.7310505, 36.0], [13.101963, 7.6839066, 52.0], [14.519289, 7.6368046, 69.0], [16.142454, 7.6378083, 85.0], [17.539394, 7.7798653, 102.0], [18.828371, 8.011923, 119.0], [19.805199, 8.338747, 135.0], [20.366339, 8.856321, 152.0], [20.499512, 9.410785, 168.0], [20.4058, 10.203578, 185.0], [19.937603, 11.280002, 201.0], [19.045723, 12.593194, 218.0], [17.831657, 14.086227, 234.0], [16.535217, 15.848404, 251.0], [15.042332, 17.668573, 267.0], [13.631869, 19.692904, 284.0], [12.292908, 21.680552, 300.0], [11.027004, 23.72776, 317.0], [10.159577, 24.94937, 333.0]"}