{"Image number":39514,"Image shape":4,"Path":"[8.712146, 7.264838, 0.0], [8.712146, 7.544566, 86.0], [8.759369, 8.347904, 102.0], [8.805598, 9.181238, 119.0], [8.898736, 10.017587, 136.0], [9.039847, 10.722698, 152.0], [9.271927, 11.41626, 169.0], [9.505514, 12.117507, 185.0], [9.788147, 12.729169, 202.0], [10.017685, 13.187818, 218.0], [10.203575, 13.513087, 235.0], [10.436864, 13.792909, 251.0], [10.716531, 14.025785, 268.0], [11.09183, 14.213211, 284.0], [11.464015, 14.399431, 301.0], [11.8338585, 14.537829, 317.0], [12.114221, 14.631338, 334.0], [12.396826, 14.678291, 350.0], [12.770473, 14.724856, 367.0], [13.187088, 14.771108, 384.0], [13.652285, 14.817634, 400.0], [13.977474, 14.864195, 417.0], [14.211387, 14.911054, 433.0], [14.774679, 14.958179, 466.0], [15.099177, 14.957327, 483.0], [15.42437, 15.004436, 499.0], [15.656638, 15.003948, 516.0], [15.887823, 14.863115, 549.0], [16.260044, 14.256819, 632.0], [16.541412, 13.693928, 648.0], [16.680866, 13.320259, 665.0], [16.773264, 12.994974, 681.0], [8.712146, 7.264838, 0.0], [8.712146, 7.641105, 48.0], [8.759325, 8.204349, 64.0], [8.899019, 8.852368, 81.0], [8.992555, 9.461721, 97.0], [9.038769, 9.974362, 114.0], [9.132852, 10.678724, 130.0], [9.178258, 11.323993, 147.0], [9.224769, 11.92882, 163.0], [9.365732, 12.39763, 180.0], [9.552019, 12.8625555, 196.0], [9.739769, 13.284964, 213.0], [9.972137, 13.655279, 229.0], [10.204085, 13.932971, 246.0], [10.437969, 14.166798, 263.0], [10.718566, 14.259041, 279.0], [11.091472, 14.352074, 296.0], [11.55666, 14.44501, 312.0], [11.928612, 14.585042, 329.0], [12.300127, 14.724456, 345.0], [12.676853, 14.818624, 362.0], [13.193316, 14.912275, 378.0], [13.607104, 14.9107065, 395.0], [13.88657, 14.957834, 411.0], [14.448919, 15.145618, 445.0], [14.822672, 15.238897, 461.0], [15.190971, 15.284044, 478.0], [15.51781, 15.23653, 494.0], [15.794066, 15.003559, 527.0], [16.027323, 14.770374, 560.0], [16.214739, 14.488766, 610.0], [16.492588, 14.11802, 643.0], [16.773361, 13.556063, 660.0], [16.958965, 13.044308, 676.0], [17.09885, 12.624227, 693.0], [17.19202, 12.203981, 726.0], [8.712146, 7.7310505, 0.0], [8.712146, 8.059542, 52.0], [8.712146, 8.529123, 69.0], [8.758952, 9.179346, 85.0], [8.899906, 9.694289, 102.0], [9.225919, 10.811926, 135.0], [9.45978, 11.466933, 151.0], [9.693785, 12.075323, 168.0], [9.972229, 12.677617, 184.0], [10.15755, 13.23578, 201.0], [10.343198, 13.746379, 217.0], [10.9069195, 14.591148, 250.0], [11.327772, 14.868516, 267.0], [11.697651, 15.099571, 284.0], [11.976933, 15.286047, 300.0], [12.583051, 15.517929, 333.0], [13.005395, 15.611592, 350.0], [13.423129, 15.6100235, 366.0], [13.74673, 15.657069, 383.0], [13.979224, 15.656643, 399.0], [14.21147, 15.609658, 416.0], [14.727353, 15.515909, 449.0], [14.959185, 15.469336, 466.0], [15.236586, 15.42321, 482.0], [15.515739, 15.329763, 499.0], [15.841629, 15.14313, 532.0], [16.073809, 14.863484, 565.0], [16.40138, 14.489068, 598.0], [16.679129, 14.1178, 631.0], [16.819534, 13.883543, 648.0], [16.911901, 13.558385, 664.0], [17.052067, 13.18442, 681.0], [17.145538, 12.76262, 697.0], [17.19143, 12.299108, 714.0], [17.191349, 11.643836, 730.0], [17.191349, 10.99095, 747.0], [17.144478, 10.291028, 763.0], [17.098051, 9.781077, 780.0], [17.051025, 9.310619, 796.0], [16.957397, 9.033427, 813.0], [16.864933, 8.756131, 846.0], [16.865225, 9.130495, 945.0], [16.865225, 9.976982, 962.0], [16.958715, 10.810874, 978.0], [17.099607, 11.891363, 995.0], [17.23877, 12.724511, 1012.0], [17.378796, 13.565253, 1028.0], [17.424702, 14.405238, 1045.0], [17.471342, 15.245365, 1061.0], [17.517937, 16.037554, 1078.0], [17.611744, 16.878653, 1094.0], [17.704739, 17.62204, 1111.0], [17.797878, 18.414715, 1127.0], [17.890656, 19.063305, 1144.0], [17.984764, 19.67519, 1161.0], [18.030237, 20.369713, 1177.0], [18.123291, 20.972519, 1193.0], [18.216887, 21.675142, 1210.0], [18.357801, 22.331545, 1227.0], [18.449272, 22.976309, 1243.0], [18.58957, 23.584631, 1260.0], [18.682516, 24.14362, 1276.0], [18.729391, 24.613962, 1293.0]"}