{"Image number":36858,"Image shape":2,"Path":"[11.134775, 6.006069, 0.0], [12.161102, 5.6327186, 51.0], [15.465054, 4.9807777, 84.0], [17.322754, 4.88758, 101.0], [19.085035, 4.979536, 118.0], [20.450417, 5.306228, 134.0], [21.20717, 5.9202805, 150.0], [21.433138, 6.948138, 167.0], [21.289478, 8.259784, 184.0], [20.676085, 9.901057, 200.0], [19.468164, 11.749771, 217.0], [17.637318, 13.720023, 233.0], [15.540832, 15.81642, 250.0], [13.350006, 17.773413, 266.0], [11.359985, 19.57984, 283.0], [9.810169, 20.94252, 299.0], [8.577383, 22.409824, 332.0], [8.852242, 22.65009, 349.0], [9.64576, 22.556356, 366.0], [11.045181, 22.276127, 382.0], [12.646351, 21.99346, 399.0], [14.170774, 21.762842, 415.0], [15.622073, 21.66982, 432.0], [17.058487, 21.623928, 448.0], [18.570774, 21.57511, 465.0], [19.474546, 21.52856, 481.0]"}