{"Image number":10036,"Image shape":6,"Path":"[18.238888, 6.3388886, 0.0], [17.784792, 6.4723916, 36.0], [17.452364, 6.735276, 53.0], [17.061857, 7.0129585, 70.0], [16.507067, 7.7424803, 86.0], [15.991243, 8.458924, 103.0], [15.498487, 9.3460655, 120.0], [15.00746, 10.391449, 137.0], [14.520798, 11.636358, 154.0], [14.033192, 12.783074, 170.0], [13.51297, 13.926098, 187.0], [13.0835085, 14.951669, 204.0], [12.722811, 15.785466, 220.0], [12.493721, 16.687798, 237.0], [12.3202915, 17.785004, 254.0], [12.215936, 18.703434, 270.0], [12.15877, 19.477222, 287.0], [12.108732, 19.938078, 304.0], [12.094444, 20.219568, 321.0], [12.094444, 20.595901, 337.0], [12.293422, 20.870686, 354.0], [12.512467, 21.10691, 371.0], [12.833334, 21.311111, 387.0], [13.279614, 21.422682, 404.0], [13.7216015, 21.474625, 421.0], [14.302666, 21.444178, 437.0], [14.882532, 21.276554, 454.0], [15.654535, 20.675007, 471.0], [15.980963, 20.17687, 487.0], [16.41286, 19.495075, 504.0], [16.722221, 18.977777, 521.0], [17.032133, 18.280178, 538.0], [17.25518, 17.559647, 554.0], [17.344444, 17.01389, 571.0], [17.420898, 16.577246, 588.0], [17.47388, 16.153393, 604.0], [17.461111, 15.840957, 621.0], [17.461111, 15.568554, 638.0], [17.078276, 15.3013115, 671.0], [16.801006, 15.236868, 688.0], [16.372223, 15.186111, 705.0], [15.956757, 15.166667, 721.0], [15.37021, 15.166667, 738.0], [14.771456, 15.349844, 755.0], [14.025791, 15.908257, 771.0], [13.444077, 16.658796, 788.0]"}