{"Image number":39003,"Image shape":7,"Path":"[10.622295, 11.227636, 0.0], [11.615028, 10.707994, 102.0], [12.770922, 10.105849, 118.0], [14.093841, 9.396568, 135.0], [14.962574, 8.845218, 151.0], [16.357471, 8.242192, 185.0], [16.871193, 8.149555, 201.0], [17.243063, 8.1506405, 218.0], [17.520634, 8.1506405, 234.0], [17.798103, 8.1506405, 267.0], [18.124538, 8.197262, 300.0], [18.496824, 8.43086, 333.0], [18.775976, 8.617253, 350.0], [19.010283, 8.710881, 366.0], [19.24296, 8.804015, 383.0], [19.474785, 8.897156, 416.0], [19.660564, 9.176678, 515.0], [19.61368, 9.363978, 532.0], [19.33179, 10.1628685, 548.0], [18.86379, 11.050203, 565.0], [18.211409, 12.215429, 582.0], [17.696606, 13.246796, 598.0], [17.138132, 14.3645115, 615.0], [16.52985, 15.487248, 631.0], [15.976004, 16.55017, 648.0], [15.412899, 17.677496, 664.0], [14.808238, 18.746157, 681.0], [14.251352, 19.862326, 697.0], [13.8787, 20.938719, 714.0], [13.600354, 21.96385, 730.0], [13.272331, 22.946167, 747.0], [12.950051, 23.726217, 763.0], [12.670719, 24.518896, 780.0], [12.4837675, 25.17467, 797.0], [12.297254, 25.82792, 813.0], [12.158759, 26.477299, 830.0], [11.971045, 27.086407, 846.0], [11.49998, 27.552546, 863.0]"}