{"Image number":37885,"Image shape":8,"Path":"[18.02995, 8.383746, 0.0], [17.797005, 8.430367, 37.0], [17.04422, 8.665774, 54.0], [16.060387, 9.135796, 71.0], [14.982948, 9.841215, 87.0], [14.297544, 10.674528, 104.0], [13.735847, 11.661082, 120.0], [13.415946, 12.6782055, 137.0], [13.229081, 13.616317, 153.0], [13.184506, 14.635061, 170.0], [13.279213, 15.7187195, 186.0], [13.419713, 16.886105, 203.0], [13.558229, 18.041195, 219.0], [13.651393, 19.115938, 236.0], [13.603554, 20.09486, 253.0], [13.4160185, 20.93212, 269.0], [12.904966, 21.764326, 286.0], [12.243836, 22.473059, 302.0], [10.471992, 23.306026, 335.0], [9.448429, 23.255476, 352.0], [8.751269, 22.926054, 368.0], [7.775839, 21.708899, 401.0], [7.4967556, 21.00788, 418.0], [7.454109, 20.12974, 434.0], [7.595826, 19.234953, 451.0], [8.340788, 17.51919, 484.0], [8.951467, 16.909033, 501.0], [9.842358, 16.442842, 517.0], [10.860508, 16.027456, 534.0], [13.002902, 15.375923, 567.0], [13.977908, 15.143526, 583.0], [15.897562, 14.768164, 616.0], [16.772915, 14.537507, 633.0], [17.612478, 14.210676, 650.0], [18.315365, 13.929307, 666.0], [18.96243, 13.604965, 683.0], [20.08196, 13.044987, 716.0], [20.54933, 12.67003, 732.0], [21.385138, 11.692808, 765.0], [21.66645, 10.9881315, 782.0], [21.851528, 10.337355, 798.0], [21.803518, 9.733916, 815.0], [21.476952, 9.175302, 832.0], [21.057861, 8.663015, 848.0], [19.843372, 7.9160137, 881.0], [19.139902, 7.7760344, 898.0], [18.213045, 7.7776723, 914.0], [17.126366, 8.014778, 931.0]"}