{"Image number":35642,"Image shape":1,"Path":"[14.815308, 8.057398, 0.0], [14.487024, 9.04563, 53.0], [14.1118765, 10.499512, 69.0], [13.739761, 12.366555, 86.0], [13.415973, 14.2209, 102.0], [13.182709, 16.092115, 119.0], [12.855605, 17.863941, 135.0], [12.526555, 19.698898, 152.0], [12.20488, 21.351852, 168.0], [11.862805, 22.915869, 185.0], [11.684359, 23.718187, 202.0]"}