{"Image number":36622,"Image shape":8,"Path":"[15.607322, 5.67972, 0.0], [15.228613, 5.7263412, 53.0], [14.622427, 5.773465, 69.0], [13.736794, 5.8669376, 86.0], [12.710533, 6.1011925, 102.0], [10.57177, 7.4074917, 135.0], [9.595104, 8.526163, 152.0], [8.656455, 9.700524, 168.0], [8.196878, 10.814743, 185.0], [7.965606, 11.651246, 201.0], [8.10796, 12.401011, 218.0], [8.529171, 12.957129, 235.0], [9.371686, 13.469912, 251.0], [10.587689, 13.795027, 268.0], [12.196528, 14.125727, 284.0], [13.708346, 14.305986, 301.0], [15.024049, 14.7314205, 317.0], [16.227907, 15.101788, 334.0], [17.111507, 15.617749, 350.0], [17.942785, 16.079576, 367.0], [18.504635, 16.833906, 383.0], [18.918756, 17.527521, 400.0], [19.103788, 18.418184, 417.0], [18.960629, 19.34707, 433.0], [18.632465, 20.375261, 450.0], [18.164658, 21.355053, 466.0], [17.79203, 22.24204, 483.0], [17.234436, 22.98083, 499.0], [16.577566, 23.400982, 516.0], [15.50881, 23.536312, 532.0], [14.478746, 23.394331, 549.0], [13.277189, 23.162518, 566.0], [12.388858, 22.741245, 582.0], [11.54222, 22.222973, 598.0], [11.037002, 21.571674, 615.0], [10.712774, 20.496368, 632.0], [10.715474, 19.094915, 648.0], [10.951474, 17.500704, 665.0], [11.560053, 16.250298, 681.0], [12.4493065, 15.178271, 698.0], [13.47802, 14.387207, 714.0], [14.548849, 13.595643, 731.0], [15.718159, 12.895393, 747.0], [16.934298, 12.146212, 764.0], [18.188017, 11.308668, 781.0], [19.164066, 10.562757, 797.0], [19.856497, 9.77152, 814.0], [20.129627, 9.075126, 830.0], [20.268297, 8.515299, 847.0], [20.171602, 8.002833, 863.0], [19.938416, 7.447278, 880.0], [19.423653, 6.793575, 896.0], [18.580767, 6.18659, 913.0], [17.655386, 5.772129, 929.0], [16.538628, 5.586399, 946.0], [15.505707, 5.5864778, 962.0], [14.43244, 5.63354, 979.0], [13.650319, 5.773009, 996.0], [12.962678, 5.9696436, 1012.0], [12.704398, 6.155541, 1029.0]"}