{"Image number":10263,"Image shape":7,"Path":"[8.944445, 10.111111, 0.0], [9.676853, 10.238747, 40.0], [10.644085, 10.400867, 58.0], [11.502583, 10.383333, 74.0], [13.214407, 10.383333, 90.0], [14.875, 10.383333, 107.0], [16.521866, 10.305555, 124.0], [18.028378, 10.305555, 140.0], [19.396954, 10.335985, 157.0], [20.475613, 10.388226, 174.0], [21.194443, 10.383333, 191.0], [21.720701, 10.214257, 207.0], [21.956844, 9.900398, 241.0], [21.972221, 9.719632, 257.0], [21.80628, 9.611594, 274.0], [21.350067, 9.79564, 291.0], [20.61919, 10.351985, 308.0], [19.669619, 11.380516, 324.0], [17.921722, 13.814639, 341.0], [16.561808, 16.32234, 358.0], [15.92291, 18.032286, 374.0], [15.382851, 19.734941, 391.0], [15.014465, 21.274994, 408.0], [14.596659, 22.68019, 424.0], [14.286306, 23.77015, 441.0], [14.195314, 24.667595, 458.0], [14.052907, 25.12373, 474.0], [13.887777, 25.312223, 491.0]"}