{"Image number":35984,"Image shape":3,"Path":"[17.05158, 6.4722795, 0.0], [15.833342, 6.4251633, 69.0], [15.229846, 6.3786716, 86.0], [14.858006, 6.331929, 103.0], [14.628299, 6.097354, 136.0], [15.563033, 5.5391474, 185.0], [16.26744, 5.49271, 202.0], [17.008327, 5.586895, 218.0], [17.566462, 5.9142294, 235.0], [18.035883, 6.4794064, 251.0], [18.26512, 7.2253423, 268.0], [18.215963, 8.0635605, 285.0], [17.839134, 9.095338, 301.0], [17.282148, 10.300367, 318.0], [16.43494, 11.523234, 334.0], [15.652039, 12.62891, 351.0], [14.623688, 13.469762, 367.0], [13.786627, 13.933731, 384.0], [13.137595, 14.118292, 400.0], [12.90373, 14.118147, 417.0], [14.166582, 13.838184, 483.0], [15.150198, 13.979536, 500.0], [15.985342, 14.259781, 516.0], [16.774578, 14.866023, 533.0], [17.382093, 15.568469, 549.0], [17.844347, 16.497334, 566.0], [18.123465, 17.429377, 583.0], [18.029633, 18.50418, 599.0], [17.60975, 19.575111, 615.0], [16.815695, 20.555498, 632.0], [15.741344, 21.536154, 649.0], [14.432428, 22.282658, 665.0], [12.897001, 22.933002, 682.0], [11.221441, 23.303959, 698.0]"}