{"Image number":39248,"Image shape":4,"Path":"[8.572379, 6.705385, 0.0], [8.665557, 6.9851117, 52.0], [9.04043, 7.829158, 69.0], [9.740005, 9.181917, 85.0], [10.669195, 10.80859, 102.0], [11.660151, 12.319589, 118.0], [12.727962, 13.710512, 135.0], [13.762387, 14.837796, 151.0], [14.772181, 15.6127, 168.0], [15.76615, 16.132847, 185.0], [16.63975, 16.49897, 201.0], [17.571383, 16.73076, 218.0], [18.317083, 16.87022, 234.0], [19.063515, 16.963112, 251.0], [20.316305, 17.148788, 284.0], [21.059574, 17.381964, 317.0], [21.479094, 17.568804, 333.0], [21.759033, 17.662008, 350.0], [21.567911, 17.707975, 416.0], [21.194784, 17.660952, 433.0], [20.677364, 17.613989, 449.0], [20.072472, 17.473164, 466.0], [19.515425, 17.38073, 482.0], [18.95325, 17.192314, 499.0], [18.493847, 17.007858, 515.0], [18.028086, 16.774618, 532.0], [17.702843, 16.49498, 548.0], [17.419563, 16.163956, 565.0], [17.23579, 15.839368, 582.0], [17.049154, 15.229164, 598.0], [16.86311, 14.152597, 615.0], [16.771736, 12.995354, 631.0], [16.725147, 11.685184, 648.0], [16.725456, 10.427051, 664.0], [16.725456, 9.208877, 681.0], [16.725456, 7.871424, 714.0], [16.771788, 7.639106, 730.0], [16.818634, 8.48151, 780.0], [16.818634, 9.840002, 797.0], [16.771814, 11.796847, 813.0], [16.819101, 14.282804, 830.0], [16.818634, 16.944702, 846.0], [16.818634, 19.469624, 863.0], [16.818634, 21.790333, 879.0], [16.771265, 23.802351, 896.0], [16.624706, 25.734592, 912.0], [16.534115, 26.714123, 929.0]"}