{"Image number":30111,"Image shape":8,"Path":"[21.16505, 9.121766, 0.0], [20.89469, 8.930441, 78.0], [20.727222, 8.863861, 96.0], [20.545578, 8.747396, 113.0], [20.309465, 8.615695, 131.0], [20.022821, 8.512367, 149.0], [19.64178, 8.3402405, 167.0], [19.059471, 8.147471, 185.0], [18.70628, 8.111444, 202.0], [18.31483, 8.165803, 220.0], [17.842552, 8.231098, 238.0], [17.318398, 8.34559, 256.0], [16.79676, 8.606569, 273.0], [16.362267, 9.03564, 291.0], [15.932499, 9.453148, 309.0], [15.539524, 9.911896, 327.0], [15.315722, 10.368553, 344.0], [15.126316, 10.889523, 362.0], [14.930382, 11.457701, 380.0], [14.780821, 12.02732, 398.0], [14.6455, 12.5765, 415.0], [14.640778, 13.161855, 433.0], [14.640778, 13.75164, 451.0], [14.789451, 14.373171, 469.0], [14.919734, 14.940153, 486.0], [15.000709, 15.412098, 504.0], [15.066139, 15.833357, 522.0], [15.106796, 16.222748, 540.0], [15.106796, 16.514061, 557.0], [15.106796, 17.007803, 575.0], [14.976982, 17.451912, 593.0], [14.846363, 17.922121, 611.0], [14.55724, 18.459557, 629.0], [14.174841, 18.914034, 646.0], [13.881017, 19.478287, 664.0], [13.503331, 19.862455, 682.0], [13.107521, 20.147268, 700.0], [12.719298, 20.361172, 717.0], [12.366882, 20.479198, 735.0], [11.875237, 20.576351, 753.0], [11.35786, 20.641068, 771.0], [10.958118, 20.66275, 789.0], [10.597854, 20.701609, 806.0], [10.331175, 20.701609, 824.0], [10.08094, 20.65871, 842.0], [9.880592, 20.55719, 859.0], [9.646139, 20.384941, 877.0], [9.451671, 20.172375, 895.0], [9.29083, 19.899502, 913.0], [9.222078, 19.629332, 930.0], [9.203884, 19.380707, 948.0], [9.203884, 19.092852, 966.0], [9.227076, 18.712818, 985.0], [9.341235, 18.307518, 1002.0], [9.510307, 17.912312, 1019.0], [9.793307, 17.44475, 1037.0], [10.168623, 17.004257, 1055.0], [10.561796, 16.661413, 1073.0], [10.914638, 16.269718, 1090.0], [11.305075, 15.931541, 1108.0], [11.739506, 15.643511, 1127.0], [12.243861, 15.417633, 1143.0], [12.843697, 15.158219, 1161.0], [13.423899, 14.941927, 1179.0], [14.01833, 14.708089, 1197.0], [14.592769, 14.458103, 1215.0], [15.100968, 14.2816925, 1232.0], [15.593277, 14.019972, 1250.0], [16.100912, 13.753733, 1268.0], [16.54019, 13.495102, 1286.0], [17.071037, 13.300335, 1303.0], [17.63364, 13.122909, 1321.0], [18.2009, 12.90823, 1339.0], [18.675951, 12.679154, 1357.0], [19.098444, 12.517143, 1374.0], [19.553425, 12.274844, 1392.0], [20.048502, 12.013977, 1410.0], [20.56372, 11.732189, 1428.0], [21.234337, 11.355409, 1446.0], [22.003845, 10.91835, 1463.0], [22.877792, 10.436511, 1481.0], [23.49511, 10.015536, 1499.0], [23.650484, 9.778362, 1517.0], [23.965015, 9.650265, 1534.0], [24.21437, 9.466053, 1552.0], [24.466019, 9.316058, 1582.0]"}