{"Image number":30646,"Image shape":9,"Path":"[19.495146, 11.025836, 0.0], [19.268284, 10.837695, 73.0], [19.137823, 10.668297, 90.0], [18.975176, 10.474601, 108.0], [18.836306, 10.270124, 126.0], [18.537575, 9.99635, 144.0], [18.172424, 9.690136, 161.0], [17.902912, 9.432637, 179.0], [17.436234, 9.082248, 197.0], [17.21785, 8.941449, 215.0], [17.024263, 8.807655, 233.0], [16.82652, 8.675744, 250.0], [16.593596, 8.505568, 268.0], [16.287458, 8.329105, 286.0], [15.96591, 8.20162, 304.0], [15.389061, 7.9589896, 321.0], [14.996126, 7.8533597, 339.0], [14.500736, 7.839434, 357.0], [13.977325, 7.839434, 375.0], [13.467882, 7.839434, 392.0], [12.9848585, 7.839434, 410.0], [12.649132, 7.839434, 428.0], [12.323137, 7.839434, 446.0], [11.886379, 7.8945374, 463.0], [11.2645035, 8.0070305, 481.0], [10.70919, 8.172048, 499.0], [10.303493, 8.30166, 517.0], [9.912936, 8.470783, 534.0], [9.555756, 8.564008, 552.0], [9.165048, 8.752611, 570.0], [8.771866, 8.864322, 588.0], [8.307792, 9.07263, 605.0], [7.921097, 9.258389, 623.0], [7.567912, 9.458894, 641.0], [7.316172, 9.650576, 659.0], [7.1172466, 9.894463, 677.0], [6.9206247, 10.124083, 694.0], [6.7615037, 10.434507, 712.0], [6.5923324, 10.734198, 730.0], [6.411658, 11.095769, 748.0], [6.2925477, 11.488279, 765.0], [6.1875916, 11.868546, 783.0], [6.1747575, 12.2731285, 801.0], [6.135923, 12.787152, 819.0], [6.20263, 13.230734, 836.0], [6.267998, 13.753999, 855.0], [6.333178, 14.317696, 872.0], [6.4266915, 14.899752, 890.0], [6.556045, 15.482197, 907.0], [6.7735934, 15.954653, 925.0], [7.136575, 16.371262, 943.0], [7.524419, 16.82402, 961.0], [7.9134607, 17.150612, 979.0], [8.415068, 17.55651, 996.0], [8.932038, 18.00094, 1014.0], [9.459182, 18.32296, 1032.0], [9.978568, 18.728024, 1050.0], [10.342656, 19.021734, 1067.0], [10.7330265, 19.299475, 1085.0], [11.233171, 19.526194, 1103.0], [11.7871685, 19.806442, 1121.0], [12.307352, 20.034035, 1138.0], [12.691093, 20.23213, 1156.0], [13.106793, 20.358356, 1174.0], [13.5664215, 20.546207, 1192.0], [14.018908, 20.546175, 1209.0], [14.513123, 20.520012, 1227.0], [14.919233, 20.348574, 1245.0], [15.429236, 20.232363, 1263.0], [16.005798, 20.007607, 1280.0], [16.601553, 19.69366, 1298.0], [17.26929, 19.201351, 1316.0], [17.912645, 18.699404, 1334.0], [18.577362, 18.156622, 1351.0], [19.02266, 17.711346, 1369.0], [19.517769, 17.25942, 1387.0], [19.916075, 16.860874, 1405.0], [20.218365, 16.384815, 1422.0], [20.478827, 15.857526, 1440.0], [20.679611, 15.339131, 1458.0], [20.791334, 14.806934, 1476.0], [20.888096, 14.325735, 1494.0], [20.951456, 13.881937, 1512.0], [21.01949, 13.454079, 1529.0], [21.045422, 13.029503, 1547.0], [21.048544, 12.610862, 1565.0], [21.048544, 12.152633, 1582.0], [21.048544, 11.741909, 1600.0], [21.048544, 11.461911, 1618.0], [21.048544, 11.271839, 1636.0], [21.048544, 11.102085, 1653.0], [21.048544, 10.946067, 1707.0], [21.048544, 11.222684, 1778.0], [21.048544, 11.481175, 1795.0], [21.004168, 12.124931, 1813.0], [21.00971, 12.765085, 1831.0], [20.894121, 13.66179, 1849.0], [20.847681, 14.532351, 1867.0], [20.821297, 15.485793, 1884.0], [20.776701, 16.464228, 1902.0], [20.776701, 17.305902, 1920.0], [20.776701, 18.12846, 1938.0], [20.776701, 18.89066, 1955.0], [20.776701, 19.69828, 1973.0], [20.776701, 20.323437, 1991.0], [20.776701, 20.902206, 2009.0], [20.776701, 21.45595, 2026.0], [20.8535, 21.901022, 2044.0], [20.893206, 22.313389, 2062.0], [20.945185, 22.77546, 2080.0], [20.970875, 23.11528, 2097.0], [21.00971, 23.54657, 2115.0], [21.00971, 23.936928, 2133.0], [21.00971, 24.247688, 2151.0], [21.00971, 24.432028, 2165.0]"}