{"Image number":117,"Image shape":2,"Path":"[6.4083223, 10.302982, 0.0], [6.486696, 10.106984, 41.0], [6.7434993, 9.842088, 69.0], [6.956969, 9.64489, 82.0], [7.258488, 9.381513, 96.0], [7.6202, 9.064684, 110.0], [8.13784, 8.80965, 126.0], [8.707746, 8.469509, 139.0], [9.286474, 8.15313, 154.0], [9.927811, 7.878368, 166.0], [10.499516, 7.664271, 180.0], [11.182244, 7.5537333, 194.0], [11.821802, 7.4636855, 208.0], [12.491604, 7.3742375, 223.0], [13.168395, 7.389161, 237.0], [13.881105, 7.476734, 250.0], [14.572245, 7.5674696, 263.0], [15.25128, 7.6580367, 277.0], [15.920048, 7.7987924, 292.0], [16.456837, 7.9352775, 306.0], [17.027, 8.069716, 319.0], [17.577795, 8.206503, 335.0], [18.065308, 8.290796, 350.0], [18.449255, 8.441726, 362.0], [18.826786, 8.610495, 376.0], [19.148804, 8.75098, 389.0], [19.414322, 8.886146, 404.0], [19.605127, 9.022017, 419.0], [19.755013, 9.188802, 434.0], [19.843952, 9.465524, 460.0], [19.7651, 9.659437, 474.0], [19.64442, 9.900881, 488.0], [19.508636, 10.133574, 502.0], [19.278084, 10.359117, 516.0], [19.068361, 10.60533, 531.0], [18.76774, 10.90605, 546.0], [18.450928, 11.185199, 559.0], [18.08882, 11.455857, 572.0], [17.705097, 11.748543, 586.0], [17.297306, 12.065814, 599.0], [16.889668, 12.345993, 614.0], [16.489328, 12.658026, 629.0], [16.040699, 12.942558, 645.0], [15.569896, 13.259373, 657.0], [15.1196165, 13.574671, 670.0], [14.672879, 13.843709, 686.0], [14.194432, 14.174128, 698.0], [13.696201, 14.517257, 711.0], [13.198379, 14.80979, 725.0], [12.701172, 15.124694, 738.0], [12.260013, 15.3866005, 753.0], [11.767344, 15.7217, 766.0], [11.315924, 16.037796, 781.0], [10.862766, 16.355108, 795.0], [10.463605, 16.619286, 809.0], [10.019945, 16.927296, 823.0], [9.612947, 17.231041, 837.0], [9.246699, 17.548027, 852.0], [8.887525, 17.812733, 865.0], [8.583556, 18.121143, 879.0], [8.297614, 18.423946, 893.0], [8.067106, 18.699566, 906.0], [7.8892536, 18.97127, 920.0], [7.6926036, 19.24318, 935.0], [7.5864344, 19.485525, 949.0], [7.5348673, 19.711027, 963.0], [7.5109606, 19.887003, 980.0], [7.576563, 20.070467, 991.0], [7.9452677, 20.32309, 1018.0], [8.261684, 20.411875, 1032.0], [8.623038, 20.445929, 1046.0], [9.181764, 20.492771, 1060.0], [9.724567, 20.501358, 1074.0], [10.315727, 20.547066, 1088.0], [10.971893, 20.574203, 1103.0], [11.651045, 20.547522, 1117.0], [12.438652, 20.50213, 1132.0], [13.205075, 20.457075, 1145.0], [14.668044, 20.269363, 1159.0], [15.785074, 20.004862, 1173.0], [16.54534, 19.814734, 1187.0], [17.863113, 19.420353, 1201.0], [18.34796, 19.243519, 1215.0], [19.033138, 18.970715, 1229.0], [19.753675, 18.733479, 1243.0], [20.479794, 18.506493, 1257.0], [21.153402, 18.280016, 1270.0], [21.785019, 18.136875, 1285.0], [22.407015, 18.000732, 1298.0], [22.960844, 17.90561, 1311.0], [23.298172, 17.865864, 1326.0]"}