{"Image number":37056,"Image shape":5,"Path":"[23.667221, 5.3067513, 0.0], [23.104803, 5.400328, 69.0], [22.269547, 5.5398564, 86.0], [21.236376, 5.7278366, 103.0], [20.260765, 5.960748, 119.0], [19.232977, 6.2884345, 136.0], [18.070826, 6.801142, 152.0], [16.864904, 7.358229, 169.0], [15.694797, 8.013973, 185.0], [13.693676, 9.225136, 218.0], [12.853483, 9.691967, 235.0], [12.203581, 10.110491, 252.0], [11.5974655, 10.530536, 268.0], [11.178962, 10.950314, 285.0], [10.712797, 11.4168, 301.0], [10.247631, 11.975919, 318.0], [9.825957, 12.633003, 334.0], [9.550375, 13.186467, 351.0], [9.362867, 13.655752, 367.0], [9.270667, 13.9802, 384.0], [9.224012, 14.26169, 400.0], [9.271889, 14.589083, 417.0], [9.5063925, 14.866767, 434.0], [10.020346, 15.051918, 450.0], [10.771668, 15.192235, 467.0], [11.659956, 15.285013, 483.0], [12.503714, 15.426517, 500.0], [13.287295, 15.565065, 516.0], [13.89489, 15.895873, 533.0], [14.403781, 16.268377, 549.0], [14.777793, 16.835793, 566.0], [15.195759, 17.344471, 582.0], [15.424312, 18.186243, 599.0], [15.609251, 18.974953, 615.0], [15.607322, 19.873304, 632.0], [15.5600395, 20.56225, 649.0], [15.419001, 21.35556, 665.0], [15.091529, 22.09794, 682.0], [14.674019, 22.745426, 698.0], [14.251457, 23.26174, 715.0], [13.73711, 23.633698, 731.0], [12.245003, 23.815344, 764.0], [11.405338, 23.673985, 781.0], [10.712381, 23.300861, 797.0], [10.201176, 22.69428, 814.0], [9.921461, 21.663433, 831.0]"}