{"Image number":36922,"Image shape":9,"Path":"[15.18802, 6.6587644, 0.0], [14.577004, 6.941171, 51.0], [13.736183, 7.7382126, 68.0], [12.564548, 9.147082, 85.0], [11.680776, 10.880131, 101.0], [11.035474, 12.501724, 118.0], [10.711146, 13.80912, 134.0], [10.715474, 14.696287, 151.0], [11.08857, 15.190962, 167.0], [11.844015, 15.426793, 184.0], [12.916065, 15.18806, 200.0], [13.990478, 14.623788, 217.0], [14.825992, 13.686678, 233.0], [15.477146, 12.657806, 250.0], [15.937888, 11.496243, 266.0], [16.263546, 10.186038, 283.0], [16.495037, 8.882429, 300.0], [16.586367, 7.8634887, 316.0], [16.632576, 7.3078775, 333.0], [16.632278, 7.026328, 349.0], [16.632278, 7.6903286, 399.0], [16.632278, 8.712298, 415.0], [16.585281, 10.121056, 432.0], [16.397177, 11.806533, 448.0], [16.163918, 13.530366, 465.0], [15.837854, 15.390706, 481.0], [15.415998, 17.405369, 498.0], [14.9503355, 19.548004, 515.0], [14.576872, 21.418512, 531.0], [14.205501, 22.899525, 548.0], [13.964849, 23.862799, 564.0], [13.878925, 24.255655, 581.0]"}