{"Image number":488,"Image shape":6,"Path":"[10.158648, 3.783308, 0.0], [10.114387, 4.1375127, 87.0], [10.138997, 4.3574014, 105.0], [10.158648, 4.7089777, 115.0], [10.158648, 5.1538677, 129.0], [10.114767, 5.6502275, 143.0], [10.053825, 6.213163, 158.0], [9.963535, 6.800239, 172.0], [9.873423, 7.4195547, 186.0], [9.782695, 8.097208, 203.0], [9.7077, 8.765013, 219.0], [9.685305, 9.470089, 227.0], [9.653125, 10.231042, 241.0], [9.689772, 10.916332, 254.0], [9.685305, 11.645855, 268.0], [9.743464, 12.362941, 283.0], [9.788625, 13.055204, 297.0], [9.912355, 13.693948, 311.0], [9.999789, 14.326229, 325.0], [10.148233, 14.907811, 338.0], [10.283957, 15.466494, 352.0], [10.419061, 16.00709, 370.0], [10.600293, 16.452011, 380.0], [10.745764, 16.94328, 394.0], [10.952594, 17.335793, 409.0], [11.177977, 17.769299, 423.0], [11.403085, 18.174656, 442.0], [11.647823, 18.566051, 453.0], [11.919619, 18.955053, 463.0], [12.192018, 19.3283, 477.0], [12.509269, 19.64754, 491.0], [12.770173, 19.961487, 507.0], [13.04085, 20.215715, 520.0], [13.312467, 20.41922, 534.0], [13.6274605, 20.600603, 548.0], [13.942378, 20.729012, 562.0], [14.222353, 20.888617, 577.0], [14.604149, 21.003931, 590.0], [14.965067, 21.093271, 604.0], [15.384286, 21.236107, 618.0], [15.78833, 21.27526, 631.0], [16.228367, 21.366035, 645.0], [16.639421, 21.45636, 660.0], [17.046326, 21.49758, 675.0], [17.422626, 21.539406, 687.0], [17.828997, 21.557617, 707.0], [18.181826, 21.557617, 716.0], [18.504223, 21.50972, 732.0], [18.838242, 21.444899, 747.0], [19.138777, 21.355677, 759.0], [19.41316, 21.264187, 776.0], [19.682592, 21.128407, 788.0], [19.902332, 21.009771, 805.0], [20.100174, 20.891893, 819.0], [20.28134, 20.719439, 833.0], [20.451494, 20.532581, 852.0], [20.605614, 20.287275, 861.0], [20.784954, 20.044075, 870.0], [20.93191, 19.81661, 883.0], [21.112225, 19.545319, 897.0], [21.238924, 19.329035, 910.0], [21.375557, 19.003326, 926.0], [21.511835, 18.730682, 940.0], [21.645891, 18.420122, 954.0], [21.767288, 18.123238, 970.0], [21.83405, 17.784378, 981.0], [21.911972, 17.46777, 995.0], [21.919374, 17.110012, 1010.0], [21.969582, 16.748695, 1027.0], [21.955788, 16.447613, 1037.0], [21.955788, 16.128382, 1051.0], [21.915756, 15.853932, 1065.0], [21.919374, 15.5334015, 1080.0], [21.86171, 15.238177, 1093.0], [21.81652, 14.936902, 1107.0], [21.732098, 14.618995, 1121.0], [21.68992, 14.210534, 1135.0], [21.588093, 13.87808, 1150.0], [21.497635, 13.532538, 1163.0], [21.369274, 13.207611, 1177.0], [21.280956, 12.939953, 1191.0], [21.190243, 12.631296, 1205.0], [21.09983, 12.359975, 1218.0], [21.045517, 12.087724, 1232.0], [20.95572, 11.818232, 1248.0], [20.86471, 11.545107, 1261.0], [20.774702, 11.327365, 1275.0], [20.719084, 11.110628, 1289.0], [20.586525, 10.9291725, 1302.0], [20.503956, 10.712849, 1317.0], [20.412996, 10.505885, 1330.0], [20.322514, 10.279612, 1345.0], [20.141655, 9.951584, 1372.0], [19.997803, 9.69611, 1400.0], [19.816904, 9.560999, 1429.0], [19.635624, 9.47033, 1455.0], [19.370182, 9.428837, 1484.0], [19.098295, 9.458932, 1511.0], [18.923656, 9.504189, 1526.0], [18.743475, 9.596815, 1541.0], [18.56957, 9.73843, 1553.0], [18.38178, 9.908071, 1568.0], [18.200197, 10.08971, 1582.0], [17.975119, 10.26878, 1596.0], [17.784882, 10.431577, 1610.0], [17.585646, 10.595195, 1624.0], [17.368053, 10.812858, 1638.0], [17.189465, 11.036157, 1652.0], [16.95303, 11.264441, 1665.0], [16.691542, 11.526012, 1680.0], [16.464064, 11.718409, 1694.0], [16.24081, 11.983866, 1708.0], [15.9615135, 12.256279, 1721.0], [15.726078, 12.564636, 1736.0], [15.487402, 12.904998, 1749.0], [15.221535, 13.305207, 1763.0], [14.948333, 13.766467, 1778.0], [14.73847, 14.239578, 1791.0], [14.511358, 14.739383, 1805.0], [14.288033, 15.271578, 1819.0], [14.110136, 15.868174, 1833.0], [14.0, 16.349161, 1847.0], [13.9191065, 17.079502, 1873.0], [13.981608, 18.290905, 1894.0], [14.138289, 18.90032, 1908.0], [14.273082, 19.372252, 1918.0]"}