{"Image number":10461,"Image shape":7,"Path":"[6.883333, 10.577778, 0.0], [7.855794, 10.655556, 42.0], [8.903177, 10.598262, 59.0], [11.050695, 9.9698515, 76.0], [14.126563, 9.246313, 93.0], [16.528446, 9.11142, 109.0], [18.39574, 9.099999, 126.0], [19.801783, 9.157121, 143.0], [20.868944, 9.216667, 159.0], [21.638304, 9.216667, 176.0], [22.283333, 9.216667, 193.0], [22.451586, 9.048414, 226.0], [22.278467, 9.0222225, 243.0], [21.825832, 9.27537, 260.0], [20.924198, 10.070494, 276.0], [19.66043, 11.364262, 293.0], [18.081808, 13.259219, 310.0], [16.838888, 14.933334, 327.0], [15.623682, 17.066977, 343.0], [14.687262, 19.078703, 360.0], [14.245755, 20.556362, 376.0], [13.766409, 22.050772, 393.0], [13.406662, 23.243984, 410.0], [13.085039, 23.91881, 427.0], [12.75674, 24.394718, 443.0], [12.502778, 24.811111, 460.0], [12.463889, 25.063889, 493.0]"}