{"Image number":15189,"Image shape":0,"Path":"[16.214844, 10.824074, 0.0], [17.604086, 10.824074, 57.0], [18.54278, 10.824074, 75.0], [19.518318, 11.065991, 90.0], [20.367966, 11.227065, 107.0], [20.977007, 11.363918, 124.0], [21.600773, 11.5206785, 141.0], [22.080887, 11.636986, 159.0], [22.490234, 11.771991, 175.0], [22.814613, 12.007522, 190.0], [23.077087, 12.244564, 207.0], [23.28729, 12.465492, 224.0], [23.42681, 12.659235, 241.0], [23.547379, 12.974722, 258.0], [23.603249, 13.2844515, 273.0], [23.625, 13.662639, 290.0], [23.58909, 14.020309, 307.0], [23.501953, 14.348379, 325.0], [23.35474, 14.737839, 340.0], [23.212183, 15.091956, 356.0], [23.032907, 15.608519, 374.0], [22.865707, 16.059065, 390.0], [22.637054, 16.519505, 408.0], [22.402626, 16.828907, 424.0], [22.103006, 17.14337, 442.0], [21.765625, 17.45949, 458.0], [21.237303, 17.772308, 473.0], [20.644806, 18.16419, 490.0], [20.094782, 18.45772, 507.0], [19.537107, 18.731482, 524.0], [18.974014, 19.014072, 541.0], [18.366953, 19.27383, 558.0], [17.643585, 19.593693, 575.0], [16.908392, 19.857918, 590.0], [16.230206, 20.216248, 607.0], [15.645196, 20.490383, 624.0], [14.958816, 20.861315, 641.0], [14.382007, 21.134922, 657.0], [13.898125, 21.345047, 673.0], [13.392981, 21.557402, 690.0], [12.952424, 21.705523, 708.0], [12.505481, 21.814745, 723.0], [12.0149975, 21.923172, 740.0], [11.595188, 21.907408, 757.0], [11.134575, 21.866436, 774.0], [10.651357, 21.685835, 790.0], [10.145249, 21.55121, 806.0], [9.629798, 21.359324, 823.0], [9.153292, 21.150885, 841.0], [8.685169, 20.89531, 858.0], [8.260305, 20.693396, 874.0], [7.809366, 20.4199, 890.0], [7.4077215, 20.172167, 907.0], [7.073869, 19.963688, 924.0], [6.7472725, 19.654497, 941.0], [6.5004725, 19.345537, 957.0], [6.318464, 19.091621, 973.0], [6.2117953, 18.692808, 990.0], [6.2566338, 18.18695, 1007.0], [6.487403, 17.583206, 1024.0], [6.8176513, 17.030195, 1041.0], [7.3416677, 16.299072, 1057.0], [7.826269, 15.6457205, 1073.0], [8.394715, 14.994711, 1090.0], [8.995492, 14.305272, 1106.0], [9.750385, 13.556372, 1123.0], [10.565062, 12.870097, 1140.0], [11.455443, 12.195534, 1156.0], [12.313002, 11.639768, 1173.0], [13.408353, 11.077841, 1190.0], [14.53228, 10.641401, 1206.0], [15.672573, 10.336735, 1223.0], [16.779453, 10.187913, 1240.0], [17.888077, 10.086739, 1257.0]"}