{"Image number":40105,"Image shape":6,"Path":"[14.168364, 4.787348, 0.0], [13.107893, 6.2143784, 104.0], [12.374992, 7.336877, 120.0], [11.766468, 8.539778, 136.0], [11.288545, 9.735318, 153.0], [10.724976, 11.204154, 170.0], [10.278553, 12.723154, 187.0], [9.957722, 14.256733, 203.0], [9.8704605, 15.613712, 220.0], [9.896512, 16.78815, 238.0], [10.036184, 17.700598, 253.0], [10.261442, 18.456022, 270.0], [10.465409, 18.840157, 286.0], [10.691397, 19.185493, 303.0], [11.128875, 19.58072, 320.0], [11.606351, 19.86755, 337.0], [12.229499, 19.920444, 353.0], [13.1975155, 19.750305, 370.0], [14.45103, 19.330873, 387.0], [15.544605, 18.74539, 404.0], [16.563381, 18.060127, 421.0], [17.4127, 17.301846, 437.0], [18.108059, 16.636026, 454.0], [18.659073, 15.957967, 470.0], [19.030441, 15.318228, 487.0], [19.347822, 14.662308, 503.0], [19.49662, 14.0499115, 520.0], [19.588104, 13.505208, 537.0], [19.56388, 13.044757, 553.0], [19.555967, 12.884297, 570.0], [19.370735, 12.5918665, 587.0], [19.100283, 12.383527, 603.0], [18.710072, 12.202247, 620.0], [18.208694, 12.239838, 636.0], [17.46907, 12.471657, 653.0], [16.681957, 13.094922, 670.0], [16.023655, 13.794075, 687.0], [15.576062, 14.580836, 703.0], [15.171257, 15.374188, 720.0], [14.881712, 16.10098, 737.0], [14.673987, 16.756958, 753.0], [14.470069, 17.546839, 770.0], [14.301144, 18.368465, 787.0], [14.182112, 19.202023, 803.0], [14.194263, 19.969627, 820.0], [14.194263, 20.65141, 837.0], [14.289292, 21.132532, 853.0]"}