{"Image number":38483,"Image shape":0,"Path":"[15.7470875, 7.078354, 0.0], [14.9953, 7.313909, 51.0], [13.875961, 7.8277626, 68.0], [12.57322, 8.667213, 84.0], [11.320791, 9.736048, 101.0], [10.329086, 10.870307, 117.0], [9.39626, 12.133326, 134.0], [8.797429, 13.294158, 151.0], [8.335921, 14.547229, 167.0], [8.244824, 15.673837, 184.0], [8.151613, 16.9352, 200.0], [8.200409, 18.194214, 217.0], [8.246749, 19.257818, 233.0], [8.483475, 20.29096, 250.0], [8.99748, 21.167965, 267.0], [10.446828, 22.517641, 300.0], [11.196656, 22.795416, 316.0], [12.353768, 22.883533, 333.0], [13.439136, 22.645136, 349.0], [14.597425, 22.083126, 366.0], [15.628372, 21.186367, 383.0], [16.600431, 20.11612, 399.0], [17.429977, 18.911907, 415.0], [18.085161, 17.64471, 432.0], [18.64052, 16.43855, 448.0], [19.015072, 15.120157, 465.0], [19.385546, 13.775421, 482.0], [19.662868, 12.522659, 498.0], [19.848082, 11.36025, 515.0], [19.941278, 10.234438, 531.0], [19.845963, 9.165266, 548.0], [19.612114, 8.330414, 564.0], [19.287659, 7.730689, 581.0], [18.865099, 7.35501, 597.0], [18.308517, 7.0778713, 614.0], [17.56233, 6.984895, 630.0], [16.575699, 6.938015, 647.0], [15.459041, 7.173371, 663.0], [14.30087, 7.6852913, 680.0]"}