{"Image number":37691,"Image shape":3,"Path":"[10.156405, 6.2391744, 0.0], [10.671588, 6.3796387, 53.0], [11.277129, 6.6131387, 70.0], [11.981349, 6.989366, 86.0], [12.583959, 7.4081125, 103.0], [13.193216, 7.8774767, 119.0], [14.2160225, 8.715312, 152.0], [14.68371, 9.089604, 169.0], [15.144634, 9.458596, 185.0], [15.376169, 9.831874, 202.0], [15.563405, 10.301901, 218.0], [15.607945, 10.814911, 235.0], [15.654055, 11.275705, 252.0], [15.65391, 11.649304, 268.0], [15.607213, 11.974337, 285.0], [15.465799, 12.256812, 301.0], [15.137491, 12.5835905, 318.0], [14.6246, 12.86175, 334.0], [14.013542, 13.190978, 351.0], [13.317523, 13.4211445, 367.0], [12.569528, 13.607693, 384.0], [11.87555, 13.699178, 400.0], [11.220207, 13.84008, 417.0], [10.664735, 13.9793215, 434.0], [10.195333, 14.120447, 450.0], [9.874956, 14.258831, 467.0], [9.45525, 14.304889, 483.0], [9.084093, 14.304631, 500.0], [8.80475, 14.351347, 516.0], [9.365196, 14.071123, 632.0], [10.11425, 13.649441, 649.0], [11.006765, 13.274011, 665.0], [11.7068405, 12.994037, 682.0], [12.346177, 12.859357, 698.0], [12.957072, 12.765313, 715.0], [13.468234, 12.719148, 732.0], [13.838237, 12.719512, 748.0], [14.2099, 12.719512, 764.0], [14.629863, 12.766234, 781.0], [15.099482, 12.813219, 797.0], [15.5182495, 12.906909, 814.0], [15.937846, 13.0944395, 831.0], [16.405138, 13.32849, 847.0], [16.959444, 13.559128, 864.0], [17.47843, 13.937155, 880.0], [17.990429, 14.262511, 897.0], [18.50119, 14.68198, 913.0], [19.012564, 15.147675, 930.0], [19.382908, 15.565515, 946.0], [19.709848, 16.080471, 963.0], [20.083818, 16.54739, 981.0], [20.502779, 17.153742, 999.0], [20.82934, 17.714922, 1013.0], [21.013664, 18.41486, 1029.0], [21.24572, 19.814386, 1062.0], [21.24459, 20.469181, 1079.0], [21.291388, 20.973724, 1095.0], [21.197044, 21.489561, 1112.0], [21.05693, 21.95485, 1128.0], [20.869589, 22.516832, 1145.0], [20.544085, 22.931688, 1161.0], [20.02952, 23.305246, 1178.0], [19.420025, 23.585745, 1195.0], [17.930412, 23.909433, 1228.0], [17.191114, 23.955221, 1244.0], [16.491335, 23.955208, 1261.0], [15.83395, 23.955208, 1277.0], [15.179535, 23.907978, 1294.0], [14.621376, 23.81408, 1310.0], [14.158969, 23.721281, 1327.0], [13.881723, 23.628258, 1344.0], [13.509489, 23.348072, 1376.0], [13.180576, 23.160297, 1393.0], [12.710482, 23.020285, 1410.0]"}