{"Image number":10316,"Image shape":5,"Path":"[17.266666, 6.727778, 0.0], [16.70511, 6.727778, 32.0], [15.715667, 6.534473, 49.0], [14.906861, 6.4017735, 66.0], [13.9521475, 6.305197, 83.0], [12.916535, 6.3388886, 99.0], [12.541037, 6.3388886, 116.0], [11.967274, 6.3645067, 133.0], [11.5292015, 6.460755, 149.0], [11.215089, 6.5671926, 166.0], [11.025198, 6.643452, 183.0], [10.927777, 6.932564, 283.0], [10.927777, 7.330556, 300.0], [10.726699, 8.3165045, 316.0], [10.519332, 9.616014, 333.0], [10.305555, 11.063889, 350.0], [10.117688, 12.330488, 366.0], [9.9513855, 13.325018, 383.0], [9.88747, 14.010052, 400.0], [9.877778, 14.425568, 417.0], [9.877778, 14.680556, 433.0], [10.133557, 14.708222, 533.0], [10.387651, 14.55453, 567.0], [10.591453, 14.36891, 583.0], [10.862052, 14.202768, 600.0], [11.28007, 14.106369, 617.0], [11.832006, 13.998222, 633.0], [12.599056, 13.944512, 650.0], [13.503611, 13.85576, 667.0], [14.280579, 13.802603, 684.0], [15.278364, 13.747498, 701.0], [15.933224, 13.802216, 717.0], [16.702816, 13.908339, 734.0], [17.294825, 14.042146, 750.0], [17.881775, 14.203977, 767.0], [18.666668, 14.427778, 784.0], [19.293524, 14.714507, 800.0], [20.000221, 15.010414, 817.0], [20.520477, 15.321, 834.0], [21.014212, 15.691916, 850.0], [21.50433, 16.228268, 867.0], [21.844076, 16.748226, 884.0], [22.119183, 17.288366, 901.0], [22.261162, 17.687168, 917.0], [22.423347, 18.301186, 934.0], [22.486332, 18.91633, 951.0], [22.454239, 19.485395, 968.0], [22.36341, 19.97854, 984.0], [22.201591, 20.520622, 1001.0], [22.074327, 20.935131, 1017.0], [21.917889, 21.308264, 1034.0], [21.771387, 21.650095, 1051.0], [21.41877, 22.053032, 1067.0], [21.06366, 22.367659, 1084.0], [20.584007, 22.703255, 1101.0], [20.094002, 23.029924, 1118.0], [19.714743, 23.301376, 1134.0], [19.218319, 23.623844, 1151.0], [18.713188, 23.935421, 1168.0], [18.161373, 24.208202, 1185.0], [17.544538, 24.372198, 1201.0], [16.968052, 24.576769, 1218.0], [16.49834, 24.760666, 1234.0], [15.957264, 24.935598, 1251.0], [15.419361, 25.09697, 1268.0], [15.116411, 25.112734, 1284.0], [14.652625, 25.166376, 1301.0], [14.355691, 25.218494, 1318.0], [14.095338, 25.199999, 1334.0], [13.874264, 25.199999, 1351.0], [13.633586, 25.134495, 1368.0], [13.319733, 25.08014, 1385.0], [13.047222, 25.025, 1401.0], [12.737207, 24.879715, 1418.0], [12.455042, 24.716356, 1435.0]"}