{"Image number":36829,"Image shape":0,"Path":"[13.650583, 6.3324165, 0.0], [13.464226, 6.565522, 35.0], [12.670561, 7.4531713, 52.0], [11.410591, 8.854092, 68.0], [10.011635, 10.627904, 85.0], [8.8488455, 12.444574, 101.0], [8.098676, 14.512617, 118.0], [7.639226, 16.595243, 134.0], [7.7355156, 18.536213, 151.0], [8.295785, 20.093988, 168.0], [9.326826, 21.16738, 184.0], [10.7288265, 21.769804, 201.0], [12.371072, 21.858685, 217.0], [14.25135, 21.714262, 234.0], [16.141848, 21.2458, 250.0], [17.967987, 20.397583, 267.0], [19.69457, 19.175938, 283.0], [20.888561, 17.592907, 300.0], [21.487934, 15.907557, 316.0], [21.524591, 14.335417, 333.0], [21.2409, 12.792436, 349.0], [20.68125, 11.262493, 366.0], [19.888083, 9.725216, 383.0], [19.14138, 8.183422, 399.0], [18.202078, 6.7772727, 416.0], [17.134962, 5.951777, 432.0], [15.834505, 5.6316576, 449.0], [14.437068, 5.820321, 465.0], [12.969609, 6.556584, 482.0], [12.066646, 7.204168, 498.0]"}