{"Image number":30039,"Image shape":4,"Path":"[14.368934, 8.8109, 0.0], [14.190069, 8.873294, 66.0], [13.945118, 9.060951, 84.0], [13.540042, 9.432943, 102.0], [12.957927, 9.957227, 119.0], [11.7879305, 10.963785, 137.0], [10.79661, 11.8258915, 155.0], [9.993416, 12.537092, 173.0], [9.41777, 13.10447, 190.0], [9.041479, 13.529035, 208.0], [8.863371, 13.736923, 226.0], [8.776699, 13.9096775, 244.0], [9.042754, 14.363531, 280.0], [9.70469, 14.817867, 298.0], [10.49972, 15.06743, 315.0], [11.8275795, 15.461151, 333.0], [13.263003, 15.75967, 350.0], [14.272112, 16.022005, 368.0], [15.639895, 16.28452, 386.0], [16.86942, 16.405361, 403.0], [18.26638, 16.539522, 421.0], [19.131323, 16.631216, 439.0], [19.777424, 16.652847, 457.0], [20.24672, 16.66032, 475.0], [20.454744, 16.706072, 492.0], [20.699028, 16.699179, 528.0], [20.370544, 16.66453, 563.0], [19.667664, 16.637732, 581.0], [18.718987, 16.523094, 599.0], [18.080273, 16.543747, 617.0], [17.601566, 16.543747, 634.0], [17.260323, 16.543747, 652.0], [17.05167, 16.505928, 670.0], [16.788553, 16.03531, 706.0], [17.094444, 14.690292, 723.0], [17.765999, 12.994161, 741.0], [18.551773, 11.305278, 759.0], [19.459373, 9.794199, 776.0], [20.02837, 8.821704, 794.0], [20.4491, 8.028735, 812.0], [20.678146, 7.6137056, 830.0], [20.757275, 7.412008, 848.0], [20.295837, 8.172582, 919.0], [19.509575, 9.4948, 936.0], [18.462826, 11.131981, 954.0], [17.612144, 12.47158, 972.0], [16.795912, 13.761192, 990.0], [15.722418, 15.257416, 1007.0], [14.551138, 16.541277, 1025.0], [13.474721, 17.939182, 1043.0], [12.740789, 19.103619, 1061.0], [12.243062, 20.19011, 1078.0], [11.840068, 21.284555, 1096.0], [11.449462, 22.116966, 1115.0], [11.017147, 22.828903, 1132.0], [10.678095, 23.299482, 1150.0], [10.397427, 23.753265, 1168.0]"}