{"Image number":500,"Image shape":3,"Path":"[4.150845, 30.66331, 0.0], [4.3146944, 30.991114, 92.0], [7.3914175, 8.081194, 0.0], [7.740472, 7.975691, 70.0], [7.9246116, 7.9719257, 91.0], [8.146744, 7.9719257, 98.0], [8.457535, 7.9719257, 111.0], [8.77325, 7.9719257, 126.0], [9.08832, 8.011493, 140.0], [9.449394, 8.056249, 154.0], [9.795619, 8.065127, 168.0], [10.17144, 8.110111, 182.0], [10.537597, 8.151642, 200.0], [10.92682, 8.209559, 217.0], [11.307632, 8.300184, 234.0], [11.666996, 8.385558, 248.0], [12.050887, 8.517844, 255.0], [12.408651, 8.607454, 267.0], [12.771822, 8.698277, 281.0], [13.134187, 8.788898, 294.0], [13.496294, 8.914357, 309.0], [13.814031, 9.049923, 321.0], [14.165028, 9.128643, 335.0], [14.468367, 9.222714, 351.0], [14.795456, 9.312769, 364.0], [15.11331, 9.36159, 378.0], [15.478016, 9.456998, 391.0], [15.7467575, 9.524959, 405.0], [16.02995, 9.569982, 424.0], [16.299511, 9.655317, 438.0], [16.566051, 9.744194, 448.0], [16.820726, 9.836323, 461.0], [17.016714, 9.926952, 475.0], [17.19696, 10.017105, 490.0], [17.371979, 10.197682, 504.0], [17.57831, 10.2705765, 518.0], [17.775202, 10.38994, 532.0], [17.991745, 10.486997, 547.0], [18.180748, 10.632863, 565.0], [18.369484, 10.794863, 574.0], [18.534899, 10.960331, 588.0], [18.903051, 11.202454, 615.0], [19.220972, 11.448302, 643.0], [19.401066, 11.573312, 657.0], [19.672426, 11.791197, 686.0], [19.838276, 12.042756, 712.0], [19.931463, 12.313887, 740.0], [19.989597, 12.516321, 768.0], [19.940289, 12.745588, 796.0], [19.783121, 12.980276, 825.0], [19.602303, 13.203572, 852.0], [19.474697, 13.352009, 866.0], [19.26144, 13.61736, 894.0], [18.988297, 13.799568, 922.0], [18.44541, 14.210174, 991.0], [18.100533, 14.415884, 1005.0], [17.918186, 14.507804, 1019.0], [17.741188, 14.5963335, 1033.0], [17.584362, 14.650843, 1048.0], [17.272524, 14.83074, 1075.0], [17.091698, 14.921183, 1090.0], [16.832981, 15.139786, 1118.0], [16.562202, 15.370517, 1146.0], [16.391037, 15.483076, 1160.0], [16.119072, 15.740946, 1189.0], [15.790493, 16.048456, 1216.0], [15.61003, 16.24361, 1230.0], [15.4289465, 16.392551, 1244.0], [15.249249, 16.621887, 1258.0], [15.048751, 16.791971, 1271.0], [14.850864, 17.001657, 1285.0], [14.670589, 17.227076, 1299.0], [14.4436, 17.453384, 1313.0], [14.218465, 17.678595, 1329.0], [14.055502, 17.941551, 1343.0], [13.875969, 18.166042, 1356.0], [13.739548, 18.392063, 1371.0], [13.604002, 18.67117, 1386.0], [13.519235, 18.881252, 1398.0], [13.43986, 19.106712, 1413.0], [13.435631, 19.287622, 1425.0], [13.435631, 19.569946, 1440.0], [13.52036, 19.84506, 1453.0], [13.64349, 20.083025, 1467.0], [13.820249, 20.308468, 1481.0], [14.001913, 20.48506, 1495.0], [14.302025, 20.702772, 1511.0], [14.573516, 20.9157, 1525.0], [14.887195, 21.184008, 1538.0], [15.2478695, 21.353138, 1553.0], [15.575942, 21.571861, 1565.0], [15.907168, 21.814003, 1580.0], [16.263895, 22.04651, 1593.0], [16.622395, 22.270643, 1608.0], [16.927748, 22.533447, 1621.0], [17.274702, 22.731113, 1636.0], [17.596416, 22.948784, 1649.0], [17.91159, 23.0911, 1670.0], [18.210617, 23.253855, 1682.0], [18.482292, 23.389736, 1691.0], [18.75221, 23.524738, 1705.0], [19.024796, 23.661076, 1720.0], [19.187704, 23.760555, 1734.0], [19.368269, 23.86929, 1748.0], [19.514313, 23.960226, 1762.0], [19.695292, 24.10419, 1789.0], [6.3355007, 8.518267, 0.0], [6.72506, 8.345631, 58.0], [7.0916166, 8.2563305, 71.0], [7.40364, 8.214731, 84.0], [7.893534, 8.190462, 98.0], [8.404573, 8.190462, 113.0], [8.945872, 8.190462, 127.0], [9.534901, 8.237725, 141.0], [10.141969, 8.226885, 155.0], [10.77677, 8.226885, 169.0], [11.408329, 8.226885, 183.0], [12.02935, 8.272095, 197.0], [12.655727, 8.30018, 211.0], [13.243852, 8.363422, 225.0], [13.779671, 8.407326, 239.0], [14.294865, 8.49905, 252.0], [14.768988, 8.64159, 268.0], [15.198042, 8.778125, 281.0], [15.605095, 8.913853, 296.0], [15.925369, 9.04971, 309.0], [16.231033, 9.180752, 323.0], [16.533579, 9.357501, 337.0], [16.770733, 9.52634, 350.0], [16.996199, 9.70677, 364.0], [17.219398, 9.885389, 379.0], [17.348597, 10.087487, 395.0], [17.49778, 10.250681, 411.0], [17.593952, 10.46737, 423.0], [17.685444, 10.646671, 435.0], [17.738699, 10.883988, 448.0], [17.768532, 11.110235, 461.0], [17.807783, 11.337029, 476.0], [17.804941, 11.512883, 489.0], [17.784878, 11.750973, 504.0], [17.768532, 11.975338, 518.0], [17.731318, 12.200979, 536.0], [17.686071, 12.427293, 546.0], [17.641092, 12.652251, 560.0], [17.559053, 12.844039, 573.0], [17.47767, 13.033835, 587.0], [17.387756, 13.258481, 603.0], [17.281551, 13.49905, 618.0], [17.171026, 13.720171, 631.0], [17.080954, 13.934678, 653.0], [16.947828, 14.153597, 673.0], [16.652163, 14.576295, 687.0], [16.502821, 14.804945, 701.0], [16.32623, 14.987379, 715.0], [16.196053, 15.219265, 727.0], [15.963191, 15.386959, 742.0], [15.7505455, 15.535242, 756.0], [15.523731, 15.753714, 770.0], [15.304447, 15.973071, 785.0], [15.09515, 16.168072, 798.0], [14.852056, 16.363705, 811.0], [14.66024, 16.584404, 825.0], [14.43339, 16.759932, 839.0], [14.226036, 16.999857, 853.0], [14.016232, 17.22528, 867.0], [13.788993, 17.491169, 881.0], [13.613913, 17.710627, 895.0], [13.429948, 17.884604, 909.0], [13.277172, 18.065983, 922.0], [13.142374, 18.282848, 937.0], [13.00671, 18.463139, 951.0], [12.926026, 18.6435, 966.0], [12.862281, 18.825417, 979.0], [12.780233, 19.105957, 1007.0], [12.806337, 19.315203, 1035.0], [12.940547, 19.532616, 1064.0], [13.242382, 19.798124, 1093.0], [13.681022, 20.122255, 1119.0], [13.958864, 20.25314, 1135.0], [14.2548485, 20.366066, 1154.0], [14.570095, 20.488201, 1166.0], [14.8883, 20.624619, 1175.0], [15.253522, 20.809622, 1189.0], [15.580535, 20.991394, 1203.0], [15.943327, 21.172848, 1217.0], [16.305422, 21.353954, 1231.0], [16.6666, 21.534603, 1245.0], [17.007498, 21.679346, 1259.0], [17.35302, 21.85971, 1272.0], [17.676497, 22.079824, 1286.0], [17.99139, 22.304823, 1300.0], [18.251978, 22.531244, 1315.0], [18.495548, 22.729471, 1328.0], [18.720554, 22.947025, 1342.0], [18.89933, 23.217947, 1356.0], [19.062819, 23.436218, 1371.0], [19.198858, 23.663033, 1384.0], [19.3344, 23.852514, 1398.0]"}