{"Image number":39098,"Image shape":6,"Path":"[14.768718, 2.4162405, 0.0], [14.014518, 3.2656655, 70.0], [13.176977, 4.3375707, 86.0], [12.437732, 5.77594, 103.0], [11.920877, 7.282048, 120.0], [11.506261, 8.901352, 136.0], [11.227201, 10.672948, 153.0], [10.94751, 12.585866, 169.0], [10.808113, 14.545286, 186.0], [10.714674, 16.277536, 202.0], [10.855649, 17.852467, 219.0], [11.138088, 19.215874, 235.0], [11.51105, 20.329456, 252.0], [12.119827, 21.072926, 268.0], [12.815498, 21.439543, 285.0], [13.806905, 21.579895, 301.0], [14.8214655, 21.483725, 318.0], [15.948412, 21.05908, 335.0], [17.019045, 20.214512, 351.0], [17.902384, 19.185715, 368.0], [18.44983, 18.219795, 384.0], [18.729483, 17.426275, 401.0], [18.775858, 16.721655, 417.0], [18.635094, 16.073837, 434.0], [18.167778, 15.561269, 450.0], [17.420551, 15.0948515, 467.0], [16.394585, 14.863006, 483.0], [15.4551735, 14.769602, 500.0], [14.530281, 14.911531, 516.0], [13.786842, 15.28543, 533.0], [13.130804, 15.89653, 550.0], [12.575152, 16.64087, 566.0], [12.062835, 17.57488, 583.0], [11.598299, 18.505266, 599.0], [11.12782, 19.588825, 616.0], [10.69053, 20.659502, 633.0], [10.372207, 21.383638, 649.0]"}