{"Image number":36583,"Image shape":7,"Path":"[11.181364, 9.222927, 0.0], [11.4143095, 9.31617, 50.0], [12.123213, 9.505341, 67.0], [13.289978, 9.691076, 84.0], [14.702591, 9.831709, 100.0], [16.236128, 9.829001, 117.0], [19.119116, 9.734543, 150.0], [20.185991, 9.594206, 166.0], [20.742609, 9.453406, 183.0], [20.967682, 9.456033, 199.0], [20.684229, 9.783893, 216.0], [20.024776, 10.585272, 232.0], [19.094177, 11.937574, 249.0], [18.114815, 13.431502, 266.0], [17.039448, 15.069045, 282.0], [16.053864, 16.809662, 299.0], [15.040054, 18.84329, 315.0], [14.290958, 20.674063, 332.0], [13.549858, 22.293365, 348.0], [13.036332, 23.509317, 365.0], [12.666722, 24.387844, 381.0], [12.475421, 24.867117, 398.0]"}