{"Image number":39608,"Image shape":8,"Path":"[15.048253, 15.143811, 0.0], [14.624654, 14.955484, 51.0], [14.160194, 14.675879, 67.0], [13.41318, 14.3962, 84.0], [12.711829, 14.021182, 100.0], [11.916176, 13.5052, 117.0], [11.218362, 12.850418, 133.0], [10.6159935, 12.199888, 150.0], [10.199167, 11.359837, 167.0], [9.968849, 10.477137, 183.0], [9.876373, 9.591157, 200.0], [9.829497, 8.837378, 216.0], [9.877313, 8.285205, 233.0], [9.923577, 7.8698616, 249.0], [10.063871, 7.4025545, 266.0], [10.34482, 7.0289884, 283.0], [10.76683, 6.5130706, 299.0], [11.324403, 6.096856, 316.0], [12.06659, 5.6797, 332.0], [12.861047, 5.4926515, 349.0], [13.653659, 5.3996315, 365.0], [14.352142, 5.3999934, 382.0], [15.005143, 5.3999934, 398.0], [16.268845, 5.4946637, 431.0], [16.868631, 5.7276525, 448.0], [17.378103, 6.1929164, 464.0], [18.07913, 7.3166475, 497.0], [18.311981, 7.73555, 514.0], [18.450167, 8.247241, 531.0], [18.590143, 8.666855, 547.0], [18.635895, 9.179453, 564.0], [18.588692, 9.598835, 580.0], [18.495165, 10.112441, 597.0], [18.309006, 10.576133, 613.0], [17.98035, 11.186607, 630.0], [17.509548, 11.749981, 646.0], [16.903362, 12.496816, 663.0], [16.304302, 13.0943365, 680.0], [15.647583, 13.986878, 696.0], [15.044394, 14.635138, 715.0], [14.342104, 15.431833, 729.0], [13.597337, 16.129099, 746.0], [12.804311, 16.828941, 762.0], [12.01017, 17.57734, 779.0], [11.358165, 18.183067, 795.0], [10.758002, 18.784325, 812.0], [10.293342, 19.343115, 828.0], [10.016034, 19.947098, 845.0], [9.876237, 20.460957, 861.0], [9.876871, 20.835503, 878.0], [10.017099, 21.205791, 895.0], [10.298554, 21.533688, 911.0], [10.855342, 21.810684, 928.0], [11.559705, 22.092613, 944.0], [12.536324, 22.277586, 961.0], [13.478408, 22.371506, 977.0], [14.588144, 22.370087, 994.0], [15.475486, 22.22897, 1010.0], [16.506948, 21.89928, 1027.0], [17.247793, 21.573214, 1044.0], [17.939575, 21.156256, 1060.0], [18.504732, 20.731674, 1077.0], [19.060589, 20.220308, 1093.0], [19.429909, 19.709532, 1110.0], [19.614883, 19.150505, 1126.0], [19.707624, 18.731525, 1143.0], [19.801535, 18.308636, 1159.0], [19.847277, 18.032187, 1176.0], [19.846922, 17.796902, 1192.0], [19.752806, 17.471584, 1209.0], [19.468689, 17.094536, 1225.0], [18.864618, 16.491888, 1242.0], [18.072378, 15.933431, 1259.0], [17.086071, 15.322803, 1275.0], [16.299711, 14.719289, 1292.0], [15.454831, 14.203608, 1308.0], [14.898707, 13.879334, 1325.0]"}