{"Image number":15085,"Image shape":5,"Path":"[23.378906, 7.421296, 0.0], [22.50935, 7.421296, 112.0], [22.118444, 7.421296, 128.0], [21.592865, 7.421296, 145.0], [21.050835, 7.421296, 162.0], [20.370893, 7.421296, 178.0], [19.569366, 7.624417, 195.0], [18.672205, 7.790917, 212.0], [17.761482, 7.99126, 228.0], [16.902227, 8.149621, 245.0], [16.155773, 8.247685, 262.0], [15.455082, 8.329281, 278.0], [14.851148, 8.384116, 295.0], [14.304867, 8.480292, 312.0], [13.861525, 8.587963, 328.0], [13.627331, 8.695377, 345.0], [13.489626, 8.733796, 361.0], [13.371094, 8.805048, 395.0], [13.371094, 9.035236, 428.0], [13.348442, 9.38099, 445.0], [13.241348, 9.8756695, 462.0], [12.950245, 10.547188, 478.0], [12.541646, 11.277814, 495.0], [12.103539, 11.944796, 512.0], [11.665543, 12.514809, 529.0], [11.284073, 13.076001, 545.0], [11.010661, 13.541702, 562.0], [10.83048, 13.913402, 578.0], [10.7734375, 14.147951, 594.0], [10.7734375, 14.367143, 612.0], [10.874008, 14.510693, 628.0], [11.261151, 14.567129, 645.0], [11.810947, 14.567129, 661.0], [12.477239, 14.343428, 678.0], [13.076197, 14.1372595, 694.0], [13.68896, 14.013672, 711.0], [14.380271, 13.862645, 728.0], [15.06552, 13.804093, 744.0], [15.600916, 13.740741, 761.0], [16.057568, 13.740741, 778.0], [16.42197, 13.740741, 795.0], [16.75282, 13.740741, 811.0], [17.07012, 13.740741, 828.0], [17.289341, 13.950933, 844.0], [17.448717, 14.00202, 861.0], [17.580927, 14.152954, 877.0], [17.673325, 14.291929, 894.0], [17.740036, 14.448361, 911.0], [17.825632, 14.655484, 928.0], [17.877817, 14.880763, 944.0], [17.882812, 15.154352, 962.0], [17.882812, 15.413811, 978.0], [17.882812, 15.736406, 995.0], [17.862448, 16.031157, 1011.0], [17.813728, 16.345299, 1027.0], [17.743717, 16.665857, 1044.0], [17.65213, 17.05381, 1062.0], [17.5192, 17.438286, 1078.0], [17.340433, 17.956587, 1095.0], [17.12153, 18.444443, 1112.0], [16.88176, 18.874557, 1129.0], [16.54499, 19.40592, 1144.0], [16.214077, 19.84739, 1161.0], [15.863478, 20.24977, 1178.0], [15.513369, 20.635107, 1194.0], [15.175518, 21.016518, 1211.0], [14.799362, 21.435637, 1228.0], [14.399132, 21.74914, 1245.0], [13.979233, 22.048857, 1262.0], [13.562233, 22.199135, 1278.0], [13.15978, 22.356909, 1295.0], [12.698033, 22.344908, 1311.0], [12.284195, 22.344908, 1328.0], [11.830508, 22.292976, 1344.0], [11.254563, 22.136806, 1361.0], [10.657505, 21.895391, 1378.0], [9.929268, 21.533464, 1395.0], [9.248933, 21.037403, 1411.0], [8.577932, 20.49057, 1428.0], [8.023971, 19.896465, 1444.0], [7.606885, 19.257885, 1461.0], [7.425645, 18.80922, 1478.0], [7.4101562, 18.699074, 1495.0]"}