{"Image number":38189,"Image shape":5,"Path":"[25.437603, 8.383746, 0.0], [24.734703, 8.337125, 51.0], [23.798216, 8.337125, 68.0], [22.39603, 8.337125, 84.0], [20.813828, 8.431043, 101.0], [19.078775, 8.619309, 117.0], [17.460405, 9.039139, 134.0], [15.965806, 9.648301, 150.0], [14.714371, 10.299238, 167.0], [13.6364155, 10.956538, 183.0], [12.85523, 11.509721, 200.0], [12.299276, 11.927121, 217.0], [11.972576, 12.254103, 233.0], [11.409102, 12.910462, 266.0], [11.033801, 13.23917, 283.0], [10.711949, 13.420845, 299.0], [10.431817, 13.6553755, 316.0], [10.294406, 13.935198, 332.0], [10.248856, 14.215757, 349.0], [10.108523, 14.587809, 365.0], [9.968902, 14.913387, 382.0], [9.875855, 15.193481, 399.0], [9.6889515, 15.425104, 432.0], [9.643927, 15.6573105, 547.0], [10.021403, 15.703265, 614.0], [10.866261, 15.750499, 630.0], [11.746175, 15.843732, 647.0], [13.189898, 16.171213, 680.0], [13.608992, 16.452538, 696.0], [13.934033, 16.779472, 713.0], [14.164857, 17.057434, 729.0], [14.256586, 17.382841, 746.0], [14.303238, 17.66382, 763.0], [14.115585, 18.129784, 780.0], [13.695285, 18.736364, 796.0], [12.995149, 19.436146, 812.0], [12.194166, 20.14301, 829.0], [11.308536, 20.746973, 845.0], [9.869441, 21.393368, 878.0], [9.215274, 21.532913, 895.0], [8.660867, 21.624933, 912.0], [8.152767, 21.6708, 928.0], [7.680643, 21.576218, 945.0], [7.217597, 21.342571, 961.0], [6.843331, 20.871637, 978.0], [6.660675, 20.220074, 994.0], [6.6147294, 19.417461, 1011.0]"}