{"Image number":35262,"Image shape":0,"Path":"[18.495838, 6.8918695, 0.0], [17.652658, 7.266803, 53.0], [16.388752, 8.017054, 69.0], [14.80112, 9.092669, 85.0], [13.1236725, 10.540753, 102.0], [11.640522, 12.026932, 119.0], [10.434065, 13.747849, 135.0], [9.6310425, 15.49822, 152.0], [9.22338, 17.293789, 168.0], [9.1776705, 19.214874, 185.0], [9.413157, 21.082113, 201.0], [9.927598, 22.662611, 218.0], [10.863807, 23.684908, 234.0], [11.89386, 24.100662, 251.0], [13.007647, 24.001049, 268.0], [14.081395, 23.530611, 284.0], [15.240317, 22.551775, 301.0], [16.364836, 21.142815, 317.0], [17.47742, 19.422867, 334.0], [18.418737, 17.630789, 350.0], [19.204079, 15.727191, 367.0], [19.803616, 13.921806, 383.0], [20.224524, 12.1865635, 400.0], [20.360563, 10.796418, 416.0], [20.312445, 9.633337, 433.0], [19.842255, 8.842017, 450.0], [19.095673, 8.192162, 466.0], [17.929222, 7.915722, 482.0], [16.62221, 7.9175353, 499.0], [15.131935, 8.386716, 516.0], [13.812737, 9.3334675, 532.0], [12.761677, 10.832354, 549.0], [12.323192, 11.984237, 565.0]"}