{"Image number":15072,"Image shape":9,"Path":"[17.9375, 6.2060184, 0.0], [17.211899, 5.919988, 115.0], [16.931103, 5.865741, 131.0], [16.658045, 5.865741, 147.0], [16.26712, 5.865741, 164.0], [15.834121, 5.865741, 181.0], [15.436958, 6.028577, 197.0], [15.033099, 6.1797557, 214.0], [14.597397, 6.365856, 231.0], [14.159823, 6.569284, 248.0], [13.78071, 6.724857, 264.0], [13.440968, 6.951392, 281.0], [13.079724, 7.1726627, 297.0], [12.715232, 7.3886595, 314.0], [12.334114, 7.655821, 331.0], [11.966306, 7.8972816, 348.0], [11.639448, 8.139587, 364.0], [11.320031, 8.354829, 382.0], [11.013105, 8.559363, 398.0], [10.742557, 8.757014, 415.0], [10.477969, 8.97213, 431.0], [10.172277, 9.21955, 448.0], [9.893334, 9.41798, 465.0], [9.5884075, 9.69644, 482.0], [9.375151, 9.888709, 498.0], [9.17331, 10.04691, 514.0], [8.975555, 10.2488785, 532.0], [8.81391, 10.440459, 548.0], [8.632756, 10.65516, 564.0], [8.484436, 10.907298, 581.0], [8.344569, 11.06293, 597.0], [8.199402, 11.268193, 614.0], [8.086835, 11.419701, 631.0], [7.966028, 11.585856, 647.0], [7.8001585, 11.838516, 664.0], [7.6302505, 12.060072, 681.0], [7.4976525, 12.292134, 697.0], [7.3678837, 12.540965, 714.0], [7.232422, 12.719908, 730.0], [7.08598, 13.146876, 748.0], [6.9261847, 13.434469, 764.0], [6.7693005, 13.866288, 781.0], [6.624729, 14.273791, 798.0], [6.5078125, 14.664352, 814.0], [6.4016438, 15.020388, 831.0], [6.32777, 15.381523, 847.0], [6.271025, 15.76484, 864.0], [6.2617188, 16.181446, 882.0], [6.2617188, 16.499962, 897.0], [6.2617188, 16.746857, 914.0], [6.3430367, 17.043762, 931.0], [6.4660974, 17.372555, 948.0], [6.578395, 17.560665, 964.0], [6.7214346, 17.766348, 981.0], [6.8919306, 17.89757, 997.0], [7.0774493, 18.04821, 1014.0], [7.273561, 18.152252, 1031.0], [7.5017314, 18.212963, 1047.0], [7.7321014, 18.307438, 1064.0], [7.955112, 18.357943, 1081.0], [8.193673, 18.41536, 1097.0], [8.457436, 18.407408, 1114.0], [8.764936, 18.407408, 1131.0], [9.019234, 18.407408, 1147.0], [9.2765, 18.407408, 1164.0], [9.53787, 18.275993, 1181.0], [9.817471, 18.222305, 1198.0], [10.140481, 18.212963, 1214.0], [10.410912, 18.164352, 1231.0], [10.704053, 18.111244, 1248.0], [11.024654, 18.055586, 1265.0], [11.294072, 17.998682, 1281.0], [11.563944, 17.946697, 1298.0], [11.856041, 17.79497, 1315.0], [12.148491, 17.694887, 1331.0], [12.419508, 17.588804, 1348.0], [12.6734495, 17.53865, 1364.0], [12.953083, 17.486122, 1381.0], [13.226301, 17.389444, 1398.0], [13.531448, 17.280949, 1414.0], [13.824383, 17.161455, 1431.0], [14.139863, 17.025736, 1447.0], [14.438631, 16.899792, 1464.0], [14.7740135, 16.743423, 1481.0], [15.131476, 16.537828, 1498.0], [15.477172, 16.292282, 1514.0], [15.793909, 16.08174, 1531.0], [16.12975, 15.881807, 1548.0], [16.449127, 15.674141, 1564.0], [16.77504, 15.461824, 1581.0], [17.147806, 15.31056, 1598.0], [17.441807, 15.153578, 1614.0], [17.705078, 15.028935, 1631.0], [17.965034, 14.83432, 1648.0], [18.244516, 14.679363, 1665.0], [18.536287, 14.471553, 1681.0], [18.815922, 14.273028, 1698.0], [19.104942, 14.122873, 1715.0], [19.394508, 13.910202, 1731.0], [19.629627, 13.801338, 1748.0], [19.895964, 13.641109, 1765.0], [20.139675, 13.473022, 1781.0], [20.424053, 13.343358, 1797.0], [20.63726, 13.221402, 1814.0], [20.824127, 13.164406, 1831.0], [20.995962, 13.062578, 1848.0], [21.10927, 13.060185, 1864.0], [21.280094, 12.951132, 1898.0], [21.404228, 12.962963, 1948.0], [21.410156, 13.2446165, 1998.0], [21.329483, 13.441828, 2015.0], [21.193382, 13.736055, 2033.0], [20.977476, 14.121062, 2050.0], [20.770977, 14.602114, 2065.0], [20.57545, 14.9630575, 2081.0], [20.34911, 15.335375, 2098.0], [20.080112, 15.8327055, 2114.0], [19.77727, 16.315844, 2131.0], [19.540478, 16.772947, 2148.0], [19.22509, 17.237278, 2164.0], [18.95496, 17.716646, 2181.0], [18.60099, 18.291359, 2197.0], [18.28367, 18.812826, 2214.0], [18.063866, 19.252203, 2232.0], [17.84999, 19.583813, 2248.0], [17.556824, 20.15285, 2264.0], [17.204765, 20.764874, 2281.0], [16.946463, 21.229504, 2298.0], [16.632034, 21.751152, 2314.0], [16.344208, 22.30937, 2331.0], [16.100021, 22.794516, 2347.0], [15.863999, 23.319004, 2364.0], [15.603169, 23.789253, 2381.0], [15.4765625, 23.997684, 2396.0]"}