{"Image number":40052,"Image shape":1,"Path":"[12.7178545, 6.2643566, 0.0], [12.617619, 6.70379, 52.0], [12.614246, 7.0671077, 69.0], [12.748734, 7.8674316, 85.0], [12.869794, 8.708054, 102.0], [13.023613, 9.649185, 119.0], [13.161149, 10.638389, 135.0], [13.391832, 11.907444, 152.0], [13.705661, 13.329162, 169.0], [14.066664, 14.69598, 186.0], [14.420297, 15.880148, 202.0], [14.813619, 17.05119, 219.0], [15.187575, 18.21508, 236.0], [15.513449, 19.218048, 252.0], [15.799591, 20.099808, 269.0], [15.995934, 20.607515, 285.0], [16.154842, 20.97763, 302.0], [16.422781, 21.372726, 319.0], [16.694473, 21.669968, 335.0], [16.9283, 21.961449, 352.0], [17.197746, 22.28535, 369.0], [17.405437, 22.541744, 385.0], [17.595684, 22.748516, 402.0], [17.687477, 22.956043, 419.0], [17.819992, 23.132261, 435.0], [17.911844, 23.277817, 452.0]"}