{"Image number":39618,"Image shape":3,"Path":"[10.202994, 5.3067513, 0.0], [10.482529, 5.3999934, 53.0], [10.997327, 5.587322, 69.0], [11.796135, 5.96374, 86.0], [12.730498, 6.2898927, 102.0], [13.709533, 6.7106857, 119.0], [14.733419, 7.082461, 135.0], [15.571086, 7.4559298, 152.0], [16.26672, 7.7339144, 168.0], [16.775078, 7.918639, 185.0], [17.147366, 8.152271, 201.0], [17.33178, 8.384578, 218.0], [17.37819, 8.619281, 235.0], [17.190481, 9.038391, 251.0], [16.71618, 9.749683, 268.0], [16.11573, 10.67445, 284.0], [15.318232, 11.753407, 301.0], [14.529196, 12.680635, 317.0], [13.600502, 13.515215, 334.0], [12.758074, 14.170463, 350.0], [11.968207, 14.680946, 367.0], [11.320449, 14.910951, 384.0], [10.855024, 14.957348, 400.0], [10.62188, 14.957327, 417.0], [10.808652, 15.05057, 499.0], [11.650659, 15.471863, 516.0], [12.545195, 15.990377, 532.0], [13.5220785, 16.737516, 549.0], [14.31318, 17.295696, 565.0], [15.097893, 17.803194, 582.0], [15.75622, 18.179407, 599.0], [16.457855, 18.458689, 615.0], [17.061422, 18.690807, 632.0], [17.616724, 18.969784, 648.0], [17.984932, 19.24765, 665.0], [18.357502, 19.48047, 681.0], [18.826273, 19.620733, 698.0], [19.199957, 19.85585, 714.0], [19.430637, 20.230349, 731.0], [19.663021, 20.602415, 747.0], [19.894012, 20.878815, 764.0], [20.128548, 21.20749, 781.0], [20.31476, 21.534319, 797.0], [20.40751, 21.86259, 814.0], [20.452286, 22.37214, 847.0], [20.264389, 22.652565, 863.0], [19.609531, 23.446823, 896.0], [19.00751, 23.862526, 913.0], [18.306309, 24.236628, 929.0], [16.532768, 24.608606, 963.0], [15.559917, 24.654564, 979.0], [13.92404, 24.32603, 1012.0], [13.27787, 23.861965, 1040.0]"}