{"Image number":30577,"Image shape":6,"Path":"[18.679611, 4.1867337, 0.0], [18.399729, 4.272493, 85.0], [18.168339, 4.453846, 103.0], [17.869343, 4.6866264, 120.0], [17.504164, 4.935451, 138.0], [17.176434, 5.26338, 156.0], [16.539684, 5.939373, 174.0], [15.888657, 6.590798, 192.0], [15.178405, 7.411497, 210.0], [14.70298, 7.89598, 227.0], [14.286497, 8.406238, 245.0], [13.885476, 8.992502, 263.0], [13.365273, 9.714993, 281.0], [12.808128, 10.325003, 298.0], [12.401557, 10.908865, 316.0], [12.094597, 11.3362055, 334.0], [11.833702, 11.793049, 352.0], [11.573583, 12.190439, 369.0], [11.48, 12.67966, 387.0], [11.205879, 13.231422, 405.0], [10.922454, 13.821485, 422.0], [10.643074, 14.411073, 440.0], [10.381357, 14.964541, 458.0], [10.120316, 15.401414, 476.0], [9.910359, 15.839859, 494.0], [9.720363, 16.17851, 511.0], [9.581299, 16.50187, 529.0], [9.450778, 16.851795, 547.0], [9.319363, 17.128677, 564.0], [9.189225, 17.42797, 583.0], [9.112062, 17.741446, 600.0], [9.048544, 17.949995, 618.0], [9.009708, 18.221277, 636.0], [8.954027, 18.476381, 654.0], [8.970874, 18.654932, 671.0], [9.001639, 18.95954, 689.0], [9.066439, 19.275652, 707.0], [9.048544, 19.599072, 725.0], [9.15234, 19.899006, 742.0], [9.300858, 20.196295, 760.0], [9.499288, 20.50775, 778.0], [9.766907, 20.686974, 795.0], [10.019417, 20.759897, 813.0], [10.291599, 20.954357, 831.0], [10.475643, 21.009212, 849.0], [10.64806, 21.074408, 867.0], [10.931272, 21.190918, 884.0], [11.3342705, 21.167913, 902.0], [11.73215, 21.167913, 920.0], [12.214319, 21.167913, 938.0], [12.509296, 21.167913, 955.0], [12.822977, 21.113617, 973.0], [13.216707, 21.090195, 991.0], [13.729767, 21.009848, 1009.0], [14.215859, 20.94419, 1026.0], [14.652349, 20.83153, 1044.0], [15.039635, 20.699858, 1062.0], [15.3247795, 20.594015, 1079.0], [15.668832, 20.52696, 1098.0], [16.209833, 20.331432, 1115.0], [16.687332, 20.20909, 1133.0], [17.14943, 20.037975, 1151.0], [17.524372, 19.869356, 1169.0], [17.807508, 19.631315, 1186.0], [18.067926, 19.348888, 1204.0], [18.324772, 19.074879, 1222.0], [18.62612, 18.623783, 1240.0], [18.8653, 18.247429, 1257.0], [19.112577, 17.786812, 1275.0], [19.335238, 17.409302, 1293.0], [19.467352, 16.976904, 1311.0], [19.598568, 16.686506, 1328.0], [19.728653, 16.348457, 1346.0], [19.79372, 16.048174, 1364.0], [19.805826, 15.786283, 1381.0], [19.84466, 15.48586, 1417.0], [19.763512, 15.215593, 1452.0], [19.497604, 14.953006, 1488.0], [19.164244, 14.762461, 1524.0], [18.91262, 14.6979685, 1541.0], [18.590837, 14.678535, 1559.0], [18.17096, 14.678535, 1577.0], [17.77111, 14.822195, 1595.0], [17.42698, 14.9700575, 1613.0], [17.065037, 15.2476635, 1630.0], [16.688745, 15.66029, 1648.0], [16.331633, 16.118038, 1666.0], [15.934502, 16.719772, 1683.0], [15.627483, 17.28923, 1701.0], [15.366932, 17.862152, 1719.0], [15.182829, 18.416327, 1737.0], [15.052957, 19.00111, 1754.0], [14.951457, 19.496994, 1772.0]"}