{"Image number":39473,"Image shape":5,"Path":"[23.294508, 8.849957, 0.0], [22.734505, 8.849957, 53.0], [21.895784, 8.849957, 70.0], [20.62633, 8.802869, 86.0], [17.929758, 8.803335, 119.0], [16.71317, 8.803335, 136.0], [15.592991, 8.803335, 152.0], [14.711096, 8.850538, 169.0], [14.16054, 8.849957, 185.0], [13.927992, 9.038143, 203.0], [13.836155, 9.271508, 218.0], [13.836939, 9.69441, 235.0], [13.836939, 10.254029, 252.0], [13.884155, 11.099079, 268.0], [13.883527, 12.076774, 285.0], [14.024523, 13.101496, 301.0], [14.258217, 14.0328245, 318.0], [14.727382, 14.873543, 334.0], [15.190488, 15.567105, 351.0], [16.405996, 16.45301, 384.0], [17.204231, 16.6861, 400.0], [18.26985, 17.010775, 417.0], [19.293823, 17.196228, 434.0], [20.173908, 17.38181, 450.0], [20.639963, 17.615248, 467.0], [20.921106, 18.038282, 483.0], [21.058548, 18.454851, 500.0], [21.104912, 19.061117, 516.0], [20.96436, 19.715937, 533.0], [20.729761, 20.466148, 549.0], [20.215597, 21.163446, 566.0], [19.558739, 21.866528, 582.0], [17.790308, 22.933067, 615.0], [16.719913, 23.163853, 632.0], [15.6925125, 23.209635, 649.0], [14.624709, 23.068851, 665.0], [13.556285, 22.649376, 682.0], [12.519639, 22.036165, 699.0], [11.496308, 21.148277, 715.0], [10.756199, 20.171194, 731.0], [9.403801, 17.786844, 764.0], [8.941754, 16.580385, 781.0], [8.75797, 15.55919, 798.0], [8.711303, 14.709015, 814.0], [8.6135845, 13.78724, 831.0], [8.520295, 13.147237, 847.0]"}