{"Image number":38543,"Image shape":0,"Path":"[18.868551, 4.3743277, 0.0], [18.588, 4.748929, 67.0], [17.141895, 6.5223675, 100.0], [16.111853, 7.5525193, 117.0], [15.046179, 8.712348, 133.0], [13.781096, 9.93116, 150.0], [12.660173, 11.430185, 166.0], [11.452773, 12.916002, 183.0], [10.620389, 14.447992, 200.0], [9.779679, 15.802982, 216.0], [9.216519, 17.120825, 233.0], [8.7512455, 18.286165, 249.0], [8.520072, 19.222736, 266.0], [8.573325, 20.05608, 282.0], [9.044635, 20.889679, 299.0], [9.653124, 21.777466, 315.0], [10.3021145, 22.610838, 332.0], [10.914503, 23.174355, 348.0], [11.604458, 23.537643, 365.0], [12.546246, 23.724863, 381.0], [13.330813, 23.816093, 398.0], [14.325439, 23.719946, 414.0], [15.345665, 23.247759, 431.0], [16.550241, 22.36194, 448.0], [17.716248, 20.90942, 464.0], [18.97298, 18.902193, 481.0], [20.094269, 16.464598, 497.0], [21.070364, 14.18307, 514.0], [21.714125, 12.148602, 530.0], [22.13466, 10.367844, 547.0], [22.270391, 8.746906, 563.0], [22.26955, 7.4943404, 580.0], [21.383284, 5.9581933, 613.0], [20.397831, 5.6303773, 630.0], [19.46892, 5.6330986, 646.0], [18.29985, 5.9151406, 663.0], [17.035515, 6.5738573, 679.0], [15.534249, 7.4961414, 696.0], [14.528642, 8.187293, 712.0]"}