{"Image number":36794,"Image shape":1,"Path":"[20.82529, 6.379038, 0.0], [20.114944, 7.184002, 53.0], [19.086182, 8.307222, 69.0], [17.6969, 9.789772, 86.0], [16.334517, 11.341634, 102.0], [15.070734, 12.983888, 119.0], [13.960684, 14.891474, 135.0], [13.132086, 16.883173, 152.0], [12.521571, 18.862041, 169.0], [12.248264, 20.390955, 185.0], [12.016186, 21.69196, 202.0], [11.925141, 22.619673, 218.0], [11.926788, 23.543673, 235.0], [11.976046, 23.932617, 251.0]"}