{"Image number":363,"Image shape":4,"Path":"[7.755527, 15.875666, 0.0], [7.950867, 15.919089, 80.0], [8.171897, 15.948511, 97.0], [8.385877, 15.948511, 114.0], [8.562371, 15.901532, 125.0], [8.837882, 15.799527, 136.0], [9.065634, 15.621392, 149.0], [9.291023, 15.35826, 163.0], [9.51626, 15.041577, 178.0], [9.686634, 14.5975485, 193.0], [9.867733, 14.144654, 207.0], [10.012548, 13.728092, 220.0], [10.103238, 13.365676, 233.0], [10.176137, 13.038991, 248.0], [10.221475, 12.819723, 261.0], [10.231469, 13.073166, 318.0], [10.198207, 13.410154, 333.0], [10.195059, 13.741954, 351.0], [10.208982, 14.157398, 367.0], [10.231469, 14.611344, 375.0], [10.262648, 15.058451, 387.0], [10.390985, 15.521268, 401.0], [10.526005, 15.971485, 415.0], [10.777671, 16.305513, 431.0], [11.03376, 16.605371, 444.0], [11.345993, 16.798923, 458.0], [11.609585, 16.976822, 471.0], [11.996733, 17.082, 485.0], [12.359746, 17.143412, 498.0], [12.759615, 17.150461, 513.0], [13.162652, 17.103909, 527.0], [13.570654, 17.039507, 541.0], [13.975958, 16.949411, 556.0], [14.382387, 16.786203, 569.0], [14.832874, 16.605953, 582.0], [15.234252, 16.315218, 597.0], [15.639632, 16.018446, 610.0], [16.010853, 15.631908, 625.0], [16.327688, 15.138309, 638.0], [16.588959, 14.645524, 653.0], [16.83593, 14.086277, 666.0], [17.062265, 13.475835, 680.0], [17.246454, 12.79864, 694.0], [17.426685, 12.122551, 708.0], [17.643707, 11.408623, 722.0], [17.8234, 10.73455, 736.0], [18.005571, 10.010126, 750.0], [18.18502, 9.341615, 764.0], [18.402626, 8.683907, 778.0], [18.613897, 8.143905, 792.0], [18.80045, 7.646401, 806.0], [19.027624, 7.201214, 820.0], [19.254505, 6.8611097, 834.0], [19.451702, 6.5572395, 848.0], [19.594301, 6.362357, 862.0], [19.753832, 6.2236323, 890.0], [19.66179, 6.551712, 918.0], [19.52641, 6.912855, 933.0], [19.337479, 7.361932, 948.0], [19.12981, 7.913461, 960.0], [18.660513, 9.057226, 974.0], [18.424843, 9.623322, 988.0], [18.015999, 10.859824, 1003.0], [17.665691, 11.825118, 1016.0], [17.38153, 12.531439, 1030.0], [16.903316, 13.744437, 1044.0], [16.712845, 14.141434, 1058.0], [16.327497, 15.122113, 1073.0], [16.07401, 15.733366, 1095.0], [15.567579, 16.964527, 1110.0], [15.349804, 17.439243, 1122.0], [15.126352, 17.956537, 1132.0], [14.855492, 18.528814, 1141.0], [14.58369, 19.07864, 1155.0], [14.26465, 19.620855, 1169.0], [13.969635, 20.181692, 1184.0], [13.667975, 20.713684, 1198.0], [13.389612, 21.249033, 1212.0], [13.074522, 21.786615, 1226.0], [12.776426, 22.311266, 1240.0], [12.559633, 22.838821, 1254.0], [12.3435545, 23.305407, 1267.0], [12.208978, 23.664228, 1282.0]"}