{"Image number":36988,"Image shape":9,"Path":"[11.973376, 8.849957, 0.0], [11.549695, 9.7439785, 53.0], [11.1771145, 10.96173, 69.0], [10.945682, 12.457317, 86.0], [11.18498, 13.7181015, 102.0], [11.703496, 14.648542, 119.0], [12.58893, 15.149544, 135.0], [13.621948, 15.238688, 152.0], [14.652472, 14.855527, 169.0], [15.428729, 14.204989, 185.0], [16.083092, 13.21751, 202.0], [16.404293, 12.096417, 218.0], [16.634792, 10.84108, 235.0], [16.679342, 9.630212, 251.0], [16.584244, 8.648287, 268.0], [16.350061, 7.9089437, 284.0], [15.931602, 7.4024477, 301.0], [15.513241, 7.0309296, 318.0], [15.140001, 6.844534, 334.0], [14.90766, 6.845248, 351.0], [14.814736, 7.032876, 367.0], [14.815308, 7.5034027, 384.0], [14.956978, 8.159534, 400.0], [15.284415, 8.903939, 417.0], [15.798661, 9.602696, 433.0], [16.215092, 10.48616, 450.0], [16.54434, 11.429099, 466.0], [16.727522, 12.686841, 483.0], [16.914154, 14.230715, 499.0], [16.958517, 15.987375, 516.0], [17.005709, 17.781832, 533.0], [16.911129, 19.398312, 549.0], [16.770132, 20.8514, 566.0], [16.487122, 22.067112, 582.0], [16.254807, 22.852493, 599.0], [16.070108, 23.452461, 615.0], [15.978074, 23.870787, 632.0]"}