{"Image number":30506,"Image shape":4,"Path":"[13.126214, 6.285094, 0.0], [12.973502, 6.621676, 142.0], [12.78272, 6.9575377, 159.0], [12.53627, 7.4656982, 177.0], [12.313797, 7.9886284, 195.0], [11.961164, 8.8691845, 213.0], [11.747952, 9.460828, 231.0], [11.651499, 9.818686, 248.0], [11.546636, 10.22421, 266.0], [11.480427, 10.662636, 284.0], [11.415265, 11.0024605, 302.0], [11.311228, 11.5552025, 319.0], [11.245985, 12.142739, 337.0], [11.184465, 12.650669, 355.0], [11.184465, 13.066118, 373.0], [11.184465, 13.461345, 390.0], [11.184465, 13.77164, 408.0], [11.184465, 14.138368, 426.0], [11.184465, 14.462147, 444.0], [11.184465, 14.922424, 462.0], [11.184465, 15.229354, 479.0], [11.184465, 15.552855, 497.0], [11.184465, 15.844057, 515.0], [11.184465, 16.070967, 533.0], [11.184465, 16.371788, 568.0], [11.440617, 16.504887, 621.0], [11.808551, 16.504887, 639.0], [12.227733, 16.412027, 657.0], [12.579024, 16.280909, 675.0], [13.184922, 15.989785, 692.0], [13.834468, 15.69294, 710.0], [14.366573, 15.384322, 728.0], [14.866757, 15.252321, 746.0], [15.213556, 15.0525675, 763.0], [15.547976, 14.913857, 782.0], [15.956378, 14.622644, 799.0], [16.457218, 14.317186, 817.0], [16.966492, 13.943514, 835.0], [17.40572, 13.668303, 852.0], [17.725422, 13.351735, 870.0], [18.086323, 12.9972315, 888.0], [18.365726, 12.604423, 905.0], [18.62514, 12.327725, 923.0], [18.894592, 12.054197, 959.0], [19.06796, 11.893039, 1048.0], [18.89533, 12.368725, 1296.0], [18.69305, 13.0838585, 1314.0], [18.4337, 13.80086, 1332.0], [18.123844, 14.518605, 1350.0], [17.833717, 15.276955, 1367.0], [17.522839, 15.982325, 1385.0], [17.234444, 16.83117, 1403.0], [16.972864, 17.741392, 1421.0], [16.76538, 18.554623, 1438.0], [16.633097, 19.296402, 1456.0], [16.50071, 19.90425, 1474.0], [16.47665, 20.4893, 1492.0], [16.414886, 20.994356, 1509.0], [16.427185, 21.38664, 1527.0], [16.427185, 21.668133, 1545.0], [16.427185, 22.022799, 1560.0]"}