{"Image number":30222,"Image shape":0,"Path":"[13.902913, 7.411991, 0.0], [13.636431, 7.4675975, 97.0], [13.266556, 7.652644, 115.0], [12.87447, 7.8907914, 133.0], [12.514105, 8.179907, 150.0], [11.812065, 8.664253, 168.0], [11.09655, 9.197459, 186.0], [10.306896, 9.783691, 204.0], [9.645903, 10.428116, 221.0], [9.076972, 10.997391, 239.0], [8.489883, 11.758214, 257.0], [7.905584, 12.421772, 275.0], [7.491117, 13.033094, 292.0], [7.167009, 13.620083, 310.0], [6.906642, 14.206268, 328.0], [6.694487, 14.789319, 346.0], [6.6085577, 15.357271, 363.0], [6.502112, 15.966142, 381.0], [6.4854374, 16.752321, 399.0], [6.7117395, 17.639326, 417.0], [6.9145594, 18.578756, 434.0], [7.4387875, 19.484621, 452.0], [8.057484, 20.290987, 470.0], [8.804775, 20.926687, 488.0], [9.542225, 21.519087, 505.0], [10.219437, 21.752544, 523.0], [11.037777, 21.932852, 541.0], [11.773899, 21.945084, 559.0], [12.888849, 21.78153, 577.0], [14.000431, 21.569778, 594.0], [14.748384, 21.26229, 612.0], [15.899801, 20.717749, 630.0], [16.780853, 20.389357, 648.0], [17.504223, 20.185137, 665.0], [18.391087, 19.902645, 683.0], [19.144316, 19.61423, 701.0], [19.741913, 19.228762, 719.0], [20.244675, 18.83736, 736.0], [20.728231, 18.40647, 754.0], [21.365465, 17.917757, 772.0], [21.933231, 17.414848, 790.0], [22.447529, 16.81957, 807.0], [22.820944, 16.242565, 825.0], [23.111832, 15.628949, 843.0], [23.2948, 15.0918255, 861.0], [23.378641, 14.573107, 878.0], [23.378641, 13.9985, 896.0], [23.378641, 13.484564, 914.0], [23.226892, 12.774689, 932.0], [22.929047, 12.0567665, 949.0], [22.447279, 11.376579, 967.0], [22.082186, 10.854316, 985.0], [21.706375, 10.388387, 1003.0], [21.114063, 9.9681425, 1020.0], [20.387459, 9.579764, 1038.0], [19.571125, 9.240678, 1056.0], [18.598886, 8.874644, 1074.0], [17.823605, 8.723058, 1092.0], [16.875084, 8.52749, 1109.0], [15.900267, 8.456485, 1127.0], [14.9828415, 8.391249, 1145.0], [14.073442, 8.269051, 1163.0], [13.625515, 8.3057375, 1180.0], [13.274069, 8.273153, 1198.0], [13.046887, 8.207763, 1216.0]"}