{"Image number":35697,"Image shape":0,"Path":"[11.088186, 8.197262, 0.0], [10.762063, 8.523609, 36.0], [10.105528, 9.55602, 52.0], [9.120689, 11.340357, 69.0], [8.333033, 13.482784, 85.0], [7.8210435, 15.634757, 102.0], [7.6383047, 17.497824, 119.0], [7.8774414, 19.133911, 135.0], [8.388402, 20.418058, 152.0], [9.469636, 21.449215, 168.0], [10.871091, 22.192062, 185.0], [12.450222, 22.512205, 201.0], [14.186415, 22.604454, 218.0], [15.905284, 22.226236, 234.0], [17.63327, 21.285566, 251.0], [19.155634, 19.7049, 267.0], [20.605879, 17.783308, 284.0], [21.679338, 15.673024, 301.0], [22.37148, 13.531836, 317.0], [22.68885, 9.825864, 350.0], [22.408699, 8.3805485, 367.0], [21.567589, 7.3074603, 384.0], [20.120499, 6.7028847, 400.0], [17.962193, 6.658304, 416.0], [15.438694, 7.1774797, 433.0], [12.900839, 8.24569, 449.0], [10.746596, 9.962105, 466.0], [9.583597, 11.148144, 483.0]"}