{"Image number":35554,"Image shape":1,"Path":"[17.191349, 7.31146, 0.0], [17.144758, 7.5911875, 37.0], [16.62945, 8.481879, 53.0], [15.929071, 10.118937, 70.0], [15.037191, 12.185691, 86.0], [14.2041855, 14.130904, 103.0], [13.505035, 15.998412, 120.0], [12.70711, 17.828053, 136.0], [12.104879, 19.644249, 153.0], [11.595426, 21.31496, 169.0], [11.27043, 22.761278, 186.0], [11.078722, 23.918785, 202.0], [10.990398, 24.498024, 219.0]"}