{"Image number":36267,"Image shape":6,"Path":"[14.256239, 6.4722795, 0.0], [13.976706, 6.612143, 36.0], [13.183043, 7.3596325, 52.0], [12.108743, 8.809273, 69.0], [11.082846, 10.81849, 85.0], [10.51946, 12.94224, 102.0], [10.247425, 15.161095, 119.0], [10.342946, 17.339333, 135.0], [10.814296, 19.222437, 151.0], [11.653044, 20.467312, 168.0], [12.629597, 21.160778, 185.0], [13.7953005, 21.392035, 201.0], [15.05821, 21.438036, 218.0], [16.311796, 21.203514, 234.0], [17.672222, 20.73318, 251.0], [18.96384, 20.037899, 267.0], [20.282446, 19.189413, 284.0], [21.253956, 18.352638, 300.0], [21.807049, 17.516405, 317.0], [21.89793, 16.672476, 333.0], [21.708748, 15.788267, 350.0], [21.14756, 14.951542, 367.0], [20.073446, 14.4414215, 383.0], [18.678894, 14.210837, 400.0], [17.367672, 14.399306, 416.0], [16.164837, 14.864683, 433.0], [15.178667, 15.664221, 449.0], [14.249126, 16.596184, 466.0], [13.785131, 17.579075, 482.0], [13.593209, 18.55449, 499.0], [13.603992, 19.140884, 515.0]"}