{"Image number":30238,"Image shape":1,"Path":"[18.679611, 6.751396, 0.0], [18.381247, 6.751396, 71.0], [18.111794, 6.751396, 89.0], [17.828173, 6.8357124, 106.0], [17.501867, 6.966314, 124.0], [17.250824, 7.1707325, 142.0], [16.78822, 7.4541984, 160.0], [16.347721, 7.729438, 178.0], [15.62175, 8.259531, 195.0], [14.891386, 9.026443, 213.0], [14.341824, 9.784192, 231.0], [14.016914, 10.37025, 249.0], [13.795932, 11.140585, 266.0], [13.534881, 12.042715, 284.0], [13.314293, 13.001289, 302.0], [13.1753845, 14.220343, 320.0], [13.165049, 15.340981, 337.0], [13.165049, 16.37068, 355.0], [13.165049, 17.338535, 373.0], [13.221468, 18.379591, 391.0], [13.203884, 19.353168, 408.0], [13.203884, 20.301676, 426.0], [13.203884, 21.196909, 444.0], [13.242718, 21.862137, 462.0], [13.281554, 22.3645, 479.0], [13.361068, 22.786997, 497.0], [13.492238, 23.152136, 515.0]"}