{"Image number":38715,"Image shape":2,"Path":"[8.013311, 10.248591, 0.0], [8.386849, 9.921087, 53.0], [8.809393, 9.451508, 69.0], [9.368318, 8.751804, 86.0], [10.163814, 8.097916, 103.0], [10.997864, 7.402321, 119.0], [11.979231, 6.748101, 136.0], [13.793448, 5.9116845, 169.0], [14.540064, 5.772157, 185.0], [15.096412, 5.6794577, 202.0], [15.748383, 5.9603124, 235.0], [16.075666, 6.2882533, 251.0], [16.400928, 6.8479857, 268.0], [17.052868, 8.621149, 301.0], [17.1915, 9.690306, 318.0], [17.23795, 10.855024, 334.0], [16.90843, 13.340261, 367.0], [16.441162, 14.644318, 384.0], [15.085359, 17.211153, 417.0], [14.344349, 18.321657, 433.0], [12.717514, 19.993622, 466.0], [12.056266, 20.513332, 483.0], [11.406765, 20.882526, 500.0], [10.849461, 21.019522, 516.0], [9.729999, 21.017483, 549.0], [9.12924, 20.924494, 566.0], [8.570562, 20.83129, 582.0], [8.199497, 20.691666, 599.0], [7.8216043, 20.455276, 615.0], [7.355153, 20.175346, 632.0], [6.8878336, 19.942114, 648.0], [6.6588187, 19.803877, 665.0], [6.569051, 19.571144, 698.0], [6.8040886, 19.4317, 715.0], [7.3202868, 19.150057, 731.0], [8.251732, 18.824963, 748.0], [9.328248, 18.450277, 764.0], [11.515698, 17.939213, 797.0], [12.44706, 17.847057, 814.0], [13.698572, 17.941313, 847.0], [14.4931135, 18.222773, 880.0], [14.912127, 18.361887, 897.0], [15.376716, 18.594946, 913.0], [15.89144, 18.876003, 930.0], [16.355509, 19.107992, 946.0], [16.82398, 19.483854, 963.0], [17.286926, 19.713884, 979.0], [17.70768, 19.90088, 996.0], [18.076897, 19.945833, 1013.0], [18.59057, 19.99255, 1030.0], [19.010733, 19.992409, 1048.0], [19.38113, 19.992409, 1062.0], [19.707548, 19.992409, 1079.0], [20.359194, 20.085625, 1112.0], [20.637573, 20.178442, 1128.0], [20.919434, 20.22568, 1145.0], [21.198992, 20.272469, 1178.0]"}