{"Image number":38097,"Image shape":1,"Path":"[19.567387, 6.8918695, 0.0], [19.145395, 7.3150516, 54.0], [18.631367, 7.922551, 71.0], [18.06901, 8.720765, 87.0], [17.418478, 9.556755, 104.0], [16.81544, 10.439749, 120.0], [16.207794, 11.37548, 137.0], [15.650832, 12.258178, 153.0], [15.087784, 13.150283, 170.0], [14.573994, 13.944603, 187.0], [14.065364, 14.77824, 203.0], [13.647028, 15.476089, 220.0], [13.229921, 16.265287, 236.0], [12.854503, 16.875406, 253.0], [12.481648, 17.434563, 269.0], [11.834239, 18.26638, 302.0], [11.551848, 18.784348, 319.0], [11.318754, 19.345425, 336.0], [11.038398, 19.81126, 352.0], [10.759297, 20.182585, 369.0], [10.47967, 20.508581, 385.0], [10.201599, 20.739513, 402.0], [9.968107, 21.020409, 418.0]"}