{"Image number":38800,"Image shape":2,"Path":"[9.45757, 8.663473, 0.0], [9.784514, 8.102846, 52.0], [10.296434, 7.4043474, 69.0], [10.996838, 6.5633245, 85.0], [11.649981, 5.8632817, 102.0], [12.395056, 5.2581973, 118.0], [13.143715, 4.8373814, 135.0], [13.887364, 4.559374, 151.0], [14.53878, 4.420304, 168.0], [15.102018, 4.3737297, 185.0], [15.517222, 4.3743277, 201.0], [16.120281, 4.6076756, 234.0], [16.352865, 4.933952, 252.0], [16.726921, 6.0595303, 284.0], [16.81887, 6.7537813, 300.0], [16.912008, 8.527475, 333.0], [16.911814, 9.364388, 350.0], [16.911814, 10.163318, 367.0], [16.911814, 10.716257, 383.0], [16.864843, 11.325841, 400.0], [16.677572, 11.837277, 416.0], [16.39707, 12.397698, 433.0], [15.97766, 12.95578, 449.0], [15.652452, 13.5614, 466.0], [15.373792, 14.166034, 482.0], [15.045324, 14.729244, 499.0], [14.719501, 15.382179, 515.0], [14.298395, 16.036514, 532.0], [13.740404, 17.717493, 565.0], [13.459551, 18.466387, 582.0], [12.948571, 19.06374, 598.0], [12.438978, 19.666403, 615.0], [12.062949, 20.278002, 631.0], [11.878473, 20.883825, 648.0], [11.644135, 21.350664, 664.0], [11.41392, 21.671316, 681.0], [11.180476, 21.857967, 697.0], [10.715695, 22.276697, 747.0], [10.528351, 22.51072, 780.0], [10.341489, 22.744967, 813.0], [10.577296, 22.835978, 979.0], [11.2761135, 22.696121, 995.0], [11.885427, 22.602386, 1012.0], [12.48722, 22.509739, 1028.0], [12.862635, 22.462818, 1045.0], [13.279233, 22.416557, 1061.0], [13.698128, 22.323254, 1078.0], [14.120567, 22.182236, 1094.0], [14.541768, 22.136314, 1111.0], [15.004384, 21.996302, 1128.0], [15.520649, 21.85548, 1144.0], [15.984311, 21.66906, 1161.0], [16.406767, 21.52843, 1177.0], [16.728275, 21.389837, 1194.0], [17.055965, 21.296549, 1210.0], [17.37999, 21.203905, 1227.0], [17.982594, 20.87865, 1260.0], [18.309544, 20.738323, 1277.0], [18.589584, 20.551485, 1293.0], [18.823338, 20.411175, 1310.0], [19.009048, 20.177982, 1326.0], [19.243547, 19.943502, 1343.0], [19.476849, 19.66289, 1359.0]"}