{"Image number":38003,"Image shape":9,"Path":"[16.678867, 8.290504, 0.0], [16.399334, 8.290504, 35.0], [15.6049185, 8.243742, 56.0], [14.203772, 8.431151, 73.0], [12.696246, 8.856306, 85.0], [11.440108, 9.46605, 102.0], [10.470506, 10.258331, 118.0], [9.595263, 11.183201, 135.0], [9.124894, 12.457492, 151.0], [8.850133, 13.988078, 168.0], [9.182691, 15.491451, 184.0], [9.74267, 16.64729, 201.0], [10.779266, 17.346745, 218.0], [13.462853, 17.614777, 251.0], [14.919878, 17.003874, 267.0], [17.338015, 14.668965, 300.0], [18.226944, 13.309335, 317.0], [18.77937, 11.72914, 333.0], [19.103271, 10.662346, 350.0], [19.241766, 9.919566, 366.0], [19.241264, 9.502344, 399.0], [18.961216, 9.549531, 433.0], [18.681805, 9.782706, 449.0], [18.308924, 10.389365, 466.0], [17.889149, 11.4633875, 482.0], [17.044884, 15.1292, 515.0], [16.49113, 17.200335, 532.0], [15.9767475, 19.16578, 548.0], [15.507997, 20.995445, 565.0], [15.086638, 22.540043, 582.0], [14.671568, 23.921843, 598.0], [14.441, 24.847391, 615.0], [14.348902, 25.450432, 631.0], [14.301903, 25.684816, 648.0], [14.061822, 25.91867, 681.0]"}