{"Image number":10051,"Image shape":5,"Path":"[22.127777, 6.8444443, 0.0], [21.910507, 6.918206, 98.0], [21.5411, 7.023178, 115.0], [21.187061, 7.13209, 132.0], [20.647894, 7.3260174, 148.0], [19.906158, 7.646566, 165.0], [19.163635, 7.982281, 182.0], [18.608633, 8.2319355, 199.0], [17.927542, 8.489836, 215.0], [17.346077, 8.694902, 232.0], [16.587576, 8.967532, 249.0], [16.129745, 9.168879, 265.0], [15.695344, 9.380104, 282.0], [15.129999, 9.662778, 299.0], [14.76216, 10.117847, 315.0], [14.363186, 10.778313, 332.0], [13.980556, 11.55, 350.0], [13.670726, 12.537819, 366.0], [13.409456, 13.417849, 382.0], [13.325705, 14.052736, 399.0], [13.216, 14.533557, 416.0], [13.108921, 14.958758, 432.0], [13.105556, 15.199217, 449.0], [13.105556, 15.375672, 466.0], [13.105556, 15.536112, 483.0], [13.34977, 15.549953, 499.0], [13.578594, 15.60576, 516.0], [13.886455, 15.594444, 533.0], [14.237255, 15.633894, 549.0], [14.53721, 15.683979, 566.0], [14.772693, 15.833685, 583.0], [14.94222, 16.034073, 599.0], [15.04845, 16.367573, 616.0], [15.190918, 16.828987, 633.0], [15.354967, 17.326012, 650.0], [15.42469, 17.90616, 666.0], [15.474695, 18.291996, 683.0], [15.4777775, 18.8334, 700.0], [15.359088, 19.452536, 716.0], [15.195511, 20.022371, 733.0], [14.914395, 20.51298, 750.0], [14.692421, 20.988796, 766.0], [14.464447, 21.48138, 783.0], [14.2722225, 21.913889, 800.0], [13.913471, 22.292084, 817.0], [13.527676, 22.627071, 833.0], [13.056997, 22.923891, 850.0], [12.567803, 23.110733, 867.0], [11.804512, 23.327282, 883.0], [11.103751, 23.366083, 900.0], [10.3642645, 23.322891, 917.0], [9.589478, 23.105703, 934.0], [8.695714, 22.51788, 950.0], [7.673984, 21.720398, 967.0], [7.187129, 21.055874, 984.0], [6.7954874, 20.63993, 1000.0], [6.350777, 20.19522, 1017.0], [5.9188275, 19.763273, 1034.0], [5.701848, 19.503698, 1050.0], [5.4833336, 18.938889, 1067.0], [5.327778, 18.433334, 1084.0]"}