{"Image number":35639,"Image shape":0,"Path":"[13.743761, 8.383746, 0.0], [13.138102, 8.803335, 35.0], [11.778172, 9.976499, 52.0], [9.89909, 11.858097, 68.0], [8.326281, 13.855068, 85.0], [7.296599, 15.783225, 101.0], [6.8009653, 17.571772, 118.0], [6.660429, 19.126421, 135.0], [7.036721, 20.418232, 151.0], [7.8772755, 21.208086, 168.0], [9.237242, 21.628069, 184.0], [11.015135, 21.6713, 201.0], [13.110649, 21.200306, 217.0], [15.395395, 20.216503, 234.0], [17.691582, 18.663872, 250.0], [19.725412, 16.758526, 267.0], [21.256266, 14.708641, 284.0], [22.23171, 12.79566, 300.0], [22.647766, 11.112367, 316.0], [22.642262, 9.820235, 333.0], [22.314865, 8.612118, 350.0], [21.426844, 7.7737827, 366.0], [19.92626, 7.354185, 383.0], [17.749386, 7.404723, 399.0], [15.1377735, 7.9182544, 416.0], [12.455929, 8.954761, 432.0], [10.142116, 10.5556345, 449.0], [8.880628, 11.704822, 465.0]"}