{"Image number":36927,"Image shape":8,"Path":"[14.535773, 6.518901, 0.0], [14.256239, 6.7986274, 35.0], [12.799529, 9.339009, 68.0], [12.297205, 11.283027, 85.0], [12.206205, 12.861366, 101.0], [12.5826435, 14.318624, 118.0], [13.289461, 15.536886, 134.0], [14.358084, 16.597738, 151.0], [15.432968, 17.86194, 167.0], [16.471643, 18.899239, 184.0], [17.114584, 20.11616, 201.0], [17.524643, 20.891773, 217.0], [17.612492, 21.733992, 234.0], [17.185904, 22.378561, 250.0], [16.486279, 22.840456, 267.0], [15.26815, 23.119041, 283.0], [13.881868, 23.06935, 300.0], [12.38249, 22.928583, 316.0], [11.124508, 22.600529, 333.0], [10.431357, 22.086996, 349.0], [10.061907, 21.294994, 366.0], [10.157419, 20.213844, 383.0], [10.722152, 18.857353, 399.0], [11.884931, 17.235136, 416.0], [13.387052, 15.545384, 432.0], [15.158812, 13.727327, 449.0], [17.01786, 12.055225, 465.0], [18.564014, 10.4121685, 482.0], [19.725517, 9.06175, 498.0], [20.174183, 7.9614205, 515.0], [20.173044, 7.2114525, 531.0], [19.611212, 6.843403, 548.0], [17.416267, 6.5652127, 581.0], [16.154503, 6.659646, 598.0], [14.797558, 6.9893985, 614.0], [13.597941, 7.7347784, 631.0], [12.472899, 8.862923, 647.0], [11.942035, 9.640328, 664.0]"}