{"Image number":37886,"Image shape":3,"Path":"[12.252911, 7.404701, 0.0], [13.094611, 7.264528, 69.0], [13.791591, 7.264838, 86.0], [14.447602, 7.311817, 102.0], [15.284025, 7.4985743, 119.0], [16.032572, 7.9678774, 136.0], [16.7277, 8.618945, 152.0], [17.28944, 9.46341, 169.0], [17.75109, 11.044965, 202.0], [17.561914, 11.795681, 218.0], [17.186739, 12.589449, 235.0], [16.537977, 13.28017, 251.0], [15.684925, 13.991272, 268.0], [14.713795, 14.636539, 284.0], [13.82309, 15.151834, 301.0], [13.036046, 15.426675, 318.0], [12.433434, 15.51768, 334.0], [12.155893, 15.516781, 351.0], [12.348055, 15.422752, 417.0], [12.722458, 15.329381, 437.0], [13.374174, 15.283452, 450.0], [14.171621, 15.283676, 469.0], [15.937125, 15.657564, 500.0], [16.733183, 16.127403, 516.0], [17.523266, 16.686401, 533.0], [18.079718, 17.385603, 549.0], [18.451775, 18.085682, 566.0], [18.638136, 18.789747, 582.0], [18.635607, 19.53259, 599.0], [18.494686, 20.184278, 615.0], [18.121328, 20.741049, 632.0], [17.608822, 21.346582, 648.0], [16.952673, 22.002851, 665.0], [16.300045, 22.702986, 681.0], [15.553113, 23.21451, 698.0], [13.827081, 24.239868, 731.0], [11.913935, 24.98473, 764.0], [11.040851, 25.167511, 781.0], [10.18762, 25.21483, 797.0], [9.34821, 25.261497, 814.0], [8.65193, 25.260597, 830.0]"}