{"Image number":36184,"Image shape":6,"Path":"[16.5391, 3.8148746, 0.0], [15.738533, 4.4288983, 52.0], [14.618349, 5.6445932, 69.0], [13.130818, 7.6476007, 85.0], [11.82999, 10.022084, 102.0], [10.611927, 12.601598, 119.0], [9.822644, 15.121471, 135.0], [9.317299, 18.89116, 168.0], [9.695272, 20.148338, 185.0], [10.351131, 20.982224, 201.0], [11.568377, 21.490341, 218.0], [13.023788, 21.531727, 234.0], [14.745302, 21.200172, 251.0], [16.474644, 20.588385, 267.0], [18.007923, 19.698532, 284.0], [19.209732, 18.627068, 300.0], [19.899302, 17.371193, 317.0], [20.176464, 16.060257, 333.0], [20.032137, 14.807188, 350.0], [19.518122, 13.645849, 368.0], [18.53278, 12.85156, 383.0], [17.355999, 12.526946, 400.0], [16.112856, 12.767421, 416.0], [14.717084, 13.374395, 433.0], [13.260198, 14.5048065, 449.0], [12.059267, 15.945066, 466.0], [11.177369, 17.468805, 482.0], [10.851159, 18.324263, 499.0]"}