{"Image number":40046,"Image shape":7,"Path":"[8.39223, 9.39976, 0.0], [9.017488, 9.739031, 88.0], [9.403383, 10.167396, 105.0], [9.967855, 10.684662, 122.0], [10.667078, 11.2477455, 138.0], [11.455391, 11.751469, 155.0], [12.459434, 12.177813, 172.0], [13.419912, 12.380231, 188.0], [14.409123, 12.4056015, 205.0], [15.743273, 12.337554, 221.0], [16.909481, 12.242783, 238.0], [17.764708, 12.080804, 254.0], [18.481333, 11.846094, 271.0], [18.962486, 11.533358, 288.0], [19.366611, 11.179413, 304.0], [19.648294, 10.662899, 320.0], [19.801983, 10.112581, 337.0], [19.840889, 9.64341, 354.0], [19.739048, 9.319318, 371.0], [19.506182, 9.184497, 388.0], [19.186682, 9.192461, 404.0], [18.827686, 9.255257, 421.0], [18.352303, 9.459477, 438.0], [17.865227, 9.775916, 455.0], [17.178944, 10.660902, 471.0], [16.5579, 11.730332, 488.0], [16.081573, 12.814745, 504.0], [15.801886, 14.041901, 521.0], [15.654462, 15.210873, 538.0], [15.545412, 16.432615, 554.0], [15.504711, 17.463318, 571.0], [15.38839, 18.41418, 587.0], [15.250456, 19.301352, 603.0], [15.146773, 20.050741, 620.0], [15.047712, 20.67825, 637.0], [14.959232, 21.248678, 654.0], [14.851635, 21.820765, 671.0], [14.738979, 22.369637, 687.0], [14.692419, 22.717575, 704.0], [14.686401, 23.008879, 721.0], [14.634598, 23.302391, 738.0], [14.634598, 23.483164, 754.0], [14.772267, 23.642008, 804.0], [14.890944, 23.72666, 821.0]"}