{"Image number":39308,"Image shape":8,"Path":"[15.048253, 5.8195834, 0.0], [14.618946, 6.1521897, 52.0], [14.012161, 6.620711, 69.0], [13.353933, 7.2819667, 85.0], [12.85699, 8.812289, 118.0], [13.184978, 10.949192, 151.0], [13.698315, 12.443113, 168.0], [14.35382, 14.176411, 184.0], [14.863314, 15.8477745, 201.0], [15.188193, 17.382446, 217.0], [15.328018, 18.735867, 234.0], [15.327787, 19.81163, 250.0], [14.907417, 21.393713, 283.0], [14.392824, 21.90706, 300.0], [13.1357155, 22.277187, 333.0], [12.574734, 22.229864, 350.0], [12.105806, 21.804026, 366.0], [11.878594, 20.871786, 383.0], [11.8333645, 19.237892, 399.0], [12.067731, 17.465929, 416.0], [13.050936, 14.290287, 449.0], [13.797726, 13.033402, 465.0], [14.536444, 12.112597, 482.0], [15.377251, 11.31816, 498.0], [16.027155, 10.620991, 515.0], [16.587227, 9.733324, 531.0], [17.007072, 8.892416, 548.0], [17.33132, 8.150172, 565.0], [17.61108, 7.3546085, 598.0], [17.374344, 6.9324355, 614.0], [16.90938, 6.469846, 631.0], [15.040563, 5.864531, 664.0], [13.827868, 5.772264, 680.0]"}