{"Image number":30308,"Image shape":9,"Path":"[19.106796, 7.7228603, 0.0], [18.927917, 7.505014, 148.0], [18.721056, 7.2962875, 184.0], [18.37238, 7.1417055, 201.0], [17.979906, 6.997275, 219.0], [17.666042, 6.9052854, 237.0], [17.29171, 6.7636523, 255.0], [17.031582, 6.6985803, 273.0], [16.524511, 6.714671, 290.0], [15.910803, 6.779751, 308.0], [15.260099, 6.8994656, 326.0], [14.521452, 7.280872, 344.0], [13.800622, 7.765881, 361.0], [13.150804, 8.118575, 379.0], [12.704384, 8.567604, 397.0], [12.380644, 8.958473, 415.0], [12.120358, 9.291812, 432.0], [11.942181, 9.787828, 450.0], [11.822957, 10.227527, 468.0], [11.746803, 10.680722, 486.0], [11.681375, 11.260769, 503.0], [11.689321, 11.8738, 521.0], [11.832884, 12.527946, 539.0], [12.124962, 13.228298, 557.0], [12.525116, 13.682293, 574.0], [12.8917265, 14.07834, 592.0], [13.267361, 14.420597, 610.0], [13.849205, 14.712435, 628.0], [14.29616, 14.86981, 646.0], [14.742577, 14.863829, 663.0], [15.381452, 14.677257, 681.0], [16.445654, 14.039503, 699.0], [17.255995, 13.41289, 717.0], [17.836613, 12.800529, 734.0], [18.301426, 12.187596, 752.0], [18.749567, 11.530922, 770.0], [19.08416, 10.83474, 788.0], [19.448528, 10.177193, 805.0], [19.7182, 9.591056, 823.0], [19.979948, 9.001764, 841.0], [20.099798, 8.558546, 859.0], [20.230083, 8.102269, 876.0], [20.361479, 7.854357, 894.0], [20.420279, 7.5881543, 912.0], [20.504856, 7.2825665, 948.0], [20.508623, 7.5172524, 1072.0], [20.417427, 7.965975, 1090.0], [20.288074, 8.663295, 1107.0], [20.155941, 9.467869, 1125.0], [20.02618, 10.285784, 1143.0], [19.89634, 11.169031, 1161.0], [19.725632, 12.013719, 1179.0], [19.501852, 12.765736, 1196.0], [19.29614, 13.478693, 1214.0], [19.099922, 14.239748, 1232.0], [18.942215, 15.026397, 1249.0], [18.74685, 15.808337, 1267.0], [18.384508, 16.594172, 1285.0], [17.923132, 17.344635, 1303.0], [17.5226, 18.006968, 1321.0], [17.174128, 18.450642, 1338.0], [16.952335, 18.86673, 1356.0], [16.75728, 19.263845, 1374.0], [16.468597, 19.710474, 1392.0], [16.002394, 20.305471, 1409.0], [15.442697, 20.870667, 1427.0], [14.917974, 21.347801, 1445.0], [14.212225, 21.843508, 1463.0], [13.519922, 22.259968, 1480.0], [12.869644, 22.617464, 1498.0], [12.143616, 23.017298, 1516.0], [11.2675, 23.402092, 1534.0], [10.5494175, 23.714071, 1551.0], [9.904354, 23.848862, 1569.0], [9.308226, 23.991533, 1587.0], [8.840733, 24.004585, 1605.0], [8.497195, 24.004585, 1623.0], [8.268168, 24.004585, 1640.0], [8.07767, 23.965727, 1667.0]"}