{"Image number":36312,"Image shape":0,"Path":"[15.281198, 5.912827, 0.0], [15.940247, 5.959448, 52.0], [16.782192, 6.053818, 69.0], [17.719376, 6.289686, 85.0], [18.604242, 6.7600245, 102.0], [19.801119, 8.245129, 135.0], [20.173248, 9.176817, 152.0], [20.453955, 10.488124, 168.0], [20.498703, 13.668679, 201.0], [20.31176, 15.339766, 218.0], [19.842905, 16.929073, 234.0], [19.146067, 18.31809, 251.0], [18.303356, 19.535053, 267.0], [17.461706, 20.563087, 284.0], [16.581028, 21.582932, 300.0], [15.741518, 22.37535, 317.0], [14.720394, 23.023888, 334.0], [13.6456175, 23.303808, 350.0], [12.427518, 23.443731, 367.0], [11.126982, 23.348576, 383.0], [9.868926, 22.926891, 400.0], [8.792304, 22.032976, 416.0], [8.056578, 20.732529, 433.0], [7.6843915, 19.141335, 449.0], [7.6871877, 17.365345, 466.0], [8.015935, 15.548771, 482.0], [8.673164, 13.723972, 499.0], [9.608655, 11.952056, 516.0], [10.771229, 10.094052, 532.0], [12.185506, 8.399418, 549.0], [13.575958, 6.776966, 565.0], [15.036737, 5.663691, 582.0], [15.935672, 5.03945, 598.0]"}