{"Image number":38445,"Image shape":3,"Path":"[7.733777, 7.964156, 0.0], [9.087047, 7.6372876, 118.0], [10.120136, 7.4023547, 134.0], [11.045011, 7.217534, 151.0], [12.397092, 7.1246805, 184.0], [13.188212, 7.2186317, 201.0], [13.891349, 7.4067893, 217.0], [14.546561, 7.736449, 234.0], [15.099941, 8.107424, 250.0], [16.126438, 8.995257, 283.0], [16.54377, 9.508364, 300.0], [16.869246, 9.974614, 316.0], [17.00627, 10.627527, 333.0], [17.098694, 11.2310505, 349.0], [17.003166, 11.84559, 366.0], [16.67657, 12.491005, 382.0], [16.162292, 13.238305, 399.0], [15.313944, 14.085376, 415.0], [14.6259575, 14.727017, 432.0], [14.0635395, 15.242872, 449.0], [13.789414, 15.564493, 465.0], [13.602395, 15.704465, 482.0], [13.792532, 15.843128, 597.0], [14.685726, 15.843128, 614.0], [15.611944, 15.936831, 631.0], [16.595741, 16.124771, 647.0], [17.242592, 16.451532, 664.0], [17.70746, 16.825079, 680.0], [18.080923, 17.19953, 697.0], [18.358889, 17.571869, 713.0], [18.5441, 18.085545, 730.0], [18.729752, 18.690159, 746.0], [18.822798, 19.25147, 763.0], [18.868872, 19.856709, 779.0], [18.868551, 20.51387, 796.0], [18.821566, 21.116493, 813.0], [18.680134, 21.679028, 829.0], [18.350868, 22.239155, 846.0], [18.028118, 22.839703, 862.0], [17.60367, 23.452465, 879.0], [17.091604, 23.82012, 895.0], [16.396564, 24.18979, 912.0], [15.367433, 24.657999, 945.0], [14.857367, 24.748589, 962.0], [14.299958, 24.747766, 978.0], [13.833975, 24.747766, 995.0], [13.319409, 24.653606, 1011.0], [12.668704, 24.513908, 1028.0], [12.20024, 24.46743, 1044.0], [11.783269, 24.468039, 1061.0], [11.220322, 24.515295, 1077.0]"}