{"Image number":37531,"Image shape":1,"Path":"[15.18802, 5.912827, 0.0], [15.140858, 6.478028, 69.0], [15.094836, 7.311529, 88.0], [15.047194, 8.408133, 102.0], [15.000984, 9.566234, 119.0], [14.954632, 10.914159, 135.0], [14.908372, 12.350022, 152.0], [14.815147, 15.3354645, 185.0], [14.673525, 16.749092, 202.0], [14.534131, 18.049667, 218.0], [14.347168, 19.213923, 235.0], [14.254747, 20.24195, 251.0], [14.162028, 20.979717, 268.0], [14.115975, 21.536852, 284.0], [14.116471, 21.908905, 301.0], [14.069204, 22.424192, 317.0]"}