{"Image number":184,"Image shape":1,"Path":"[12.234071, 5.6408687, 0.0], [12.405474, 5.598004, 53.0], [12.6585245, 5.7863054, 81.0], [12.8385315, 5.954145, 95.0], [13.061598, 6.219006, 109.0], [13.287537, 6.540722, 123.0], [13.573686, 6.940703, 137.0], [13.813284, 7.379836, 151.0], [14.079081, 7.8711004, 165.0], [14.251671, 8.368309, 179.0], [14.448161, 9.044187, 193.0], [14.58393, 9.677984, 207.0], [14.718925, 10.347557, 221.0], [14.75823, 11.026495, 235.0], [14.839779, 11.760724, 249.0], [14.884889, 12.511951, 263.0], [14.930008, 13.241291, 278.0], [14.928477, 13.981671, 296.0], [14.928477, 14.753183, 310.0], [14.928477, 15.508946, 320.0], [14.928477, 16.246258, 333.0], [14.883223, 17.00951, 347.0], [14.892068, 17.746914, 361.0], [14.892068, 18.479273, 375.0], [14.856894, 19.171574, 389.0], [14.855658, 19.901054, 403.0], [14.855658, 20.548048, 419.0], [14.855658, 21.184572, 431.0], [14.855658, 21.784672, 445.0], [14.855658, 22.2878, 458.0]"}