{"Image number":36735,"Image shape":9,"Path":"[16.5391, 7.4513245, 0.0], [16.306156, 7.4513245, 36.0], [15.646353, 7.5456457, 52.0], [14.472897, 7.9227505, 69.0], [13.078026, 8.670671, 85.0], [11.921054, 9.83474, 102.0], [10.848951, 11.188951, 118.0], [10.241931, 12.644533, 135.0], [9.968834, 13.937342, 151.0], [10.299197, 15.01389, 168.0], [10.998304, 15.706563, 184.0], [12.160476, 16.029821, 201.0], [13.523754, 16.029613, 218.0], [14.875904, 15.841194, 234.0], [16.090384, 15.2757435, 251.0], [16.964945, 14.532224, 267.0], [17.75983, 13.40553, 284.0], [18.267227, 12.196431, 300.0], [18.731579, 10.70586, 317.0], [19.055588, 8.2819805, 350.0], [19.007797, 7.536255, 366.0], [18.914457, 6.9810104, 383.0], [18.681831, 6.5651574, 416.0], [18.494898, 6.801453, 449.0], [18.260302, 7.4114494, 466.0], [17.981277, 8.531951, 482.0], [17.609764, 10.065757, 499.0], [17.185993, 11.903546, 515.0], [16.723785, 13.751868, 532.0], [15.641007, 17.372746, 565.0], [14.853968, 19.124344, 582.0], [14.060126, 20.75845, 598.0], [13.177964, 22.147612, 615.0], [12.43233, 23.21925, 631.0], [11.734831, 24.008179, 648.0], [11.201964, 24.491684, 664.0], [10.933049, 24.664776, 681.0]"}