{"Image number":38146,"Image shape":8,"Path":"[18.076538, 7.544566, 0.0], [17.70151, 7.029413, 69.0], [17.188095, 6.515648, 88.0], [16.438646, 6.048138, 102.0], [15.648981, 5.818132, 118.0], [14.666126, 5.7725134, 135.0], [13.685676, 5.772962, 151.0], [12.624798, 5.8662753, 168.0], [11.781008, 6.147939, 184.0], [10.846685, 6.616424, 201.0], [10.149146, 7.177408, 217.0], [9.596071, 7.8257713, 234.0], [9.267686, 8.436924, 251.0], [9.083418, 8.994145, 267.0], [8.991157, 9.505538, 284.0], [8.99168, 10.1115465, 300.0], [9.038562, 10.718607, 317.0], [9.131674, 11.36908, 333.0], [9.318619, 11.882572, 350.0], [9.598159, 12.301155, 366.0], [10.063497, 12.673106, 383.0], [10.6238165, 13.093621, 399.0], [11.372679, 13.561793, 416.0], [12.1703205, 14.125626, 433.0], [13.88969, 15.33475, 466.0], [14.725424, 15.798339, 482.0], [15.430096, 16.127117, 499.0], [16.081873, 16.453537, 515.0], [16.54639, 16.780655, 532.0], [16.869476, 17.106152, 548.0], [17.243433, 17.574987, 565.0], [17.518112, 18.128853, 581.0], [17.658354, 18.738472, 598.0], [17.610302, 19.997269, 631.0], [17.422901, 20.603008, 648.0], [17.14414, 21.346066, 664.0], [16.816849, 22.000696, 681.0], [16.444473, 22.65235, 697.0], [15.979518, 23.163216, 714.0], [15.414188, 23.681698, 730.0], [14.8141775, 24.18927, 747.0], [14.206163, 24.610317, 763.0], [13.500466, 24.89177, 780.0], [12.856037, 25.028036, 796.0], [12.203977, 25.12107, 813.0], [11.55163, 25.07394, 830.0], [10.292435, 24.558786, 863.0], [9.592853, 23.526642, 896.0], [9.456234, 23.064945, 912.0], [9.45757, 22.413675, 929.0], [9.646058, 21.615086, 945.0], [10.114939, 20.681477, 962.0], [10.722249, 19.70173, 979.0], [11.374282, 18.865059, 995.0], [12.634989, 17.4195, 1028.0], [13.429292, 16.671331, 1045.0], [14.3116045, 15.88189, 1061.0], [15.932646, 14.212288, 1095.0], [16.59124, 13.318049, 1111.0], [17.098911, 12.531881, 1127.0], [17.564833, 11.83255, 1144.0], [17.984722, 11.178896, 1161.0], [18.36004, 10.662721, 1177.0], [18.822601, 9.874345, 1210.0], [18.9628, 9.31189, 1227.0], [19.00855, 8.753921, 1243.0], [18.961603, 8.195737, 1260.0], [18.588425, 7.450493, 1293.0], [18.261295, 7.170225, 1309.0], [17.840597, 6.936825, 1326.0]"}