{"Image number":371,"Image shape":7,"Path":"[8.30169, 12.998267, 0.0], [8.118247, 12.776954, 64.0], [8.102598, 12.427874, 91.0], [8.148205, 12.17119, 104.0], [8.193453, 11.824776, 119.0], [8.284355, 11.465029, 132.0], [8.430089, 10.991814, 146.0], [8.565938, 10.566242, 160.0], [8.701101, 10.196674, 174.0], [8.881021, 9.791263, 188.0], [9.076724, 9.477744, 204.0], [9.30263, 9.167025, 220.0], [9.561407, 8.897165, 237.0], [9.872957, 8.67637, 253.0], [10.206543, 8.509406, 268.0], [10.570405, 8.397082, 277.0], [10.966375, 8.306337, 286.0], [11.37206, 8.257943, 300.0], [11.779294, 8.212681, 313.0], [12.272888, 8.250282, 328.0], [12.735422, 8.263308, 342.0], [13.189343, 8.304232, 356.0], [13.625896, 8.29973, 371.0], [14.143873, 8.372576, 389.0], [14.644274, 8.40302, 398.0], [15.129087, 8.523329, 412.0], [15.631718, 8.613058, 424.0], [16.172888, 8.725317, 439.0], [16.695995, 8.831161, 455.0], [17.198414, 8.921185, 474.0], [17.693922, 9.001534, 492.0], [18.587456, 9.06461, 515.0], [19.00259, 9.100596, 533.0], [19.356377, 9.154199, 542.0], [19.673954, 9.227632, 552.0], [19.96686, 9.299846, 566.0], [20.203545, 9.390606, 579.0], [20.474934, 9.570385, 606.0], [20.585854, 9.747593, 621.0], [20.64222, 9.894006, 635.0], [20.681402, 10.069822, 658.0], [20.66688, 10.266359, 667.0], [20.621351, 10.517737, 678.0], [20.576052, 10.78961, 691.0], [20.489674, 11.142996, 704.0], [20.399805, 11.452812, 719.0], [20.34654, 11.846777, 734.0], [20.255405, 12.257024, 747.0], [20.165815, 12.620971, 761.0], [20.077408, 13.06899, 775.0], [19.927753, 13.511661, 788.0], [19.791782, 13.890168, 802.0], [19.618673, 14.288398, 817.0], [19.48464, 14.648778, 830.0], [19.257992, 14.952814, 846.0], [19.048513, 15.298506, 859.0], [18.860497, 15.621341, 872.0], [18.588139, 15.938983, 886.0], [18.372038, 16.254284, 900.0], [18.081787, 16.545721, 914.0], [17.810345, 16.852774, 928.0], [17.539362, 17.169024, 942.0], [17.270811, 17.482437, 956.0], [16.936262, 17.764465, 970.0], [16.620895, 18.079933, 984.0], [16.34587, 18.440914, 998.0], [16.028997, 18.795732, 1014.0], [15.674366, 19.146599, 1026.0], [15.325588, 19.521353, 1040.0], [14.959828, 19.887232, 1053.0], [14.599034, 20.248146, 1067.0], [14.261706, 20.666882, 1081.0], [13.946307, 21.072525, 1095.0], [13.630752, 21.478374, 1109.0], [13.322374, 21.92239, 1123.0], [12.92296, 22.325413, 1138.0], [12.545758, 22.761375, 1152.0], [12.105137, 23.254744, 1166.0], [11.71235, 23.691532, 1181.0], [11.270127, 24.14258, 1196.0], [10.855159, 24.576002, 1207.0], [10.450492, 24.94444, 1221.0], [10.090779, 25.259296, 1235.0]"}