{"Image number":424,"Image shape":9,"Path":"[14.928477, 12.488349, 0.0], [14.61179, 12.662203, 52.0], [14.389853, 12.797061, 68.0], [14.097819, 12.932917, 83.0], [13.780396, 13.068998, 91.0], [13.396978, 13.27066, 105.0], [12.948511, 13.41398, 119.0], [12.497937, 13.549195, 132.0], [11.963868, 13.662503, 147.0], [11.424855, 13.752367, 161.0], [10.881414, 13.763145, 175.0], [10.295616, 13.714848, 192.0], [9.769767, 13.593048, 204.0], [9.22073, 13.426123, 217.0], [8.755775, 13.168823, 230.0], [8.307052, 12.852688, 245.0], [7.9828606, 12.494552, 258.0], [7.72317, 12.059385, 272.0], [7.5355053, 11.647123, 286.0], [7.4457235, 11.193789, 304.0], [7.481403, 10.731224, 321.0], [7.5805683, 10.3181095, 329.0], [7.7518187, 9.946173, 342.0], [8.065739, 9.584111, 356.0], [8.434655, 9.169935, 370.0], [8.908699, 8.886808, 384.0], [9.406491, 8.638421, 399.0], [9.990625, 8.412004, 413.0], [10.584942, 8.328027, 428.0], [11.218315, 8.263308, 446.0], [11.852017, 8.263308, 455.0], [12.442827, 8.345866, 469.0], [13.08276, 8.436621, 482.0], [13.597613, 8.667734, 496.0], [14.142346, 8.9263735, 509.0], [14.6424, 9.277001, 523.0], [15.08962, 9.63792, 537.0], [15.497199, 10.09726, 552.0], [15.857461, 10.622437, 567.0], [16.181301, 11.166174, 583.0], [16.435999, 11.757281, 602.0], [16.663006, 12.39311, 610.0], [16.861355, 13.083504, 622.0], [16.968887, 13.81075, 635.0], [17.151772, 15.45863, 649.0], [17.113134, 15.795675, 664.0], [17.113134, 16.453379, 679.0], [17.113134, 17.208603, 692.0], [17.156313, 17.914394, 705.0], [17.255419, 19.765354, 720.0], [17.345318, 20.03974, 733.0], [17.46929, 20.716536, 747.0], [17.690496, 21.43895, 761.0], [17.862198, 22.150948, 777.0], [18.2227, 22.830477, 790.0], [18.602968, 23.495138, 804.0], [19.008532, 24.1306, 817.0], [19.455948, 24.702608, 831.0], [19.995405, 25.242128, 846.0], [20.39012, 25.636967, 859.0]"}