{"Image number":35660,"Image shape":0,"Path":"[12.113144, 8.89658, 0.0], [11.647254, 9.222927, 36.0], [10.709236, 10.349323, 53.0], [9.353851, 12.127259, 69.0], [8.329727, 14.278319, 86.0], [7.871978, 16.175901, 102.0], [7.9677114, 17.865671, 119.0], [8.439198, 19.408077, 135.0], [9.42002, 20.468529, 152.0], [10.733626, 21.120401, 168.0], [12.318726, 21.347252, 185.0], [14.054043, 21.29697, 201.0], [15.893806, 20.689465, 218.0], [17.84723, 19.52403, 235.0], [19.588844, 17.874147, 251.0], [20.919327, 15.935126, 268.0], [21.713947, 13.922892, 284.0], [22.037815, 12.013104, 301.0], [21.75485, 10.563454, 317.0], [20.96054, 9.3089905, 334.0], [19.502851, 8.51376, 350.0], [17.544254, 8.099772, 367.0], [15.17091, 8.150977, 383.0], [10.039635, 9.558185, 417.0], [8.0339155, 10.96605, 433.0], [6.745324, 12.686224, 450.0], [6.0956984, 13.8989105, 466.0]"}