{"Image number":36039,"Image shape":2,"Path":"[15.374375, 6.845248, 0.0], [15.982618, 6.7048683, 53.0], [16.827187, 6.5640965, 69.0], [17.759449, 6.6125946, 86.0], [18.592443, 6.79939, 102.0], [19.249014, 7.128853, 119.0], [19.66191, 7.5459113, 135.0], [19.896381, 8.1581135, 152.0], [19.940647, 8.999664, 168.0], [19.611662, 10.069716, 185.0], [19.049295, 11.239335, 202.0], [18.110783, 12.455843, 218.0], [16.946358, 13.711573, 235.0], [15.549907, 14.9200945, 251.0], [14.151726, 16.038687, 268.0], [12.714733, 16.96466, 284.0], [10.51676, 18.132942, 317.0], [9.916546, 18.457638, 334.0], [9.592611, 18.737692, 350.0], [10.113232, 19.108126, 383.0], [10.718474, 19.294014, 400.0], [11.561976, 19.434275, 417.0], [12.346728, 19.61959, 433.0], [13.330843, 19.900991, 450.0], [14.219337, 20.32335, 466.0], [15.244772, 20.88376, 483.0], [16.087563, 21.44724, 499.0], [16.920856, 22.097399, 516.0], [17.478598, 22.7048, 532.0], [18.056705, 23.38037, 549.0], [18.3241, 23.839724, 565.0]"}