{"Image number":37489,"Image shape":2,"Path":"[15.980032, 6.7520065, 0.0], [16.498348, 6.658034, 69.0], [17.055666, 6.6118026, 86.0], [17.567144, 6.6590447, 102.0], [17.893679, 6.7530065, 119.0], [18.12336, 6.938676, 135.0], [18.452293, 7.2678833, 152.0], [18.730463, 7.78075, 168.0], [18.870373, 8.438874, 185.0], [18.91533, 9.272996, 201.0], [18.77406, 10.257802, 218.0], [18.444016, 11.338093, 234.0], [18.073992, 12.400489, 251.0], [17.70193, 13.37719, 267.0], [17.230553, 14.366766, 284.0], [16.626646, 15.010018, 301.0], [16.019558, 15.52276, 317.0], [15.368441, 15.893143, 334.0], [14.674965, 16.263025, 350.0], [13.967033, 16.546314, 367.0], [13.274368, 16.729864, 383.0], [12.572505, 16.823044, 400.0], [11.822432, 16.82217, 416.0], [11.179651, 16.82217, 433.0], [10.573309, 16.72856, 449.0], [10.15412, 16.541428, 466.0], [9.9228525, 16.26199, 483.0], [9.78296, 16.075254, 499.0], [9.736542, 15.887497, 516.0], [9.876955, 15.656505, 532.0], [10.156971, 15.28292, 549.0], [10.672809, 14.860872, 565.0], [11.324828, 14.582772, 582.0], [12.027481, 14.395868, 598.0], [13.418188, 14.537846, 633.0], [14.168914, 14.772671, 652.0], [14.873685, 15.102695, 665.0], [15.525153, 15.476456, 681.0], [16.169619, 15.985533, 698.0], [16.735548, 16.552546, 714.0], [17.24357, 17.108047, 731.0], [17.566307, 17.618267, 747.0], [17.847973, 18.135601, 764.0], [18.076668, 18.594036, 780.0], [18.404879, 19.063156, 797.0], [18.778984, 19.530716, 813.0], [19.104973, 19.99738, 830.0], [19.338785, 20.514805, 847.0], [19.42826, 21.021605, 863.0], [19.42762, 21.48895, 880.0], [19.42762, 22.04712, 896.0], [19.380894, 22.604834, 913.0], [19.240261, 23.166662, 929.0]"}