{"Image number":39677,"Image shape":6,"Path":"[11.460898, 6.1925535, 0.0], [11.36772, 6.565522, 35.0], [11.320637, 7.6963143, 52.0], [11.227001, 9.474132, 69.0], [11.322223, 11.578566, 85.0], [11.601739, 13.613199, 102.0], [12.12211, 15.739971, 118.0], [12.819186, 17.58734, 135.0], [13.609261, 19.06991, 151.0], [14.455355, 20.10126, 168.0], [15.151715, 20.70065, 186.0], [15.754186, 20.927565, 201.0], [16.21507, 20.924833, 218.0], [16.7773, 20.689537, 234.0], [17.37872, 20.131336, 251.0], [17.94313, 19.377848, 267.0], [18.36187, 18.535553, 284.0], [18.544504, 17.840054, 300.0], [18.542429, 17.329836, 317.0], [18.30833, 16.913334, 333.0], [17.934443, 16.63394, 350.0], [17.32463, 16.447205, 366.0], [16.721579, 16.402283, 383.0], [16.164026, 16.449398, 399.0], [15.652192, 16.729866, 416.0], [15.233862, 17.242678, 432.0], [14.906631, 17.851282, 449.0], [14.672937, 18.460686, 466.0], [14.527961, 19.093866, 482.0], [14.43764, 19.452793, 499.0]"}