{"Image number":38537,"Image shape":7,"Path":"[9.224626, 15.283676, 0.0], [9.461494, 14.3845215, 87.0], [9.738775, 13.31918, 103.0], [10.064915, 12.013443, 120.0], [10.392311, 11.126355, 137.0], [10.671595, 10.47537, 153.0], [10.949688, 10.060201, 170.0], [11.18246, 9.781064, 186.0], [11.464086, 9.640923, 203.0], [11.790912, 9.500986, 219.0], [12.305586, 9.455479, 236.0], [12.910262, 9.4090185, 252.0], [13.607453, 9.409411, 269.0], [14.456588, 9.45681, 285.0], [16.088854, 9.644359, 318.0], [16.8271, 9.689668, 335.0], [17.523964, 9.689137, 351.0], [18.175394, 9.689137, 368.0], [18.737135, 9.689137, 385.0], [19.203138, 9.689137, 401.0], [19.524603, 9.689137, 418.0], [20.032486, 9.73576, 451.0], [20.267797, 9.73576, 467.0], [20.641754, 9.783085, 501.0], [20.920605, 9.829714, 534.0], [21.011648, 10.06356, 600.0], [20.964588, 10.768448, 616.0], [20.776224, 11.611757, 633.0], [20.355242, 12.63644, 649.0], [19.842318, 13.520029, 666.0], [19.279266, 14.411478, 682.0], [18.723017, 15.19861, 699.0], [18.115957, 16.133896, 716.0], [17.603756, 17.115067, 732.0], [17.041502, 18.193514, 749.0], [16.437113, 19.262064, 765.0], [15.828627, 20.386883, 782.0], [15.128464, 21.60002, 798.0], [14.522202, 22.721508, 815.0], [14.108961, 23.740477, 831.0], [13.973895, 24.483038, 848.0], [13.976706, 24.985119, 864.0]"}