{"Image number":15235,"Image shape":9,"Path":"[16.160156, 17.19213, 0.0], [15.41175, 16.949074, 114.0], [15.086536, 16.900463, 131.0], [14.51106, 16.851852, 148.0], [14.004717, 16.825777, 163.0], [13.49334, 16.773375, 180.0], [12.944095, 16.75463, 196.0], [12.412663, 16.706018, 213.0], [11.93665, 16.657408, 230.0], [11.48372, 16.608797, 247.0], [11.124557, 16.550797, 263.0], [10.796936, 16.49423, 279.0], [10.529279, 16.462963, 297.0], [10.269966, 16.331406, 316.0], [10.003436, 16.118795, 330.0], [9.771724, 15.96144, 346.0], [9.587006, 15.753583, 363.0], [9.465303, 15.595722, 380.0], [9.383518, 15.450331, 396.0], [9.320614, 15.179849, 413.0], [9.261736, 14.803361, 431.0], [9.235491, 14.470896, 447.0], [9.2421875, 14.094065, 464.0], [9.284378, 13.665735, 479.0], [9.4529505, 13.241153, 496.0], [9.625799, 12.749948, 513.0], [9.786699, 12.273206, 529.0], [9.968855, 11.775214, 546.0], [10.112558, 11.41838, 563.0], [10.233827, 11.096371, 580.0], [10.3489, 10.838118, 597.0], [10.553962, 10.5980835, 613.0], [10.752794, 10.29257, 631.0], [10.963572, 10.060143, 647.0], [11.190498, 9.769731, 663.0], [11.442862, 9.507244, 680.0], [11.698989, 9.290904, 696.0], [11.98951, 9.035699, 713.0], [12.298664, 8.787762, 731.0], [12.597336, 8.574303, 746.0], [12.886537, 8.417259, 763.0], [13.177629, 8.278316, 780.0], [13.479494, 8.179976, 797.0], [13.740234, 8.150463, 814.0], [14.049876, 8.101851, 831.0], [14.396351, 8.053241, 846.0], [14.751123, 8.025129, 863.0], [15.144459, 8.00463, 879.0], [15.48266, 8.00463, 897.0], [15.862967, 8.00463, 914.0], [16.303291, 7.9560184, 930.0], [16.74797, 7.9560184, 947.0], [17.182484, 7.9074073, 963.0], [17.53048, 7.841664, 981.0], [17.872225, 7.837627, 997.0], [18.219673, 7.8101854, 1014.0], [18.536709, 7.8101854, 1032.0], [18.889578, 7.7711425, 1046.0], [19.181828, 7.761574, 1063.0], [19.414982, 7.7129626, 1079.0], [19.631016, 7.6651497, 1097.0], [19.835121, 7.664352, 1115.0], [20.0305, 7.664352, 1131.0], [20.173729, 7.664352, 1148.0], [20.313177, 7.7072215, 1163.0], [20.41196, 7.8342266, 1179.0], [20.497513, 7.9680147, 1197.0], [20.58179, 8.12183, 1214.0], [20.640985, 8.332297, 1230.0], [20.644531, 8.626862, 1246.0], [20.644531, 9.011511, 1263.0], [20.508694, 9.507658, 1280.0], [20.390278, 10.082558, 1297.0], [20.210482, 10.603203, 1314.0], [20.038065, 11.065455, 1332.0], [19.757347, 11.691937, 1346.0], [19.475832, 12.243169, 1363.0], [19.178457, 12.720571, 1379.0], [18.807041, 13.276836, 1396.0], [18.414146, 13.875532, 1413.0], [17.987827, 14.484472, 1431.0], [17.580032, 15.15402, 1448.0], [17.208523, 15.765865, 1464.0], [16.887724, 16.336174, 1479.0], [16.58104, 16.83278, 1496.0], [16.296064, 17.339405, 1513.0], [16.051767, 17.894796, 1530.0], [15.832031, 18.383102, 1548.0], [15.6124115, 18.830765, 1564.0], [15.400718, 19.271408, 1579.0], [15.14185, 19.780228, 1596.0], [14.908916, 20.33725, 1614.0], [14.674842, 20.85741, 1631.0], [14.385768, 21.424715, 1646.0], [14.071657, 21.97446, 1663.0], [13.691219, 22.650797, 1679.0], [13.347103, 23.193962, 1696.0], [12.941956, 23.836987, 1713.0], [12.503842, 24.509922, 1729.0], [11.99094, 25.25136, 1746.0], [11.501176, 25.970682, 1763.0], [11.140127, 26.508839, 1780.0], [10.923845, 26.800907, 1796.0]"}