{"Image number":38439,"Image shape":5,"Path":"[22.036604, 7.5911875, 0.0], [21.327576, 7.685357, 68.0], [20.537859, 7.7786016, 85.0], [19.188477, 7.8719482, 118.0], [18.726122, 7.9178014, 135.0], [18.262432, 7.9642034, 151.0], [17.418228, 8.011451, 184.0], [16.909098, 8.057645, 201.0], [15.647659, 8.010777, 234.0], [15.133814, 7.9634624, 250.0], [14.674283, 7.91741, 267.0], [14.393809, 7.9175353, 283.0], [14.163061, 7.8709145, 498.0], [13.929265, 7.8709145, 565.0], [13.650037, 7.824293, 614.0], [13.370324, 7.7776723, 648.0], [13.044609, 7.7776723, 681.0], [12.763586, 7.7776723, 714.0], [12.576793, 7.7776723, 730.0], [12.344999, 7.7776723, 763.0], [12.112392, 7.7776723, 796.0], [11.834745, 7.7776723, 846.0], [11.554904, 7.8704996, 896.0], [11.367677, 7.964199, 945.0], [11.134014, 8.151021, 995.0], [10.901171, 8.290723, 1028.0], [10.761265, 8.712487, 1061.0], [10.808926, 10.487186, 1094.0], [10.948559, 11.508385, 1111.0], [11.088417, 13.002703, 1144.0], [11.088186, 13.569386, 1160.0], [11.135282, 14.029974, 1177.0], [11.134775, 14.306227, 1193.0], [11.181616, 14.585873, 1210.0], [11.4636965, 14.772708, 1243.0], [11.695527, 14.864759, 1260.0], [11.977388, 15.053246, 1277.0], [12.494926, 15.192907, 1293.0], [13.144809, 15.425936, 1309.0], [13.98377, 15.517567, 1326.0], [14.7311, 15.752692, 1342.0], [15.521681, 16.079342, 1359.0], [16.31773, 16.501957, 1375.0], [16.959635, 16.916208, 1392.0], [17.614088, 17.33722, 1408.0], [18.175623, 17.711914, 1425.0], [18.73416, 18.178665, 1442.0], [19.2458, 18.597486, 1458.0], [19.664612, 18.970345, 1475.0], [19.988914, 19.29532, 1491.0], [20.223837, 19.62533, 1508.0], [20.360674, 19.948765, 1524.0], [20.406404, 20.275051, 1541.0], [20.312061, 20.648111, 1557.0], [20.123566, 21.11855, 1574.0], [19.843355, 21.677908, 1590.0], [19.420128, 22.240223, 1607.0], [18.725948, 22.791946, 1624.0], [18.066896, 23.357403, 1640.0], [17.137062, 23.77219, 1657.0], [16.437721, 24.051733, 1673.0], [15.4552555, 24.142862, 1690.0], [14.763494, 24.235632, 1706.0], [14.013116, 24.28219, 1723.0], [13.167779, 24.233994, 1739.0], [12.145984, 24.04595, 1756.0], [8.386023, 21.717392, 0.0], [20.638933, 6.4722795, 0.0], [19.559044, 6.5192986, 79.0], [18.20185, 6.5660205, 95.0], [16.560522, 6.7548847, 112.0], [15.271427, 6.986858, 129.0], [14.052878, 7.2214904, 145.0], [13.024728, 7.408376, 161.0], [12.298273, 7.498099, 178.0], [11.366849, 7.6846476, 211.0], [11.131819, 7.7788553, 228.0], [10.995008, 8.010777, 310.0], [10.995008, 8.245333, 327.0], [10.854039, 9.090276, 343.0], [10.668429, 10.064503, 360.0], [10.153379, 11.74895, 393.0], [9.921096, 12.258507, 410.0], [9.783153, 12.580911, 426.0], [9.643609, 12.81339, 459.0], [9.83043, 12.859376, 542.0], [10.629216, 12.859376, 558.0], [11.560531, 12.859376, 575.0], [12.633869, 12.953336, 592.0], [13.56881, 13.188577, 608.0], [14.490969, 13.512697, 625.0], [16.08449, 14.546203, 658.0], [16.68624, 15.151188, 674.0], [17.198532, 15.8056555, 691.0], [17.565012, 16.591087, 707.0], [17.844229, 17.289972, 724.0], [18.125938, 18.088913, 740.0], [18.263964, 18.738634, 757.0], [18.357065, 19.487524, 774.0], [18.26177, 20.187334, 790.0], [18.121183, 20.840662, 807.0], [17.935034, 21.631538, 823.0], [17.699986, 22.38239, 840.0], [17.372675, 23.174871, 856.0], [16.763224, 23.966753, 873.0], [16.253887, 24.662273, 889.0], [15.790401, 25.264858, 906.0], [15.273903, 25.59159, 922.0], [14.665899, 25.823761, 939.0], [13.873761, 25.867249, 956.0], [13.132453, 25.866673, 972.0], [12.248483, 25.6324, 989.0], [11.272357, 25.119589, 1005.0], [10.378359, 24.318335, 1022.0], [9.402806, 23.576008, 1038.0], [8.657975, 22.969997, 1055.0]"}