{"Image number":30371,"Image shape":5,"Path":"[20.54369, 6.4793863, 0.0], [20.319727, 6.4793863, 94.0], [20.109974, 6.5571036, 111.0], [19.632692, 6.5860853, 129.0], [18.923592, 6.595963, 147.0], [17.636124, 6.595963, 165.0], [16.396288, 6.595963, 183.0], [15.416241, 6.595963, 200.0], [14.481455, 6.595963, 218.0], [13.7292385, 6.595963, 236.0], [13.203884, 6.595963, 254.0], [12.828936, 6.595963, 271.0], [12.419474, 6.595963, 289.0], [12.028959, 6.5748863, 307.0], [11.686787, 6.5571036, 325.0], [11.467564, 6.444281, 342.0], [11.252133, 6.313946, 378.0], [11.094742, 6.5155716, 431.0], [11.029127, 7.0226665, 449.0], [10.990291, 7.710532, 467.0], [10.990291, 8.609908, 484.0], [11.069473, 9.530006, 502.0], [11.134325, 10.439998, 520.0], [11.145632, 11.191443, 538.0], [11.145632, 11.948908, 556.0], [11.184465, 12.570086, 573.0], [11.184465, 13.152985, 591.0], [11.184465, 13.581825, 609.0], [11.215179, 13.946575, 627.0], [11.223302, 14.264465, 644.0], [11.223302, 14.439029, 680.0], [11.408475, 14.523103, 733.0], [11.621896, 14.523103, 751.0], [12.028221, 14.523103, 769.0], [12.445282, 14.523103, 786.0], [12.927179, 14.359169, 804.0], [13.600779, 14.228341, 822.0], [14.318367, 13.867203, 840.0], [14.85202, 13.59428, 857.0], [15.207462, 13.346712, 875.0], [15.650467, 13.240776, 893.0], [16.065084, 13.085182, 911.0], [16.522406, 12.994006, 928.0], [16.903175, 12.9687605, 946.0], [17.294172, 12.996772, 964.0], [17.682014, 13.061452, 982.0], [18.2411, 13.371108, 1000.0], [18.804127, 13.76266, 1017.0], [19.263525, 14.102201, 1035.0], [19.76296, 14.557928, 1053.0], [20.147333, 15.004625, 1071.0], [20.424082, 15.527213, 1088.0], [20.595392, 15.967079, 1106.0], [20.724274, 16.340714, 1124.0], [20.855423, 16.83994, 1142.0], [20.939821, 17.47651, 1159.0], [20.93204, 18.200653, 1177.0], [20.82816, 18.980165, 1195.0], [20.535122, 19.71792, 1213.0], [19.9833, 20.474094, 1230.0], [19.501287, 21.029852, 1248.0], [18.836765, 21.61153, 1266.0], [18.109316, 22.014233, 1284.0], [17.531612, 22.313131, 1301.0], [16.734392, 22.525774, 1319.0], [15.995159, 22.680302, 1337.0], [15.338133, 22.7872, 1355.0], [14.694507, 22.852882, 1373.0], [13.99868, 22.916546, 1390.0], [13.456628, 22.916546, 1408.0], [12.874176, 22.754763, 1426.0], [12.038229, 22.435062, 1444.0], [11.15501, 22.012905, 1461.0], [10.455606, 21.423384, 1479.0], [9.988314, 21.02021, 1497.0], [9.692736, 20.739685, 1515.0], [9.439876, 20.528982, 1532.0], [9.3463335, 20.371393, 1550.0], [9.322167, 20.035675, 1586.0], [9.475728, 19.691288, 1603.0], [19.650486, 4.886187, 0.0], [19.42976, 4.925045, 55.0], [19.259644, 5.030331, 72.0], [18.979813, 5.123533, 90.0], [18.52945, 5.3110404, 108.0], [18.061323, 5.4626355, 126.0], [17.080793, 5.751562, 144.0], [16.07637, 6.025341, 161.0], [15.230505, 6.2206593, 179.0], [14.288834, 6.373497, 197.0], [13.555971, 6.4332285, 215.0], [12.989315, 6.4405284, 232.0], [12.492371, 6.4405284, 250.0], [11.796201, 6.3684855, 268.0], [11.075481, 6.3034415, 286.0], [10.453768, 6.0983067, 303.0], [10.085634, 5.9833584, 321.0], [9.875801, 5.8356547, 339.0], [9.597969, 5.743944, 374.0], [9.4380045, 5.663357, 428.0], [9.504957, 6.047341, 516.0], [9.634056, 6.4509926, 534.0], [9.764841, 7.092521, 552.0], [9.948146, 7.7722383, 570.0], [10.144892, 8.661484, 588.0], [10.3708315, 9.643768, 605.0], [10.628887, 10.612067, 623.0], [10.848071, 11.678729, 641.0], [11.013853, 12.449623, 659.0], [11.142985, 13.110955, 676.0], [11.229713, 13.602953, 694.0], [11.256083, 13.975535, 712.0], [11.300971, 14.393898, 730.0], [11.300971, 14.711014, 747.0], [11.339806, 15.048771, 765.0], [11.378641, 15.305719, 783.0], [11.378641, 15.603223, 818.0], [11.699213, 15.612972, 889.0], [12.077334, 15.417019, 907.0], [12.586487, 15.220856, 925.0], [13.08066, 14.947876, 943.0], [13.590502, 14.592403, 960.0], [14.032809, 14.317646, 978.0], [14.5584755, 14.030553, 996.0], [14.971308, 13.758596, 1014.0], [15.23953, 13.582381, 1032.0], [15.438889, 13.482638, 1049.0], [15.8670435, 13.351747, 1085.0], [16.30808, 13.357346, 1103.0], [16.693298, 13.357346, 1120.0], [17.175499, 13.533915, 1138.0], [17.59822, 13.657259, 1156.0], [17.990326, 13.88681, 1174.0], [18.477552, 14.13057, 1191.0], [18.962944, 14.429748, 1209.0], [19.459896, 14.775981, 1227.0], [19.867199, 15.167393, 1245.0], [20.222761, 15.711308, 1262.0], [20.418417, 16.144714, 1280.0], [20.51627, 16.623703, 1298.0], [20.62065, 17.197931, 1316.0], [20.62136, 17.810564, 1333.0], [20.62136, 18.594065, 1351.0], [20.424946, 19.51267, 1369.0], [20.173717, 20.264795, 1387.0], [19.90085, 21.038097, 1405.0], [19.640059, 21.579975, 1422.0], [19.329557, 21.971708, 1440.0], [18.765574, 22.558521, 1458.0], [18.092989, 22.985474, 1476.0], [17.480568, 23.263851, 1493.0], [16.717424, 23.532146, 1511.0], [15.900332, 23.74364, 1529.0], [15.252854, 23.810291, 1547.0], [14.383736, 23.810291, 1564.0], [13.589821, 23.718004, 1582.0], [12.906168, 23.522459, 1600.0], [12.292475, 23.255342, 1618.0], [11.687789, 22.911375, 1635.0], [11.13746, 22.32549, 1653.0], [10.659019, 21.593, 1671.0], [10.171779, 20.813711, 1689.0], [9.9115305, 20.144598, 1706.0], [9.840185, 19.625565, 1724.0], [9.825243, 19.282272, 1742.0], [9.851372, 18.991117, 1777.0], [9.980583, 18.79754, 1804.0]"}