{"Image number":40159,"Image shape":5,"Path":"[21.058279, 6.2384434, 0.0], [20.06373, 6.2770157, 80.0], [18.906666, 6.61896, 96.0], [17.801832, 6.942665, 113.0], [16.810223, 7.2231517, 129.0], [15.739257, 7.5335526, 146.0], [14.671362, 7.877133, 163.0], [13.8373, 8.238925, 180.0], [13.136829, 8.5971155, 196.0], [12.682827, 8.873267, 213.0], [12.407422, 9.140245, 230.0], [12.331633, 9.503923, 246.0], [12.329325, 9.839283, 263.0], [12.329325, 10.111181, 279.0], [12.3552265, 10.69326, 296.0], [12.32503, 11.515456, 313.0], [12.309898, 12.470402, 329.0], [12.23797, 13.398644, 346.0], [12.225717, 14.222186, 362.0], [12.189593, 14.947708, 379.0], [12.175448, 15.396085, 395.0], [12.160473, 15.554451, 412.0], [12.226338, 15.410201, 446.0], [12.574714, 14.971751, 463.0], [13.258799, 14.361105, 479.0], [14.144714, 13.695049, 495.0], [15.179458, 13.371651, 513.0], [16.05685, 13.350964, 529.0], [16.842579, 13.592011, 546.0], [17.472889, 14.114262, 562.0], [17.9519, 14.614892, 579.0], [18.317038, 15.067083, 596.0], [18.669958, 15.432013, 613.0], [19.022644, 15.659099, 629.0], [19.244326, 15.967126, 646.0], [19.325024, 16.28395, 662.0], [19.29055, 16.531761, 679.0], [18.937244, 17.145407, 696.0], [18.326958, 18.16984, 713.0], [17.70613, 19.107214, 729.0], [17.078115, 20.07986, 746.0], [16.37938, 20.865696, 763.0], [15.43198, 21.654364, 779.0], [14.328629, 22.190266, 796.0], [13.193846, 22.60606, 813.0], [12.142539, 22.83904, 829.0], [11.221092, 22.942032, 846.0], [10.4648285, 22.933865, 862.0], [9.794404, 22.851986, 880.0], [9.392895, 22.67239, 896.0], [8.738895, 22.302141, 912.0], [8.135476, 21.732803, 929.0], [7.7250433, 21.016932, 946.0], [7.569696, 20.1653, 963.0], [7.6669755, 19.53152, 979.0]"}