{"Image number":38833,"Image shape":6,"Path":"[18.123127, 4.3743277, 0.0], [17.698517, 4.704663, 53.0], [16.902863, 5.360748, 70.0], [15.835646, 6.477103, 86.0], [14.714664, 7.7863865, 103.0], [13.5084305, 9.272486, 119.0], [11.452827, 12.686473, 152.0], [10.761728, 14.398699, 169.0], [10.246105, 15.8529415, 186.0], [10.063129, 18.363129, 219.0], [10.015985, 19.400745, 235.0], [10.063862, 20.28421, 252.0], [10.342124, 21.762098, 285.0], [10.719516, 22.282408, 301.0], [12.02636, 22.603994, 335.0], [12.971536, 22.55558, 351.0], [14.07105, 22.323225, 368.0], [15.344851, 21.898186, 384.0], [16.50108, 21.199415, 401.0], [17.577705, 20.401909, 417.0], [18.548313, 19.52087, 434.0], [19.382694, 18.68535, 450.0], [19.944427, 17.88832, 467.0], [20.26889, 17.330431, 483.0], [20.360764, 16.814669, 502.0], [20.406214, 16.44741, 516.0], [20.35916, 15.933716, 533.0], [20.265278, 15.41835, 550.0], [20.076834, 14.807597, 566.0], [19.75203, 14.301938, 583.0], [19.328114, 13.926032, 599.0], [18.721598, 13.601442, 616.0], [18.01986, 13.368842, 632.0], [17.046648, 13.231639, 649.0], [16.103716, 13.184918, 665.0], [15.136248, 13.279459, 682.0], [14.393864, 13.419231, 699.0], [13.597619, 13.700807, 715.0], [12.8954315, 14.123985, 732.0], [12.196272, 14.638354, 748.0], [11.410914, 15.286473, 765.0], [10.709284, 15.989186, 781.0], [10.058328, 16.875446, 798.0], [9.497031, 17.577026, 814.0], [8.935816, 18.136845, 831.0]"}