{"Image number":31,"Image shape":8,"Path":"[14.564369, 13.180381, 0.0], [14.520296, 12.959942, 41.0], [14.474539, 12.784518, 55.0], [14.3932, 12.57921, 69.0], [14.313761, 12.35333, 83.0], [14.268255, 12.0951605, 96.0], [14.219573, 11.802955, 109.0], [14.175268, 11.414201, 123.0], [14.163849, 11.052597, 141.0], [14.163849, 10.612637, 154.0], [14.178097, 10.095544, 170.0], [14.270829, 9.570653, 180.0], [14.3748, 9.102192, 194.0], [14.506763, 8.691139, 208.0], [14.641813, 8.335962, 223.0], [14.857351, 7.99869, 238.0], [15.084053, 7.7123294, 252.0], [15.351722, 7.4794893, 264.0], [15.670601, 7.2543483, 278.0], [16.012608, 7.0836678, 292.0], [16.40463, 6.933373, 306.0], [16.771524, 6.797958, 320.0], [17.132072, 6.710604, 335.0], [17.509127, 6.6971292, 349.0], [17.88701, 6.6971292, 363.0], [18.241169, 6.733464, 376.0], [18.62193, 6.8285975, 391.0], [18.96213, 6.9179435, 403.0], [19.34177, 7.036879, 419.0], [19.663496, 7.17131, 432.0], [20.025019, 7.3522453, 445.0], [20.334871, 7.4799485, 459.0], [20.589632, 7.707239, 474.0], [20.860128, 7.8968596, 488.0], [21.041317, 8.076997, 502.0], [21.22102, 8.309756, 515.0], [21.289799, 8.501707, 529.0], [21.370228, 8.764265, 543.0], [21.373213, 8.991283, 558.0], [21.373213, 9.163574, 573.0], [21.323784, 9.370331, 586.0], [21.267183, 9.59491, 606.0], [21.138836, 9.861318, 619.0], [20.951817, 10.083235, 628.0], [20.70862, 10.335875, 642.0], [20.41741, 10.574864, 655.0], [20.100393, 10.842779, 670.0], [19.745104, 11.1056, 685.0], [19.396658, 11.361445, 700.0], [19.01775, 11.587718, 713.0], [18.612795, 11.811121, 732.0], [18.157396, 12.038893, 743.0], [17.700617, 12.267357, 753.0], [17.217972, 12.493658, 767.0], [16.75882, 12.720198, 781.0], [16.214266, 12.944949, 795.0], [15.749958, 13.206581, 811.0], [15.2648735, 13.463707, 824.0], [14.8063135, 13.734484, 837.0], [14.309945, 13.9583, 851.0], [13.920814, 14.223381, 865.0], [13.5125885, 14.513124, 879.0], [13.10521, 14.821523, 893.0], [12.743236, 15.093016, 908.0], [12.4033, 15.343691, 930.0], [12.08544, 15.623695, 939.0], [11.768096, 15.905771, 949.0], [11.407176, 16.177338, 963.0], [11.151023, 16.449146, 978.0], [10.842766, 16.721083, 992.0], [10.571557, 16.95802, 1005.0], [10.300141, 17.270641, 1019.0], [10.029613, 17.5345, 1033.0], [9.781384, 17.782808, 1047.0], [9.521953, 18.042324, 1061.0], [9.249337, 18.35736, 1075.0], [8.505129, 19.31016, 1121.0], [8.282819, 19.660244, 1135.0], [8.089287, 19.975664, 1149.0], [7.8846416, 20.293543, 1159.0], [7.6736827, 20.60869, 1172.0], [7.5261736, 20.967474, 1187.0], [7.3427057, 21.278664, 1200.0], [7.276871, 21.573563, 1215.0], [7.2159395, 21.875793, 1229.0], [7.1702867, 22.195467, 1242.0], [7.2203054, 22.461016, 1257.0], [7.2858787, 22.67775, 1270.0], [7.4347153, 22.875725, 1284.0], [7.654173, 23.019257, 1300.0], [7.925102, 23.107492, 1312.0], [8.270145, 23.142614, 1327.0], [8.661362, 23.188053, 1341.0], [9.067902, 23.19664, 1354.0], [9.516996, 23.151558, 1368.0], [9.933041, 23.106298, 1382.0], [10.361489, 23.060781, 1396.0], [10.77064, 22.944016, 1410.0], [11.171792, 22.810253, 1424.0], [11.561808, 22.60621, 1439.0], [11.927586, 22.402943, 1452.0], [12.291373, 22.186508, 1466.0], [12.606378, 21.877218, 1480.0], [12.872541, 21.559158, 1494.0], [13.119869, 21.242233, 1508.0], [13.313519, 20.891348, 1522.0], [13.534091, 20.450066, 1536.0], [13.712834, 20.041348, 1550.0], [13.8556, 19.591917, 1564.0], [14.004915, 19.093193, 1579.0], [14.098781, 18.641436, 1591.0], [14.189299, 18.139555, 1605.0], [14.20026, 17.638449, 1619.0], [14.20026, 17.107008, 1633.0], [14.20026, 16.606703, 1647.0], [14.20026, 16.110353, 1661.0], [14.257511, 15.55265, 1675.0], [14.302913, 14.977826, 1689.0], [14.426067, 14.425799, 1703.0], [14.559978, 13.889981, 1718.0], [14.691807, 13.471764, 1731.0]"}