{"Image number":246,"Image shape":0,"Path":"[11.105331, 8.955341, 0.0], [11.188052, 8.789847, 37.0], [11.502836, 8.529634, 66.0], [11.683679, 8.39396, 79.0], [11.931025, 8.202224, 93.0], [12.19331, 7.975552, 107.0], [12.466072, 7.748177, 121.0], [12.73396, 7.524863, 135.0], [13.008561, 7.259532, 149.0], [13.314351, 7.033541, 163.0], [13.674315, 6.720406, 177.0], [13.930155, 6.5095, 191.0], [14.240221, 6.3062525, 205.0], [14.579161, 6.1251783, 219.0], [14.855433, 5.986996, 233.0], [15.175768, 5.8522515, 247.0], [15.434387, 5.775701, 261.0], [15.705682, 5.717689, 275.0], [15.9783535, 5.630743, 289.0], [16.24889, 5.6408687, 303.0], [16.483288, 5.604446, 317.0], [16.754684, 5.57315, 333.0], [16.986765, 5.568023, 346.0], [17.211336, 5.5192385, 359.0], [17.438719, 5.5316005, 372.0], [17.666151, 5.56211, 385.0], [17.930935, 5.568023, 400.0], [18.155485, 5.568023, 414.0], [18.344584, 5.604446, 427.0], [18.541628, 5.6338806, 443.0], [18.718557, 5.6408687, 460.0], [18.890144, 5.72348, 475.0], [19.04493, 5.768852, 485.0], [19.256222, 5.814667, 498.0], [19.40915, 5.860114, 511.0], [19.67907, 6.040829, 540.0], [19.91358, 6.291684, 568.0], [20.095274, 6.5643144, 596.0], [20.278214, 6.8023906, 623.0], [20.421215, 7.019619, 654.0], [20.474907, 7.2067904, 669.0], [20.657429, 7.480663, 694.0], [20.802364, 7.752772, 722.0], [20.98315, 7.982388, 749.0], [21.199339, 8.22095, 780.0], [21.290436, 8.389088, 798.0], [21.55799, 8.716154, 822.0], [21.794075, 9.012112, 846.0], [21.97985, 9.331287, 875.0], [22.22755, 9.627841, 903.0], [22.28587, 9.802611, 917.0], [22.4683, 10.089968, 946.0], [22.558746, 10.270919, 967.0], [22.612312, 10.452059, 980.0], [22.70291, 10.74285, 1003.0], [22.77654, 10.925187, 1015.0], [22.838715, 11.295328, 1043.0], [22.92923, 11.585239, 1071.0], [22.974525, 11.756822, 1089.0], [23.064482, 12.080347, 1116.0], [23.110233, 12.263411, 1127.0], [23.155544, 12.444712, 1141.0], [23.200773, 12.6256895, 1155.0], [23.246012, 12.806694, 1169.0], [23.291302, 12.98792, 1184.0], [23.336035, 13.133852, 1197.0], [23.38143, 13.354164, 1211.0], [23.427027, 13.531008, 1224.0], [23.472254, 13.748386, 1239.0], [23.517427, 13.961521, 1253.0], [23.56293, 14.147627, 1267.0], [23.557867, 14.321948, 1282.0], [23.594278, 14.580609, 1297.0], [23.594278, 14.823926, 1311.0], [23.55506, 15.051973, 1323.0], [23.557867, 15.276378, 1338.0], [23.500343, 15.5289, 1351.0], [23.45489, 15.801699, 1364.0], [23.371548, 16.109135, 1378.0], [23.328123, 16.380434, 1393.0], [23.246508, 16.631668, 1407.0], [23.172037, 16.887844, 1422.0], [23.082556, 17.156372, 1439.0], [22.991379, 17.43, 1448.0], [22.902468, 17.642172, 1462.0], [22.846523, 17.909567, 1476.0], [22.75621, 18.13542, 1490.0], [22.665985, 18.40649, 1504.0], [22.593313, 18.660328, 1519.0], [22.521149, 18.887163, 1534.0], [22.43046, 19.113962, 1549.0], [22.342073, 19.291456, 1561.0], [22.248892, 19.531609, 1575.0], [22.195627, 19.82872, 1588.0], [22.10462, 20.056307, 1602.0], [22.014343, 20.282068, 1616.0], [21.872536, 20.506603, 1629.0], [21.798588, 20.743013, 1643.0], [21.706738, 20.993792, 1658.0], [21.574318, 21.222334, 1672.0], [21.38792, 21.397211, 1685.0], [21.230032, 21.615034, 1700.0], [21.093716, 21.796848, 1713.0], [20.917076, 22.018702, 1727.0], [20.790401, 22.237904, 1743.0], [20.577625, 22.448772, 1756.0], [20.410034, 22.630379, 1770.0], [20.191872, 22.769287, 1784.0], [20.012466, 22.95523, 1798.0], [19.795452, 23.04181, 1813.0], [19.584322, 23.147552, 1826.0], [19.318901, 23.238167, 1840.0], [19.144123, 23.2806, 1854.0], [18.869778, 23.382471, 1868.0], [18.613504, 23.473373, 1882.0], [18.341522, 23.526045, 1896.0], [18.074333, 23.570591, 1910.0], [17.781488, 23.652676, 1924.0], [17.491524, 23.698107, 1937.0], [17.14917, 23.743029, 1951.0], [16.83385, 23.788095, 1966.0], [16.51566, 23.833569, 1980.0], [16.198612, 23.85225, 1993.0], [15.846042, 23.85225, 2007.0], [15.5298395, 23.85225, 2021.0], [15.213771, 23.85225, 2035.0], [14.920486, 23.826635, 2049.0], [14.614718, 23.815826, 2063.0], [14.342269, 23.772728, 2077.0], [14.070925, 23.675575, 2092.0], [13.798047, 23.60915, 2105.0], [13.525069, 23.529985, 2119.0], [13.25589, 23.482338, 2134.0], [12.934391, 23.437206, 2147.0], [12.651915, 23.355213, 2162.0], [12.366224, 23.27713, 2175.0], [12.057553, 23.228651, 2191.0], [11.786282, 23.132317, 2204.0], [11.457542, 23.042345, 2217.0], [11.170877, 22.951399, 2230.0], [10.862108, 22.821798, 2245.0], [10.593491, 22.73459, 2259.0], [10.263432, 22.62238, 2274.0], [9.976351, 22.486277, 2287.0], [9.744618, 22.350811, 2301.0], [9.517297, 22.214375, 2315.0], [9.291545, 22.078878, 2328.0], [9.0643835, 21.91301, 2343.0], [8.878069, 21.73353, 2357.0], [8.698037, 21.460297, 2371.0], [8.514677, 21.277596, 2385.0], [8.332825, 21.050207, 2398.0], [8.188998, 20.86097, 2413.0], [8.055558, 20.591698, 2426.0], [7.9370117, 20.317533, 2441.0], [7.818549, 20.072227, 2454.0], [7.7189794, 19.808916, 2468.0], [7.629841, 19.54141, 2482.0], [7.5196304, 19.250198, 2497.0], [7.4211745, 18.93179, 2510.0], [7.320332, 18.649006, 2524.0], [7.2749176, 18.337955, 2538.0], [7.123525, 17.965607, 2552.0], [7.023743, 17.638733, 2566.0], [6.956312, 17.308943, 2580.0], [6.869139, 16.99734, 2594.0], [6.7779756, 16.678165, 2608.0], [6.6871004, 16.359995, 2622.0], [6.6296678, 16.007982, 2636.0], [6.544048, 15.6952505, 2650.0], [6.4515967, 15.371569, 2664.0], [6.4213166, 15.019661, 2678.0], [6.375752, 14.700608, 2693.0], [6.3309655, 14.305082, 2706.0], [6.3355007, 13.949761, 2720.0], [6.3355007, 13.5972395, 2734.0], [6.366826, 13.189738, 2748.0], [6.41111, 12.791063, 2762.0], [6.457676, 12.421199, 2776.0], [6.5026073, 12.040154, 2790.0], [6.5481706, 11.6605835, 2804.0], [6.6311884, 11.305211, 2818.0], [6.771377, 10.937125, 2832.0], [6.833481, 10.577205, 2846.0], [6.9705834, 10.241129, 2859.0], [7.104858, 9.92772, 2873.0], [7.240062, 9.612139, 2887.0], [7.396352, 9.256296, 2903.0], [7.577413, 8.967638, 2915.0], [7.7582197, 8.733437, 2929.0], [7.984994, 8.461351, 2943.0], [8.17535, 8.225568, 2958.0], [8.430839, 7.9520035, 2971.0], [8.664395, 7.7545133, 2985.0], [8.887545, 7.531572, 2999.0], [9.117061, 7.392263, 3016.0], [9.31754, 7.2371073, 3032.0], [9.568574, 7.0663567, 3047.0], [9.796629, 6.965403, 3061.0], [10.03949, 6.8461294, 3074.0], [10.283903, 6.781338, 3088.0], [10.543663, 6.7022996, 3103.0], [10.825158, 6.6971292, 3116.0], [11.109574, 6.712547, 3130.0], [11.360163, 6.782101, 3144.0], [11.598583, 6.8726406, 3158.0], [11.826375, 7.006058, 3173.0], [12.037491, 7.156095, 3186.0], [12.241252, 7.3366323, 3200.0]"}