{"Image number":109,"Image shape":2,"Path":"[7.9375806, 8.445421, 0.0], [8.29941, 8.382252, 70.0], [8.515492, 8.337086, 85.0], [8.786157, 8.336153, 100.0], [9.090506, 8.263308, 114.0], [9.478154, 8.237768, 127.0], [9.884735, 8.192578, 141.0], [10.334336, 8.190462, 155.0], [10.760513, 8.190462, 171.0], [11.2123, 8.190462, 184.0], [11.618754, 8.190462, 199.0], [11.981689, 8.190462, 216.0], [12.338413, 8.239931, 227.0], [12.663557, 8.309389, 241.0], [12.966492, 8.431614, 252.0], [13.22883, 8.522157, 266.0], [13.517949, 8.718855, 282.0], [13.704182, 8.896174, 295.0], [13.915743, 9.0773115, 309.0], [14.102468, 9.258165, 325.0], [14.349077, 9.580874, 357.0], [14.438967, 9.789053, 366.0], [14.4930725, 9.981279, 379.0], [14.538408, 10.2095585, 393.0], [14.527958, 10.380936, 406.0], [14.527958, 10.533373, 422.0], [14.491146, 10.742067, 436.0], [14.401673, 10.964813, 451.0], [14.256206, 11.193123, 463.0], [14.092831, 11.420729, 476.0], [13.911716, 11.647195, 490.0], [13.686321, 11.828805, 505.0], [13.410781, 12.059848, 518.0], [13.151169, 12.310789, 532.0], [12.869085, 12.547832, 549.0], [12.555365, 12.767781, 568.0], [12.254848, 12.977483, 584.0], [11.958328, 13.22651, 591.0], [11.672688, 13.454097, 602.0], [11.401333, 13.680299, 615.0], [11.13212, 13.904715, 629.0], [10.894089, 14.133492, 643.0], [10.687901, 14.35795, 658.0], [10.46607, 14.625208, 672.0], [10.290165, 14.846172, 686.0], [10.071523, 15.074037, 714.0], [9.746608, 15.4539585, 728.0], [9.66165, 15.631611, 742.0], [9.591898, 15.832939, 754.0], [9.576073, 16.00062, 769.0], [9.705849, 16.364113, 798.0], [9.980176, 16.652336, 826.0], [10.160841, 16.824852, 841.0], [10.334983, 16.954952, 854.0], [10.594424, 17.131672, 868.0], [10.8938875, 17.267944, 881.0], [11.210066, 17.403494, 895.0], [11.528491, 17.450285, 910.0], [11.950121, 17.531694, 923.0], [12.357549, 17.576979, 936.0], [12.794532, 17.621746, 960.0], [13.245284, 17.660383, 969.0], [13.709326, 17.660383, 979.0], [14.189889, 17.660383, 993.0], [14.71386, 17.660383, 1006.0], [15.214603, 17.57523, 1020.0], [15.650862, 17.537128, 1035.0], [16.2078, 17.467436, 1049.0], [16.674595, 17.409225, 1063.0], [17.161972, 17.323692, 1076.0], [17.667788, 17.231697, 1090.0], [18.187506, 17.177736, 1104.0], [18.698044, 17.087362, 1118.0], [19.194925, 16.99699, 1132.0], [19.687347, 16.907429, 1146.0], [20.190027, 16.852427, 1160.0], [20.686335, 16.73191, 1174.0], [21.183477, 16.635319, 1190.0], [21.722475, 16.54589, 1203.0], [22.192457, 16.513063, 1217.0], [22.739601, 16.371681, 1231.0], [23.24166, 16.23676, 1245.0], [23.55188, 16.101973, 1258.0], [23.812742, 16.021357, 1272.0], [23.976591, 15.948511, 1285.0]"}