{"Image number":37131,"Image shape":7,"Path":"[6.662229, 9.829001, 0.0], [7.086049, 10.1581745, 68.0], [7.5965977, 10.43649, 85.0], [8.348672, 10.812668, 104.0], [9.088899, 11.089289, 119.0], [9.84165, 11.277101, 138.0], [10.859608, 11.180617, 153.0], [11.8899355, 10.945694, 167.0], [13.068577, 10.662501, 184.0], [14.271441, 10.384944, 200.0], [15.398775, 10.245539, 217.0], [16.499767, 10.201668, 233.0], [17.345387, 10.154555, 250.0], [18.188541, 10.107681, 267.0], [18.832733, 9.966555, 283.0], [19.474684, 9.8289, 300.0], [20.039312, 9.734753, 316.0], [20.55192, 9.73576, 334.0], [20.922104, 9.73576, 350.0], [21.104826, 9.969727, 415.0], [21.057487, 10.205714, 432.0], [20.9639, 10.485176, 449.0], [20.776358, 10.81215, 465.0], [20.543392, 11.1848, 482.0], [20.357336, 11.605249, 498.0], [20.123442, 12.025625, 515.0], [19.9372, 12.493661, 531.0], [19.751091, 12.911969, 548.0], [19.566545, 13.421147, 564.0], [19.378132, 13.750252, 581.0], [19.099848, 14.167242, 597.0], [18.724337, 14.495009, 614.0], [18.304306, 14.915887, 630.0], [17.934427, 15.286019, 647.0], [17.561787, 15.705825, 663.0], [17.09229, 16.128149, 680.0], [16.531477, 16.64268, 697.0], [16.020927, 17.107079, 713.0], [15.513182, 17.709112, 730.0], [14.949426, 18.273083, 746.0], [14.394119, 18.82877, 763.0], [13.879873, 19.24946, 779.0], [13.36756, 19.90361, 796.0], [12.809189, 20.555122, 812.0], [12.389605, 21.303272, 829.0], [11.971557, 22.00015, 846.0], [11.549487, 22.798351, 862.0], [11.038246, 23.728197, 879.0], [10.6179695, 24.664145, 895.0], [10.340285, 25.548172, 912.0], [10.097258, 26.326485, 928.0], [9.962908, 26.825302, 945.0]"}