{"Image number":36912,"Image shape":3,"Path":"[12.765391, 5.912827, 0.0], [13.329843, 5.725361, 53.0], [14.122333, 5.773307, 69.0], [15.28628, 6.1007357, 86.0], [16.132719, 6.8093996, 103.0], [16.687923, 7.8882813, 119.0], [16.866346, 9.0434475, 136.0], [16.535835, 10.166554, 152.0], [15.883022, 11.093253, 169.0], [14.711409, 11.793526, 185.0], [13.502125, 12.209691, 202.0], [12.338346, 12.394403, 218.0], [11.454678, 12.53401, 235.0], [10.898162, 12.533028, 251.0], [11.092665, 12.533028, 301.0], [11.886437, 12.486039, 318.0], [13.0671625, 12.628941, 334.0], [14.552374, 13.003391, 351.0], [16.194353, 13.568288, 367.0], [17.845617, 14.212176, 384.0], [19.204025, 14.868603, 400.0], [20.18449, 15.618752, 417.0], [20.597675, 16.412655, 433.0], [20.687508, 17.40248, 450.0], [20.35598, 18.465155, 466.0], [19.693804, 19.595722, 483.0], [18.714869, 20.660358, 500.0], [17.40801, 21.636368, 516.0], [15.680023, 22.426123, 533.0], [13.72042, 22.982834, 549.0], [11.671673, 23.21179, 566.0], [9.860525, 23.25631, 582.0], [8.399739, 23.065159, 599.0], [7.3012304, 22.380262, 615.0], [6.768821, 21.77467, 632.0]"}