{"Image number":30289,"Image shape":6,"Path":"[12.815534, 4.847329, 0.0], [12.657407, 4.847329, 51.0], [12.57795, 5.0088673, 69.0], [12.357635, 5.3091273, 87.0], [12.149693, 5.981996, 105.0], [11.914732, 6.7818103, 122.0], [11.5383005, 8.217205, 140.0], [11.43986, 9.473358, 158.0], [11.297474, 10.95089, 176.0], [11.300971, 12.150927, 193.0], [11.300971, 13.377764, 211.0], [11.300971, 14.529191, 229.0], [11.300971, 15.520399, 247.0], [11.358757, 16.45951, 264.0], [11.522746, 17.502197, 282.0], [11.843604, 18.401138, 300.0], [12.299408, 19.22069, 318.0], [12.757567, 19.930397, 335.0], [13.067107, 20.474863, 353.0], [13.354495, 20.89705, 371.0], [13.729343, 21.353874, 389.0], [14.121376, 21.6998, 406.0], [14.6376095, 21.962927, 424.0], [15.1084385, 22.173386, 442.0], [15.604153, 22.292934, 460.0], [16.359861, 22.230282, 477.0], [17.130672, 22.008358, 495.0], [18.374596, 21.320107, 513.0], [19.40485, 20.41538, 531.0], [20.158413, 19.43628, 549.0], [20.595436, 18.573105, 566.0], [20.929092, 17.622675, 584.0], [21.190447, 16.762302, 602.0], [21.28917, 15.996672, 620.0], [21.281553, 15.347125, 637.0], [21.281553, 14.584005, 655.0], [21.281553, 13.963121, 673.0], [21.281553, 13.411692, 691.0], [21.281553, 12.835133, 708.0], [21.23549, 12.243069, 726.0], [21.032032, 11.769956, 744.0], [20.587725, 11.366077, 762.0], [20.047802, 11.021727, 779.0], [19.282667, 11.06045, 797.0], [18.345652, 11.310991, 815.0], [17.402729, 11.717927, 833.0], [15.924707, 12.7782755, 850.0], [14.571522, 13.985175, 868.0], [13.389437, 15.407438, 886.0], [12.666681, 16.492626, 904.0], [12.246019, 17.4373, 921.0], [11.98457, 18.274553, 939.0], [11.887007, 18.744625, 957.0], [11.805825, 19.088926, 975.0], [11.805825, 19.363586, 993.0], [12.932039, 5.0027623, 0.0], [12.715828, 5.3577323, 103.0], [12.471168, 5.73077, 121.0], [12.197156, 6.315005, 138.0], [11.95022, 6.902328, 156.0], [11.690906, 7.679243, 174.0], [11.456268, 8.344769, 192.0], [11.2096405, 9.07192, 209.0], [10.947094, 9.833225, 227.0], [10.688225, 10.638385, 245.0], [10.42716, 11.540793, 263.0], [10.20602, 12.294562, 280.0], [10.135922, 13.185607, 298.0], [10.135922, 14.19881, 316.0], [10.177153, 15.180792, 334.0], [10.303823, 16.179152, 351.0], [10.558823, 16.997192, 369.0], [10.774719, 17.740438, 387.0], [10.969177, 18.306713, 405.0], [11.094875, 18.736359, 423.0], [11.366728, 19.49336, 440.0], [11.766109, 20.178534, 458.0], [12.281977, 20.732445, 476.0], [12.709137, 21.272068, 494.0], [13.102118, 21.575264, 511.0], [13.538074, 21.8179, 529.0], [14.057741, 21.964384, 547.0], [14.583054, 22.058956, 565.0], [15.090325, 22.022799, 582.0], [15.878386, 21.871532, 600.0], [16.690924, 21.598307, 618.0], [17.392557, 21.241066, 636.0], [18.172009, 20.755255, 653.0], [18.914743, 20.311672, 671.0], [19.61753, 19.711966, 689.0], [20.09946, 19.188965, 707.0], [20.436275, 18.744125, 724.0], [20.656433, 18.165777, 742.0], [20.862648, 17.404358, 760.0], [20.97685, 16.827707, 778.0], [21.00971, 16.3713, 795.0], [21.065746, 16.030245, 813.0], [21.092472, 15.69714, 831.0], [21.08738, 15.415833, 849.0], [21.08738, 15.030943, 867.0], [21.126213, 14.638368, 884.0], [21.126213, 14.241089, 902.0], [21.126213, 13.857834, 920.0], [21.079647, 13.512965, 938.0], [20.902845, 13.075414, 955.0], [20.61372, 12.784342, 973.0], [20.254725, 12.503988, 991.0], [19.940208, 12.3577585, 1009.0], [19.591854, 12.2238455, 1026.0], [19.199123, 12.142224, 1044.0], [18.580877, 12.113874, 1062.0], [18.056087, 12.17729, 1080.0], [17.584202, 12.242699, 1097.0], [17.011353, 12.462942, 1115.0], [16.293049, 12.711836, 1133.0], [15.581343, 12.983323, 1151.0], [15.056488, 13.365955, 1168.0], [14.537698, 13.87654, 1186.0], [13.964232, 14.622633, 1204.0], [13.369182, 15.615624, 1222.0], [12.924952, 16.422676, 1239.0], [12.523384, 17.206118, 1257.0], [12.293397, 17.744087, 1275.0], [12.132965, 18.212345, 1293.0], [12.05935, 18.65385, 1311.0], [12.07767, 18.8989, 1328.0]"}