{"Image number":36578,"Image shape":6,"Path":"[11.088186, 4.0946016, 0.0], [10.855241, 4.1412225, 35.0], [10.153948, 4.7494297, 52.0], [9.076932, 5.8275156, 68.0], [8.053382, 7.2740297, 85.0], [7.4467025, 8.633682, 101.0], [7.2647634, 10.086336, 118.0], [7.3150015, 11.759397, 134.0], [7.6916313, 13.391662, 151.0], [8.442543, 14.883959, 167.0], [9.4242735, 16.18721, 184.0], [10.529677, 17.288946, 201.0], [11.711946, 18.32999, 217.0], [13.015232, 19.164099, 234.0], [14.375244, 19.960938, 250.0], [15.914942, 20.46799, 267.0], [17.627472, 20.835232, 283.0], [19.468521, 20.978367, 300.0], [20.652998, 20.971455, 316.0], [27.90682, 14.63098, 0.0], [26.50915, 13.83842, 37.0], [24.659058, 12.794058, 54.0], [22.46556, 11.769788, 70.0], [21.136797, 11.598587, 87.0], [19.785242, 11.930599, 103.0], [18.245443, 12.634209, 120.0], [16.85467, 13.612709, 137.0], [15.682315, 14.694338, 153.0], [14.850375, 15.859141, 170.0], [9.6905155, 5.2135086, 0.0], [9.597338, 5.4466147, 36.0], [8.291988, 7.9193635, 76.0], [7.7337294, 9.782539, 91.0], [7.593529, 11.606852, 104.0], [7.7345886, 13.523176, 120.0], [8.110743, 15.398198, 137.0], [8.954415, 16.885382, 153.0], [9.977158, 18.183239, 169.0], [11.093712, 19.15807, 188.0], [12.120853, 20.045692, 202.0], [13.187375, 20.693363, 218.0], [14.404766, 21.16131, 235.0], [15.855183, 21.39345, 251.0], [17.568491, 21.437786, 268.0], [19.282682, 21.198803, 285.0], [20.62217, 20.632757, 303.0], [21.872692, 19.790955, 318.0], [22.70425, 18.713951, 336.0], [23.541151, 17.501692, 351.0], [23.954033, 16.28829, 367.0], [24.325861, 15.2186575, 384.0], [24.225147, 14.387586, 400.0], [23.803127, 13.645063, 417.0], [22.961075, 13.087604, 433.0], [21.931288, 12.667922, 450.0], [20.770695, 12.438184, 466.0], [19.700108, 12.392858, 483.0], [18.576393, 12.534607, 500.0], [17.50572, 12.862955, 516.0], [16.392038, 13.328629, 533.0], [15.499899, 14.036156, 549.0], [14.752678, 14.834518, 566.0], [14.390982, 15.809703, 582.0], [14.199417, 16.681763, 599.0], [14.16044, 17.275862, 615.0]"}