{"Image number":38167,"Image shape":3,"Path":"[6.4292846, 11.227636, 0.0], [6.758665, 10.851407, 53.0], [7.3169565, 10.245901, 70.0], [8.205372, 9.497848, 86.0], [9.045689, 8.891217, 103.0], [9.980345, 8.472351, 119.0], [10.913794, 8.052011, 136.0], [12.02093, 7.7307687, 152.0], [13.241367, 7.4489946, 169.0], [14.536846, 7.311344, 185.0], [15.703966, 7.31146, 202.0], [16.684431, 7.4990053, 218.0], [17.471926, 7.9180894, 235.0], [18.171509, 8.431684, 252.0], [18.684227, 8.945234, 268.0], [19.05884, 9.414328, 285.0], [19.243155, 9.833257, 301.0], [19.335186, 10.298931, 318.0], [19.240692, 10.811189, 334.0], [19.052887, 11.37357, 351.0], [18.537254, 11.979694, 367.0], [17.738438, 12.588816, 384.0], [16.631805, 13.279262, 401.0], [15.507635, 13.982353, 417.0], [14.297372, 14.587088, 434.0], [13.404694, 14.962781, 450.0], [12.662595, 15.19344, 467.0], [12.198859, 15.237801, 483.0], [11.971962, 15.330862, 500.0], [12.253702, 15.330296, 533.0], [12.628349, 15.330296, 550.0], [13.23815, 15.330296, 566.0], [13.980528, 15.236575, 582.0], [15.012398, 15.095726, 599.0], [16.174871, 14.862388, 616.0], [17.249557, 14.722704, 632.0], [18.278198, 14.771538, 649.0], [18.96796, 14.958989, 665.0], [19.576471, 15.288569, 682.0], [19.803705, 15.756638, 698.0], [19.988565, 16.267885, 715.0], [19.939703, 16.873943, 731.0], [19.422964, 18.324533, 764.0], [18.862862, 19.114676, 781.0], [18.206097, 19.958921, 798.0], [17.419827, 20.695934, 814.0], [16.581278, 21.347858, 831.0], [15.5025425, 22.051311, 847.0], [14.432709, 22.655405, 864.0], [13.275422, 23.163725, 880.0], [12.059864, 23.397041, 897.0], [10.852921, 23.442465, 913.0], [9.679514, 23.160006, 930.0], [8.792703, 22.54793, 946.0]"}