{"Image number":10862,"Image shape":8,"Path":"[14.311111, 8.205556, 0.0], [14.038303, 8.205556, 20.0], [13.364405, 8.205556, 37.0], [12.90517, 8.250049, 54.0], [12.51491, 8.5938635, 87.0], [12.347935, 8.858997, 104.0], [12.188739, 9.066967, 120.0], [11.904509, 9.418063, 154.0], [11.822223, 9.736293, 187.0], [11.822223, 9.894694, 204.0], [11.919113, 10.110449, 221.0], [12.028402, 10.329028, 237.0], [12.241797, 10.608463, 271.0], [12.353643, 10.77213, 288.0], [12.484424, 10.994046, 304.0], [12.685792, 11.289801, 321.0], [12.832225, 11.535192, 338.0], [13.161037, 11.935086, 354.0], [13.597455, 12.433592, 371.0], [14.097221, 13.047222, 388.0], [14.734392, 13.61056, 404.0], [15.470289, 14.293046, 421.0], [16.268469, 14.960209, 438.0], [16.924934, 15.602712, 455.0], [17.514801, 16.395939, 471.0], [17.968075, 17.373344, 488.0], [18.417822, 18.411076, 505.0], [18.738274, 19.558954, 522.0], [18.847294, 20.518738, 538.0], [18.90942, 21.51955, 555.0], [18.9, 22.283333, 572.0], [18.616844, 22.746954, 588.0], [18.195366, 23.231602, 605.0], [17.682255, 23.488466, 622.0], [16.904694, 23.68558, 639.0], [15.971472, 23.794533, 655.0], [14.964806, 23.800001, 672.0], [13.870091, 23.610685, 689.0], [12.933216, 23.275888, 706.0], [11.851701, 22.731808, 722.0], [10.965623, 22.039429, 739.0], [10.37206, 21.178724, 756.0], [10.034296, 20.303082, 772.0], [9.979277, 19.435093, 789.0], [10.210834, 18.552635, 806.0], [10.586668, 17.754442, 822.0], [11.243685, 16.828854, 839.0], [11.882177, 15.916357, 856.0], [12.530903, 15.143576, 872.0], [13.2042465, 14.507191, 889.0], [13.836641, 13.929314, 906.0], [14.521263, 13.297464, 923.0], [15.083489, 12.78643, 940.0], [15.719737, 12.123988, 956.0], [16.256384, 11.479006, 973.0], [16.522732, 10.950398, 989.0], [16.7945, 10.433224, 1006.0], [16.994444, 10.033333, 1023.0], [17.102856, 9.526045, 1040.0], [17.11111, 9.018068, 1056.0], [16.936111, 8.672222, 1073.0], [16.245562, 8.222893, 1090.0], [15.634069, 7.940739, 1107.0], [15.03163, 7.904274, 1123.0], [14.588688, 7.8513637, 1140.0], [13.980556, 7.9138885, 1157.0]"}