{"Image number":10485,"Image shape":7,"Path":"[10.694445, 7.5055556, 0.0], [10.888889, 7.5055556, 29.0], [11.530556, 7.563889, 46.0], [12.404635, 7.730489, 62.0], [13.803124, 7.8761272, 79.0], [15.361111, 7.9138885, 96.0], [17.091026, 7.6750913, 113.0], [18.50599, 7.3976903, 129.0], [18.945465, 7.282393, 146.0], [18.282118, 7.6501503, 196.0], [17.326706, 8.617211, 213.0], [16.13889, 10.150001, 230.0], [15.157839, 12.074979, 246.0], [14.330357, 13.993982, 263.0], [13.8277235, 16.255804, 280.0], [13.597034, 18.291143, 296.0], [13.504103, 19.727346, 313.0], [13.533333, 21.176367, 330.0], [13.487325, 22.263052, 346.0], [13.394193, 22.980799, 363.0], [13.340197, 23.553587, 380.0], [13.338889, 23.771484, 397.0], [13.3, 24.068409, 413.0]"}