{"Image number":10278,"Image shape":3,"Path":"[8.983334, 7.0, 0.0], [9.77453, 6.831367, 44.0], [10.650222, 6.6747518, 60.0], [11.798842, 6.478221, 77.0], [12.925195, 6.3202095, 94.0], [14.071159, 6.3716135, 110.0], [14.990094, 6.626418, 127.0], [15.621915, 7.0791674, 144.0], [16.031527, 7.516189, 161.0], [16.37321, 8.107251, 177.0], [16.57415, 8.769473, 194.0], [16.605555, 9.429945, 211.0], [16.318947, 10.346697, 228.0], [15.785553, 11.218521, 244.0], [15.03975, 12.2924185, 261.0], [14.167848, 13.1321535, 278.0], [13.319613, 13.867181, 294.0], [12.445229, 14.470989, 311.0], [11.686123, 14.725424, 328.0], [11.110899, 14.865599, 344.0], [10.752778, 14.913889, 361.0], [11.042721, 14.817242, 428.0], [11.458696, 14.661322, 444.0], [12.212073, 14.534542, 461.0], [13.195152, 14.413501, 478.0], [14.175001, 14.369444, 495.0], [15.255578, 14.314444, 511.0], [16.479744, 14.311111, 528.0], [17.36825, 14.311111, 545.0], [18.147078, 14.311111, 561.0], [18.857347, 14.36467, 578.0], [19.442638, 14.520569, 595.0], [19.848888, 14.684443, 611.0], [20.027779, 14.836111, 628.0], [20.4118, 15.276523, 645.0], [20.560152, 15.905106, 661.0], [20.485819, 16.862503, 678.0], [20.258036, 18.019096, 695.0], [19.872978, 19.28085, 711.0], [19.223598, 20.569723, 728.0], [18.611452, 21.95276, 745.0], [18.208397, 22.989792, 762.0], [17.782745, 23.689737, 778.0], [17.20251, 24.19542, 795.0], [16.37298, 24.460958, 811.0], [15.473821, 24.541409, 828.0], [14.455053, 24.483015, 845.0], [13.331461, 24.011986, 862.0], [12.126503, 23.42714, 878.0], [10.986111, 22.711111, 895.0], [9.974425, 22.105225, 912.0], [9.183298, 21.603548, 928.0], [8.575, 21.116667, 945.0]"}