{"Image number":39027,"Image shape":5,"Path":"[22.782028, 7.6378083, 0.0], [22.263792, 7.7787204, 53.0], [21.380896, 7.8712783, 70.0], [20.013334, 8.012843, 86.0], [18.582264, 8.198133, 103.0], [17.030294, 8.528129, 119.0], [14.194575, 9.039796, 152.0], [13.032894, 9.130648, 169.0], [11.589306, 9.316927, 202.0], [11.079524, 9.363578, 219.0], [10.711662, 9.409889, 235.0], [10.482233, 9.78386, 268.0], [10.435641, 10.016982, 285.0], [10.43594, 10.297027, 301.0], [10.529641, 10.717159, 318.0], [10.904548, 12.406763, 351.0], [11.043382, 13.337497, 368.0], [11.181793, 14.214106, 385.0], [11.321776, 15.007603, 401.0], [11.461287, 15.658458, 417.0], [11.601283, 16.124914, 434.0], [11.741717, 16.452204, 450.0], [12.347666, 16.869244, 500.0], [12.819664, 16.963573, 517.0], [14.173981, 17.29057, 550.0], [14.822887, 17.477037, 566.0], [15.749244, 18.036211, 599.0], [15.983432, 18.412735, 616.0], [16.073643, 18.87566, 632.0], [16.120338, 19.392265, 649.0], [16.1198, 19.997139, 665.0], [15.979825, 20.646072, 682.0], [15.653671, 21.251625, 698.0], [15.135811, 21.769636, 715.0], [14.530633, 22.422249, 732.0], [13.777524, 22.985786, 748.0], [12.947185, 23.304287, 765.0], [12.098689, 23.39736, 781.0], [11.225063, 23.255436, 798.0], [10.429602, 23.067911, 814.0], [9.497678, 22.553005, 831.0], [8.604601, 21.893284, 847.0], [7.581313, 20.912704, 864.0]"}