{"Image number":39314,"Image shape":7,"Path":"[9.97005, 10.248591, 0.0], [10.156405, 10.015486, 120.0], [10.771216, 9.400251, 137.0], [11.424133, 8.888857, 153.0], [12.394834, 8.476719, 186.0], [12.861328, 8.430091, 203.0], [13.281381, 8.52439, 219.0], [13.699306, 8.617326, 236.0], [14.167919, 8.899496, 252.0], [14.822063, 9.132099, 269.0], [15.524157, 9.5079975, 286.0], [16.311533, 9.737342, 302.0], [17.055227, 10.063704, 319.0], [17.80091, 10.202703, 335.0], [18.266428, 10.342895, 352.0], [18.590612, 10.435533, 369.0], [18.448559, 10.949124, 435.0], [18.02958, 11.507856, 451.0], [17.51723, 12.300297, 468.0], [17.003399, 13.141706, 484.0], [15.975915, 15.199423, 517.0], [15.557557, 16.505707, 534.0], [15.231011, 17.76848, 550.0], [14.952696, 18.93004, 567.0], [14.674637, 19.995878, 583.0], [14.442435, 21.018782, 600.0], [14.254269, 21.960358, 616.0], [14.115697, 22.841211, 633.0], [14.022769, 23.633316, 650.0], [13.92957, 24.19159, 666.0], [13.883307, 24.563034, 683.0], [13.789154, 24.844597, 699.0], [13.743107, 25.077387, 716.0], [13.650583, 25.307219, 798.0], [13.886428, 24.882551, 964.0], [14.496431, 24.085587, 981.0], [14.959946, 23.623985, 997.0], [15.2374935, 23.346245, 1014.0], [14.671494, 23.396204, 1229.0], [13.443891, 23.395754, 1245.0], [11.984551, 23.44511, 1262.0], [10.885633, 23.393137, 1278.0]"}