{"Image number":314,"Image shape":4,"Path":"[10.377113, 6.332902, 0.0], [10.322806, 6.7131677, 88.0], [10.213838, 7.0226407, 102.0], [10.123546, 7.4554644, 117.0], [10.033531, 7.9056807, 131.0], [9.943081, 8.464447, 145.0], [9.827004, 9.06957, 159.0], [9.692509, 9.720615, 173.0], [9.599122, 10.403229, 187.0], [9.458737, 11.071963, 202.0], [9.347677, 11.779753, 217.0], [9.2570305, 12.491924, 234.0], [9.166067, 13.137529, 243.0], [9.026013, 13.719329, 257.0], [9.029909, 14.19401, 270.0], [9.029909, 14.596992, 284.0], [9.1101, 14.958161, 298.0], [9.2490225, 15.2213545, 312.0], [9.563854, 15.393034, 326.0], [9.92531, 15.498614, 340.0], [10.400532, 15.588543, 355.0], [10.89542, 15.631419, 369.0], [11.543472, 15.657129, 384.0], [12.187454, 15.685019, 399.0], [12.859241, 15.693964, 416.0], [13.534602, 15.739003, 425.0], [14.182417, 15.784638, 439.0], [14.798721, 15.884275, 452.0], [15.394491, 15.983806, 466.0], [15.939301, 16.119347, 480.0], [16.460953, 16.249804, 495.0], [16.896688, 16.389833, 508.0], [17.313942, 16.559847, 523.0], [17.674849, 16.73938, 536.0], [17.981255, 16.918236, 550.0], [18.27806, 17.101748, 564.0], [18.484127, 17.250261, 578.0], [18.665281, 17.386173, 592.0], [18.83383, 17.47827, 620.0], [19.06517, 17.299175, 664.0], [19.121153, 17.082273, 686.0], [19.302183, 16.477274, 709.0], [19.417465, 16.015728, 722.0], [19.503418, 15.469965, 733.0], [19.610207, 14.882339, 745.0], [19.73788, 14.220833, 761.0], [19.78106, 13.541341, 775.0], [19.880934, 12.8665085, 789.0], [19.94398, 12.216612, 802.0], [20.025532, 11.581119, 816.0], [20.115154, 10.953531, 831.0], [20.221924, 10.42963, 845.0], [20.332123, 9.937431, 858.0], [20.422384, 9.52033, 872.0], [20.512424, 9.200953, 886.0], [20.693186, 9.088714, 913.0], [20.759409, 9.537969, 941.0], [20.740406, 9.9451475, 957.0], [20.717815, 10.486648, 970.0], [20.655212, 11.0742655, 988.0], [20.485888, 12.374178, 1001.0], [20.402023, 12.902661, 1014.0], [20.165714, 14.032569, 1025.0], [19.955683, 14.978567, 1040.0], [19.761763, 15.534868, 1053.0], [19.629213, 16.031977, 1067.0], [19.418684, 16.639347, 1082.0], [19.164913, 17.254213, 1095.0], [18.855284, 17.890076, 1109.0], [18.588009, 18.515772, 1124.0], [18.242632, 19.133858, 1138.0], [17.971762, 19.720938, 1151.0], [17.701208, 20.27182, 1165.0], [17.387545, 20.811272, 1179.0], [17.086327, 21.392712, 1193.0], [16.840536, 21.93525, 1207.0], [16.61428, 22.47844, 1221.0], [16.43238, 23.017782, 1235.0], [16.304373, 23.504202, 1249.0]"}