{"Image number":10233,"Image shape":8,"Path":"[20.416668, 7.8944445, 0.0], [19.262844, 7.8044167, 30.0], [18.015944, 7.777778, 46.0], [17.098555, 7.777778, 63.0], [15.633333, 7.952778, 80.0], [14.471234, 8.472633, 97.0], [13.35408, 9.080209, 113.0], [12.463889, 9.780556, 130.0], [11.958593, 10.696114, 147.0], [11.631008, 11.554348, 163.0], [11.521657, 12.756868, 180.0], [11.641436, 14.074926, 197.0], [12.152779, 15.361111, 214.0], [12.892828, 16.506302, 230.0], [13.765063, 17.828152, 247.0], [14.328423, 19.01892, 264.0], [14.501364, 20.02893, 280.0], [14.558998, 20.921757, 297.0], [14.514961, 21.48928, 314.0], [14.291535, 21.925766, 330.0], [13.668788, 22.376186, 347.0], [12.785786, 22.706797, 364.0], [12.2057495, 22.89161, 380.0], [11.238889, 23.158333, 397.0], [10.772535, 23.177742, 414.0], [10.229236, 23.232075, 431.0], [9.550476, 22.891718, 447.0], [9.042533, 22.420311, 464.0], [8.66716, 21.650988, 481.0], [8.705, 20.61056, 497.0], [9.094602, 19.535719, 514.0], [9.801286, 18.411959, 531.0], [10.603641, 17.269348, 547.0], [11.49819, 16.168575, 564.0], [12.6600065, 15.018419, 581.0], [14.024927, 13.749639, 597.0], [15.19825, 12.568415, 614.0], [16.06105, 11.604519, 631.0], [16.731932, 10.621547, 648.0]"}