{"Image number":36013,"Image shape":9,"Path":"[19.660564, 8.337125, 0.0], [17.782473, 8.900546, 86.0], [16.671408, 9.365902, 103.0], [15.694231, 9.831988, 119.0], [14.80749, 10.346362, 136.0], [14.017141, 10.905634, 153.0], [13.460007, 11.417991, 169.0], [13.183662, 11.975636, 186.0], [13.184691, 12.30103, 203.0], [13.42033, 12.630043, 219.0], [13.933969, 12.814157, 235.0], [14.735422, 12.907562, 252.0], [15.620349, 12.858688, 268.0], [16.552107, 12.670287, 285.0], [17.44005, 12.2932825, 301.0], [18.278091, 11.7303295, 318.0], [18.967354, 10.988527, 336.0], [19.527708, 10.144977, 351.0], [19.851065, 9.25829, 368.0], [20.03431, 8.6132345, 384.0], [20.17435, 8.146284, 401.0], [20.031927, 7.9170856, 434.0], [19.704905, 8.152246, 450.0], [19.23582, 8.669464, 467.0], [18.770418, 9.51158, 483.0], [18.307266, 10.43951, 500.0], [17.794353, 11.559772, 517.0], [17.275257, 12.882983, 533.0], [16.722097, 14.266417, 550.0], [16.160408, 15.624485, 566.0], [15.554455, 16.976046, 583.0], [14.950242, 18.183855, 599.0], [14.344356, 19.255432, 616.0], [13.739259, 20.279762, 632.0], [13.132033, 21.308079, 649.0], [12.623959, 22.373571, 665.0], [12.107115, 23.313484, 682.0], [11.59959, 24.19017, 699.0], [11.224324, 24.941513, 715.0]"}