{"Image number":36480,"Image shape":5,"Path":"[18.542429, 8.383746, 0.0], [17.787493, 8.194882, 53.0], [16.898539, 7.913341, 69.0], [15.925967, 7.588694, 86.0], [15.274669, 7.402835, 102.0], [14.766663, 7.357894, 119.0], [14.442578, 7.544576, 135.0], [14.160727, 8.06168, 152.0], [13.787462, 8.903079, 168.0], [13.463497, 9.971265, 185.0], [13.088114, 11.145023, 202.0], [12.76432, 12.350526, 218.0], [12.438238, 13.328672, 235.0], [12.252207, 13.980752, 251.0], [12.206161, 14.258983, 268.0], [12.25369, 14.447612, 284.0], [12.488872, 14.586166, 301.0], [12.953924, 14.771713, 317.0], [13.613266, 14.865412, 334.0], [14.409674, 15.053787, 351.0], [15.053824, 15.332685, 367.0], [15.664197, 15.851838, 384.0], [16.170479, 16.454039, 400.0], [16.731188, 17.06149, 417.0], [17.152327, 17.624832, 433.0], [17.381496, 18.183294, 450.0], [17.33031, 18.790707, 466.0], [17.000818, 19.299654, 483.0], [16.48719, 19.81125, 499.0], [15.690729, 20.325085, 516.0], [14.756254, 20.696718, 533.0], [13.641014, 21.067888, 549.0], [12.471782, 21.253433, 566.0], [11.437476, 21.346554, 582.0], [10.622734, 21.39376, 599.0], [10.226857, 21.391045, 615.0]"}