{"Image number":30844,"Image shape":8,"Path":"[15.572817, 13.590499, 0.0], [15.770757, 13.590499, 114.0], [16.021, 13.844663, 167.0], [16.229137, 13.937639, 185.0], [16.50393, 14.0642, 202.0], [16.845215, 14.253368, 220.0], [17.323162, 14.407451, 238.0], [17.579948, 14.523597, 256.0], [17.844107, 14.668545, 273.0], [18.101831, 14.917623, 291.0], [18.365229, 15.208208, 309.0], [18.571247, 15.479515, 327.0], [18.80684, 15.985903, 344.0], [19.002235, 16.58857, 362.0], [19.197102, 17.220581, 380.0], [19.063955, 18.126144, 398.0], [18.997435, 19.015488, 415.0], [18.932041, 19.749577, 433.0], [18.90482, 20.344425, 451.0], [18.878773, 20.894854, 469.0], [18.792221, 21.29618, 486.0], [18.612537, 21.69073, 505.0], [18.38368, 22.043211, 522.0], [18.120535, 22.387924, 540.0], [17.758268, 22.700378, 558.0], [17.45691, 22.751097, 575.0], [17.143671, 22.799969, 593.0], [16.777172, 22.799969, 611.0], [16.305943, 22.799969, 629.0], [15.799073, 22.799969, 646.0], [15.195933, 22.690262, 664.0], [14.537511, 22.561697, 682.0], [13.904994, 22.392475, 700.0], [13.338533, 22.264305, 717.0], [12.750291, 22.011475, 735.0], [12.3942995, 21.8255, 753.0], [12.067468, 21.563873, 771.0], [11.656783, 21.25193, 788.0], [11.238315, 20.929577, 806.0], [10.718447, 20.604462, 824.0], [10.321503, 20.317982, 842.0], [9.934337, 20.028357, 860.0], [9.61165, 19.710716, 877.0], [9.358843, 19.380035, 895.0], [9.136332, 19.008707, 913.0], [9.002701, 18.65993, 931.0], [8.8239975, 18.319443, 948.0], [8.7024765, 17.877007, 966.0], [8.699029, 17.44736, 984.0], [8.699029, 17.007523, 1002.0], [8.699029, 16.545097, 1019.0], [8.752453, 16.123499, 1037.0], [8.88332, 15.665185, 1055.0], [9.134872, 15.04763, 1073.0], [9.523806, 14.470375, 1090.0], [9.923379, 13.981097, 1109.0], [10.154273, 13.685039, 1126.0], [10.408609, 13.404865, 1144.0], [10.613716, 13.190132, 1162.0], [10.729077, 13.030526, 1179.0], [10.994034, 12.848442, 1197.0], [11.371325, 12.585058, 1215.0], [11.718464, 12.451936, 1233.0], [12.122195, 12.247031, 1250.0], [12.454578, 12.110682, 1268.0], [12.780255, 11.980331, 1286.0], [13.181267, 11.810549, 1304.0], [13.5953, 11.579641, 1321.0], [14.005344, 11.333139, 1339.0], [14.433875, 11.186729, 1357.0], [14.827175, 10.990866, 1375.0], [15.169234, 10.742702, 1392.0], [15.378754, 10.598333, 1410.0], [15.5475235, 10.429405, 1428.0], [15.728508, 10.3002405, 1446.0], [15.886574, 10.089125, 1463.0], [16.084478, 9.959161, 1481.0], [16.335478, 9.718693, 1499.0], [16.635267, 9.499221, 1517.0], [16.966072, 9.273274, 1534.0], [17.29235, 9.068652, 1552.0], [17.538076, 8.826227, 1570.0], [17.76567, 8.605413, 1588.0], [17.961151, 8.461182, 1606.0], [18.034216, 8.237265, 1623.0], [18.164307, 8.015782, 1641.0], [18.27304, 7.837042, 1659.0], [18.338495, 7.6115294, 1676.0], [18.36893, 7.427393, 1694.0], [18.407768, 7.159116, 1730.0], [18.446602, 6.988765, 1748.0], [18.446602, 6.6892357, 1783.0], [18.407986, 6.480259, 1801.0], [18.381725, 6.3234982, 1819.0], [18.26483, 6.128844, 1836.0], [18.069633, 5.852955, 1872.0], [17.818907, 5.621329, 1907.0], [17.65994, 5.4786944, 1925.0], [17.405657, 5.356292, 1943.0], [17.189678, 5.2264385, 1961.0], [17.031555, 5.126624, 1979.0], [16.723858, 4.9957542, 2014.0], [16.441565, 4.886187, 2049.0], [16.197527, 4.838453, 2067.0], [15.78774, 4.8119307, 2085.0], [15.431265, 4.80847, 2103.0], [15.137696, 4.80847, 2121.0], [14.880227, 4.80847, 2138.0], [14.566537, 4.80847, 2156.0], [14.0163355, 4.912778, 2174.0], [13.438793, 5.1187677, 2192.0], [12.904063, 5.30187, 2209.0], [12.501163, 5.4573436, 2227.0], [12.26564, 5.548334, 2245.0], [12.07227, 5.6522045, 2263.0], [11.878086, 5.7705884, 2280.0], [11.598691, 5.9450927, 2298.0], [11.347265, 6.2387724, 2316.0], [11.020538, 6.5095773, 2334.0], [10.77646, 6.809924, 2351.0], [10.585005, 7.142323, 2369.0], [10.447569, 7.3522553, 2387.0], [10.36203, 7.6270056, 2405.0], [10.296688, 7.890008, 2422.0], [10.23301, 8.092018, 2440.0], [10.213593, 8.46933, 2458.0], [10.213593, 8.754265, 2476.0], [10.213593, 9.002666, 2493.0], [10.263171, 9.2813425, 2511.0], [10.365868, 9.656588, 2529.0], [10.490885, 9.931991, 2547.0], [10.629326, 10.225746, 2565.0], [10.756642, 10.557932, 2582.0], [10.887415, 10.846205, 2600.0], [11.018174, 11.120494, 2618.0], [11.104991, 11.295134, 2636.0], [11.240164, 11.55375, 2653.0], [11.530455, 11.769798, 2671.0], [11.945303, 12.046007, 2689.0], [12.401123, 12.271061, 2707.0], [12.958804, 12.582103, 2724.0], [14.000861, 12.989886, 2742.0], [14.944461, 13.289412, 2760.0], [15.650487, 13.51278, 2775.0]"}