{"Image number":37062,"Image shape":9,"Path":"[19.567387, 5.6330986, 0.0], [17.663462, 6.608905, 70.0], [16.221893, 7.724144, 86.0], [14.911136, 8.987263, 103.0], [13.839592, 10.384993, 119.0], [13.091741, 11.740056, 136.0], [12.76351, 12.959607, 152.0], [12.718014, 13.900792, 169.0], [13.049319, 14.593782, 185.0], [13.611109, 15.009289, 202.0], [14.451067, 15.239408, 219.0], [15.2920475, 15.237055, 235.0], [16.221146, 15.095964, 251.0], [17.070152, 14.620653, 268.0], [17.90046, 13.828707, 285.0], [18.553413, 12.842887, 301.0], [19.065954, 11.811603, 318.0], [19.480814, 10.839242, 334.0], [19.710367, 9.673065, 351.0], [19.943443, 8.696038, 367.0], [20.129513, 7.8571444, 384.0], [20.267254, 7.3542995, 400.0], [20.31345, 6.932751, 417.0], [20.31281, 6.658041, 450.0], [19.846779, 7.4982133, 533.0], [19.33102, 8.483527, 549.0], [18.773746, 9.59915, 566.0], [18.352991, 10.676062, 582.0], [17.981056, 11.700189, 599.0], [17.65598, 12.863876, 615.0], [17.184246, 14.042667, 632.0], [16.578966, 15.250513, 649.0], [15.973278, 16.462723, 665.0], [15.36404, 17.68204, 682.0], [14.713982, 18.69983, 698.0], [13.968887, 19.723436, 715.0], [13.178627, 20.55829, 731.0], [12.387537, 21.490337, 748.0], [11.553472, 22.32407, 764.0], [10.70637, 23.124632, 781.0], [9.774519, 23.775148, 797.0], [8.849018, 24.329912, 814.0], [8.00841, 24.703323, 831.0], [20.173044, 6.099311, 0.0], [19.797783, 6.286646, 69.0], [19.14048, 6.52162, 88.0], [18.246595, 6.898737, 102.0], [17.127142, 7.3654246, 119.0], [16.062849, 8.158304, 135.0], [14.935969, 9.004161, 152.0], [14.110203, 10.070124, 169.0], [13.36494, 11.190184, 185.0], [12.899112, 12.361667, 202.0], [12.621559, 13.529021, 218.0], [12.578413, 14.598667, 235.0], [12.672992, 15.477568, 251.0], [13.004667, 16.135527, 268.0], [13.472077, 16.596922, 284.0], [14.034874, 16.827, 301.0], [14.830279, 16.82217, 319.0], [15.670444, 16.63201, 334.0], [16.597858, 16.16339, 350.0], [17.391327, 15.505553, 367.0], [18.232733, 14.708696, 383.0], [18.873526, 13.643757, 400.0], [19.388659, 12.516374, 417.0], [19.990362, 10.517291, 450.0], [20.268705, 9.822788, 466.0], [20.406433, 9.267778, 483.0], [20.54758, 8.655562, 499.0], [20.778189, 7.779724, 532.0], [20.778702, 7.404189, 549.0], [20.778702, 6.797841, 582.0], [20.452658, 6.798588, 665.0], [20.26481, 6.939549, 681.0], [19.938366, 7.594652, 698.0], [19.752579, 8.247962, 714.0], [19.565361, 9.092186, 731.0], [19.567387, 9.834856, 747.0], [19.520708, 10.716515, 764.0], [19.426435, 11.61187, 781.0], [19.193083, 12.49246, 797.0], [18.724243, 13.286691, 814.0], [18.213057, 14.076549, 830.0], [17.654005, 14.868667, 847.0], [16.995684, 15.809811, 863.0], [16.298782, 16.691656, 880.0], [15.551996, 17.578491, 896.0], [14.807033, 18.416609, 913.0], [13.964065, 19.069824, 929.0], [13.091447, 19.619482, 946.0], [12.245823, 20.136608, 962.0], [11.493036, 20.702574, 979.0], [10.7050085, 21.11686, 996.0], [10.012683, 21.439514, 1012.0], [9.404291, 21.720482, 1029.0], [21.104826, 6.2391744, 0.0], [20.685524, 6.2391744, 53.0], [20.166983, 6.3806925, 70.0], [19.32204, 6.5682793, 87.0], [18.574444, 7.08838, 103.0], [17.68843, 7.6949716, 120.0], [16.803404, 8.53805, 136.0], [15.925047, 9.370752, 153.0], [15.0866785, 10.257214, 169.0], [14.385225, 11.242737, 186.0], [13.832375, 12.308678, 202.0], [13.412399, 13.338398, 219.0], [13.275885, 14.318541, 235.0], [13.2307005, 15.154239, 252.0], [13.374041, 15.905716, 269.0], [13.654421, 16.504143, 285.0], [13.931018, 16.916769, 302.0], [14.356842, 17.200096, 318.0], [14.776957, 17.385292, 335.0], [15.288879, 17.476269, 351.0], [15.751767, 17.38069, 368.0], [16.362719, 17.002512, 384.0], [16.960373, 16.353836, 401.0], [17.81423, 15.261649, 417.0], [18.549818, 14.106591, 434.0], [19.241821, 12.858368, 450.0], [19.985104, 10.813329, 484.0], [20.173634, 10.106521, 500.0], [20.360779, 9.404241, 517.0], [20.594286, 8.751276, 533.0], [20.873276, 8.053906, 550.0], [21.059513, 7.4941044, 566.0], [21.151873, 7.1231318, 583.0], [20.867275, 7.5996375, 715.0], [20.447079, 8.394142, 732.0], [19.931358, 9.332073, 748.0], [19.375084, 10.3998575, 765.0], [18.768211, 11.520594, 781.0], [18.164122, 12.636603, 798.0], [17.45518, 13.674982, 814.0], [16.76326, 14.690493, 831.0], [16.064075, 15.85836, 847.0], [15.362092, 16.88682, 864.0], [14.760253, 17.814247, 881.0], [14.010116, 18.5129, 897.0], [13.224937, 19.11146, 914.0], [12.379513, 19.76955, 930.0], [11.540895, 20.516966, 947.0], [10.758014, 21.442432, 963.0], [10.008382, 22.239002, 980.0], [9.362811, 22.884502, 996.0], [8.706295, 23.353315, 1013.0]"}