{"Image number":37712,"Image shape":4,"Path":"[16.259565, 6.845248, 0.0], [15.977223, 7.0331383, 49.0], [15.557966, 7.2663765, 65.0], [15.047322, 7.731897, 82.0], [14.4392185, 8.340503, 98.0], [13.785271, 9.088872, 115.0], [13.029905, 9.84403, 131.0], [12.390177, 10.671401, 148.0], [11.827587, 11.422156, 165.0], [11.456584, 12.027209, 181.0], [11.036598, 12.586319, 198.0], [10.711097, 13.052116, 214.0], [10.480069, 13.469882, 231.0], [10.293383, 13.749366, 247.0], [10.108784, 13.979317, 280.0], [10.109817, 14.306398, 313.0], [10.438979, 14.632803, 363.0], [10.765744, 14.866717, 380.0], [11.234375, 15.28946, 396.0], [11.701372, 15.615295, 413.0], [12.208809, 15.9848, 429.0], [12.725436, 16.219112, 446.0], [13.282678, 16.54525, 462.0], [13.842649, 16.777931, 479.0], [14.35145, 16.91597, 495.0], [14.772211, 16.962423, 512.0], [15.145845, 16.962034, 529.0], [15.47224, 16.867455, 545.0], [15.798241, 16.679699, 562.0], [16.076532, 16.352081, 578.0], [16.40428, 15.977339, 595.0], [16.633177, 15.561787, 611.0], [16.821087, 14.996585, 628.0], [17.053188, 14.393685, 644.0], [17.240288, 13.7369375, 661.0], [17.521542, 12.988371, 677.0], [17.844452, 12.438312, 694.0], [18.125694, 11.875193, 711.0], [18.310661, 11.411173, 727.0], [18.497625, 10.896372, 744.0], [18.636353, 10.479464, 760.0], [18.728966, 10.108004, 777.0], [18.822195, 9.875043, 793.0], [18.259295, 10.814268, 909.0], [17.701004, 11.932603, 926.0], [16.902988, 13.152607, 942.0], [16.298588, 14.177586, 959.0], [15.738241, 15.017228, 975.0], [15.370477, 15.899012, 992.0], [14.950439, 16.738205, 1008.0], [14.483831, 17.624908, 1025.0], [14.068306, 18.503866, 1041.0], [13.69051, 19.259802, 1058.0], [13.366256, 19.814144, 1074.0], [12.993382, 20.372814, 1091.0], [12.620752, 20.837683, 1108.0], [12.343263, 21.302519, 1124.0], [12.157963, 21.721376, 1141.0], [11.971231, 22.188965, 1157.0], [11.831952, 22.560995, 1174.0], [11.692558, 22.791822, 1190.0], [11.551878, 22.979092, 1207.0], [11.320815, 23.116028, 1256.0]"}