{"Image number":469,"Image shape":8,"Path":"[23.921976, 7.789812, 0.0], [23.763332, 7.923794, 70.0], [23.539705, 8.135783, 97.0], [23.349207, 8.27416, 110.0], [23.169724, 8.505888, 125.0], [22.95546, 8.720219, 139.0], [22.645376, 8.946521, 153.0], [22.333416, 9.169421, 166.0], [21.932436, 9.515802, 183.0], [21.529316, 9.860657, 202.0], [21.081171, 10.263596, 210.0], [20.575197, 10.674667, 224.0], [20.054892, 11.104487, 237.0], [19.113012, 11.956167, 251.0], [18.57715, 12.402153, 265.0], [17.552166, 13.337405, 279.0], [17.239292, 13.523778, 293.0], [16.761515, 13.883192, 307.0], [16.188467, 14.283032, 326.0], [15.459882, 14.858851, 342.0], [14.525696, 15.640954, 355.0], [14.045173, 16.048954, 364.0], [12.998118, 17.005308, 376.0], [12.595389, 17.40821, 390.0], [12.18807, 17.869343, 403.0], [11.68978, 18.449703, 420.0], [11.225981, 19.029602, 434.0], [10.824944, 19.650719, 447.0], [10.428747, 20.259977, 461.0], [10.092157, 20.777584, 475.0], [9.810107, 21.274107, 489.0], [9.580203, 21.817228, 503.0], [9.473385, 22.238405, 518.0], [9.430429, 22.645184, 532.0], [9.495604, 22.987755, 545.0], [9.539661, 23.142006, 583.0], [10.6036, 23.92777, 600.0], [11.061005, 24.001108, 614.0], [11.46831, 23.99794, 629.0], [11.969804, 23.841438, 642.0], [12.394405, 23.629599, 655.0], [12.835902, 23.367197, 671.0], [13.285595, 23.003471, 690.0], [13.721089, 22.639296, 701.0], [14.126981, 22.278387, 712.0], [14.49567, 21.917719, 725.0], [14.811298, 21.556293, 739.0], [15.074123, 21.248024, 754.0], [15.255356, 20.921448, 768.0], [15.436268, 20.614063, 782.0], [15.527303, 20.29877, 797.0], [15.583875, 20.037754, 816.0], [15.507444, 19.76568, 830.0], [15.371615, 19.45958, 842.0], [15.235426, 19.185043, 852.0], [14.996507, 18.862902, 866.0], [14.74592, 18.631233, 880.0], [14.440693, 18.337965, 894.0], [14.126532, 17.981947, 908.0], [13.772642, 17.618996, 923.0], [13.433868, 17.25797, 936.0], [13.070612, 16.86261, 951.0], [12.713182, 16.540878, 964.0], [12.349972, 16.222967, 978.0], [12.025032, 15.964689, 991.0], [11.661605, 15.722636, 1006.0], [11.341875, 15.459297, 1020.0], [11.025445, 15.187983, 1034.0], [10.765536, 15.0096445, 1048.0], [10.493252, 14.782668, 1061.0], [10.26147, 14.520326, 1075.0], [10.037056, 14.250942, 1090.0], [9.864831, 13.996732, 1104.0], [9.711303, 13.7423115, 1117.0], [9.612192, 13.507458, 1132.0], [9.485734, 13.183136, 1159.0], [9.591945, 12.914215, 1173.0], [9.717994, 12.676668, 1187.0], [9.893085, 12.413325, 1202.0], [10.129811, 12.136883, 1216.0], [10.466015, 11.841429, 1231.0], [10.827416, 11.558641, 1243.0], [11.23158, 11.287191, 1257.0], [11.684873, 10.968001, 1272.0], [12.200991, 10.58863, 1285.0], [12.699553, 10.225922, 1299.0], [13.192862, 9.8262005, 1312.0], [13.676205, 9.383436, 1330.0], [14.129345, 8.997521, 1341.0], [14.57643, 8.639737, 1354.0], [15.0350485, 8.312521, 1368.0], [15.432331, 8.000798, 1382.0], [15.878966, 7.722947, 1396.0], [16.2868, 7.525864, 1410.0], [16.69504, 7.3443637, 1427.0], [17.10785, 7.2226744, 1442.0], [17.543394, 7.1316376, 1458.0], [17.939274, 7.0707083, 1474.0], [18.355768, 7.0613565, 1486.0], [18.751883, 7.0977793, 1502.0], [19.129822, 7.1332865, 1514.0], [19.499777, 7.2211375, 1526.0], [19.906498, 7.349313, 1540.0], [20.30869, 7.483419, 1551.0], [20.772423, 7.6732564, 1564.0], [21.100128, 7.826235, 1578.0]"}