{"Image number":37063,"Image shape":2,"Path":"[12.765391, 7.4979453, 0.0], [13.228226, 7.2194395, 52.0], [13.93115, 6.9380765, 69.0], [14.921743, 6.796732, 85.0], [15.757866, 6.7041874, 102.0], [16.595846, 6.75257, 118.0], [17.384195, 7.034026, 135.0], [18.314867, 8.538999, 168.0], [18.309483, 9.754367, 185.0], [17.887653, 11.471145, 206.0], [17.047981, 13.474051, 218.0], [15.965609, 15.733386, 234.0], [14.745607, 17.793736, 251.0], [13.496762, 19.640272, 267.0], [12.130674, 21.09578, 284.0], [10.979671, 22.245573, 300.0], [10.0954, 22.84617, 317.0], [9.635218, 23.073761, 334.0], [9.408596, 23.022305, 350.0], [9.458298, 22.73869, 367.0], [9.787394, 22.271557, 383.0], [10.442908, 21.758532, 400.0], [11.283268, 21.151632, 416.0], [12.319898, 20.777546, 433.0], [13.426948, 20.549921, 449.0], [14.556425, 20.551865, 466.0], [15.534653, 20.69466, 482.0], [16.423025, 21.026808, 499.0], [17.067146, 21.447681, 516.0], [17.494026, 21.929611, 532.0], [17.618849, 22.200018, 549.0]"}