{"Image number":35225,"Image shape":7,"Path":"[11.041597, 10.947909, 0.0], [11.321131, 10.947909, 52.0], [12.024766, 10.947909, 69.0], [13.1893635, 10.947909, 85.0], [14.59079, 10.901007, 102.0], [16.035664, 10.854375, 119.0], [17.434158, 10.713817, 135.0], [18.797918, 10.477809, 152.0], [20.038502, 10.294437, 168.0], [21.11015, 10.1078005, 185.0], [21.809586, 10.108727, 201.0], [22.176575, 10.202022, 218.0], [22.223143, 10.529583, 234.0], [21.802471, 11.182864, 251.0], [21.196766, 12.16206, 267.0], [19.138176, 14.83163, 300.0], [17.93207, 16.408733, 317.0], [16.719002, 18.043015, 334.0], [15.5968075, 19.681404, 350.0], [13.374229, 22.505753, 383.0], [12.343245, 23.772219, 400.0], [11.737928, 24.84544, 416.0], [11.250836, 25.77188, 433.0], [11.128165, 26.312725, 449.0]"}