{"Image number":139,"Image shape":4,"Path":"[12.816645, 10.703632, 0.0], [12.631296, 10.777797, 49.0], [12.498431, 10.958084, 63.0], [12.253802, 11.248141, 77.0], [12.062372, 11.575772, 91.0], [11.810764, 11.957985, 106.0], [11.575863, 12.376856, 120.0], [11.352117, 12.884952, 134.0], [11.14825, 13.3537, 148.0], [11.000715, 13.85548, 161.0], [10.908477, 14.354501, 175.0], [10.902792, 14.78067, 193.0], [10.972418, 15.210877, 211.0], [11.09053, 15.644201, 219.0], [11.320824, 16.081562, 231.0], [11.595482, 16.432283, 245.0], [11.976713, 16.832594, 261.0], [12.416245, 17.161472, 274.0], [12.911449, 17.437283, 288.0], [13.403642, 17.605701, 304.0], [13.900332, 17.763983, 318.0], [14.421747, 17.836678, 333.0], [14.978462, 17.883085, 344.0], [15.517807, 17.829792, 359.0], [16.06554, 17.681889, 372.0], [16.609648, 17.500462, 386.0], [17.149055, 17.281178, 401.0], [17.740803, 17.054663, 413.0], [18.21744, 16.748808, 426.0], [18.686356, 16.461184, 441.0], [19.10091, 16.227896, 455.0], [19.410984, 16.002918, 471.0], [19.6619, 15.893877, 483.0], [19.820705, 15.781901, 497.0], [19.63293, 15.821697, 552.0], [19.370155, 15.948738, 566.0], [19.011185, 16.12828, 580.0], [18.5929, 16.364527, 595.0], [18.101814, 16.624758, 610.0], [17.603455, 16.88624, 623.0], [17.102776, 17.159424, 638.0], [16.657232, 17.378489, 651.0], [16.226707, 17.580982, 665.0], [15.82082, 17.692696, 678.0], [15.542323, 17.783504, 692.0], [15.319732, 17.672302, 709.0], [15.184625, 17.492104, 722.0], [15.146944, 17.214052, 737.0], [15.188036, 16.816925, 749.0], [15.336519, 16.297295, 763.0], [15.554817, 15.718137, 776.0], [15.974905, 14.644899, 791.0], [16.185192, 14.158034, 805.0], [16.472908, 13.612253, 823.0], [16.792143, 13.021269, 833.0], [17.141455, 12.384135, 846.0], [17.505816, 11.746296, 860.0], [17.915184, 11.066178, 874.0], [18.73219, 9.697851, 910.0], [19.10007, 9.103727, 916.0], [19.41053, 8.5221615, 933.0], [19.68911, 8.083188, 944.0], [19.916697, 7.702525, 957.0], [20.104574, 7.416962, 973.0], [20.237492, 7.1944036, 987.0], [20.417765, 6.9696174, 1014.0], [20.300398, 7.2594986, 1057.0], [20.138113, 7.5389276, 1079.0], [19.889307, 7.9570146, 1093.0], [19.614927, 8.474382, 1104.0], [19.310942, 9.078011, 1113.0], [18.717077, 10.175209, 1126.0], [18.330715, 10.926544, 1141.0], [17.711485, 12.165402, 1154.0], [17.492935, 12.498611, 1168.0], [16.954653, 13.594716, 1181.0], [16.694794, 14.159928, 1194.0], [16.421516, 14.709761, 1209.0], [16.153873, 15.346538, 1224.0], [15.903962, 15.947975, 1238.0], [15.677348, 16.550411, 1253.0], [15.454107, 17.090492, 1266.0], [15.223671, 17.643723, 1281.0], [15.03426, 18.163328, 1294.0], [14.839363, 18.598515, 1308.0], [14.617708, 19.046999, 1321.0], [14.441567, 19.44832, 1335.0], [14.223127, 19.81482, 1350.0], [14.072694, 20.131357, 1364.0], [13.937521, 20.446865, 1378.0], [13.8018055, 20.763638, 1393.0], [13.686662, 21.079372, 1406.0], [13.566456, 21.339502, 1421.0], [13.429926, 21.60545, 1433.0], [13.346891, 21.860348, 1449.0], [13.232188, 22.14675, 1463.0], [13.124155, 22.391195, 1475.0], [13.03432, 22.652676, 1489.0], [12.944081, 22.877947, 1503.0], [12.816952, 23.14124, 1519.0], [12.698963, 23.368559, 1531.0], [12.598707, 23.595968, 1545.0], [12.50856, 23.866236, 1559.0]"}