{"Image number":39224,"Image shape":0,"Path":"[16.958403, 7.078354, 0.0], [16.157965, 7.408592, 69.0], [15.179304, 8.016176, 86.0], [14.059167, 8.952137, 103.0], [12.93481, 10.173709, 119.0], [10.556015, 13.589007, 152.0], [9.491488, 15.445591, 169.0], [8.795446, 17.220182, 185.0], [8.427258, 18.708454, 202.0], [8.385927, 19.901667, 218.0], [8.807701, 22.051216, 251.0], [9.323957, 23.03454, 268.0], [10.064353, 23.769852, 284.0], [11.792485, 24.516027, 318.0], [12.951752, 24.42142, 334.0], [15.942631, 22.689747, 367.0], [18.541725, 19.433983, 400.0], [19.435448, 17.92789, 417.0], [20.03512, 16.678478, 433.0], [20.452717, 14.536205, 466.0], [20.499168, 12.67168, 500.0], [20.499168, 11.878371, 516.0], [20.123646, 10.146446, 549.0], [19.703972, 9.262824, 566.0], [19.237362, 8.517361, 582.0], [18.821224, 8.0098715, 599.0], [18.448694, 7.777324, 615.0], [17.889837, 7.684373, 632.0], [16.43648, 8.061289, 665.0], [15.596979, 8.670947, 682.0]"}