{"Image number":30189,"Image shape":1,"Path":"[12.504855, 5.974226, 0.0], [12.677083, 6.261447, 94.0], [12.82821, 6.6792154, 112.0], [13.035828, 7.2381587, 130.0], [13.2233, 7.93658, 148.0], [13.5816345, 9.312498, 165.0], [13.776691, 10.506029, 183.0], [13.983772, 11.834911, 201.0], [14.210347, 13.337866, 219.0], [14.4702, 14.785156, 236.0], [14.647313, 16.2952, 254.0], [14.728643, 17.729488, 272.0], [14.754972, 19.139917, 290.0], [14.757282, 20.186024, 307.0], [14.757282, 21.093643, 325.0], [14.795379, 21.78151, 343.0], [14.796118, 22.39679, 361.0], [14.848195, 22.853872, 378.0], [14.953825, 23.114395, 396.0]"}