{"Image number":526,"Image shape":0,"Path":"[11.869961, 6.2236323, 0.0], [12.052273, 6.0535746, 58.0], [12.22117, 6.008323, 75.0], [12.444603, 5.9629755, 88.0], [12.721447, 5.9177704, 102.0], [13.049935, 5.9093194, 115.0], [13.398457, 5.864054, 129.0], [13.7205105, 5.859405, 142.0], [14.029991, 5.859405, 158.0], [14.373313, 5.859405, 171.0], [14.734411, 5.859405, 185.0], [15.096619, 5.898641, 199.0], [15.457292, 5.9437394, 213.0], [15.761582, 6.0090575, 227.0], [16.076822, 6.099155, 241.0], [16.393267, 6.189596, 255.0], [16.662712, 6.3724704, 269.0], [16.875872, 6.496449, 282.0], [17.112747, 6.6238966, 297.0], [17.32837, 6.7680354, 312.0], [17.512308, 6.9055505, 324.0], [17.741165, 7.0904484, 340.0], [17.88026, 7.2710843, 354.0], [18.081285, 7.4834814, 367.0], [18.227085, 7.6729627, 381.0], [18.360962, 7.8515205, 393.0], [18.52113, 8.057044, 407.0], [18.667496, 8.248223, 421.0], [18.804255, 8.47246, 436.0], [19.097208, 8.850224, 463.0], [19.24674, 9.013544, 478.0], [19.381464, 9.188351, 492.0], [19.652098, 9.497479, 520.0], [19.787304, 9.693223, 534.0], [19.884863, 9.913588, 548.0], [20.02044, 10.089162, 562.0], [20.098831, 10.26656, 577.0], [20.25645, 10.460656, 591.0], [20.392923, 10.63453, 604.0], [20.48095, 10.857942, 618.0], [20.608177, 11.048638, 635.0], [20.72578, 11.248459, 647.0], [20.862352, 11.430612, 660.0], [20.996655, 11.654156, 674.0], [21.095234, 11.842787, 690.0], [21.205914, 12.069965, 703.0], [21.296597, 12.33128, 717.0], [21.428446, 12.556152, 733.0], [21.528517, 12.820119, 751.0], [21.640356, 13.071507, 764.0], [21.729755, 13.33979, 781.0], [21.857672, 13.608833, 794.0], [21.961624, 13.847671, 804.0], [22.074316, 14.095988, 820.0], [22.163967, 14.351468, 836.0], [22.251064, 14.624834, 851.0], [22.30462, 15.143653, 870.0], [22.34993, 15.400332, 883.0], [22.395113, 15.671515, 897.0], [22.392717, 15.939577, 911.0], [22.412323, 16.211882, 926.0], [22.42913, 16.45557, 942.0], [22.42913, 16.683224, 955.0], [22.383423, 16.951294, 970.0], [22.3744, 17.187561, 984.0], [22.328907, 17.460611, 1001.0], [22.283876, 17.730879, 1018.0], [22.230228, 17.99389, 1034.0], [22.08614, 18.54399, 1053.0], [22.03011, 18.816908, 1068.0], [21.941875, 19.049768, 1086.0], [21.852076, 19.31926, 1098.0], [21.762005, 19.58956, 1109.0], [21.637733, 19.862873, 1129.0], [21.574438, 20.093029, 1145.0], [21.454538, 20.302229, 1154.0], [21.341244, 20.506092, 1172.0], [21.205124, 20.701267, 1184.0], [21.065067, 20.91887, 1196.0], [20.884283, 21.099714, 1207.0], [20.680761, 21.259333, 1227.0], [20.227995, 21.567509, 1248.0], [19.956694, 21.66513, 1269.0], [19.66513, 21.760082, 1286.0], [19.066818, 21.887209, 1307.0], [18.743671, 21.895521, 1324.0], [18.399654, 21.921844, 1342.0], [17.69343, 21.921844, 1359.0], [17.299566, 21.913284, 1381.0], [16.514582, 21.859364, 1401.0], [16.10868, 21.848999, 1415.0], [15.704745, 21.805775, 1429.0], [15.334792, 21.76061, 1444.0], [14.927525, 21.690956, 1456.0], [14.557029, 21.601309, 1470.0], [14.156906, 21.511555, 1485.0], [13.848552, 21.320152, 1498.0], [13.493776, 21.233925, 1520.0], [13.149063, 21.09955, 1540.0], [12.473787, 20.864288, 1556.0], [12.135664, 20.74992, 1571.0], [11.807877, 20.63084, 1587.0], [11.526511, 20.45818, 1601.0], [11.210293, 20.300583, 1615.0], [10.912278, 20.093372, 1630.0], [10.613411, 19.913177, 1645.0], [10.298176, 19.73211, 1658.0], [9.991643, 19.515835, 1672.0], [9.703676, 19.317734, 1687.0], [9.44116, 19.06461, 1702.0], [9.178844, 18.828653, 1714.0], [8.988191, 18.593716, 1729.0], [8.78018, 18.323715, 1743.0], [8.625437, 18.027527, 1758.0], [8.489942, 17.676912, 1774.0], [8.404181, 17.315035, 1791.0], [8.277223, 16.493109, 1806.0], [8.232551, 16.090927, 1821.0], [8.192458, 15.642214, 1839.0], [8.192458, 15.176976, 1854.0], [8.192458, 14.67937, 1868.0], [8.254322, 14.218601, 1884.0], [8.30554, 13.720782, 1897.0], [8.363392, 13.223351, 1915.0], [8.609629, 12.130341, 1932.0], [8.780699, 11.635036, 1954.0], [8.959321, 11.143665, 1967.0], [9.143671, 10.6365385, 1980.0], [9.351749, 10.16901, 1996.0], [9.578836, 9.677574, 2012.0], [9.766735, 9.274933, 2026.0], [10.218659, 8.434629, 2044.0], [10.442729, 7.9863443, 2061.0], [10.705592, 7.5622735, 2079.0], [10.932107, 7.09645, 2094.0], [11.182503, 6.6906037, 2107.0], [11.419247, 6.352205, 2123.0], [11.604861, 6.0321007, 2138.0]"}