{"Image number":30464,"Image shape":4,"Path":"[11.495146, 7.9948683, 0.0], [11.456311, 8.434792, 132.0], [11.456311, 8.780121, 150.0], [11.456311, 9.290934, 168.0], [11.495146, 9.816513, 186.0], [11.495146, 10.705475, 204.0], [11.495146, 11.517871, 221.0], [11.667664, 12.215756, 239.0], [11.902153, 12.830473, 257.0], [12.153852, 13.354367, 275.0], [12.416518, 13.7493515, 292.0], [12.643468, 14.145482, 310.0], [12.893204, 14.406529, 328.0], [13.114554, 14.637075, 346.0], [13.340618, 14.748809, 363.0], [13.592233, 14.931116, 381.0], [13.98569, 14.950546, 399.0], [14.393063, 14.950546, 417.0], [14.784948, 14.839557, 434.0], [15.175953, 14.69433, 452.0], [15.646116, 14.332092, 470.0], [16.25878, 13.784899, 488.0], [16.755875, 13.195396, 506.0], [17.291336, 12.567938, 523.0], [17.640972, 11.904718, 541.0], [17.92585, 11.205589, 559.0], [18.102911, 10.69166, 577.0], [18.24268, 10.239221, 594.0], [18.363691, 9.948285, 612.0], [18.451044, 9.648005, 630.0], [18.485435, 9.40995, 648.0], [18.524273, 9.154481, 683.0], [18.563107, 8.997331, 736.0], [18.21111, 9.474474, 914.0], [17.831203, 9.985639, 932.0], [17.432693, 10.513321, 950.0], [17.116236, 10.962095, 967.0], [16.858711, 11.455393, 985.0], [16.595842, 12.0256, 1003.0], [16.29536, 12.575806, 1021.0], [15.9669075, 13.130547, 1038.0], [15.698964, 13.70479, 1056.0], [15.43455, 14.216923, 1074.0], [15.205038, 14.733358, 1092.0], [14.970459, 15.320948, 1110.0], [14.777635, 15.854752, 1127.0], [14.6521225, 16.342896, 1145.0], [14.466021, 16.85461, 1164.0], [14.350018, 17.444946, 1181.0], [14.25947, 18.027521, 1198.0], [14.194174, 18.583818, 1216.0], [14.085905, 19.209114, 1234.0], [14.021439, 19.789673, 1251.0], [13.961165, 20.33245, 1269.0], [13.941748, 20.978775, 1287.0], [13.903349, 21.513718, 1305.0], [13.879824, 21.912512, 1322.0], [13.864078, 22.398201, 1340.0], [13.864078, 22.803253, 1358.0], [13.864078, 23.196033, 1376.0], [13.864078, 23.533045, 1394.0], [13.822786, 23.820124, 1411.0], [13.825243, 24.091845, 1429.0]"}