{"Image number":10909,"Image shape":0,"Path":"[18.433334, 8.011111, 0.0], [17.690214, 7.8523326, 24.0], [16.891502, 7.7355328, 41.0], [15.940269, 7.7388887, 58.0], [15.336132, 7.8052044, 75.0], [14.3229265, 8.156173, 91.0], [13.23319, 8.863372, 108.0], [10.904669, 11.322205, 125.0], [8.64049, 14.451058, 142.0], [7.2912927, 17.817804, 158.0], [6.6773977, 21.165396, 175.0], [6.688889, 23.97519, 192.0], [7.1245756, 25.92387, 209.0], [7.7341733, 27.373606, 225.0], [8.335557, 28.10889, 242.0], [8.940468, 28.020437, 259.0], [9.711472, 27.01536, 275.0], [11.115773, 24.859674, 292.0], [13.107834, 21.751667, 309.0], [14.71936, 19.447805, 326.0], [16.08166, 17.003435, 342.0], [17.085545, 14.693011, 359.0], [17.712793, 12.721665, 376.0], [18.070072, 11.304747, 392.0], [18.457573, 9.8287325, 409.0], [18.794504, 8.433095, 426.0], [19.036112, 7.466667, 443.0]"}