{"Image number":40084,"Image shape":2,"Path":"[12.148011, 4.787348, 0.0], [12.018501, 4.528223, 67.0], [12.426065, 4.5166273, 133.0], [13.130138, 4.642331, 150.0], [14.090668, 4.902402, 167.0], [15.050977, 5.2635484, 183.0], [15.929226, 5.672869, 200.0], [16.671284, 6.1102314, 216.0], [17.236897, 6.640303, 233.0], [17.67621, 7.1868176, 250.0], [18.057198, 7.761275, 267.0], [18.26865, 8.3435955, 284.0], [18.344475, 8.75326, 300.0], [18.364477, 9.599351, 317.0], [18.294977, 10.788426, 334.0], [18.043573, 12.050464, 350.0], [17.786379, 13.203729, 367.0], [17.498697, 14.231345, 384.0], [17.262548, 15.064919, 401.0], [16.969414, 15.829891, 418.0], [16.617598, 16.693148, 434.0], [16.284481, 17.66344, 450.0], [15.952744, 18.503588, 467.0], [15.638804, 19.409409, 484.0], [15.28586, 20.249228, 500.0], [14.893632, 20.899094, 517.0], [14.558776, 21.349512, 534.0], [14.13055, 21.58873, 551.0], [13.719114, 21.6944, 567.0], [13.381157, 21.75582, 584.0], [12.883426, 21.759989, 601.0], [12.183924, 21.736073, 617.0], [11.3326235, 21.496346, 634.0], [10.539471, 21.136782, 651.0], [9.796024, 20.6081, 667.0], [9.223045, 19.957748, 684.0], [8.664068, 19.239809, 701.0], [8.204211, 18.45988, 718.0], [7.9145036, 17.711477, 734.0], [7.757742, 16.929401, 751.0], [7.7716007, 16.169464, 768.0], [8.017143, 15.508242, 784.0], [8.576881, 14.712763, 801.0], [9.390008, 14.124497, 817.0], [10.394413, 13.658433, 834.0], [11.4457655, 13.577422, 851.0], [12.374326, 13.68734, 867.0], [13.775486, 14.176689, 884.0], [14.845076, 14.838539, 900.0], [15.772701, 15.664346, 917.0], [16.580864, 16.606434, 934.0], [17.33591, 17.454557, 951.0], [18.095844, 18.203604, 967.0], [18.668861, 18.810177, 984.0], [19.248713, 19.274948, 1001.0], [19.575232, 19.598763, 1017.0], [20.01268, 19.954815, 1034.0], [20.414291, 20.30138, 1051.0], [20.747118, 20.55481, 1067.0], [21.145754, 20.754288, 1084.0], [21.447151, 20.886515, 1100.0]"}