{"Image number":30103,"Image shape":9,"Path":"[20.970875, 12.075014, 0.0], [20.970875, 11.795318, 83.0], [21.00971, 11.600339, 101.0], [21.048544, 11.2787485, 119.0], [21.105478, 10.8213415, 137.0], [21.130339, 10.293365, 154.0], [21.126213, 9.539945, 172.0], [21.126213, 9.071968, 190.0], [21.081703, 8.576849, 208.0], [20.907028, 8.095974, 225.0], [20.603008, 7.511062, 244.0], [20.313658, 7.135786, 261.0], [19.883192, 6.7789354, 279.0], [19.307714, 6.5334473, 296.0], [18.782879, 6.388643, 314.0], [18.09988, 6.471813, 332.0], [17.27729, 6.6409817, 350.0], [16.318588, 6.9658384, 368.0], [15.298034, 7.546296, 385.0], [14.202201, 8.293063, 403.0], [13.325927, 9.205473, 421.0], [12.360928, 10.313438, 439.0], [11.475963, 11.340879, 456.0], [10.730997, 12.243867, 474.0], [10.091938, 12.974429, 492.0], [9.560608, 13.690187, 510.0], [9.210182, 14.301923, 527.0], [9.083347, 14.727482, 545.0], [9.087379, 15.213571, 563.0], [9.2527075, 15.796563, 581.0], [9.529109, 16.382198, 598.0], [9.937309, 16.811314, 616.0], [10.375094, 17.192972, 634.0], [10.877908, 17.248573, 652.0], [11.815648, 17.179716, 669.0], [13.02356, 16.933506, 688.0], [14.203451, 16.380608, 705.0], [15.314093, 15.782482, 723.0], [16.45858, 15.098932, 741.0], [17.608263, 14.495652, 758.0], [18.71903, 13.716425, 776.0], [19.521074, 13.060578, 794.0], [20.155941, 12.463001, 812.0], [20.527264, 12.16588, 829.0], [20.72826, 11.990751, 847.0], [21.00618, 11.804771, 883.0], [20.6161, 12.236765, 989.0], [20.103548, 12.775923, 1007.0], [19.304464, 13.533466, 1025.0], [18.537302, 14.356979, 1043.0], [17.821339, 15.195737, 1060.0], [17.105085, 16.052973, 1078.0], [16.384842, 16.943546, 1096.0], [15.6077585, 17.799782, 1114.0], [14.653331, 18.689966, 1131.0], [13.679075, 19.653797, 1149.0], [12.666767, 20.546844, 1167.0], [11.504259, 21.58725, 1185.0], [10.5356045, 22.496887, 1202.0], [9.735551, 23.200586, 1220.0], [9.059422, 23.680935, 1238.0], [8.564336, 24.139359, 1256.0], [8.160755, 24.640785, 1273.0], [7.6295624, 25.147182, 1291.0]"}