{"Image number":10385,"Image shape":5,"Path":"[22.555557, 7.3499994, 0.0], [22.26389, 7.3499994, 21.0], [21.315125, 7.3499994, 38.0], [20.235292, 7.250195, 55.0], [19.64302, 7.2722225, 72.0], [18.31064, 7.2722225, 88.0], [17.101906, 7.2722225, 105.0], [16.108183, 7.2722225, 121.0], [15.167712, 7.2722225, 138.0], [14.407718, 7.2722225, 155.0], [13.990688, 7.233333, 172.0], [13.525204, 7.189742, 188.0], [13.118246, 7.1376977, 205.0], [12.705329, 7.081713, 222.0], [12.323169, 7.077778, 239.0], [12.068926, 7.077778, 255.0], [11.8945265, 7.077778, 272.0], [11.702476, 7.359238, 322.0], [11.530556, 7.875, 339.0], [11.294483, 8.512123, 355.0], [11.084357, 9.135815, 372.0], [10.638025, 10.146172, 389.0], [10.284241, 10.938622, 406.0], [9.96154, 11.576919, 422.0], [9.641972, 12.226814, 439.0], [9.393158, 12.713686, 456.0], [9.177777, 13.144444, 473.0], [9.03139, 13.505831, 489.0], [8.924769, 13.776963, 506.0], [8.866667, 13.9643345, 539.0], [9.324816, 14.0, 606.0], [10.032132, 13.779002, 623.0], [10.884997, 13.512673, 639.0], [11.635255, 13.337394, 656.0], [12.496658, 13.225063, 673.0], [13.158087, 13.169234, 689.0], [13.970045, 13.144444, 706.0], [14.87022, 13.144444, 723.0], [15.594444, 13.144444, 740.0], [16.416153, 13.144444, 756.0], [16.952158, 13.144444, 773.0], [17.651003, 13.295221, 790.0], [18.151915, 13.452492, 806.0], [18.63825, 13.7206335, 823.0], [18.925766, 14.20709, 840.0], [19.06768, 14.805574, 856.0], [19.055557, 15.613889, 873.0], [18.801418, 16.563066, 890.0], [18.526386, 17.620838, 907.0], [18.31825, 18.481756, 923.0], [18.0212, 19.436398, 940.0], [17.638811, 20.373999, 957.0], [17.25541, 20.943857, 973.0], [16.74216, 21.39627, 990.0], [16.1, 21.699999, 1007.0], [15.317041, 21.811481, 1023.0], [14.502398, 21.862604, 1040.0], [13.681921, 21.894445, 1058.0], [12.969113, 21.894445, 1074.0], [12.366064, 21.894445, 1090.0], [11.779209, 21.894445, 1107.0], [11.215847, 21.894445, 1124.0], [10.869444, 21.836111, 1140.0], [10.37019, 21.61565, 1157.0], [9.884553, 21.302666, 1174.0], [9.467488, 21.024622, 1190.0], [9.105247, 20.808554, 1207.0], [8.7403965, 20.548695, 1224.0], [8.361111, 20.261112, 1240.0]"}