{"Image number":36033,"Image shape":1,"Path":"[17.98336, 8.7100935, 0.0], [17.843594, 8.989822, 36.0], [16.672768, 11.098074, 70.0], [15.792534, 12.534897, 87.0], [14.293071, 15.537527, 120.0], [13.273903, 18.794552, 152.0], [12.995095, 20.289427, 169.0], [12.7624855, 21.735413, 185.0], [12.670519, 22.761705, 202.0], [12.573508, 23.681402, 219.0], [12.579036, 24.07246, 235.0]"}