{"Image number":39371,"Image shape":7,"Path":"[11.088186, 12.999239, 0.0], [11.041597, 12.439786, 52.0], [10.853074, 11.496521, 68.0], [10.619, 10.183508, 85.0], [10.38564, 9.207329, 101.0], [10.247209, 8.511725, 118.0], [10.2025, 8.288031, 134.0], [10.485068, 8.103511, 184.0], [11.04214, 8.197353, 200.0], [11.928265, 8.430757, 217.0], [13.149036, 8.806703, 233.0], [14.555131, 9.323272, 250.0], [15.93562, 9.689719, 267.0], [17.29671, 9.924346, 283.0], [18.26788, 10.062819, 300.0], [18.920525, 10.109113, 316.0], [19.242, 10.155455, 333.0], [19.448174, 10.15535, 366.0], [19.100925, 10.389027, 432.0], [18.40048, 11.417321, 449.0], [17.556751, 12.683861, 465.0], [15.735392, 16.006395, 498.0], [14.906154, 17.759523, 515.0], [14.253674, 19.392752, 531.0], [13.645074, 20.844736, 549.0], [13.277112, 22.139633, 564.0], [12.946362, 23.179585, 581.0], [12.575237, 24.198767, 597.0], [12.297949, 24.844635, 614.0]"}