{"Image number":36859,"Image shape":7,"Path":"[14.72213, 9.31617, 0.0], [15.048253, 9.31617, 53.0], [15.941837, 9.31617, 70.0], [17.251753, 9.269054, 86.0], [18.556139, 9.081104, 103.0], [19.484339, 8.847422, 119.0], [19.94573, 8.661218, 136.0], [19.516897, 9.2268305, 169.0], [18.583347, 10.301736, 185.0], [17.169573, 12.141764, 202.0], [15.638847, 14.467331, 218.0], [14.101209, 16.845774, 235.0], [12.798738, 18.941416, 252.0], [11.766345, 20.632343, 268.0], [10.983485, 21.970167, 285.0], [10.519458, 23.235369, 301.0], [10.332202, 24.342323, 318.0], [10.244307, 25.020477, 334.0]"}