{"Image number":38374,"Image shape":7,"Path":"[13.464226, 7.7310505, 0.0], [14.073271, 7.590571, 52.0], [14.823046, 7.4969773, 69.0], [15.65518, 7.3111777, 86.0], [16.26482, 7.1703825, 102.0], [16.729593, 6.936422, 119.0], [17.006042, 6.844898, 135.0], [17.002407, 7.3645453, 201.0], [16.579437, 8.115144, 218.0], [16.02119, 9.092573, 235.0], [15.315068, 10.317274, 251.0], [14.665504, 11.857384, 268.0], [14.012045, 13.635868, 284.0], [13.312345, 15.597344, 301.0], [12.71139, 17.545456, 317.0], [12.199067, 19.5073, 334.0], [11.828098, 21.230066, 350.0], [11.261906, 22.730156, 367.0], [10.750598, 23.983366, 383.0], [10.3791895, 25.200401, 400.0], [10.191257, 26.158506, 417.0], [10.1537485, 26.691132, 433.0]"}