{"Image number":112,"Image shape":1,"Path":"[16.057217, 4.584609, 0.0], [16.057217, 5.08547, 90.0], [16.034807, 5.2654443, 104.0], [15.989493, 5.6000695, 116.0], [15.903118, 6.006738, 130.0], [15.812361, 6.464893, 144.0], [15.780384, 6.9387255, 158.0], [15.7354555, 7.4635963, 173.0], [15.690201, 7.967498, 186.0], [15.620286, 8.465976, 204.0], [15.600379, 9.012178, 220.0], [15.554749, 9.559933, 228.0], [15.51021, 10.131851, 242.0], [15.464124, 10.684193, 256.0], [15.343872, 11.338369, 271.0], [15.236539, 11.942216, 284.0], [15.109794, 12.60132, 298.0], [14.974553, 13.232395, 313.0], [14.875392, 13.882972, 327.0], [14.765772, 14.53823, 339.0], [14.710833, 15.172143, 353.0], [14.625026, 15.778726, 367.0], [14.530228, 16.496037, 382.0], [14.440469, 17.143898, 395.0], [14.35037, 17.774805, 410.0], [14.259971, 18.40779, 423.0], [14.118998, 19.08666, 438.0], [14.020326, 19.665876, 457.0], [13.8848505, 20.298296, 468.0], [13.705835, 20.85601, 480.0], [13.575514, 21.44903, 493.0], [13.462657, 21.94175, 507.0], [13.403918, 22.452904, 521.0], [13.3992195, 22.908434, 536.0], [13.3992195, 23.309013, 551.0]"}