{"Image number":30684,"Image shape":1,"Path":"[13.359223, 6.0519433, 0.0], [13.322151, 6.2374206, 99.0], [13.281554, 6.5106373, 117.0], [13.281554, 6.9533696, 135.0], [13.320389, 7.605244, 152.0], [13.359223, 8.734107, 170.0], [13.359223, 9.986837, 188.0], [13.398059, 11.324923, 206.0], [13.425641, 12.627002, 223.0], [13.436893, 13.994125, 241.0], [13.517735, 15.289197, 259.0], [13.826965, 16.493212, 277.0], [14.03161, 17.498486, 295.0], [14.352834, 18.351528, 312.0], [14.67852, 19.330294, 330.0], [15.003748, 20.20037, 348.0], [15.247763, 20.918228, 366.0], [15.507483, 21.600155, 383.0], [15.873806, 22.353138, 401.0], [16.199804, 23.107275, 419.0], [16.490028, 23.581387, 437.0], [16.69903, 23.849152, 451.0], [13.359223, 5.7410746, 0.0], [13.398328, 5.9367175, 90.0], [13.425204, 6.187754, 108.0], [13.491248, 6.5725584, 125.0], [13.5535145, 7.024216, 143.0], [13.747002, 7.9531527, 161.0], [14.0067425, 8.977059, 179.0], [14.152389, 10.042555, 196.0], [14.412735, 11.114962, 214.0], [14.675045, 12.230458, 232.0], [14.93582, 13.133528, 250.0], [15.164877, 14.185403, 267.0], [15.359223, 15.047692, 285.0], [15.433399, 16.16605, 303.0], [15.528749, 17.131058, 321.0], [15.572817, 18.026323, 338.0], [15.717921, 18.882696, 356.0], [15.837694, 19.720201, 374.0], [16.053005, 20.595802, 392.0], [16.411924, 21.557178, 409.0], [16.727787, 22.614288, 427.0], [16.990324, 23.300365, 445.0], [17.251987, 23.867699, 463.0], [13.553398, 6.751396, 0.0], [13.60622, 6.973682, 93.0], [13.629524, 7.2876935, 111.0], [13.695591, 7.8376083, 129.0], [13.763899, 8.673526, 147.0], [13.786407, 10.054593, 164.0], [13.786407, 11.306557, 182.0], [13.786407, 12.435871, 200.0], [13.825243, 13.774896, 218.0], [13.894704, 15.174858, 235.0], [14.074508, 16.426556, 253.0], [14.353907, 17.449114, 271.0], [14.614053, 18.218847, 289.0], [14.815535, 18.99183, 307.0], [15.09735, 19.786861, 324.0], [15.358469, 20.568386, 342.0], [15.597834, 21.3069, 360.0], [15.840999, 22.137182, 378.0], [16.211327, 22.989729, 395.0], [16.43378, 23.519226, 413.0], [16.663294, 23.912088, 431.0], [16.926884, 24.19372, 449.0], [17.08738, 24.354311, 464.0]"}