{"Image number":39601,"Image shape":6,"Path":"[12.206323, 8.616852, 0.0], [12.206323, 8.89658, 36.0], [11.602958, 11.728338, 69.0], [11.322154, 13.691391, 86.0], [11.321131, 15.294167, 103.0], [11.5546665, 16.685858, 119.0], [12.0282135, 17.963366, 136.0], [12.824629, 19.030493, 152.0], [13.806984, 19.866816, 169.0], [14.922017, 20.371586, 185.0], [16.142567, 20.602867, 202.0], [17.29979, 20.598486, 218.0], [18.466915, 20.361845, 235.0], [19.25257, 19.892513, 252.0], [20.041773, 19.098106, 268.0], [20.595577, 18.168797, 285.0], [20.970816, 17.2747, 301.0], [21.155241, 16.527126, 318.0], [21.151413, 15.972017, 334.0], [21.009935, 15.511071, 351.0], [20.679182, 15.231613, 369.0], [20.16502, 15.095001, 384.0], [19.461302, 15.287119, 400.0], [18.716194, 15.805168, 417.0], [17.92632, 16.599525, 433.0], [17.224258, 17.68234, 450.0], [16.66873, 18.70562, 467.0], [16.153288, 19.691086, 483.0]"}