{"Image number":35454,"Image shape":2,"Path":"[12.579036, 4.6074347, 0.0], [12.811979, 4.560814, 36.0], [13.702494, 4.2794037, 53.0], [14.977324, 3.9964116, 70.0], [16.27573, 3.8597624, 86.0], [17.296152, 4.1443954, 103.0], [18.080006, 4.74995, 119.0], [18.592773, 5.7335143, 136.0], [18.824701, 6.9999003, 152.0], [18.821962, 8.391727, 169.0], [18.446772, 10.026335, 185.0], [17.696932, 11.803472, 202.0], [16.480284, 13.623672, 218.0], [14.947952, 15.338286, 235.0], [13.226688, 16.919634, 251.0], [11.682947, 18.27701, 268.0], [10.431843, 19.530296, 285.0], [9.4964485, 20.325315, 301.0], [8.940374, 20.788904, 318.0], [8.710682, 20.925713, 334.0], [9.137262, 20.78279, 367.0], [9.927114, 20.550787, 384.0], [10.864354, 20.222324, 400.0], [11.933442, 20.03787, 417.0], [13.102394, 19.897858, 434.0], [14.309012, 19.758589, 450.0], [15.570152, 19.712332, 467.0], [17.94178, 19.806326, 500.0], [19.894201, 20.672499, 533.0], [20.381212, 21.082556, 549.0]"}