{"Image number":39187,"Image shape":8,"Path":"[19.334442, 7.5911875, 0.0], [18.579412, 7.4972587, 52.0], [17.421904, 7.404511, 69.0], [15.837856, 7.404701, 86.0], [14.523376, 7.640023, 102.0], [13.316211, 8.107194, 119.0], [12.617102, 8.859055, 135.0], [12.202906, 9.648974, 152.0], [12.206323, 10.5767145, 168.0], [12.582381, 11.609816, 185.0], [13.23887, 12.8268585, 201.0], [14.130956, 14.139507, 218.0], [15.06154, 15.536726, 235.0], [15.846422, 16.879303, 251.0], [16.360716, 18.24184, 268.0], [16.634846, 19.632284, 284.0], [16.632278, 20.983612, 301.0], [16.256622, 22.33414, 317.0], [15.689482, 23.559505, 334.0], [14.901209, 24.382507, 351.0], [14.153177, 24.75271, 367.0], [13.272275, 24.841599, 383.0], [12.528302, 24.700367, 400.0], [11.970466, 24.279371, 417.0], [11.7839575, 23.3338, 433.0], [12.023262, 21.788864, 450.0], [12.587881, 19.774202, 466.0], [13.652326, 17.657864, 483.0], [14.922458, 15.49296, 499.0], [16.275276, 13.488764, 516.0], [17.473455, 11.689983, 532.0], [18.644636, 10.237387, 549.0], [19.578396, 9.0221195, 565.0], [20.17474, 8.148157, 582.0], [20.452595, 7.591156, 599.0], [20.545937, 7.264205, 615.0], [20.49876, 7.076723, 632.0], [19.131693, 6.467099, 665.0], [17.588057, 6.2357492, 681.0], [15.685541, 6.3379664, 698.0], [14.413311, 6.431082, 714.0]"}