{"Image number":30282,"Image shape":3,"Path":"[11.844661, 5.974226, 0.0], [11.728155, 5.78756, 119.0], [11.942753, 5.4874883, 154.0], [12.210434, 5.258503, 172.0], [12.551711, 5.0778046, 190.0], [13.036871, 4.900281, 208.0], [13.867744, 4.643796, 225.0], [14.463589, 4.394081, 243.0], [14.985266, 4.246278, 261.0], [15.65445, 4.26445, 279.0], [16.283941, 4.410966, 296.0], [16.77532, 4.5582705, 314.0], [17.271805, 4.801501, 332.0], [17.625683, 5.050082, 350.0], [17.914267, 5.3764043, 367.0], [18.136047, 5.7413664, 385.0], [18.278824, 6.277211, 403.0], [18.396873, 6.82437, 421.0], [18.208487, 7.7095513, 439.0], [17.76888, 9.018256, 456.0], [17.267542, 10.043554, 474.0], [16.998047, 10.782998, 492.0], [16.736673, 11.329669, 510.0], [16.36457, 11.972188, 527.0], [15.677094, 12.6654825, 545.0], [15.132247, 13.145626, 563.0], [14.665127, 13.489828, 581.0], [14.24687, 13.732456, 598.0], [13.927413, 13.844122, 616.0], [13.725469, 13.901365, 634.0], [13.480167, 13.940224, 669.0], [13.448456, 13.722794, 758.0], [13.912962, 13.500986, 794.0], [14.393442, 13.370645, 812.0], [14.756573, 13.31863, 829.0], [15.056808, 13.318488, 847.0], [15.368799, 13.318488, 865.0], [15.740664, 13.480179, 883.0], [16.157173, 13.607674, 900.0], [16.56062, 13.738625, 918.0], [17.071186, 14.030887, 936.0], [17.457172, 14.446534, 954.0], [17.848753, 15.024687, 971.0], [18.11513, 15.612898, 989.0], [18.31431, 16.208548, 1007.0], [18.443546, 16.782568, 1025.0], [18.57554, 17.376902, 1042.0], [18.595665, 17.963842, 1060.0], [18.601942, 18.474548, 1078.0], [18.601942, 19.012928, 1096.0], [18.455498, 19.573524, 1113.0], [18.122627, 20.335196, 1131.0], [17.729717, 20.990444, 1149.0], [17.374172, 21.571423, 1167.0], [17.126215, 21.886795, 1185.0], [16.911573, 22.166681, 1202.0], [16.630693, 22.444637, 1220.0], [16.318449, 22.742973, 1238.0], [15.8762045, 23.054985, 1256.0], [15.420558, 23.26473, 1273.0], [15.121201, 23.369528, 1291.0], [14.80829, 23.434814, 1309.0], [14.205737, 23.421707, 1327.0], [13.590965, 23.396862, 1344.0], [12.892401, 23.273882, 1362.0], [12.006822, 23.142832, 1380.0], [11.14917, 22.985432, 1398.0], [10.4177265, 22.788559, 1415.0], [9.871628, 22.593937, 1433.0], [9.382261, 22.390213, 1451.0], [8.983707, 22.260231, 1469.0], [8.7568445, 22.085615, 1486.0], [8.558598, 21.826942, 1504.0], [8.427185, 21.595356, 1519.0]"}