{"Image number":38870,"Image shape":8,"Path":"[14.489183, 5.912827, 0.0], [14.163061, 5.912827, 53.0], [13.597832, 5.912827, 69.0], [12.715805, 5.959606, 86.0], [11.689149, 6.0999517, 103.0], [10.666903, 6.332868, 119.0], [9.682691, 6.6143804, 136.0], [9.028827, 6.990512, 152.0], [8.565301, 7.3164167, 169.0], [8.431016, 7.6415358, 185.0], [8.47934, 7.918368, 202.0], [8.713987, 8.340444, 218.0], [9.227945, 8.900203, 235.0], [9.887466, 9.6546335, 251.0], [10.766001, 10.53226, 268.0], [11.797485, 11.564455, 285.0], [12.867775, 12.682504, 301.0], [13.888457, 13.750336, 318.0], [14.676788, 14.959238, 334.0], [15.238433, 16.177767, 351.0], [15.5619, 17.292398, 367.0], [15.748026, 18.178648, 384.0], [15.793799, 19.01558, 400.0], [15.653, 19.811083, 417.0], [15.465805, 20.558865, 433.0], [15.187604, 21.205528, 450.0], [14.764682, 21.675257, 466.0], [14.347015, 22.045876, 483.0], [13.881921, 22.230867, 500.0], [13.134908, 22.277044, 516.0], [12.243622, 22.088404, 535.0], [11.220683, 21.667793, 549.0], [10.431727, 20.967735, 566.0], [9.679735, 20.072844, 582.0], [9.317634, 19.012878, 599.0], [9.176082, 17.926085, 615.0], [9.5559225, 16.806637, 632.0], [11.648571, 15.142885, 665.0], [14.885049, 13.406914, 698.0], [16.362375, 12.80884, 715.0], [17.67048, 12.483094, 731.0], [18.834839, 12.109315, 748.0], [19.940342, 11.833649, 764.0], [21.01718, 11.365092, 781.0], [22.002588, 10.895297, 797.0], [22.788239, 10.29046, 814.0], [23.388449, 9.875094, 830.0], [23.761301, 9.595218, 847.0], [23.994226, 9.174538, 880.0], [24.04029, 8.895139, 913.0], [23.760324, 8.476901, 946.0], [23.292276, 8.195923, 963.0], [22.546597, 7.776272, 979.0], [21.562262, 7.354455, 996.0], [20.296085, 7.027394, 1012.0], [18.77229, 6.7981606, 1029.0], [16.615541, 6.553024, 1046.0], [15.108889, 6.369439, 1062.0], [14.206491, 6.1825967, 1079.0]"}