{"Image number":30461,"Image shape":3,"Path":"[9.941748, 10.132089, 0.0], [10.126588, 9.869418, 88.0], [10.36884, 9.735768, 106.0], [10.744531, 9.456221, 124.0], [11.366191, 9.206406, 141.0], [12.252426, 8.733181, 159.0], [12.820808, 8.4779625, 177.0], [13.589031, 8.151371, 195.0], [14.243417, 7.877113, 212.0], [14.732086, 7.6837053, 230.0], [15.317024, 7.604499, 248.0], [15.950612, 7.606284, 266.0], [16.575558, 7.606284, 284.0], [17.03614, 7.606284, 301.0], [17.507896, 7.606284, 319.0], [18.150206, 7.606284, 337.0], [18.919678, 7.6881776, 354.0], [19.550154, 7.9329343, 372.0], [19.95308, 8.18377, 391.0], [20.218973, 8.240428, 408.0], [20.376219, 8.3057375, 425.0], [20.637655, 8.469322, 461.0], [20.737865, 8.759997, 496.0], [20.737865, 8.956346, 515.0], [20.737865, 9.2998085, 532.0], [20.613184, 9.651472, 550.0], [20.384108, 10.09094, 568.0], [19.93432, 10.547536, 586.0], [19.40371, 11.067943, 603.0], [18.653242, 11.638217, 621.0], [17.944115, 12.034735, 639.0], [17.407433, 12.401388, 656.0], [17.001976, 12.6760025, 674.0], [16.570816, 12.855534, 692.0], [15.923582, 12.986195, 710.0], [15.259366, 13.171658, 727.0], [14.4779215, 13.286765, 745.0], [13.623152, 13.545225, 763.0], [12.897133, 13.815152, 781.0], [12.469045, 13.950461, 799.0], [11.941625, 14.081117, 816.0], [11.362534, 14.269419, 834.0], [10.857651, 14.296827, 852.0], [10.405681, 14.36154, 870.0], [10.031395, 14.388587, 887.0], [9.7517395, 14.406527, 905.0], [9.526159, 14.441519, 923.0], [9.310016, 14.445386, 959.0], [9.512885, 14.329651, 1029.0], [9.914467, 14.19984, 1047.0], [10.453883, 14.015514, 1065.0], [11.278012, 13.820246, 1083.0], [12.079332, 13.587124, 1100.0], [12.88159, 13.443479, 1118.0], [13.788208, 13.315582, 1136.0], [14.358597, 13.250556, 1154.0], [14.892457, 13.240772, 1172.0], [15.288236, 13.240772, 1189.0], [15.709727, 13.240772, 1207.0], [16.108973, 13.240772, 1225.0], [16.497475, 13.369936, 1243.0], [16.892952, 13.5386, 1260.0], [17.281553, 13.726503, 1278.0], [17.54487, 14.001831, 1296.0], [17.769787, 14.22892, 1313.0], [17.906693, 14.410308, 1331.0], [18.037466, 14.73271, 1349.0], [18.129074, 15.049988, 1367.0], [18.158768, 15.499145, 1385.0], [18.174759, 15.908299, 1403.0], [18.174759, 16.374054, 1420.0], [18.063162, 16.956453, 1438.0], [17.865446, 17.601318, 1456.0], [17.51397, 18.176752, 1474.0], [17.224478, 18.693478, 1491.0], [16.950834, 19.065475, 1509.0], [16.694168, 19.426575, 1527.0], [16.406712, 19.711773, 1544.0], [15.971908, 20.038887, 1562.0], [15.395067, 20.324234, 1580.0], [14.902901, 20.555895, 1598.0], [14.334567, 20.6963, 1616.0], [13.705872, 20.94867, 1634.0], [13.080217, 21.074516, 1651.0], [12.553925, 21.261217, 1669.0], [11.902808, 21.544178, 1687.0], [11.1790905, 21.763344, 1704.0], [10.458, 22.064575, 1722.0], [9.691257, 22.326548, 1740.0], [8.945996, 22.54761, 1758.0], [8.267184, 22.74308, 1775.0], [7.6935315, 22.94411, 1793.0], [7.0666084, 23.13947, 1811.0], [6.367465, 23.313196, 1829.0], [5.803462, 23.446585, 1846.0], [5.436432, 23.499424, 1864.0], [5.1759644, 23.53828, 1882.0], [4.9677954, 23.53828, 1900.0], [4.8110795, 23.497192, 1918.0], [4.5495143, 23.327473, 1953.0], [4.466019, 23.132778, 2006.0]"}