{"Image number":36814,"Image shape":1,"Path":"[11.787022, 7.358081, 0.0], [12.207449, 7.358081, 52.0], [12.76815, 7.358081, 69.0], [13.513075, 7.358081, 86.0], [14.075878, 7.358081, 102.0], [14.587996, 7.1695466, 119.0], [14.864452, 6.889312, 135.0], [15.098007, 6.513829, 152.0], [15.188972, 6.236309, 168.0], [15.234488, 6.426382, 218.0], [15.187646, 7.083585, 234.0], [15.094146, 8.252583, 251.0], [15.001042, 9.745701, 268.0], [15.001663, 11.512596, 284.0], [15.001663, 13.396333, 301.0], [15.095837, 15.351229, 317.0], [15.189156, 17.029127, 334.0], [15.235132, 18.42298, 350.0], [15.23461, 19.491734, 367.0], [15.281758, 20.47042, 383.0], [15.281198, 21.358185, 400.0], [15.375323, 22.239243, 416.0], [15.4688015, 22.938915, 433.0], [15.614813, 23.617224, 450.0], [15.705503, 23.926115, 466.0]"}