{"Image number":36438,"Image shape":9,"Path":"[14.628951, 7.9175353, 0.0], [14.302828, 7.9175353, 36.0], [13.552861, 8.105156, 53.0], [12.427859, 8.622084, 70.0], [11.454276, 9.414777, 86.0], [10.61464, 10.679674, 103.0], [10.150555, 12.27321, 119.0], [9.922269, 14.033968, 136.0], [10.1102085, 15.893668, 152.0], [10.437076, 17.527166, 169.0], [11.043207, 18.830353, 185.0], [12.767808, 20.086742, 219.0], [13.7965555, 20.085653, 235.0], [14.912855, 19.664421, 252.0], [15.988922, 18.866926, 268.0], [16.915722, 17.749903, 285.0], [17.662798, 16.392498, 301.0], [18.173555, 14.852565, 318.0], [18.357277, 13.456425, 334.0], [18.356073, 12.1018305, 351.0], [17.98042, 10.985701, 367.0], [17.419394, 10.053939, 384.0], [16.769281, 9.406645, 400.0], [16.163935, 8.894502, 417.0], [15.651204, 8.662242, 434.0], [15.32694, 8.569988, 450.0], [15.37599, 8.805491, 483.0], [15.700642, 9.223111, 500.0], [16.168661, 9.972505, 516.0], [17.006754, 12.398849, 549.0], [17.470976, 13.978601, 566.0], [17.984749, 15.8014345, 582.0], [18.358816, 17.581148, 599.0], [18.543034, 20.80435, 632.0], [18.542429, 22.209955, 649.0], [18.591454, 23.02006, 665.0]"}