{"Image number":10245,"Image shape":0,"Path":"[20.338888, 9.138889, 0.0], [19.692287, 8.598024, 37.0], [18.813076, 7.9937553, 54.0], [18.334055, 7.7927527, 71.0], [17.377752, 7.5921555, 87.0], [16.346155, 7.629735, 104.0], [15.263889, 8.1472225, 121.0], [13.903847, 9.322719, 137.0], [12.5105, 10.812881, 154.0], [11.413884, 12.773984, 171.0], [10.658503, 14.421098, 187.0], [10.099178, 16.931477, 204.0], [10.283923, 18.577047, 221.0], [10.638418, 20.201225, 238.0], [11.337567, 21.276367, 254.0], [12.28685, 21.893423, 271.0], [13.479809, 22.056843, 288.0], [14.396244, 21.99733, 304.0], [15.403802, 21.766542, 321.0], [16.270185, 21.266422, 338.0], [17.074558, 20.320875, 354.0], [17.670095, 19.276596, 371.0], [17.995695, 17.78738, 388.0], [18.363598, 15.940827, 404.0], [18.51712, 14.152264, 421.0], [18.338608, 12.707319, 438.0], [17.979063, 11.342501, 455.0], [17.545242, 10.397627, 471.0], [17.23265, 9.836133, 488.0], [17.052778, 9.527779, 505.0]"}