{"Image number":171,"Image shape":2,"Path":"[9.029909, 8.190462, 0.0], [9.289771, 8.103813, 78.0], [9.470718, 8.132962, 93.0], [9.724808, 8.154039, 102.0], [10.033765, 8.154039, 115.0], [10.392601, 8.154039, 129.0], [10.798304, 8.204901, 143.0], [11.26378, 8.251227, 158.0], [11.75558, 8.328594, 172.0], [12.258167, 8.378078, 186.0], [12.79557, 8.385996, 206.0], [13.337252, 8.43115, 217.0], [13.882671, 8.476616, 229.0], [14.431625, 8.522377, 241.0], [14.927019, 8.567802, 255.0], [15.406076, 8.649815, 270.0], [15.852094, 8.694431, 284.0], [16.303896, 8.739627, 298.0], [16.711323, 8.785225, 311.0], [17.063736, 8.83079, 325.0], [17.395012, 8.846073, 340.0], [17.711535, 8.884757, 353.0], [18.024437, 8.976448, 367.0], [18.233334, 9.048331, 381.0], [18.431229, 9.093752, 396.0], [18.611092, 9.138731, 409.0], [18.845604, 9.246723, 437.0], [19.080511, 9.283146, 466.0], [19.278765, 9.283146, 494.0], [19.477837, 9.283146, 521.0], [19.651342, 9.283146, 563.0], [19.63015, 9.460596, 690.0], [19.435246, 9.596832, 732.0], [19.294249, 9.803689, 760.0], [9.46684, 8.263308, 0.0], [9.747479, 8.122943, 51.0], [10.063033, 8.074044, 65.0], [10.566427, 7.9767857, 80.0], [11.166018, 7.935503, 92.0], [11.838638, 7.935503, 105.0], [12.562214, 7.935503, 119.0], [13.381504, 7.935503, 133.0], [14.201478, 7.9962754, 147.0], [15.015417, 8.04151, 161.0], [15.787723, 8.086761, 175.0], [16.54829, 8.1315155, 188.0], [17.24156, 8.200307, 203.0], [17.885738, 8.258675, 217.0], [18.479712, 8.385453, 231.0], [18.963253, 8.421621, 245.0], [19.340752, 8.583514, 259.0], [19.657494, 8.719306, 273.0], [19.894716, 8.854688, 287.0], [20.072487, 8.99021, 301.0], [20.119305, 9.146534, 314.0], [20.106075, 9.326992, 329.0], [20.02323, 9.582863, 342.0], [19.840803, 9.852425, 356.0], [19.548159, 10.125376, 371.0], [19.275616, 10.425989, 384.0], [18.9696, 10.740549, 398.0], [18.559881, 11.104806, 412.0], [18.211466, 11.408622, 426.0], [17.696808, 11.788894, 440.0], [17.232027, 12.188271, 454.0], [16.688555, 12.552957, 468.0], [16.156132, 12.960481, 482.0], [15.606716, 13.347262, 496.0], [15.031074, 13.742527, 509.0], [14.441856, 14.150578, 523.0], [13.901586, 14.58637, 541.0], [13.334795, 14.971638, 560.0], [12.786884, 15.369864, 568.0], [12.246598, 15.775209, 581.0], [11.705832, 16.180918, 594.0], [11.241425, 16.554443, 607.0], [10.763437, 16.956789, 622.0], [10.340433, 17.328768, 637.0], [9.986807, 17.637785, 650.0], [9.681504, 17.955566, 664.0], [9.423668, 18.27447, 678.0], [9.236953, 18.551664, 691.0], [9.104701, 18.774061, 706.0], [9.04602, 18.979982, 719.0], [9.058929, 19.189592, 733.0], [9.142333, 19.378635, 747.0], [9.231826, 19.604034, 762.0], [9.470897, 19.775606, 776.0], [9.743083, 19.957125, 790.0], [10.051448, 20.10158, 804.0], [10.411694, 20.236607, 818.0], [10.881798, 20.336948, 832.0], [11.360985, 20.382227, 846.0], [11.931372, 20.427631, 860.0], [12.511348, 20.428513, 874.0], [13.223704, 20.339323, 888.0], [13.950477, 20.243168, 902.0], [14.674417, 20.107384, 915.0], [15.446281, 19.970736, 929.0], [16.19939, 19.786575, 942.0], [16.974203, 19.640629, 956.0], [17.744637, 19.45929, 970.0], [18.514433, 19.278103, 984.0], [19.216, 19.150845, 999.0], [20.047554, 18.91725, 1014.0], [20.847305, 18.70494, 1028.0], [21.576622, 18.520082, 1041.0], [22.341537, 18.340893, 1056.0], [22.939758, 18.19429, 1069.0], [23.339401, 18.061033, 1083.0]"}