{"Image number":35523,"Image shape":9,"Path":"[17.424292, 7.9175353, 0.0], [16.529118, 8.01211, 52.0], [15.452788, 8.199831, 69.0], [14.244687, 8.620853, 85.0], [13.220689, 9.276293, 102.0], [12.341165, 10.160276, 118.0], [11.78292, 11.094612, 135.0], [11.5512295, 12.031592, 151.0], [11.601273, 12.728625, 168.0], [12.028781, 13.290726, 185.0], [12.817072, 13.46665, 201.0], [13.936127, 13.418579, 218.0], [15.254618, 12.992804, 234.0], [16.49893, 12.296353, 251.0], [17.527674, 11.358216, 267.0], [18.216822, 10.574355, 284.0], [18.637001, 9.826521, 300.0], [18.775677, 9.268333, 317.0], [18.82229, 8.940918, 333.0], [18.633898, 8.850385, 367.0], [18.168467, 9.223928, 383.0], [17.50425, 9.936419, 400.0], [16.813755, 10.908124, 416.0], [16.209309, 12.073876, 433.0], [15.647057, 13.24663, 449.0], [15.1821995, 14.41243, 466.0], [14.766144, 15.523648, 482.0], [14.253441, 16.6418, 499.0], [13.693474, 17.855852, 515.0], [12.246211, 20.330828, 548.0], [11.500992, 21.541471, 565.0], [10.797973, 22.808914, 582.0]"}