{"Image number":36154,"Image shape":3,"Path":"[11.36772, 7.078354, 0.0], [11.600665, 7.031733, 36.0], [13.294052, 6.4207296, 69.0], [14.398959, 6.145193, 86.0], [15.376008, 6.2860293, 102.0], [15.984398, 6.7553673, 119.0], [16.356733, 7.505926, 135.0], [16.25875, 8.438534, 152.0], [15.839475, 9.317839, 168.0], [15.184151, 10.113427, 185.0], [14.250221, 10.859485, 201.0], [13.458246, 11.277425, 218.0], [12.660774, 11.558024, 234.0], [12.298073, 11.600782, 251.0], [12.016953, 11.600604, 268.0], [12.208196, 11.5535145, 284.0], [12.627804, 11.50712, 301.0], [13.478619, 11.459941, 317.0], [14.498496, 11.554831, 334.0], [15.659958, 11.741436, 350.0], [16.829605, 12.06989, 367.0], [17.898357, 12.489609, 383.0], [19.022581, 13.194644, 400.0], [19.85184, 14.170509, 417.0], [20.55475, 15.3453, 433.0], [20.923166, 16.604927, 450.0], [21.012379, 17.904722, 466.0], [20.729208, 19.119205, 483.0], [20.123787, 20.277273, 499.0], [19.284355, 21.348894, 516.0], [18.114801, 22.28351, 532.0], [16.767189, 23.072252, 549.0], [15.125317, 23.540226, 565.0], [13.502233, 23.723085, 582.0], [11.956931, 23.627863, 599.0], [10.543199, 23.19951, 615.0]"}