{"Image number":30068,"Image shape":1,"Path":"[10.485437, 12.036156, 0.0], [10.679612, 11.803005, 63.0], [11.028606, 11.539184, 81.0], [11.56538, 11.028131, 99.0], [12.459554, 10.198463, 117.0], [13.527685, 9.290013, 134.0], [14.29277, 8.498523, 152.0], [14.90029, 7.929493, 170.0], [15.373471, 7.505247, 187.0], [15.604051, 7.2622604, 205.0], [15.737741, 7.106165, 223.0], [15.922331, 6.9456887, 276.0], [15.922331, 7.35032, 365.0], [15.891799, 7.881231, 383.0], [15.826767, 8.580398, 401.0], [15.678093, 9.433565, 418.0], [15.579389, 10.279737, 436.0], [15.514607, 11.005912, 454.0], [15.300971, 12.004187, 472.0], [15.189384, 12.715397, 489.0], [15.102774, 13.476638, 507.0], [14.971815, 14.197336, 525.0], [14.915951, 14.878378, 543.0], [14.858068, 15.53899, 560.0], [14.725382, 16.222702, 578.0], [14.605947, 16.949154, 596.0], [14.348831, 17.541035, 614.0], [14.137009, 18.133684, 631.0], [13.826828, 18.83164, 649.0], [13.410239, 19.562853, 667.0], [13.005909, 20.32063, 685.0], [12.611188, 20.911167, 702.0], [12.325127, 21.386608, 720.0], [12.053171, 21.82283, 738.0], [11.750153, 22.113995, 756.0], [11.462308, 22.414354, 774.0], [11.193578, 22.674276, 791.0], [10.975063, 22.76619, 809.0], [10.849766, 22.933167, 827.0], [10.679612, 23.078827, 862.0], [10.930868, 22.859426, 1004.0], [11.345833, 22.59668, 1022.0], [11.952828, 22.106356, 1040.0], [12.668673, 21.663372, 1058.0], [13.339754, 21.136866, 1075.0], [13.952031, 20.693604, 1093.0], [14.327301, 20.380121, 1111.0], [14.684011, 20.147177, 1129.0], [15.008439, 19.91536, 1147.0]"}