{"Image number":39284,"Image shape":2,"Path":"[8.339434, 8.803335, 0.0], [8.715417, 8.332542, 69.0], [9.0884905, 7.8663707, 86.0], [10.289982, 6.617925, 119.0], [11.330399, 6.0476313, 135.0], [12.585594, 5.724639, 152.0], [13.898513, 5.7734976, 168.0], [16.311386, 6.801899, 201.0], [17.29478, 7.740823, 218.0], [17.938707, 8.900038, 234.0], [18.359955, 10.214053, 251.0], [18.450333, 11.805487, 268.0], [18.121662, 13.566644, 284.0], [17.607315, 15.529514, 301.0], [16.771805, 17.428795, 317.0], [15.969341, 19.034761, 334.0], [15.18053, 20.236979, 350.0], [14.534022, 21.020203, 367.0], [14.022387, 21.57852, 383.0], [13.45907, 21.906887, 400.0], [12.1532955, 21.949636, 433.0], [11.360976, 21.527334, 450.0], [10.754782, 20.587275, 466.0], [10.338936, 19.18709, 483.0], [10.342762, 17.654324, 499.0], [10.578214, 16.389034, 516.0], [11.043087, 15.654257, 532.0], [11.699534, 15.139337, 549.0], [12.581485, 14.629559, 565.0], [13.7476845, 14.163197, 582.0], [15.194342, 14.024291, 598.0], [16.826557, 14.071753, 615.0], [19.931625, 14.86135, 648.0], [21.103535, 15.236641, 665.0], [21.805965, 15.424153, 681.0], [22.246044, 15.325164, 698.0]"}