{"Image number":36233,"Image shape":8,"Path":"[13.510815, 7.078354, 0.0], [12.808849, 7.92115, 54.0], [12.05861, 9.048368, 71.0], [11.363828, 10.630391, 87.0], [11.180939, 12.023392, 104.0], [11.228137, 13.377535, 120.0], [12.353296, 15.481218, 153.0], [13.3863945, 16.5585, 170.0], [14.405071, 17.624214, 187.0], [15.437957, 18.610004, 203.0], [16.175287, 19.442974, 220.0], [16.588348, 20.230537, 236.0], [16.725864, 20.833357, 253.0], [16.49097, 21.39475, 269.0], [15.88242, 21.954596, 286.0], [14.946492, 22.421003, 302.0], [13.875474, 22.745508, 319.0], [12.707481, 22.93135, 335.0], [11.68364, 23.117884, 352.0], [10.802818, 23.256813, 368.0], [10.195405, 23.303095, 385.0], [9.828368, 23.11507, 402.0], [9.736465, 22.505796, 418.0], [10.112591, 21.241814, 435.0], [10.675926, 19.362846, 451.0], [11.756644, 17.161991, 468.0], [13.104344, 14.936076, 484.0], [14.776406, 12.662419, 501.0], [17.852425, 8.4653015, 534.0], [19.010544, 6.2803893, 567.0], [18.867687, 5.722889, 583.0], [18.167364, 5.4924507, 600.0], [15.594038, 5.869306, 633.0], [13.063644, 7.750341, 666.0], [12.256512, 8.566628, 683.0]"}
