{"Image number":10315,"Image shape":7,"Path":"[10.383333, 7.466667, 0.0], [10.731716, 7.660301, 23.0], [11.234489, 7.9309335, 40.0], [12.122186, 8.374982, 57.0], [12.785477, 8.627881, 73.0], [13.811882, 8.852378, 90.0], [15.375525, 8.966963, 107.0], [17.063566, 8.906114, 124.0], [18.705387, 8.633362, 140.0], [20.030396, 8.1221695, 157.0], [21.114765, 7.6844263, 174.0], [21.759642, 7.359067, 190.0], [21.980547, 7.1000175, 224.0], [21.691565, 7.476508, 257.0], [21.00803, 8.211864, 274.0], [19.81377, 9.537638, 290.0], [18.407358, 11.4643135, 307.0], [16.888355, 14.282392, 324.0], [16.237051, 16.46085, 341.0], [15.636658, 18.016691, 357.0], [15.136501, 19.740652, 374.0], [14.812126, 21.021795, 391.0], [14.515766, 22.103306, 407.0], [14.391882, 22.942947, 424.0], [14.138454, 23.523092, 441.0], [13.805869, 23.838577, 457.0], [13.335462, 23.909575, 474.0], [13.105556, 23.955555, 491.0]"}