{"Image number":531,"Image shape":4,"Path":"[12.197659, 10.157291, 0.0], [11.919895, 10.36681, 96.0], [11.685528, 10.583811, 123.0], [11.526451, 10.828718, 136.0], [11.31526, 11.070824, 151.0], [11.087613, 11.34409, 165.0], [10.863677, 11.564553, 178.0], [10.581817, 11.923941, 193.0], [10.283948, 12.282663, 206.0], [9.966359, 12.607855, 220.0], [9.648675, 13.019363, 235.0], [9.352002, 13.369971, 250.0], [8.808092, 14.022017, 277.0], [8.538275, 14.382447, 292.0], [8.27013, 14.686264, 307.0], [8.086136, 14.942516, 329.0], [7.8044167, 15.405646, 349.0], [7.6942434, 15.658925, 375.0], [7.7249374, 15.85089, 405.0], [7.8721204, 15.992297, 418.0], [8.029838, 16.0675, 442.0], [8.245704, 16.126709, 453.0], [8.511672, 16.208126, 469.0], [9.131877, 16.276316, 491.0], [9.52876, 16.276316, 502.0], [10.347055, 16.360723, 530.0], [10.765962, 16.369846, 545.0], [11.190102, 16.385584, 562.0], [11.631948, 16.422007, 577.0], [12.5127, 16.422007, 601.0], [12.923403, 16.422007, 613.0], [13.366019, 16.45875, 626.0], [13.770937, 16.50379, 653.0], [14.613557, 16.558048, 670.0], [15.032886, 16.567698, 690.0], [15.438142, 16.567698, 702.0], [15.847087, 16.567698, 711.0], [16.188944, 16.593275, 725.0], [16.584093, 16.60412, 740.0], [16.948685, 16.60412, 757.0], [17.671545, 16.640543, 791.0], [18.315659, 16.645884, 817.0], [18.888489, 16.699783, 837.0], [19.09726, 16.713388, 856.0], [19.312704, 16.75354, 876.0], [19.617477, 16.807846, 903.0], [19.813244, 16.822657, 921.0], [19.61011, 16.85908, 1060.0], [19.439224, 16.833397, 1074.0], [19.23508, 16.822657, 1089.0], [19.05031, 16.77898, 1103.0], [18.822466, 16.786234, 1118.0], [18.60654, 16.786234, 1131.0], [18.365746, 16.752739, 1144.0], [18.104269, 16.708658, 1158.0], [17.843647, 16.69928, 1174.0], [17.59296, 16.676966, 1187.0], [17.322647, 16.676966, 1201.0], [17.05184, 16.676966, 1217.0], [16.781788, 16.627796, 1228.0], [15.458678, 16.670147, 1318.0], [15.118584, 16.741758, 1375.0], [12.015605, 10.521519, 0.0], [11.705866, 10.986277, 66.0], [11.591388, 11.212686, 80.0], [11.46944, 11.395665, 124.0], [10.630294, 12.624584, 137.0], [10.294905, 13.171747, 150.0], [10.026283, 13.659876, 164.0], [9.755898, 14.106807, 178.0], [9.539351, 14.54315, 192.0], [9.375616, 14.917055, 206.0], [9.238031, 15.244199, 221.0], [9.153769, 15.551289, 235.0], [9.08267, 15.850376, 249.0], [9.094688, 16.062021, 262.0], [9.140629, 16.283756, 276.0], [9.412224, 16.549486, 304.0], [9.642493, 16.623413, 318.0], [9.902846, 16.71308, 332.0], [10.171517, 16.758026, 349.0], [10.449935, 16.804445, 360.0], [10.802858, 16.822657, 374.0], [11.129043, 16.857264, 388.0], [11.541019, 16.85908, 402.0], [11.88308, 16.85908, 416.0], [12.251385, 16.895502, 430.0], [12.647485, 16.929312, 444.0], [13.014083, 16.931925, 458.0], [13.423254, 16.931925, 471.0], [13.736226, 16.931925, 485.0], [14.063488, 16.931925, 502.0], [14.378173, 16.931925, 514.0], [14.695866, 16.931925, 527.0], [14.952917, 16.931925, 541.0], [15.226347, 16.900475, 564.0], [15.455327, 16.895502, 571.0], [15.682373, 16.895502, 588.0], [15.928544, 16.895502, 598.0], [16.13758, 16.895502, 612.0], [16.399616, 16.895502, 627.0], [16.615421, 16.849386, 639.0], [16.785437, 16.85908, 655.0], [17.228706, 16.822657, 683.0], [17.407, 16.776484, 696.0], [17.64109, 16.676966, 709.0], [17.831364, 16.622684, 723.0], [18.022226, 16.567995, 737.0], [18.248827, 16.4775, 751.0], [18.419186, 16.387957, 765.0], [18.68974, 16.260527, 779.0], [18.959953, 16.135696, 793.0], [19.231583, 16.043432, 807.0], [19.44702, 15.902652, 821.0], [19.70161, 15.826003, 835.0], [19.93794, 15.736074, 849.0], [20.16593, 15.602286, 863.0], [20.353598, 15.467795, 880.0], [20.554398, 15.287808, 894.0], [20.738007, 15.122956, 905.0], [20.954338, 14.9506445, 922.0], [21.199001, 14.738713, 946.0], [21.384827, 14.589251, 988.0], [21.07667, 14.647712, 1044.0], [20.841587, 14.711603, 1063.0], [20.588661, 14.801767, 1073.0], [20.278824, 14.929556, 1087.0], [19.919615, 15.064192, 1102.0], [19.59463, 15.182245, 1116.0], [19.233517, 15.298801, 1130.0], [18.87036, 15.435028, 1143.0], [18.51096, 15.569849, 1158.0], [18.101772, 15.755839, 1172.0], [17.789476, 15.938035, 1186.0], [17.393177, 16.119436, 1201.0], [17.031738, 16.340862, 1212.0], [16.670212, 16.51606, 1226.0], [16.29389, 16.676966, 1242.0], [15.877084, 16.878458, 1254.0], [15.5153, 17.097727, 1268.0], [15.152761, 17.27503, 1285.0], [14.773598, 17.490469, 1297.0], [14.030203, 17.891129, 1324.0], [13.666351, 18.073116, 1338.0], [13.3117075, 18.34339, 1352.0], [12.949673, 18.569733, 1367.0], [12.582185, 18.799484, 1383.0], [12.284096, 18.984533, 1403.0], [12.011373, 19.211876, 1417.0], [11.74161, 19.436752, 1424.0], [11.468034, 19.628147, 1436.0], [11.289141, 19.89775, 1452.0], [10.916307, 20.216946, 1484.0], [10.704811, 20.501358, 1548.0], [10.930704, 20.27539, 1576.0], [11.089756, 20.02002, 1593.0], [11.305095, 19.75893, 1615.0], [11.805071, 19.132315, 1643.0], [12.66058, 18.06403, 1685.0], [12.975512, 17.658983, 1697.0], [13.605888, 16.848236, 1715.0], [13.964493, 16.436924, 1731.0], [14.589686, 15.666193, 1763.0], [14.907851, 15.285265, 1776.0], [15.258276, 14.963258, 1789.0], [15.618877, 14.593347, 1806.0], [15.985357, 14.199257, 1819.0], [16.319988, 13.864516, 1836.0], [16.670967, 13.477655, 1850.0], [16.999006, 13.07601, 1862.0], [17.359865, 12.732226, 1872.0], [17.718393, 12.392811, 1885.0], [18.078552, 11.99832, 1906.0], [18.75288, 11.337353, 1934.0], [19.4552, 10.691861, 1955.0], [19.809553, 10.373815, 1973.0], [20.125135, 10.072299, 1984.0], [20.443651, 9.799197, 1995.0], [20.790855, 9.528833, 2010.0], [21.110628, 9.258535, 2023.0], [21.425844, 8.988262, 2037.0], [21.780283, 8.773748, 2058.0], [22.098944, 8.576924, 2071.0], [22.374498, 8.399899, 2085.0], [22.644423, 8.2648945, 2098.0], [22.89634, 8.12858, 2112.0], [23.120972, 7.9937587, 2121.0], [23.346949, 7.896061, 2134.0], [23.56679, 7.808096, 2150.0], [23.780083, 7.770663, 2164.0], [23.961143, 7.7533894, 2178.0], [24.195179, 7.7533894, 2204.0], [24.348915, 7.852662, 2233.0]"}