{"Image number":36360,"Image shape":9,"Path":"[14.768718, 7.31146, 0.0], [14.396006, 7.4979453, 36.0], [13.213873, 8.255032, 53.0], [11.493182, 9.701131, 69.0], [9.722934, 11.56891, 86.0], [7.7289085, 14.968692, 119.0], [7.547102, 16.31165, 136.0], [8.721987, 17.901844, 169.0], [9.893022, 18.08353, 185.0], [11.233217, 17.84693, 202.0], [12.835145, 17.185598, 218.0], [15.669674, 14.94155, 251.0], [16.690096, 13.590503, 268.0], [17.519323, 11.923245, 285.0], [18.175673, 10.280312, 301.0], [18.682787, 8.006825, 334.0], [18.541403, 7.541143, 351.0], [18.16504, 7.308534, 367.0], [17.60433, 7.31146, 384.0], [17.04926, 7.59235, 400.0], [16.63042, 8.106293, 417.0], [16.444777, 9.042172, 433.0], [16.351463, 10.17072, 450.0], [16.446932, 11.663382, 467.0], [16.586288, 13.332754, 483.0], [16.821278, 15.305891, 500.0], [17.195072, 17.3555, 516.0], [17.709703, 19.409853, 533.0], [18.124609, 21.164194, 549.0], [18.452282, 22.710728, 566.0], [18.59094, 23.97253, 582.0], [18.73591, 25.082167, 599.0], [18.777746, 25.713423, 615.0]"}