{"Image number":38002,"Image shape":1,"Path":"[13.091514, 6.4256587, 0.0], [13.184691, 6.7986274, 35.0], [13.327037, 7.84321, 52.0], [13.514111, 9.579781, 68.0], [13.699713, 11.62858, 85.0], [13.978135, 13.615567, 101.0], [14.352814, 15.675332, 118.0], [14.868101, 17.638435, 134.0], [15.795885, 20.932686, 167.0], [16.261225, 22.141294, 184.0], [16.685026, 23.319628, 200.0]"}