{"Image number":10325,"Image shape":1,"Path":"[17.733334, 4.7833333, 0.0], [17.562191, 5.3123436, 25.0], [17.399284, 6.243191, 42.0], [17.028088, 7.287956, 59.0], [16.685745, 8.286419, 76.0], [15.997407, 9.942935, 92.0], [15.233895, 11.751373, 109.0], [14.505903, 13.675988, 126.0], [13.712126, 15.73625, 142.0], [13.169883, 17.280996, 159.0], [12.79995, 18.683533, 176.0], [12.541666, 19.891666, 193.0], [12.33815, 20.675915, 209.0], [12.224575, 21.29539, 226.0], [12.077765, 21.683365, 243.0], [11.927786, 22.037018, 259.0], [11.82319, 22.47391, 276.0], [11.914704, 22.763285, 293.0], [11.997222, 22.983334, 309.0]"}