{"Image number":39175,"Image shape":0,"Path":"[17.517471, 7.124975, 0.0], [16.810497, 6.7948704, 51.0], [15.921898, 6.562482, 68.0], [14.846281, 6.3763204, 84.0], [13.918329, 6.5678806, 101.0], [12.98522, 6.8491864, 117.0], [12.335296, 7.3191752, 134.0], [11.727482, 7.8828773, 151.0], [11.077227, 8.866406, 167.0], [10.139587, 10.416224, 184.0], [9.176001, 12.448726, 200.0], [8.60773, 13.866102, 217.0], [7.765208, 16.021757, 233.0], [7.1635394, 17.882233, 250.0], [6.9393473, 20.250177, 266.0], [7.5010486, 21.391499, 283.0], [8.391947, 22.329706, 299.0], [9.332882, 22.749847, 316.0], [10.5412, 22.978485, 332.0], [12.023713, 22.602255, 349.0], [13.765833, 21.89492, 366.0], [17.076973, 19.12931, 399.0], [18.456623, 17.466017, 415.0], [19.620964, 15.739536, 432.0], [20.414473, 14.147792, 448.0], [20.781021, 12.710517, 465.0], [20.82476, 10.1882, 498.0], [20.543066, 9.072291, 514.0], [19.84142, 8.284264, 531.0], [18.763098, 7.583175, 548.0], [17.416748, 7.1223717, 564.0], [15.971483, 6.8435936, 581.0], [14.557285, 6.796155, 597.0], [13.795359, 6.7986274, 614.0]"}