{"Image number":510,"Image shape":1,"Path":"[18.059818, 4.183958, 0.0], [18.015755, 4.492499, 96.0], [17.839165, 4.6846547, 124.0], [17.73757, 4.865083, 139.0], [17.562807, 5.0453577, 153.0], [17.433828, 5.2761803, 166.0], [17.273832, 5.4436975, 181.0], [17.125668, 5.688643, 196.0], [16.949389, 5.918462, 209.0], [16.768719, 6.243793, 223.0], [16.610275, 6.5012236, 237.0], [16.446375, 6.82913, 251.0], [16.262577, 7.1571465, 265.0], [16.131952, 7.4696836, 281.0], [15.939854, 7.8424993, 295.0], [15.762619, 8.225231, 316.0], [15.580565, 8.634985, 324.0], [15.35038, 9.001248, 336.0], [15.218664, 9.413105, 349.0], [15.007878, 9.824925, 362.0], [14.855465, 10.194229, 378.0], [14.676113, 10.5529175, 392.0], [14.514833, 10.967657, 405.0], [14.340433, 11.349556, 418.0], [14.204843, 11.746142, 432.0], [14.027375, 12.105775, 449.0], [13.898807, 12.466901, 462.0], [13.763323, 12.87688, 476.0], [13.626373, 13.266472, 489.0], [13.533301, 13.627295, 502.0], [13.3923855, 13.987767, 518.0], [13.31644, 14.40895, 531.0], [13.194544, 14.782621, 544.0], [13.099647, 15.143945, 559.0], [13.022771, 15.537343, 577.0], [12.955871, 15.901345, 587.0], [12.8955965, 16.263689, 600.0], [12.811858, 16.623276, 614.0], [12.768834, 17.034544, 628.0], [12.683769, 17.383503, 642.0], [12.577241, 17.744158, 656.0], [12.524398, 18.10514, 670.0], [12.43337, 18.419514, 684.0], [12.3430395, 18.735775, 699.0], [12.25278, 19.024723, 711.0], [12.162741, 19.294928, 725.0], [12.073393, 19.650938, 739.0], [11.982513, 19.961607, 755.0], [11.892939, 20.238792, 770.0], [11.801788, 20.523832, 781.0], [11.7119465, 20.793438, 795.0], [11.622012, 21.114494, 809.0], [11.555165, 21.394417, 823.0], [11.4776325, 21.678722, 839.0], [11.428492, 21.949081, 854.0], [11.334417, 22.2671, 866.0], [11.323797, 22.528765, 879.0], [11.323797, 22.768192, 893.0]"}