{"Image number":35673,"Image shape":4,"Path":"[17.890182, 7.964156, 0.0], [17.276203, 7.87022, 53.0], [16.39032, 7.776722, 69.0], [15.365629, 7.7776723, 86.0], [14.483171, 7.9184847, 102.0], [13.785593, 8.152226, 119.0], [13.269778, 8.576856, 136.0], [12.857363, 8.944274, 152.0], [12.482962, 9.366049, 169.0], [12.204287, 9.832397, 185.0], [11.922493, 10.397052, 202.0], [11.785842, 11.093671, 218.0], [11.740086, 11.698344, 235.0], [11.740433, 12.210554, 252.0], [11.787441, 12.583012, 268.0], [11.881124, 12.862153, 284.0], [12.114811, 13.094149, 317.0], [13.417637, 8.10402, 0.0], [13.417637, 8.337125, 36.0], [13.134101, 9.141034, 53.0], [12.482051, 10.302014, 69.0], [11.7351265, 11.750754, 86.0], [11.131637, 12.912036, 102.0], [10.806458, 13.797757, 119.0], [10.621093, 14.307941, 136.0], [10.716549, 14.540424, 152.0], [10.9985695, 14.584951, 168.0], [11.795945, 14.301479, 185.0], [12.969226, 13.59482, 202.0], [14.594495, 12.618985, 218.0], [16.328823, 11.445415, 234.0], [18.083002, 10.431333, 251.0], [19.531511, 9.401804, 268.0], [20.746992, 8.465535, 284.0], [21.57632, 7.6321993, 301.0], [22.083694, 7.1244736, 317.0], [22.224442, 6.936514, 334.0], [21.893044, 7.2686367, 350.0], [21.193995, 8.061944, 367.0], [19.973345, 9.471439, 383.0], [18.624094, 11.336767, 400.0], [17.04646, 13.565927, 416.0], [15.69581, 15.9914055, 433.0], [14.3313465, 18.345226, 450.0], [13.175983, 20.615566, 466.0], [12.104802, 22.712767, 483.0], [11.282118, 24.702063, 499.0], [10.834261, 25.923355, 516.0]"}