{"Image number":10242,"Image shape":0,"Path":"[19.327778, 13.883333, 0.0], [19.122913, 13.678472, 19.0], [18.537157, 12.94441, 35.0], [18.130774, 12.23255, 52.0], [17.880646, 11.784052, 69.0], [17.42474, 10.91497, 86.0], [16.885967, 9.94696, 102.0], [16.372223, 9.138889, 119.0], [15.669207, 8.505373, 136.0], [14.846405, 8.163007, 152.0], [13.962131, 8.448165, 169.0], [13.159616, 9.162605, 186.0], [12.209155, 10.379663, 203.0], [11.081965, 12.532668, 219.0], [10.170692, 14.659243, 236.0], [9.822184, 16.67247, 253.0], [9.645501, 18.45637, 269.0], [9.75133, 20.128954, 286.0], [10.379491, 21.352356, 303.0], [11.060371, 22.383865, 320.0], [11.898304, 23.158047, 336.0], [12.954224, 23.279312, 353.0], [14.030012, 23.245789, 370.0], [14.915205, 22.990585, 386.0], [15.687311, 22.545855, 403.0], [16.302183, 21.873096, 420.0], [16.829037, 20.924942, 436.0], [17.129128, 19.79295, 453.0], [17.395376, 18.280334, 470.0], [17.802338, 16.730839, 486.0], [18.29724, 15.224945, 503.0], [18.87808, 13.779676, 520.0], [19.50634, 12.439234, 536.0]"}