{"Image number":10423,"Image shape":3,"Path":"[9.877778, 7.5055556, 0.0], [10.277996, 7.1201887, 35.0], [11.18302, 6.65849, 51.0], [11.959411, 6.416358, 68.0], [13.478717, 6.1794724, 85.0], [15.016775, 6.027373, 101.0], [16.579105, 6.0277777, 118.0], [17.486626, 6.4721375, 135.0], [18.066296, 6.901211, 152.0], [18.392563, 7.4635286, 168.0], [18.222343, 8.094051, 185.0], [17.714817, 8.894443, 202.0], [16.686361, 9.789497, 218.0], [15.482762, 10.845665, 235.0], [14.295731, 11.929259, 252.0], [13.296838, 12.729396, 268.0], [12.3294525, 13.443545, 285.0], [11.990477, 13.685373, 302.0], [11.567301, 13.859251, 318.0], [11.182764, 13.977147, 335.0], [11.719078, 13.854402, 385.0], [12.766341, 13.576352, 402.0], [14.13274, 13.257539, 418.0], [15.740517, 12.99047, 435.0], [17.265678, 12.988889, 452.0], [18.634047, 13.223475, 469.0], [19.658333, 13.591667, 485.0], [20.44263, 14.108358, 502.0], [20.985388, 14.694667, 519.0], [21.3163, 15.279197, 535.0], [21.46815, 16.152246, 552.0], [21.355762, 17.137014, 569.0], [20.532564, 18.267767, 586.0], [19.605282, 19.292448, 602.0], [18.611269, 20.254236, 619.0], [17.740051, 21.076029, 635.0], [16.83172, 21.88247, 652.0], [15.860434, 22.670673, 669.0], [14.861076, 23.274094, 686.0], [13.889096, 23.625946, 702.0], [12.695296, 23.644445, 719.0], [11.5232315, 23.501732, 736.0], [10.538889, 23.352777, 752.0], [9.708029, 23.058388, 769.0], [8.765945, 22.577723, 786.0], [7.816513, 21.917202, 803.0], [7.1012864, 21.216671, 819.0]"}