{"Image number":37969,"Image shape":2,"Path":"[9.550749, 3.3486638, 0.0], [10.20579, 3.2083335, 52.0], [11.045837, 3.2556565, 69.0], [12.075077, 3.584483, 85.0], [13.05187, 4.4269075, 102.0], [14.729187, 7.513318, 135.0], [15.33623, 9.388787, 151.0], [15.656473, 11.336266, 168.0], [15.794332, 13.100777, 184.0], [15.651711, 14.749882, 201.0], [15.277286, 16.13753, 217.0], [14.668981, 17.39526, 234.0], [13.735799, 18.227976, 250.0], [12.893429, 18.882631, 267.0], [11.8634405, 19.157803, 284.0], [11.035107, 19.20021, 300.0], [10.189628, 18.820936, 317.0], [9.492605, 18.25818, 333.0], [8.984985, 17.558977, 350.0], [8.705994, 17.043987, 366.0], [8.664764, 16.581135, 383.0], [8.854146, 16.258806, 399.0], [9.3694, 16.121487, 416.0], [10.16538, 16.122854, 432.0], [11.045152, 16.169664, 449.0], [13.339374, 16.87357, 482.0], [14.552089, 17.530281, 499.0], [15.665485, 18.133839, 515.0], [16.77585, 18.82926, 532.0], [17.760874, 19.486553, 548.0], [18.637236, 20.086767, 565.0], [20.04141, 20.976686, 598.0], [20.551891, 21.301708, 614.0], [20.987057, 21.543139, 631.0], [21.210321, 21.579994, 648.0]"}