{"Image number":36961,"Image shape":2,"Path":"[11.833611, 4.9804034, 0.0], [12.346686, 4.8870945, 51.0], [13.001352, 4.933997, 67.0], [14.398107, 6.2420273, 101.0], [14.863169, 7.641627, 117.0], [15.048978, 9.229093, 134.0], [15.1415615, 10.95034, 150.0], [15.000575, 12.592343, 167.0], [14.577882, 14.181704, 183.0], [13.874612, 15.534027, 200.0], [13.037912, 16.692053, 216.0], [12.198771, 17.764252, 233.0], [11.366073, 18.642138, 249.0], [10.6627, 19.251835, 266.0], [10.245014, 19.529245, 283.0], [10.581087, 18.77151, 332.0], [11.373103, 18.029253, 349.0], [12.400689, 17.141598, 365.0], [13.621798, 16.62815, 382.0], [14.780016, 16.306175, 398.0], [15.900326, 16.403704, 415.0], [16.972878, 16.73334, 431.0], [17.94824, 17.10627, 448.0], [18.915312, 17.754711, 464.0], [19.719751, 18.417673, 481.0], [20.418577, 19.119202, 498.0]"}