{"Image number":10329,"Image shape":3,"Path":"[8.905556, 10.2277775, 0.0], [9.651747, 9.93955, 47.0], [10.288364, 9.6335945, 63.0], [11.467201, 8.844087, 80.0], [13.089631, 7.8612614, 97.0], [14.572252, 7.1277633, 114.0], [15.4088955, 6.7038865, 130.0], [16.029556, 6.50305, 147.0], [16.585167, 6.442039, 164.0], [16.96985, 6.6254063, 197.0], [17.130556, 7.252778, 214.0], [16.783497, 8.300349, 231.0], [16.237095, 9.321807, 247.0], [15.136296, 10.821481, 264.0], [13.940483, 12.381482, 280.0], [12.991598, 13.646387, 297.0], [12.309732, 14.2603445, 314.0], [11.762338, 14.664143, 331.0], [11.463985, 14.781896, 349.0], [11.220933, 14.855556, 381.0], [12.0668545, 14.191929, 448.0], [13.074055, 13.499624, 464.0], [14.136111, 12.8527775, 481.0], [15.35809, 12.4471855, 497.0], [16.527357, 12.155655, 514.0], [17.287102, 12.158837, 531.0], [17.90742, 12.375091, 547.0], [18.2874, 12.822108, 564.0], [18.529257, 13.450362, 581.0], [18.647858, 14.267254, 598.0], [18.627777, 15.250545, 614.0], [18.330736, 16.876766, 631.0], [18.070417, 18.285305, 648.0], [17.780066, 19.253677, 664.0], [17.340565, 20.278374, 681.0], [16.800001, 21.175001, 698.0], [16.152067, 22.305334, 714.0], [15.554283, 23.355007, 731.0], [14.991667, 24.208332, 748.0], [14.257916, 24.639166, 764.0], [13.586308, 24.871231, 781.0], [12.8396, 24.789785, 798.0], [12.02939, 24.54313, 815.0], [11.025001, 23.994444, 831.0], [9.908304, 23.359426, 848.0], [9.022847, 22.711582, 865.0], [8.427323, 22.003853, 881.0], [8.002621, 21.215137, 898.0]"}