{"Image number":36625,"Image shape":1,"Path":"[15.281198, 8.243883, 0.0], [15.18802, 8.663473, 35.0], [15.094424, 9.881039, 52.0], [14.856797, 11.924228, 69.0], [14.577944, 14.390305, 85.0], [14.253584, 16.560291, 102.0], [13.83383, 18.468082, 118.0], [13.4125, 20.105642, 135.0], [12.989168, 21.753069, 151.0], [12.605608, 23.338507, 168.0], [12.42903, 24.239529, 184.0]"}