{"Image number":10494,"Image shape":4,"Path":"[10.966667, 5.211111, 0.0], [10.443802, 6.285095, 26.0], [9.63843, 8.217798, 43.0], [8.672222, 10.2277775, 60.0], [7.6784716, 12.272969, 76.0], [7.108298, 13.690365, 93.0], [6.5896583, 15.006412, 110.0], [6.239252, 15.754828, 126.0], [6.05958, 16.013407, 143.0], [6.0666666, 15.695208, 193.0], [6.422261, 15.164773, 210.0], [7.210895, 14.72493, 227.0], [8.84649, 14.390161, 243.0], [10.758026, 14.201342, 260.0], [12.942923, 14.142121, 277.0], [14.268095, 14.444932, 293.0], [15.607923, 14.633629, 311.0], [16.785824, 14.679913, 327.0], [18.023434, 14.23037, 344.0], [19.178324, 13.570385, 360.0], [20.027779, 12.755556, 377.0], [20.580845, 11.867622, 394.0], [20.91486, 11.113476, 410.0], [21.025936, 10.668478, 427.0], [21.08122, 10.447347, 444.0], [21.077778, 10.173978, 461.0], [20.839615, 10.594248, 477.0], [20.371397, 11.5238695, 494.0], [19.600557, 13.065551, 511.0], [18.638287, 15.5448, 527.0], [17.940752, 17.870483, 544.0], [17.835924, 19.800406, 561.0], [17.771513, 21.370544, 577.0], [17.715431, 22.88331, 594.0], [17.733334, 23.670092, 611.0], [17.775991, 24.315664, 628.0], [17.82985, 24.842937, 644.0]"}