{"Image number":39435,"Image shape":4,"Path":"[21.570715, 8.057398, 0.0], [21.243895, 8.711288, 51.0], [20.63206, 9.605951, 68.0], [19.643793, 10.876246, 84.0], [18.674294, 12.217602, 101.0], [17.509548, 13.708703, 117.0], [16.431486, 15.257782, 134.0], [15.4012375, 16.56757, 151.0], [14.616656, 17.91545, 167.0], [13.529425, 19.138258, 184.0], [12.764598, 20.544561, 200.0], [12.125494, 21.390923, 217.0], [13.976706, 18.873503, 0.0], [14.116471, 18.593775, 37.0], [14.68223, 17.744555, 54.0], [15.669202, 16.665545, 70.0], [16.737494, 15.645123, 87.0], [17.575214, 14.948026, 103.0], [18.220575, 14.394211, 120.0], [18.734802, 13.973357, 136.0], [19.10831, 13.788389, 153.0], [19.33697, 13.650418, 169.0], [19.14558, 13.699058, 236.0], [18.54064, 13.979111, 252.0], [17.608967, 14.4453335, 269.0], [16.487675, 15.100016, 285.0], [15.18112, 15.800205, 302.0], [13.827516, 16.453754, 318.0], [12.568145, 16.966475, 335.0], [11.352364, 17.292524, 351.0], [10.231776, 17.430475, 368.0], [9.169462, 17.475243, 385.0], [8.282617, 17.522028, 401.0], [7.4453554, 17.568605, 418.0], [6.8402863, 17.615372, 434.0], [6.424343, 17.614733, 451.0], [6.1949725, 17.614733, 484.0], [6.478025, 17.380013, 566.0], [7.1791186, 16.72481, 583.0], [8.017786, 15.93214, 600.0], [8.909142, 14.945559, 616.0], [9.556554, 14.063642, 633.0], [10.208863, 13.130712, 649.0], [10.809969, 12.298098, 666.0], [11.370983, 11.455844, 682.0], [11.788451, 10.66548, 699.0], [12.208153, 9.965813, 715.0], [12.487543, 9.499843, 732.0], [22.455906, 7.218218, 0.0], [22.128677, 7.7327104, 52.0], [21.523235, 8.571462, 69.0], [20.63295, 9.696703, 85.0], [19.64872, 10.915964, 102.0], [18.677605, 12.2596445, 118.0], [17.648361, 13.758099, 135.0], [16.571745, 15.350927, 151.0], [15.59841, 16.74167, 168.0], [14.621755, 18.137856, 184.0], [13.779436, 19.355486, 201.0], [13.134145, 20.371603, 217.0], [12.668538, 21.117199, 234.0], [12.342446, 21.67702, 251.0], [12.157016, 22.143782, 267.0], [12.065029, 22.468674, 284.0], [12.019966, 22.744305, 317.0], [12.303353, 21.893597, 399.0], [12.772357, 20.910196, 416.0], [13.373891, 19.753832, 433.0], [13.932438, 18.869823, 449.0], [14.448463, 18.26049, 466.0], [14.864452, 17.751469, 482.0], [15.234835, 17.474699, 499.0], [15.702195, 17.10054, 515.0], [16.262884, 16.773613, 532.0], [16.823137, 16.399576, 548.0], [17.381622, 16.073946, 565.0], [17.99066, 15.840318, 581.0], [18.45273, 15.561313, 598.0], [18.825336, 15.422272, 614.0], [19.149527, 15.23623, 631.0], [19.42889, 15.143389, 648.0], [19.052778, 15.050995, 747.0], [18.724522, 15.192262, 763.0], [18.070183, 15.378735, 780.0], [17.284067, 15.656807, 796.0], [16.211506, 15.936755, 813.0], [15.18215, 16.264585, 829.0], [14.018534, 16.590399, 846.0], [12.791217, 16.92101, 863.0], [11.449134, 17.244606, 879.0], [10.196352, 17.569836, 896.0], [9.066905, 17.80496, 912.0], [8.242001, 17.94179, 929.0], [7.6338387, 17.94108, 945.0], [7.4060264, 17.988028, 962.0], [7.501875, 17.706234, 1144.0], [8.063627, 16.581606, 1160.0], [8.670583, 15.225832, 1177.0], [9.366618, 13.740428, 1194.0], [9.973613, 12.619687, 1210.0], [11.23489, 11.032609, 1243.0], [11.652009, 10.5696535, 1260.0], [12.024544, 10.197391, 1276.0], [12.254623, 10.014116, 1293.0]"}