{"Image number":37500,"Image shape":7,"Path":"[7.8735437, 12.672891, 0.0], [7.6374, 11.961839, 119.0], [7.5461807, 11.359436, 136.0], [7.45298, 10.894971, 152.0], [7.4542427, 10.665225, 169.0], [7.547919, 10.339839, 205.0], [7.7365065, 10.152617, 219.0], [8.016965, 9.919195, 235.0], [8.249316, 9.780543, 252.0], [8.525916, 9.6890955, 268.0], [8.854726, 9.595091, 285.0], [9.274379, 9.454978, 301.0], [9.650424, 9.313731, 318.0], [9.975408, 9.268782, 334.0], [10.206972, 9.222131, 351.0], [10.483524, 9.129354, 367.0], [10.950349, 9.0828705, 384.0], [11.418789, 8.988925, 400.0], [11.790923, 8.942712, 417.0], [12.070585, 8.9432, 434.0], [12.349391, 8.990373, 450.0], [12.721541, 9.08375, 467.0], [13.094258, 9.130028, 483.0], [13.373114, 9.176651, 500.0], [13.56013, 9.22361, 516.0], [14.305044, 9.456667, 566.0], [14.775934, 9.456033, 583.0], [15.242468, 9.50344, 599.0], [15.612051, 9.502654, 616.0], [15.886944, 9.549289, 632.0], [16.166897, 9.549274, 649.0], [16.49554, 9.549274, 665.0], [16.917679, 9.549274, 682.0], [17.291704, 9.596794, 698.0], [17.615557, 9.643219, 715.0], [17.893074, 9.783827, 731.0], [18.171083, 9.922928, 748.0], [18.450365, 10.062664, 764.0], [18.682951, 10.15535, 814.0], [18.963907, 10.202697, 880.0], [19.242807, 10.249105, 913.0], [19.42762, 10.482467, 1013.0], [19.474209, 10.809169, 1062.0], [19.474209, 11.185277, 1079.0], [19.474209, 11.790473, 1095.0], [19.474209, 12.306001, 1112.0], [19.427185, 12.723443, 1128.0], [19.42762, 13.049077, 1145.0], [19.38016, 13.28332, 1161.0], [19.33395, 13.514532, 1178.0], [19.239767, 13.748922, 1195.0], [19.147724, 14.07279, 1211.0], [18.866442, 14.868838, 1244.0], [18.632433, 15.289393, 1261.0], [18.35267, 15.661184, 1277.0], [18.07314, 16.081335, 1294.0], [17.887789, 16.501211, 1310.0], [17.748062, 16.969887, 1327.0], [17.656767, 17.383743, 1343.0], [17.514679, 17.76204, 1360.0], [17.283815, 18.081942, 1377.0], [17.001165, 18.506277, 1393.0], [16.815384, 18.832573, 1410.0], [16.582478, 19.204994, 1426.0], [16.25706, 19.622578, 1459.0], [16.118492, 19.901781, 1476.0], [16.025152, 20.278027, 1492.0], [15.979384, 20.603025, 1509.0], [15.932786, 20.929441, 1525.0], [15.933444, 21.207977, 1542.0], [15.88651, 21.486357, 1559.0], [15.886856, 21.76694, 1575.0], [15.886856, 22.047499, 1592.0], [15.886856, 22.423271, 1608.0], [15.839859, 22.792942, 1625.0], [15.746242, 23.071941, 1641.0], [15.653521, 23.350298, 1658.0], [15.560405, 23.583057, 1674.0], [15.4672165, 23.95655, 1707.0], [15.420782, 24.189226, 1724.0], [15.327527, 24.422071, 1741.0], [15.141517, 24.840837, 1774.0], [14.907596, 25.215162, 1807.0], [14.675112, 25.540897, 1840.0], [14.581907, 25.727716, 1856.0], [14.535335, 25.962112, 1873.0], [14.441996, 26.335283, 1906.0], [14.3491, 26.660507, 1939.0], [14.302195, 26.893602, 1972.0]"}