{"Image number":39192,"Image shape":9,"Path":"[18.169716, 10.15535, 0.0], [18.123127, 9.78238, 52.0], [17.934822, 9.169965, 69.0], [17.608929, 8.520167, 86.0], [17.095499, 8.008107, 102.0], [16.440918, 7.540988, 119.0], [15.643407, 7.119411, 135.0], [14.767387, 6.7981377, 152.0], [13.928165, 6.6584396, 168.0], [13.089174, 6.6587644, 185.0], [12.388692, 6.799425, 201.0], [11.639458, 7.1283894, 218.0], [11.034589, 7.7380633, 234.0], [10.520839, 8.536413, 251.0], [10.2478075, 9.555794, 268.0], [10.202277, 10.732764, 284.0], [10.202994, 11.84961, 301.0], [10.719755, 13.426327, 334.0], [11.279937, 13.936611, 350.0], [11.885994, 14.214066, 367.0], [12.680782, 14.399891, 383.0], [13.51598, 14.257149, 400.0], [14.446147, 13.649627, 416.0], [15.335129, 12.570753, 433.0], [16.167938, 11.225138, 450.0], [16.773605, 9.918884, 466.0], [17.239353, 8.986988, 483.0], [17.42588, 8.425596, 499.0], [17.564981, 8.195726, 516.0], [17.328737, 8.480951, 565.0], [17.189812, 9.042587, 582.0], [16.815243, 11.722698, 615.0], [16.535507, 13.535448, 632.0], [16.160656, 15.642298, 648.0], [15.559887, 19.345068, 681.0], [15.419449, 20.753523, 698.0], [15.327076, 22.006714, 714.0], [15.131848, 23.320621, 731.0], [14.945297, 24.090034, 747.0]"}