{"Image number":37397,"Image shape":3,"Path":"[16.1198, 5.5864778, 0.0], [16.496868, 5.351504, 52.0], [16.966602, 5.305931, 69.0], [17.564579, 5.400073, 85.0], [18.033775, 5.635013, 102.0], [18.500883, 6.057232, 118.0], [18.96561, 6.522784, 135.0], [19.244099, 7.1782126, 151.0], [19.381952, 7.828597, 168.0], [19.381031, 8.533971, 185.0], [19.145594, 9.27753, 201.0], [18.676477, 10.02464, 218.0], [18.121696, 10.716592, 234.0], [17.507277, 11.236268, 251.0], [16.857893, 11.5576515, 267.0], [16.155722, 11.837979, 284.0], [15.363836, 11.975436, 300.0], [14.673304, 12.020346, 317.0], [13.880929, 12.020196, 333.0], [13.176134, 11.878619, 350.0], [12.480918, 11.692528, 367.0], [11.87791, 11.413063, 383.0], [11.4599905, 11.227233, 400.0], [11.13423, 11.087539, 416.0], [11.983338, 11.278361, 515.0], [12.820915, 11.792553, 532.0], [13.798011, 12.491884, 549.0], [14.632998, 13.001714, 565.0], [15.287622, 13.564205, 582.0], [15.942101, 14.031092, 598.0], [16.452267, 14.496885, 615.0], [16.962938, 14.961454, 631.0], [17.38017, 15.426281, 648.0], [17.565523, 15.846424, 664.0], [17.610912, 16.171322, 681.0], [17.657782, 16.546799, 697.0], [17.657238, 16.967014, 714.0], [17.657238, 17.294771, 731.0], [17.657238, 17.713213, 747.0], [17.515303, 18.181414, 764.0], [17.046404, 18.786997, 780.0], [16.441704, 19.249718, 797.0], [15.972916, 19.577803, 813.0], [15.365727, 19.856539, 830.0], [14.713594, 20.277628, 846.0], [13.964077, 20.793657, 865.0], [13.2283325, 21.065802, 879.0], [12.472714, 21.207026, 896.0], [11.452768, 21.157568, 913.0], [10.657263, 20.779497, 929.0], [9.633322, 20.26683, 946.0], [8.002628, 18.489248, 979.0], [7.3961906, 17.645472, 995.0]"}