{"Image number":36633,"Image shape":1,"Path":"[17.56406, 7.5911875, 0.0], [17.329924, 8.48145, 69.0], [16.860886, 9.559264, 86.0], [16.162268, 10.862363, 102.0], [15.36877, 12.310152, 119.0], [14.483104, 14.130635, 135.0], [13.638082, 16.294687, 152.0], [12.800605, 18.483635, 168.0], [12.112017, 20.415161, 185.0], [11.545559, 22.021267, 201.0], [11.128189, 23.323013, 218.0], [10.790159, 24.238543, 235.0], [10.562595, 24.680765, 251.0]"}