{"Image number":35207,"Image shape":5,"Path":"[25.344427, 6.1925535, 0.0], [24.13311, 6.145932, 36.0], [22.534916, 6.0518556, 53.0], [20.491844, 6.0059023, 69.0], [19.46526, 6.006069, 86.0], [18.354128, 6.006069, 102.0], [17.416912, 6.006069, 119.0], [16.480913, 6.0532713, 135.0], [15.83777, 6.099489, 152.0], [15.325813, 6.2397127, 168.0], [14.53434, 7.1266966, 201.0], [13.974749, 8.013878, 218.0], [13.36745, 9.183233, 235.0], [12.762557, 10.581483, 251.0], [12.205255, 12.022959, 268.0], [11.643936, 13.38023, 284.0], [11.317303, 14.457083, 301.0], [11.1319, 15.201945, 317.0], [11.040509, 15.709255, 334.0], [11.229306, 15.88975, 367.0], [11.837019, 15.655332, 384.0], [12.964111, 15.279551, 400.0], [15.655997, 14.630606, 433.0], [16.819761, 14.537645, 450.0], [17.757763, 14.537736, 466.0], [18.450844, 14.771373, 483.0], [18.77562, 15.1440935, 499.0], [18.8692, 15.707159, 516.0], [18.821915, 16.403313, 532.0], [18.587173, 17.248404, 549.0], [17.889093, 18.222332, 565.0], [16.905987, 19.20568, 582.0], [15.650213, 20.088257, 599.0], [14.336371, 20.791965, 615.0], [12.941365, 21.16071, 632.0], [11.829079, 21.345179, 648.0], [10.945521, 21.204102, 665.0], [10.480942, 20.970661, 681.0], [10.287447, 20.23939, 698.0], [10.344913, 19.589306, 715.0]"}