{"Image number":10848,"Image shape":9,"Path":"[14.894444, 9.0222225, 0.0], [14.172294, 9.2833, 30.0], [13.650001, 9.780556, 47.0], [13.172317, 10.312591, 64.0], [12.737189, 11.158957, 81.0], [12.153768, 12.103432, 97.0], [11.617991, 13.045395, 114.0], [11.17524, 13.989423, 131.0], [11.105369, 14.62353, 147.0], [11.208357, 15.27787, 164.0], [11.608334, 15.886111, 181.0], [12.272912, 16.482058, 198.0], [13.121797, 16.94814, 214.0], [13.987173, 17.097078, 231.0], [14.719175, 17.030594, 248.0], [15.535371, 16.541939, 264.0], [16.372124, 15.685289, 281.0], [17.100542, 14.738566, 298.0], [17.645435, 13.745995, 315.0], [17.972775, 12.614463, 331.0], [18.195309, 11.629439, 348.0], [18.238888, 10.806758, 366.0], [18.171656, 10.280499, 382.0], [17.911499, 9.928243, 398.0], [17.618275, 9.826461, 415.0], [17.227781, 9.761111, 431.0], [16.625036, 9.815906, 448.0], [16.349628, 9.931906, 465.0], [15.920431, 10.095811, 482.0], [15.633333, 10.247222, 499.0], [15.623125, 10.428379, 549.0], [15.902472, 10.614612, 565.0], [16.341375, 11.106962, 582.0], [16.698538, 11.834755, 599.0], [16.980278, 12.854446, 615.0], [17.063932, 14.056074, 632.0], [16.592482, 16.003931, 649.0], [16.12246, 17.8318, 665.0], [15.608949, 19.368135, 682.0], [15.1721945, 20.558403, 699.0], [14.86148, 21.589512, 716.0], [14.598679, 22.593647, 732.0], [14.3475895, 23.418825, 749.0], [14.187151, 24.11679, 766.0], [14.097497, 24.372923, 782.0]"}