{"Image number":10421,"Image shape":5,"Path":"[22.905556, 7.622222, 0.0], [21.979511, 7.301816, 28.0], [20.864191, 7.0243816, 44.0], [19.56068, 7.0, 61.0], [18.215504, 7.21251, 78.0], [16.625, 7.7194443, 94.0], [15.589169, 8.164516, 111.0], [14.992001, 8.399867, 128.0], [14.689201, 8.425492, 145.0], [14.490378, 8.438889, 178.0], [14.264923, 8.438889, 211.0], [14.057109, 8.4492235, 262.0], [13.840731, 8.89817, 278.0], [13.495903, 9.64132, 295.0], [13.046968, 10.763136, 312.0], [12.716753, 11.796008, 328.0], [12.435479, 12.706468, 345.0], [12.330715, 13.360151, 362.0], [12.288889, 13.515904, 378.0], [12.445234, 13.415615, 429.0], [12.729286, 13.1318245, 445.0], [13.578525, 12.667949, 462.0], [14.706498, 12.315399, 479.0], [16.189219, 12.157988, 496.0], [17.573244, 12.273583, 512.0], [18.939568, 12.569051, 529.0], [19.991743, 13.072573, 546.0], [20.671795, 13.632906, 562.0], [21.218645, 14.523365, 579.0], [21.426811, 15.510871, 596.0], [21.466667, 16.428516, 612.0], [21.249798, 17.441242, 629.0], [20.611544, 18.614096, 646.0], [19.914143, 19.601786, 662.0], [19.269445, 20.436111, 679.0], [18.331764, 21.3349, 696.0], [17.29494, 22.222681, 713.0], [16.269674, 22.903624, 729.0], [15.101312, 23.301662, 746.0], [13.854865, 23.460476, 763.0], [12.5694275, 22.87439, 779.0], [11.393646, 22.144947, 796.0], [10.594675, 21.40151, 813.0], [10.111487, 20.854637, 829.0], [9.928619, 20.470484, 846.0], [9.877778, 19.652258, 863.0], [10.079683, 18.596441, 880.0], [10.625077, 17.411497, 896.0], [23.1, 8.127778, 0.0], [22.881626, 8.018591, 15.0], [22.025497, 7.6996555, 34.0], [20.912796, 7.6120276, 51.0], [19.805014, 7.7522783, 68.0], [18.515703, 8.058947, 85.0], [17.080809, 8.539731, 101.0], [16.22392, 8.741432, 117.0], [15.38353, 8.828808, 134.0], [14.623207, 8.827778, 150.0], [14.152854, 8.827778, 167.0], [13.736735, 8.780287, 184.0], [13.371152, 8.664774, 201.0], [13.030477, 8.594895, 217.0], [12.810591, 8.540149, 234.0], [12.6382265, 8.438227, 267.0], [12.638889, 8.749727, 351.0], [12.638889, 9.085533, 368.0], [12.304167, 9.782739, 384.0], [11.838664, 10.493534, 401.0], [11.46581, 11.138771, 418.0], [11.162735, 11.638034, 434.0], [10.831601, 12.093051, 451.0], [10.659687, 12.411632, 468.0], [10.58188, 12.587695, 484.0], [10.862533, 12.675689, 535.0], [11.184359, 12.62205, 552.0], [12.129401, 12.388456, 568.0], [12.947762, 12.268448, 585.0], [13.611111, 12.172222, 602.0], [14.574381, 12.058745, 618.0], [15.490388, 12.004488, 635.0], [16.041218, 11.9777775, 652.0], [16.889938, 12.019504, 668.0], [17.527824, 12.131489, 685.0], [18.327044, 12.381482, 702.0], [18.919718, 12.644318, 718.0], [19.454784, 12.887529, 735.0], [20.158253, 13.246779, 752.0], [20.73345, 13.511164, 769.0], [21.105888, 13.722387, 785.0], [21.412582, 13.984804, 802.0], [21.560143, 14.30362, 819.0], [21.583332, 14.779034, 835.0], [21.538128, 15.268729, 852.0], [21.077778, 16.022223, 869.0], [20.301685, 16.981167, 885.0], [19.567137, 18.047604, 902.0], [19.028786, 18.663713, 919.0], [18.472183, 19.378382, 936.0], [18.102777, 19.852777, 952.0], [17.76835, 20.399529, 969.0], [17.286758, 20.946789, 986.0], [16.817566, 21.349213, 1003.0], [16.265629, 21.808426, 1019.0], [15.988548, 22.083675, 1036.0], [15.235594, 22.57044, 1053.0], [14.496843, 22.813599, 1070.0], [13.883333, 22.905556, 1086.0], [12.925057, 22.77449, 1103.0], [12.133993, 22.655651, 1119.0], [11.647774, 22.5473, 1136.0], [11.00708, 22.439167, 1153.0], [10.57634, 22.385237, 1169.0], [10.111735, 22.300756, 1186.0], [9.624066, 22.146912, 1203.0], [9.146069, 21.951763, 1219.0], [8.60915, 21.616829, 1236.0], [8.176592, 21.20437, 1253.0], [7.8078012, 20.81209, 1269.0], [7.50739, 20.419235, 1286.0], [7.2338686, 20.036306, 1303.0], [7.0250397, 19.7584, 1320.0], [6.879198, 19.51533, 1336.0], [6.7724547, 19.300465, 1353.0], [6.6952705, 18.944672, 1370.0], [6.735569, 18.29316, 1387.0]"}