{"Image number":30202,"Image shape":7,"Path":"[8.582524, 13.318488, 0.0], [8.582524, 13.146764, 105.0], [8.837896, 12.8686695, 123.0], [9.380047, 12.254792, 140.0], [9.967981, 11.560762, 158.0], [10.918996, 10.3227005, 176.0], [11.782467, 9.28246, 194.0], [12.403524, 8.618954, 212.0], [12.781978, 8.175053, 229.0], [13.031326, 7.9012666, 247.0], [13.272285, 7.732134, 265.0], [13.468483, 7.5852113, 283.0], [13.624821, 7.530651, 300.0], [13.887867, 7.361232, 336.0], [14.071413, 7.3342752, 389.0], [14.252427, 7.3342752, 460.0], [14.413477, 7.3342752, 568.0], [14.59129, 7.401331, 922.0], [14.833267, 7.682312, 1046.0], [15.009338, 7.903709, 1064.0], [15.244125, 8.159126, 1082.0], [15.439476, 8.407187, 1100.0], [15.635408, 8.780724, 1117.0], [15.865261, 9.387021, 1135.0], [16.208046, 10.08213, 1153.0], [16.598997, 10.864505, 1171.0], [17.17553, 11.651753, 1188.0], [17.63534, 12.342029, 1206.0], [17.995213, 12.898923, 1224.0], [18.323204, 13.26928, 1242.0], [18.582314, 13.517373, 1259.0], [18.792141, 13.741953, 1277.0], [19.026733, 13.938427, 1295.0], [19.286835, 14.120375, 1313.0], [19.548422, 14.329931, 1330.0], [19.73008, 14.4473095, 1348.0], [19.99107, 14.654638, 1384.0], [19.874727, 15.123528, 1437.0], [19.557533, 15.719442, 1455.0], [19.15805, 16.272524, 1472.0], [18.715723, 16.96437, 1490.0], [18.004648, 17.895805, 1508.0], [17.448189, 18.782104, 1526.0], [17.049797, 19.514122, 1544.0], [16.748838, 20.273113, 1561.0], [16.55997, 20.84703, 1579.0], [16.385696, 21.411686, 1597.0], [16.208984, 21.931473, 1615.0], [16.01247, 22.378117, 1632.0], [15.755581, 22.917097, 1650.0], [15.544437, 23.41971, 1668.0], [15.311684, 23.791536, 1686.0], [15.15383, 24.097271, 1703.0], [15.007936, 24.407322, 1721.0], [14.8774605, 24.581947, 1739.0], [14.747111, 24.75307, 1757.0], [14.601943, 25.01387, 1792.0]"}