{"Image number":30497,"Image shape":9,"Path":"[17.514563, 8.422314, 0.0], [17.34402, 8.422314, 150.0], [17.163277, 8.383453, 185.0], [16.937479, 8.26688, 221.0], [16.763811, 8.228022, 239.0], [16.499609, 8.228022, 256.0], [16.120663, 8.228022, 274.0], [15.326515, 8.402958, 292.0], [14.713292, 8.44798, 310.0], [13.883494, 8.519458, 328.0], [13.120821, 8.9188385, 345.0], [12.656677, 9.218147, 363.0], [12.283763, 9.477498, 381.0], [11.958972, 9.784557, 398.0], [11.557134, 10.0777855, 416.0], [11.24442, 10.377057, 434.0], [10.85003, 10.689441, 452.0], [10.497071, 10.977274, 470.0], [10.208124, 11.3421755, 487.0], [9.880424, 11.670075, 505.0], [9.7087755, 11.997203, 523.0], [9.5791235, 12.347522, 540.0], [9.44722, 12.690348, 558.0], [9.357194, 13.056629, 576.0], [9.33116, 13.353095, 594.0], [9.320389, 13.72497, 612.0], [9.444229, 14.117678, 629.0], [9.673586, 14.509201, 647.0], [9.99057, 14.843965, 665.0], [10.278881, 15.127155, 683.0], [10.533732, 15.394805, 700.0], [10.73677, 15.532694, 718.0], [11.01923, 15.742196, 736.0], [11.527277, 15.904922, 754.0], [12.097089, 15.92201, 771.0], [12.886243, 15.92201, 789.0], [13.811456, 15.735238, 807.0], [14.419037, 15.604319, 825.0], [14.884802, 15.388346, 843.0], [15.400991, 15.116289, 861.0], [15.971886, 14.804219, 878.0], [16.62452, 14.361568, 896.0], [17.164864, 13.979245, 914.0], [17.596235, 13.62535, 931.0], [17.938644, 13.282735, 949.0], [18.301058, 12.879609, 967.0], [18.691133, 12.424246, 984.0], [19.028831, 12.075311, 1002.0], [19.435568, 11.7909355, 1020.0], [19.728846, 11.46213, 1038.0], [19.989487, 11.19179, 1056.0], [20.169147, 11.0508795, 1073.0], [20.329357, 10.8905735, 1109.0], [20.078531, 11.012306, 1286.0], [19.771498, 11.292207, 1304.0], [19.543173, 11.5606575, 1322.0], [19.33668, 11.872984, 1340.0], [19.144073, 12.115952, 1358.0], [19.014206, 12.376884, 1375.0], [18.883724, 12.584693, 1393.0], [18.796118, 12.8418455, 1429.0], [19.300972, 9.704645, 0.0], [19.136824, 9.579254, 64.0], [18.926102, 9.329548, 118.0], [18.860552, 9.159755, 135.0], [18.664114, 8.923642, 171.0], [18.478764, 8.78054, 189.0], [18.241581, 8.608465, 207.0], [18.01954, 8.519523, 224.0], [17.758091, 8.444374, 242.0], [17.424662, 8.262799, 260.0], [17.220234, 8.19734, 278.0], [16.95919, 8.105598, 313.0], [16.796143, 8.046699, 331.0], [16.54369, 8.03373, 349.0], [16.144125, 7.9948683, 366.0], [15.568966, 8.18041, 384.0], [15.17152, 8.331642, 402.0], [14.776333, 8.480723, 420.0], [14.390565, 8.571563, 437.0], [14.017708, 8.741638, 455.0], [13.59517, 8.920663, 473.0], [13.137612, 9.1168785, 491.0], [12.744159, 9.362621, 508.0], [12.403021, 9.587034, 526.0], [12.154623, 9.97773, 545.0], [11.895897, 10.327198, 562.0], [11.633191, 10.721497, 580.0], [11.454615, 10.991219, 597.0], [11.217163, 11.359892, 615.0], [11.021591, 11.686045, 633.0], [10.828518, 12.010172, 651.0], [10.698031, 12.271305, 668.0], [10.567863, 12.587709, 686.0], [10.481026, 12.874259, 705.0], [10.454209, 13.031256, 723.0], [10.446603, 13.217786, 739.0], [10.446603, 13.377315, 758.0], [10.517402, 13.53789, 775.0], [10.649451, 13.888548, 810.0], [10.815536, 14.134516, 846.0], [10.933663, 14.311005, 864.0], [11.052578, 14.570031, 900.0], [11.221361, 14.7543125, 935.0], [11.403274, 14.89842, 953.0], [11.612448, 14.963765, 971.0], [11.966465, 14.989405, 988.0], [12.2886505, 15.016081, 1006.0], [12.5646715, 15.028263, 1023.0], [12.910056, 15.028263, 1041.0], [13.398092, 14.969967, 1059.0], [13.921056, 14.894849, 1077.0], [14.361775, 14.7860565, 1095.0], [14.755508, 14.725524, 1112.0], [15.076378, 14.661308, 1130.0], [15.322691, 14.551096, 1148.0], [15.656293, 14.380888, 1165.0], [16.043139, 14.170505, 1184.0], [16.482153, 13.908794, 1201.0], [16.865517, 13.652443, 1219.0], [17.229195, 13.39149, 1237.0], [17.515516, 13.172051, 1255.0], [17.7742, 12.900207, 1272.0], [18.03269, 12.605753, 1290.0], [18.29693, 12.291365, 1307.0], [18.597866, 12.040236, 1325.0], [18.922821, 11.728584, 1343.0], [19.243227, 11.445099, 1361.0], [19.576187, 11.100179, 1379.0], [19.836246, 10.812922, 1397.0], [20.097677, 10.593095, 1415.0], [20.32872, 10.308331, 1450.0], [20.459522, 10.12241, 1467.0], [20.62136, 9.985377, 1503.0], [20.497023, 10.26434, 1681.0], [20.316446, 10.525936, 1699.0], [20.044796, 10.900312, 1716.0], [19.71849, 11.383265, 1734.0], [19.391851, 11.957966, 1752.0], [19.026478, 12.623895, 1770.0], [18.519192, 13.441841, 1787.0], [17.932713, 14.171471, 1805.0], [17.42611, 14.967501, 1823.0], [17.122498, 15.556291, 1841.0], [16.834593, 16.105293, 1859.0], [16.692688, 16.650017, 1876.0], [16.454842, 17.267532, 1894.0], [16.20661, 17.966732, 1912.0], [15.807514, 18.87719, 1929.0], [15.423512, 19.577599, 1947.0], [15.094409, 20.335001, 1966.0], [14.8491535, 20.867481, 1983.0], [14.658052, 21.399584, 2001.0], [14.52286, 21.950737, 2018.0], [14.390821, 22.43187, 2036.0], [14.295483, 22.891205, 2054.0], [14.252427, 23.301413, 2071.0], [14.252427, 23.667046, 2089.0]"}