{"Image number":37473,"Image shape":8,"Path":"[13.697171, 14.677599, 0.0], [13.272182, 13.969337, 69.0], [12.856571, 13.135103, 85.0], [12.483967, 12.155095, 102.0], [12.344128, 11.26183, 118.0], [12.298995, 10.284581, 135.0], [12.2995, 9.357216, 152.0], [12.2995, 8.51966, 168.0], [12.440905, 7.863269, 185.0], [12.675849, 7.3027263, 201.0], [13.045389, 6.7979865, 218.0], [13.51188, 6.378078, 234.0], [14.073106, 6.0508084, 251.0], [14.732929, 5.8157234, 267.0], [15.3304405, 5.679106, 284.0], [15.937918, 5.6327543, 301.0], [16.498404, 5.6802115, 317.0], [17.01297, 5.8217607, 334.0], [17.429323, 6.1026664, 350.0], [17.610865, 6.5193906, 367.0], [17.704596, 7.082976, 383.0], [17.703827, 7.781504, 400.0], [17.656729, 8.626009, 416.0], [17.42249, 9.509505, 433.0], [16.951178, 10.402191, 449.0], [16.441666, 11.328622, 466.0], [15.837607, 12.163743, 482.0], [15.134455, 13.054702, 499.0], [14.434903, 13.800011, 516.0], [13.597226, 14.543755, 533.0], [12.901621, 15.381165, 551.0], [12.247128, 16.317608, 567.0], [11.692437, 17.197369, 582.0], [11.318714, 18.086689, 598.0], [10.947817, 18.828087, 615.0], [10.806801, 19.488218, 631.0], [10.714711, 20.090614, 648.0], [10.715474, 20.741096, 665.0], [10.715474, 21.298098, 681.0], [10.80943, 21.955956, 697.0], [10.902516, 22.561037, 714.0], [11.042127, 23.071346, 731.0], [11.228059, 23.489235, 747.0], [11.462778, 23.817978, 764.0], [11.695848, 24.144499, 780.0], [12.023107, 24.329971, 797.0], [12.493179, 24.470238, 813.0], [13.053771, 24.515398, 830.0], [13.611716, 24.51466, 846.0], [14.212408, 24.420994, 863.0], [14.778791, 24.136652, 879.0], [15.285993, 23.765234, 896.0], [15.610017, 23.157639, 913.0], [15.701875, 22.547626, 929.0], [15.747495, 21.757084, 946.0], [15.793844, 20.87505, 962.0], [15.560534, 19.89833, 979.0], [15.043447, 18.910944, 995.0], [14.440588, 18.031385, 1012.0], [13.974566, 17.19129, 1028.0], [13.508383, 16.398445, 1045.0], [13.091034, 15.749141, 1061.0], [12.808445, 15.183358, 1078.0]"}