{"Image number":36172,"Image shape":9,"Path":"[13.23128, 9.36279, 0.0], [13.044924, 9.689137, 36.0], [12.388131, 10.581116, 53.0], [11.036612, 13.384103, 86.0], [10.996658, 15.534124, 119.0], [11.370504, 16.221321, 135.0], [12.07728, 16.642126, 152.0], [13.060661, 16.73043, 169.0], [14.088211, 16.444202, 185.0], [14.966427, 15.929794, 202.0], [15.574075, 15.031056, 218.0], [15.889351, 13.829145, 235.0], [15.981948, 12.363443, 251.0], [15.980032, 10.98601, 268.0], [15.886061, 9.772041, 284.0], [15.652408, 9.031638, 301.0], [15.466444, 8.661252, 317.0], [15.327412, 9.367286, 350.0], [15.233503, 10.447807, 367.0], [15.140884, 12.076395, 384.0], [15.094042, 14.105924, 400.0], [15.094841, 16.29737, 417.0], [15.094841, 18.499884, 433.0], [15.142199, 20.444286, 450.0], [15.284765, 22.0854, 466.0], [15.479266, 23.530293, 483.0], [15.615586, 24.429932, 499.0]"}