{"Image number":35317,"Image shape":3,"Path":"[10.622295, 9.829001, 0.0], [11.235086, 9.356842, 52.0], [12.119286, 8.752511, 69.0], [13.395456, 8.091354, 85.0], [14.585154, 7.870377, 102.0], [15.709178, 7.8709145, 119.0], [16.693502, 8.202144, 135.0], [17.244062, 8.809978, 152.0], [17.472866, 9.60265, 168.0], [17.329615, 10.491201, 185.0], [16.956781, 11.2777, 201.0], [16.203836, 12.170921, 218.0], [15.179259, 12.818333, 234.0], [14.105568, 13.472094, 251.0], [13.170493, 13.74944, 267.0], [12.476973, 13.839605, 284.0], [12.10997, 13.885438, 300.0], [12.485857, 13.88504, 333.0], [13.237262, 13.932036, 350.0], [14.261025, 14.119019, 367.0], [15.391536, 14.449503, 383.0], [16.409067, 14.915134, 400.0], [17.245823, 15.334243, 416.0], [18.452614, 16.406282, 450.0], [18.636236, 16.963923, 466.0], [18.635607, 17.52388, 482.0], [18.16712, 18.224703, 499.0], [17.276697, 19.11444, 516.0], [15.978201, 20.087029, 532.0], [14.532945, 20.926477, 549.0], [12.948346, 21.532207, 565.0], [11.313169, 21.85885, 582.0], [10.103661, 21.95097, 598.0]"}