{"Image number":36860,"Image shape":9,"Path":"[14.396006, 7.264838, 0.0], [14.116471, 7.264838, 35.0], [12.243337, 8.389996, 69.0], [11.225012, 9.505865, 85.0], [10.710556, 10.632299, 102.0], [10.432164, 11.8028345, 118.0], [10.623414, 12.81891, 135.0], [11.235167, 13.614754, 151.0], [12.269826, 13.984438, 168.0], [13.426359, 14.166165, 184.0], [14.359815, 13.881919, 201.0], [14.967574, 13.31404, 218.0], [15.333204, 12.42691, 234.0], [15.468964, 11.356679, 251.0], [15.514694, 10.046658, 267.0], [15.467076, 8.790449, 284.0], [15.233837, 7.8210487, 300.0], [14.954054, 7.3095865, 317.0], [14.721801, 7.078025, 350.0], [14.72213, 7.2658195, 366.0], [14.862947, 7.6406155, 383.0], [15.934385, 9.317449, 416.0], [17.244629, 12.366638, 450.0], [17.56478, 14.495848, 466.0], [17.658144, 16.703594, 482.0], [17.657238, 18.966269, 499.0], [17.657238, 20.954075, 516.0], [17.657238, 22.968113, 532.0], [17.657238, 24.399359, 552.0], [17.657238, 25.448505, 565.0], [17.657238, 25.74417, 582.0]"}