{"Image number":15001,"Image shape":1,"Path":"[16.570312, 6.060185, 0.0], [15.860214, 8.234676, 130.0], [15.494921, 9.532644, 147.0], [15.18342, 11.120903, 163.0], [14.862138, 12.584917, 180.0], [14.629127, 13.873344, 198.0], [14.361709, 14.951054, 214.0], [14.083397, 16.009914, 231.0], [13.795376, 17.117437, 246.0], [13.48931, 18.116833, 263.0], [13.281256, 19.043953, 280.0], [13.109179, 19.90834, 297.0], [12.968945, 20.683796, 313.0], [12.824633, 21.37011, 331.0]"}