{"Image number":38244,"Image shape":7,"Path":"[8.805325, 11.460741, 0.0], [9.039011, 10.993046, 52.0], [9.367849, 10.334913, 68.0], [9.786103, 9.544719, 85.0], [10.39806, 8.981777, 101.0], [11.095816, 8.70704, 118.0], [12.035875, 8.61526, 134.0], [12.954706, 8.5233135, 151.0], [14.081261, 8.429419, 169.0], [15.242946, 8.336457, 184.0], [16.406412, 8.243317, 201.0], [17.47868, 8.149963, 217.0], [18.314325, 8.10375, 234.0], [19.012466, 8.057122, 250.0], [19.432325, 8.010255, 267.0], [19.708729, 7.963894, 283.0], [19.75278, 8.151606, 333.0], [19.518364, 8.4804, 350.0], [19.238865, 9.135289, 366.0], [18.863312, 10.027937, 383.0], [18.39697, 11.195249, 399.0], [17.74626, 12.494728, 416.0], [16.951519, 13.897191, 432.0], [16.21045, 15.428755, 449.0], [15.406498, 16.942665, 465.0], [14.715134, 18.375141, 482.0], [14.1526, 19.690485, 498.0], [13.645094, 20.938316, 515.0], [13.226261, 22.104311, 531.0], [12.7096, 23.181902, 548.0], [12.341384, 24.154053, 565.0], [12.1564245, 24.995766, 581.0], [12.012065, 25.719723, 598.0], [11.921454, 26.17309, 614.0]"}