{"Image number":30191,"Image shape":2,"Path":"[9.980583, 11.18127, 0.0], [9.754732, 11.071857, 67.0], [9.716694, 10.893337, 103.0], [9.958008, 10.401382, 120.0], [10.284232, 9.735666, 138.0], [10.610054, 9.066674, 156.0], [11.125539, 7.925204, 174.0], [11.536334, 7.1640368, 191.0], [11.993515, 6.5922766, 209.0], [12.3754635, 6.105844, 227.0], [12.979384, 5.5866, 245.0], [13.57948, 5.11631, 262.0], [14.054558, 4.8121667, 280.0], [14.458624, 4.6535907, 298.0], [14.784326, 4.562135, 316.0], [15.186703, 4.7318716, 333.0], [15.646057, 4.8627157, 351.0], [16.102188, 5.153515, 369.0], [16.515278, 5.4038634, 387.0], [16.906319, 5.793056, 405.0], [17.135765, 6.2426314, 422.0], [17.246128, 6.8209743, 440.0], [17.222307, 7.5048933, 458.0], [17.092255, 8.22062, 475.0], [16.878317, 9.186317, 493.0], [16.718376, 9.918717, 511.0], [16.582695, 10.53933, 529.0], [16.323559, 11.388748, 547.0], [15.782475, 12.373011, 564.0], [15.215504, 13.332144, 582.0], [14.739902, 14.20012, 600.0], [14.4262085, 14.98213, 618.0], [14.06616, 15.651304, 635.0], [13.692099, 16.286535, 653.0], [13.0038395, 17.01592, 671.0], [12.537776, 17.606085, 689.0], [12.182647, 18.188793, 706.0], [11.890697, 18.631298, 724.0], [11.669027, 19.085655, 742.0], [11.458614, 19.3903, 760.0], [11.380005, 19.68856, 777.0], [11.300971, 19.951607, 813.0], [11.448245, 20.238968, 848.0], [11.81348, 20.539604, 866.0], [12.329012, 20.870802, 884.0], [12.893442, 21.214684, 902.0], [13.6657295, 21.503294, 920.0], [14.364965, 21.761257, 937.0], [15.335854, 21.849655, 955.0], [16.446117, 21.755417, 973.0], [17.816597, 21.580639, 991.0], [18.883553, 21.307373, 1008.0], [19.672405, 21.113855, 1026.0], [20.377941, 20.877548, 1044.0], [21.230904, 20.578156, 1062.0], [22.100658, 20.08442, 1079.0], [23.320766, 19.356682, 1097.0], [23.942854, 18.7412, 1115.0], [24.372929, 18.370003, 1133.0], [24.663975, 18.143822, 1150.0]"}