{"Image number":30458,"Image shape":4,"Path":"[12.815534, 8.228022, 0.0], [12.536926, 8.467939, 108.0], [12.341836, 8.663148, 126.0], [12.144353, 9.1085615, 144.0], [11.94864, 9.565501, 162.0], [11.754083, 10.075861, 180.0], [11.399616, 10.794033, 197.0], [11.066956, 11.494152, 215.0], [10.744934, 12.138584, 233.0], [10.416088, 12.751713, 250.0], [10.159813, 13.354372, 268.0], [9.919753, 13.908241, 286.0], [9.723653, 14.384659, 304.0], [9.603307, 14.906224, 321.0], [9.49326, 15.350453, 339.0], [9.475728, 15.796486, 357.0], [9.550098, 16.248623, 375.0], [9.67776, 16.606186, 392.0], [9.857507, 16.947277, 411.0], [10.053168, 17.315828, 428.0], [10.310286, 17.524729, 446.0], [10.52361, 17.708843, 463.0], [10.753849, 17.785845, 481.0], [11.105863, 17.851828, 499.0], [11.605601, 17.91761, 517.0], [12.08738, 17.943869, 534.0], [12.504451, 17.942654, 552.0], [13.018906, 17.942654, 570.0], [13.824568, 17.942654, 588.0], [14.363244, 17.942654, 606.0], [14.896127, 17.942654, 623.0], [15.374925, 17.903793, 641.0], [15.994961, 17.864937, 659.0], [16.641745, 17.808493, 677.0], [17.438622, 17.43663, 694.0], [18.18413, 17.157688, 712.0], [18.742725, 16.929554, 730.0], [19.153126, 16.761444, 748.0], [19.40362, 16.664942, 765.0], [19.592234, 16.602034, 783.0], [19.764053, 16.543747, 819.0], [19.536064, 16.504887, 926.0], [19.198097, 16.504887, 943.0], [18.520458, 16.558226, 961.0], [17.881952, 16.701279, 979.0], [17.177202, 16.76617, 996.0], [16.400944, 16.830898, 1015.0], [15.850598, 16.85827, 1032.0], [15.473073, 16.893473, 1049.0], [15.194553, 17.005001, 1067.0], [14.92774, 16.971191, 1103.0], [15.049301, 16.685219, 1156.0], [15.300971, 16.310593, 1174.0], [15.612106, 15.695808, 1192.0], [16.116026, 14.964138, 1209.0], [16.679611, 14.153946, 1227.0], [17.343939, 13.440229, 1246.0], [17.8366, 12.581032, 1263.0], [18.462696, 11.732251, 1280.0], [18.973381, 10.92704, 1298.0], [19.519312, 10.19113, 1316.0], [19.954859, 9.597535, 1334.0], [20.292183, 9.065889, 1352.0], [20.543293, 8.578439, 1369.0], [20.75947, 8.131901, 1387.0], [20.974815, 7.768096, 1405.0], [21.128927, 7.484281, 1422.0], [21.23163, 7.2509785, 1440.0], [21.2965, 7.0562587, 1458.0], [20.998785, 7.2674894, 1600.0], [20.62136, 7.586856, 1618.0], [20.17142, 7.931116, 1637.0], [19.75957, 8.346782, 1653.0], [19.26718, 8.847908, 1671.0], [18.668745, 9.482367, 1689.0], [18.009842, 10.10574, 1707.0], [17.505701, 10.669588, 1724.0], [17.099829, 11.140829, 1742.0], [16.862312, 11.597588, 1760.0], [16.598492, 12.12078, 1778.0], [16.339912, 12.740196, 1795.0], [15.883064, 13.474786, 1813.0], [15.426141, 14.19306, 1831.0], [14.967739, 14.967027, 1849.0], [14.630825, 15.710765, 1867.0], [14.323, 16.427303, 1884.0], [14.075658, 17.029146, 1902.0], [13.896299, 17.820309, 1920.0], [13.659451, 18.362617, 1938.0], [13.462895, 18.952637, 1956.0], [13.230075, 19.534946, 1973.0], [12.963203, 20.157345, 1991.0], [12.759531, 20.753141, 2009.0], [12.523219, 21.34594, 2027.0], [12.361545, 21.753536, 2045.0], [12.23101, 22.204666, 2062.0], [12.100113, 22.521902, 2080.0], [11.970406, 22.82034, 2098.0], [11.901206, 23.117672, 2115.0], [11.835619, 23.47599, 2133.0], [11.805825, 23.793365, 2151.0], [11.76699, 24.136179, 2169.0], [11.76699, 24.444923, 2186.0], [11.728155, 24.704039, 2196.0]"}