{"Image number":38428,"Image shape":4,"Path":"[13.930115, 8.756715, 0.0], [13.790349, 8.989822, 52.0], [13.275568, 9.64545, 69.0], [12.576418, 10.625229, 86.0], [11.782469, 12.075123, 102.0], [11.171495, 13.346097, 119.0], [10.706133, 14.609596, 135.0], [10.526271, 15.389024, 152.0], [10.6232605, 16.083477, 168.0], [10.956843, 16.697966, 185.0], [11.467516, 17.15454, 201.0], [11.883683, 17.477581, 218.0], [12.259069, 17.52226, 234.0], [12.821579, 17.52149, 251.0], [13.427361, 17.42675, 268.0], [14.124453, 17.145329, 284.0], [14.727062, 16.584509, 301.0], [15.47845, 15.832225, 317.0], [16.172392, 14.949719, 334.0], [16.7315, 13.873448, 350.0], [17.385206, 12.80042, 367.0], [17.94513, 11.81907, 383.0], [18.501083, 10.892541, 402.0], [19.011497, 10.103809, 417.0], [19.431673, 9.449724, 433.0], [19.803036, 8.939481, 450.0], [20.03517, 8.6612, 466.0], [19.844063, 8.993827, 532.0], [19.329891, 9.742382, 549.0], [18.580442, 10.867538, 565.0], [17.78882, 12.456164, 582.0], [16.900513, 14.186787, 598.0], [16.207775, 16.13744, 615.0], [15.503737, 18.015469, 631.0], [14.805321, 19.879196, 648.0], [14.204748, 21.591488, 665.0], [13.786441, 22.94214, 681.0], [13.462658, 24.05383, 698.0], [13.18286, 24.75235, 714.0], [12.99643, 25.124548, 731.0], [12.760213, 25.311365, 747.0], [12.4694395, 25.504654, 764.0]"}