{"Image number":39639,"Image shape":0,"Path":"[14.768718, 8.197262, 0.0], [14.489183, 8.383746, 37.0], [13.741879, 9.3185215, 53.0], [12.672185, 10.947951, 70.0], [11.631009, 13.079111, 87.0], [10.987356, 15.1684265, 103.0], [10.571955, 17.119417, 119.0], [10.43525, 18.975945, 136.0], [10.57713, 20.426723, 153.0], [10.998573, 21.493404, 169.0], [11.752053, 22.241854, 186.0], [13.810432, 22.838919, 219.0], [14.828653, 22.411245, 235.0], [15.66436, 21.472668, 252.0], [16.455173, 19.974985, 268.0], [17.010288, 18.251087, 285.0], [17.428774, 16.476887, 301.0], [17.517822, 14.717515, 318.0], [17.470533, 12.986318, 335.0], [17.14407, 11.270619, 351.0], [16.53682, 9.823561, 368.0], [15.689433, 8.742566, 384.0], [14.756851, 8.190137, 401.0]"}