{"Image number":35744,"Image shape":3,"Path":"[7.4542427, 8.476988, 0.0], [7.9733553, 8.192837, 53.0], [8.718335, 7.868204, 69.0], [9.841947, 7.5411615, 86.0], [11.104041, 7.497357, 102.0], [12.44517, 7.7320695, 119.0], [13.700794, 8.198605, 135.0], [14.631561, 8.898539, 152.0], [15.334405, 9.743706, 168.0], [15.6094055, 10.722105, 185.0], [15.607322, 11.843461, 202.0], [15.230625, 12.964578, 218.0], [14.385599, 13.991011, 235.0], [13.21971, 14.778714, 251.0], [12.065868, 15.2373295, 268.0], [11.123597, 15.472956, 284.0], [10.619705, 15.423304, 301.0], [10.670245, 15.142451, 334.0], [12.162284, 14.583551, 367.0], [13.42154, 14.444059, 384.0], [14.781535, 14.53862, 400.0], [16.265604, 14.865407, 417.0], [17.663841, 15.379339, 433.0], [18.973183, 16.082375, 450.0], [20.037098, 16.778042, 466.0], [20.920815, 17.476723, 483.0], [21.433138, 18.036713, 499.0], [21.617798, 18.50177, 516.0], [21.289675, 18.875225, 532.0], [20.449522, 19.294622, 549.0], [19.053463, 19.759785, 566.0], [17.328651, 20.039429, 582.0], [15.367571, 20.179382, 599.0], [13.451635, 20.178896, 615.0], [11.780565, 20.132095, 632.0], [10.514995, 20.085129, 648.0], [9.6466465, 20.036592, 665.0], [9.298166, 19.989954, 681.0]"}