{"Image number":35230,"Image shape":8,"Path":"[13.883527, 5.5864778, 0.0], [13.043269, 5.9136, 52.0], [11.867286, 6.431344, 69.0], [10.523171, 7.221705, 86.0], [9.406335, 8.060884, 102.0], [8.7082, 8.854431, 119.0], [8.430324, 9.649006, 135.0], [8.621513, 10.445904, 152.0], [9.041219, 11.233211, 168.0], [9.885035, 12.02791, 185.0], [10.868996, 12.776621, 201.0], [11.979795, 13.563244, 218.0], [13.057555, 14.2662525, 234.0], [14.127871, 14.917649, 251.0], [15.287831, 15.473345, 267.0], [16.35579, 15.984449, 284.0], [17.436682, 16.548914, 301.0], [18.266193, 17.150906, 317.0], [19.010406, 17.803045, 334.0], [19.382654, 18.550404, 350.0], [19.521965, 19.299314, 367.0], [19.239498, 20.137579, 383.0], [18.63424, 20.926622, 400.0], [17.739704, 21.77417, 416.0], [16.47324, 22.332037, 433.0], [15.038128, 22.699049, 449.0], [13.501071, 22.837183, 466.0], [12.106054, 22.836298, 483.0], [10.850449, 22.555506, 499.0], [9.86858, 22.133423, 516.0], [9.311324, 21.523884, 532.0], [9.646273, 19.847065, 565.0], [10.482792, 18.686651, 582.0], [13.330297, 16.585049, 615.0], [14.869441, 15.605217, 631.0], [16.367052, 14.480376, 648.0], [17.569675, 13.273344, 665.0], [18.361044, 12.153035, 681.0], [18.775518, 10.900854, 698.0], [18.963615, 9.771058, 714.0], [19.00848, 8.706355, 731.0], [18.961643, 7.8693705, 747.0], [18.868376, 7.263692, 764.0], [18.308592, 6.8912745, 780.0], [17.416718, 6.6567693, 797.0], [16.209616, 6.6120133, 813.0], [14.899139, 6.612143, 830.0], [13.832673, 6.6589494, 848.0], [12.903736, 6.904512, 863.0], [12.511511, 7.1366143, 880.0]"}