{"Image number":35083,"Image shape":8,"Path":"[20.82529, 6.518901, 0.0], [20.35291, 6.4250093, 53.0], [19.606314, 6.4256587, 69.0], [18.54025, 6.4723754, 86.0], [17.561262, 6.519035, 103.0], [16.438095, 6.7066913, 119.0], [15.370145, 6.9394107, 136.0], [14.158424, 7.4064865, 152.0], [12.944573, 7.9674687, 169.0], [11.870548, 8.669772, 185.0], [11.035011, 9.415271, 202.0], [10.524438, 10.303302, 218.0], [10.201364, 11.2323, 235.0], [10.1086855, 12.171384, 251.0], [10.718065, 13.563231, 285.0], [11.418542, 14.027727, 301.0], [12.167078, 14.448628, 318.0], [13.098109, 14.867054, 334.0], [13.97932, 15.331673, 351.0], [14.779613, 15.944708, 367.0], [15.468672, 16.636806, 384.0], [16.028343, 17.430687, 400.0], [16.400572, 18.316992, 417.0], [16.586481, 19.250427, 433.0], [16.632414, 20.181587, 450.0], [16.445015, 21.909332, 483.0], [16.118546, 22.69948, 500.0], [15.651832, 23.352043, 516.0], [15.187628, 23.862396, 533.0], [14.625279, 24.190454, 549.0], [13.9736805, 24.469337, 566.0], [13.134234, 24.655384, 582.0], [12.249071, 24.701347, 599.0], [11.365883, 24.701145, 616.0], [10.43075, 24.46674, 632.0], [9.732332, 24.092524, 649.0], [9.269473, 23.58032, 665.0], [8.944054, 22.550856, 698.0], [9.085464, 21.994701, 715.0], [9.508944, 21.384129, 731.0], [10.2109995, 20.636562, 748.0], [11.097953, 19.796665, 764.0], [12.070028, 18.870193, 781.0], [13.232288, 17.846949, 797.0], [14.350327, 16.867994, 814.0], [15.468325, 15.842419, 830.0], [16.407352, 14.996727, 847.0], [17.335293, 14.207832, 864.0], [18.081924, 13.600935, 880.0], [18.784048, 13.038916, 897.0], [19.336868, 12.530804, 913.0], [19.895428, 11.971653, 930.0], [20.316704, 11.361874, 946.0], [20.641167, 10.757275, 963.0], [20.872572, 10.153547, 979.0], [21.05862, 9.54802, 996.0], [21.105362, 8.983359, 1013.0], [21.058205, 8.430013, 1029.0], [20.731192, 7.214996, 1062.0], [20.450367, 6.7483206, 1079.0], [19.98342, 6.3294725, 1095.0]"}