{"Image number":10783,"Image shape":1,"Path":"[15.205555, 6.3388886, 0.0], [15.088888, 6.5138893, 24.0], [14.684023, 8.185144, 40.0], [14.346261, 10.277376, 57.0], [13.927289, 12.730448, 74.0], [13.555062, 15.739077, 90.0], [13.049471, 19.021366, 107.0], [12.744035, 20.298069, 124.0], [12.336802, 21.55626, 140.0], [12.016666, 22.458332, 157.0], [11.94204, 22.623875, 174.0]"}