{"Image number":37641,"Image shape":9,"Path":"[17.237936, 9.689137, 0.0], [16.955942, 9.265611, 52.0], [15.7880535, 8.145014, 85.0], [15.037042, 7.866707, 102.0], [14.432066, 7.7286196, 118.0], [13.83394, 7.6373467, 135.0], [13.271567, 7.6378083, 152.0], [12.715011, 7.6378083, 168.0], [12.153003, 7.779355, 185.0], [11.500704, 7.9189897, 201.0], [10.896346, 8.199794, 218.0], [9.87616, 9.037313, 251.0], [9.501575, 9.505885, 267.0], [9.175851, 10.018923, 284.0], [8.895218, 10.581513, 300.0], [8.709775, 11.23594, 317.0], [8.569885, 12.081788, 334.0], [8.572379, 12.863308, 350.0], [8.666444, 13.565352, 367.0], [8.993631, 14.215294, 383.0], [9.417093, 14.873596, 400.0], [9.925176, 15.331856, 416.0], [10.629808, 15.660153, 433.0], [11.372873, 15.797473, 449.0], [12.352934, 15.937351, 466.0], [13.192479, 15.889316, 482.0], [14.036833, 15.700254, 499.0], [14.729838, 15.420453, 516.0], [15.241982, 14.903327, 532.0], [15.612347, 14.296459, 549.0], [15.795096, 13.459064, 565.0], [15.934964, 12.52288, 582.0], [16.027443, 11.498311, 598.0], [16.073935, 10.418416, 615.0], [16.026083, 9.397554, 631.0], [15.931992, 8.557145, 648.0], [15.839056, 8.050736, 664.0], [15.652096, 7.8233857, 700.0], [15.607322, 8.10402, 764.0], [15.607322, 9.007996, 780.0], [15.654573, 10.030104, 797.0], [15.748314, 11.290824, 814.0], [15.79422, 12.217551, 830.0], [15.793677, 13.190457, 846.0], [15.8411455, 14.135767, 863.0], [15.935823, 15.074384, 880.0], [16.02665, 16.076544, 896.0], [16.214317, 17.062315, 913.0], [16.44729, 18.040068, 929.0], [16.679682, 18.829653, 946.0], [16.91393, 19.579597, 962.0], [17.101532, 20.189833, 982.0], [17.23922, 20.79054, 995.0], [17.33164, 21.34759, 1012.0], [17.424757, 21.95352, 1028.0], [17.424292, 22.558472, 1045.0], [17.424292, 23.21172, 1061.0], [17.424292, 23.725786, 1078.0], [17.424292, 24.239883, 1095.0], [17.424292, 24.612482, 1111.0], [17.377224, 24.937609, 1128.0]"}