{"Image number":38390,"Image shape":6,"Path":"[18.02995, 4.8871613, 0.0], [17.750416, 4.9337826, 35.0], [16.953995, 5.168185, 52.0], [15.693632, 5.68252, 69.0], [14.244623, 6.4786544, 85.0], [13.028747, 7.417155, 102.0], [12.061637, 8.482377, 118.0], [11.224057, 9.647933, 135.0], [10.612706, 11.063295, 151.0], [10.246283, 12.546241, 168.0], [10.107835, 14.1879, 184.0], [10.156755, 15.855728, 201.0], [10.250627, 17.634567, 217.0], [10.438213, 19.40794, 234.0], [10.717341, 20.982044, 250.0], [11.093052, 22.388348, 267.0], [11.466234, 23.457727, 284.0], [11.978342, 24.33676, 300.0], [12.729078, 24.98987, 317.0], [13.56726, 25.358223, 333.0], [14.453295, 25.44821, 350.0], [15.243284, 25.11716, 366.0], [16.074162, 24.420624, 383.0], [16.68284, 23.295174, 399.0], [17.101986, 22.032278, 416.0], [17.238482, 20.73325, 432.0], [17.14407, 19.282398, 449.0], [16.861847, 17.877554, 466.0], [16.256912, 16.676998, 482.0], [15.551566, 15.784889, 499.0], [14.761802, 15.091084, 515.0], [14.065373, 14.534128, 532.0], [13.363937, 14.113876, 548.0], [12.670113, 13.83758, 565.0], [12.016003, 13.744611, 581.0], [11.315159, 13.745178, 598.0], [10.664989, 13.745178, 614.0], [10.059856, 13.838938, 631.0], [9.55025, 13.978418, 648.0], [9.126498, 14.166969, 664.0], [8.736622, 14.609251, 681.0], [8.562119, 14.928673, 697.0]"}