{"Image number":39468,"Image shape":5,"Path":"[17.09817, 7.4979453, 0.0], [16.342112, 7.4979453, 52.0], [15.226889, 7.544888, 69.0], [13.872475, 7.591569, 85.0], [12.755239, 7.7793655, 102.0], [11.725736, 8.061409, 118.0], [10.891481, 8.43497, 135.0], [10.293622, 8.898543, 152.0], [9.825254, 9.4620695, 168.0], [9.406979, 10.067893, 185.0], [9.081647, 10.768309, 201.0], [8.943414, 11.563497, 218.0], [9.0389, 12.3049755, 234.0], [9.227104, 12.866815, 253.0], [9.459294, 13.28207, 267.0], [9.738744, 13.607228, 284.0], [10.53479, 13.886175, 317.0], [11.140913, 13.743761, 334.0], [12.080474, 13.272001, 350.0], [13.198503, 12.712603, 367.0], [14.538599, 12.205607, 383.0], [15.803909, 12.018679, 400.0], [16.962542, 11.926621, 416.0], [18.315182, 12.349653, 449.0], [18.589582, 12.907127, 466.0], [18.63572, 13.700451, 482.0], [18.635607, 14.5876255, 499.0], [18.588615, 15.712921, 515.0], [18.401052, 16.831835, 532.0], [17.556894, 19.21977, 565.0], [17.096544, 20.182312, 582.0], [16.62709, 21.168844, 598.0], [15.554239, 22.79834, 631.0], [14.999362, 23.304623, 648.0], [14.391229, 23.584446, 664.0], [13.689037, 23.676565, 681.0], [11.965111, 23.252583, 714.0]"}