{"Image number":40055,"Image shape":3,"Path":"[14.012951, 6.3680067, 0.0], [13.9352455, 6.08297, 73.0], [13.909343, 5.901582, 90.0], [14.02136, 5.726843, 106.0], [14.422555, 5.5153103, 123.0], [15.161003, 5.353574, 140.0], [16.028284, 5.2461042, -8205.0], [16.91525, 5.227859, -8188.0], [17.785263, 5.227859, -8175.0], [18.36516, 5.357617, -8159.0], [18.887722, 5.6038437, -8142.0], [19.222889, 5.995636, -8125.0], [19.27797, 6.402401, -8109.0], [18.93448, 7.178728, -8091.0], [17.959436, 8.272646, -8076.0], [16.738354, 9.4245205, -8059.0], [15.607367, 10.472036, -8042.0], [14.6671295, 11.347982, -8025.0], [13.822087, 12.091112, -8009.0], [13.172811, 12.494545, -7992.0], [12.636567, 12.838646, -7972.0], [12.211427, 13.060562, -7956.0], [11.853098, 13.186306, -7942.0], [11.720785, 13.182976, -7908.0], [12.116753, 13.0619, -7859.0], [12.799693, 12.901296, -7842.0], [13.628152, 12.698388, -7825.0], [14.340231, 12.489233, -7809.0], [15.082029, 12.365402, -7792.0], [15.730711, 12.327865, -7775.0], [16.175287, 12.428155, -7759.0], [16.640064, 12.647181, -7742.0], [16.9544, 13.0672245, -7725.0], [17.133202, 13.662096, -7709.0], [17.098475, 14.366105, -7692.0], [16.940434, 15.472435, -7675.0], [16.532438, 16.632345, -7659.0], [16.181353, 17.758999, -7642.0], [15.746858, 18.92071, -7625.0], [15.367379, 20.090878, -7609.0], [15.067337, 21.151499, -7592.0], [14.877223, 22.098738, -7575.0], [14.721574, 22.84313, -7558.0], [14.60997, 23.388012, -7542.0], [14.428613, 23.774004, -7525.0], [14.194637, 23.949404, -7508.0], [14.000881, 23.988457, -7492.0], [13.824162, 23.890686, -7475.0], [13.168444, 23.58287, -7458.0], [12.504268, 23.19362, -7442.0], [11.891656, 22.69484, -7425.0], [11.278282, 22.189255, -7409.0], [10.725701, 21.68836, -7392.0], [10.268434, 21.24411, -7375.0], [9.813432, 20.831112, -7358.0], [9.48995, 20.478682, -7342.0], [9.235268, 20.182922, -7324.0], [9.068333, 19.902252, -7308.0], [8.993314, 19.677109, -7292.0], [9.090766, 19.506424, -7275.0], [9.441259, 19.350134, -7258.0]"}