{"Image number":10567,"Image shape":2,"Path":"[13.572223, 7.661111, 0.0], [13.416666, 7.777778, 35.0], [13.820584, 7.5503764, 85.0], [14.502595, 7.107458, 102.0], [15.536112, 6.4555554, 119.0], [16.954601, 5.717144, 136.0], [18.284397, 5.2327514, 153.0], [19.413979, 5.0096397, 169.0], [20.338089, 4.977778, 186.0], [21.040392, 5.1396623, 203.0], [21.261547, 5.578646, 219.0], [21.356716, 6.361849, 236.0], [21.0, 7.311111, 253.0], [19.864998, 8.706164, 269.0], [18.430664, 10.422507, 286.0], [16.965809, 12.159918, 303.0], [15.720137, 13.632642, 319.0], [14.647465, 15.037253, 336.0], [13.755666, 16.296492, 353.0], [12.891161, 17.51771, 370.0], [12.13942, 18.445168, 386.0], [11.207779, 19.296665, 403.0], [10.333858, 19.873978, 420.0], [9.761111, 20.144445, 436.0], [9.383818, 20.219645, 453.0], [8.844845, 20.380436, 470.0], [8.433754, 20.40629, 486.0], [8.08631, 20.455923, 503.0], [7.707248, 20.455555, 520.0], [7.43261, 20.425411, 536.0], [7.251134, 20.278913, 553.0], [7.2555323, 19.905762, 570.0], [7.46074, 19.416222, 586.0], [8.031118, 18.78979, 603.0], [9.062397, 18.351553, 620.0], [10.436296, 18.002426, 637.0], [12.0542965, 17.68967, 653.0], [13.639638, 17.526108, 670.0], [15.024567, 17.454351, 687.0], [16.372223, 17.577778, 703.0], [17.564587, 18.328384, 720.0], [18.656261, 18.823374, 737.0], [19.426624, 19.12014, 753.0], [20.121078, 19.47075, 770.0], [20.36079, 19.591505, 787.0], [20.716204, 19.769213, 804.0], [20.883333, 19.852777, 820.0]"}