{"Image number":30694,"Image shape":9,"Path":"[17.669903, 9.199485, 0.0], [17.437233, 9.063648, 94.0], [17.175663, 8.938095, 130.0], [16.87446, 8.84038, 165.0], [16.636383, 8.775799, 183.0], [16.31543, 8.710817, 201.0], [15.696745, 8.547979, 219.0], [15.315678, 8.54134, 236.0], [14.951455, 8.538888, 254.0], [14.691934, 8.538888, 272.0], [14.449194, 8.500679, 290.0], [14.075731, 8.5000305, 307.0], [13.559073, 8.5000305, 325.0], [13.080037, 8.5000305, 343.0], [12.745734, 8.5000305, 361.0], [12.48876, 8.5000305, 378.0], [12.223228, 8.5000305, 396.0], [11.96278, 8.5000305, 414.0], [11.535786, 8.5000305, 432.0], [10.953639, 8.628831, 450.0], [10.332771, 8.96053, 467.0], [9.741821, 9.232265, 485.0], [9.192244, 9.705066, 503.0], [8.677486, 10.128825, 521.0], [8.272147, 10.57861, 538.0], [7.9712486, 11.037321, 556.0], [7.7774444, 11.528013, 574.0], [7.6504855, 11.919582, 592.0], [7.6504855, 12.190483, 609.0], [7.6855745, 12.51883, 627.0], [7.8347363, 12.948901, 645.0], [8.030796, 13.3903885, 663.0], [8.263721, 13.657377, 681.0], [8.568899, 13.995898, 698.0], [8.91209, 14.308849, 716.0], [9.315352, 14.597221, 734.0], [9.770591, 14.768385, 751.0], [10.124327, 15.003439, 769.0], [10.410629, 15.107889, 787.0], [10.748523, 15.271446, 805.0], [11.159123, 15.462457, 823.0], [11.58947, 15.618283, 840.0], [12.055887, 15.785217, 858.0], [12.448652, 15.971605, 876.0], [12.716135, 15.960868, 894.0], [13.046804, 15.999727, 911.0], [13.427776, 15.999727, 929.0], [13.823133, 15.999727, 947.0], [14.141001, 15.928764, 965.0], [14.515915, 15.751328, 982.0], [14.88069, 15.634746, 1000.0], [15.164043, 15.393316, 1018.0], [15.422067, 15.140244, 1036.0], [15.638709, 14.827701, 1053.0], [15.90507, 14.363355, 1071.0], [16.126762, 13.946822, 1089.0], [16.341042, 13.470625, 1107.0], [16.537737, 13.021519, 1124.0], [16.757294, 12.604444, 1142.0], [16.91686, 12.096906, 1160.0], [17.086027, 11.614122, 1178.0], [17.212835, 11.241073, 1195.0], [17.295479, 10.86451, 1213.0], [17.360216, 10.674122, 1231.0], [17.425213, 10.478025, 1249.0], [17.478256, 10.246138, 1284.0], [17.651064, 10.581856, 1427.0], [17.716301, 10.954671, 1444.0], [17.747574, 11.522108, 1462.0], [17.747574, 12.134515, 1480.0], [17.795458, 12.931038, 1497.0], [17.786407, 13.808971, 1515.0], [17.844662, 14.62025, 1533.0], [17.963354, 15.5077, 1551.0], [18.017317, 16.358889, 1568.0], [18.145908, 17.376425, 1586.0], [18.276243, 18.405294, 1604.0], [18.368782, 19.301731, 1622.0], [18.52429, 20.19652, 1640.0], [18.720978, 20.878431, 1657.0], [18.874578, 21.521202, 1675.0], [19.045511, 22.210114, 1693.0], [19.175508, 22.92554, 1711.0], [19.345669, 23.564682, 1728.0], [19.446632, 24.257454, 1746.0], [19.533981, 24.820614, 1762.0]"}