{"Image number":35305,"Image shape":6,"Path":"[19.148087, 4.9804034, 0.0], [18.868551, 5.1202664, 36.0], [18.027391, 5.728188, 53.0], [16.747536, 6.914581, 69.0], [15.263784, 8.495502, 86.0], [13.961467, 10.22212, 102.0], [12.705292, 12.039722, 119.0], [11.77393, 13.769414, 135.0], [11.131705, 15.431439, 152.0], [10.851909, 16.980371, 168.0], [10.902206, 18.418943, 185.0], [11.182138, 19.669544, 201.0], [11.838197, 20.745888, 218.0], [12.820396, 21.58475, 234.0], [13.935959, 22.09304, 251.0], [15.153841, 22.184557, 268.0], [17.486376, 21.053534, 301.0], [18.59518, 19.798986, 317.0], [19.434345, 18.396076, 334.0], [19.847, 17.148289, 350.0], [19.893932, 16.301743, 367.0], [19.565739, 15.653342, 383.0], [18.907812, 15.373776, 400.0], [17.878967, 15.282656, 416.0], [16.583838, 15.470425, 433.0], [15.000824, 15.843325, 450.0], [13.410107, 16.498926, 466.0], [12.087516, 17.208883, 483.0]"}