{"Image number":10655,"Image shape":8,"Path":"[20.066666, 7.622222, 0.0], [19.45905, 6.9368267, 23.0], [18.492884, 6.3108745, 39.0], [17.399141, 6.139037, 56.0], [16.394775, 6.4519596, 73.0], [14.931541, 7.179528, 89.0], [13.377778, 8.419444, 106.0], [12.125751, 10.067145, 123.0], [11.022945, 11.848197, 139.0], [10.661584, 13.550827, 156.0], [10.655819, 15.096262, 173.0], [11.259542, 16.62631, 190.0], [12.522859, 18.02893, 206.0], [14.1001425, 19.354595, 223.0], [15.411537, 20.314304, 240.0], [16.302797, 21.77713, 256.0], [16.696129, 23.043873, 273.0], [16.722221, 24.13773, 290.0], [16.641943, 25.105846, 307.0], [16.42413, 25.909515, 323.0], [15.950601, 26.377298, 340.0], [15.323118, 26.695314, 357.0], [14.439592, 26.677778, 373.0], [13.5039625, 26.25767, 390.0], [12.877439, 25.818943, 407.0], [12.302279, 24.786346, 423.0], [12.090469, 23.493332, 440.0], [12.206246, 21.68305, 457.0], [13.132547, 19.294006, 473.0], [14.086019, 17.203856, 490.0], [15.065073, 15.424218, 507.0], [15.9844265, 13.996105, 524.0], [16.818604, 12.822847, 540.0], [17.39439, 11.889981, 557.0], [17.95062, 11.049068, 574.0]"}