{"Image number":15115,"Image shape":8,"Path":"[13.699219, 16.560184, 0.0], [12.719863, 15.4472275, 91.0], [12.335272, 15.132097, 107.0], [11.984719, 14.755039, 124.0], [11.6904335, 14.332327, 141.0], [11.476806, 13.85966, 158.0], [11.386856, 13.262794, 174.0], [11.375, 12.747091, 192.0], [11.375, 12.27964, 209.0], [11.524972, 11.833872, 224.0], [11.840927, 11.343533, 241.0], [12.464506, 10.706319, 258.0], [13.196203, 10.187998, 275.0], [14.165647, 9.653721, 292.0], [14.840754, 9.269268, 309.0], [15.648752, 8.849009, 325.0], [16.475399, 8.434784, 342.0], [17.159184, 8.093167, 359.0], [17.679535, 7.8363276, 375.0], [18.234522, 7.6257954, 391.0], [18.843666, 7.469341, 408.0], [19.372683, 7.413265, 424.0], [19.822968, 7.3591146, 442.0], [20.30218, 7.352595, 458.0], [20.627329, 7.324074, 475.0], [20.855173, 7.324074, 492.0], [21.020582, 7.324074, 508.0], [21.130169, 7.39801, 524.0], [21.188328, 7.5616574, 541.0], [21.191406, 7.8928556, 559.0], [21.000822, 8.245735, 575.0], [20.691154, 8.796742, 592.0], [20.401283, 9.199488, 608.0], [19.976128, 9.713447, 624.0], [19.434338, 10.248282, 641.0], [18.80626, 10.859897, 658.0], [18.163727, 11.425067, 675.0], [17.537966, 11.956993, 691.0], [17.01416, 12.446903, 708.0], [16.472752, 12.999906, 724.0], [15.952572, 13.5978775, 742.0], [15.392117, 14.21351, 758.0], [14.978397, 14.830308, 774.0], [14.57018, 15.427447, 791.0], [14.142511, 16.08329, 808.0], [13.7350645, 16.772078, 825.0], [13.31842, 17.480213, 842.0], [12.858377, 18.20236, 859.0], [12.3667145, 18.93053, 875.0], [11.825127, 19.575314, 892.0], [11.354699, 20.155407, 909.0], [10.980848, 20.624552, 926.0], [10.695754, 21.095661, 943.0], [10.497691, 21.553087, 959.0], [10.374594, 22.001299, 975.0], [10.3359375, 22.452776, 993.0], [10.411324, 22.8192, 1009.0], [10.5758, 23.114378, 1025.0], [10.980629, 23.375095, 1041.0], [11.490333, 23.474941, 1059.0], [12.130602, 23.462963, 1075.0], [12.80499, 23.246906, 1091.0], [13.503552, 22.893675, 1108.0], [14.172803, 22.476252, 1125.0], [14.702217, 22.041265, 1142.0], [15.1358185, 21.675571, 1158.0], [15.394418, 21.372837, 1175.0], [15.55919, 21.079962, 1193.0], [15.705383, 20.762497, 1209.0], [15.787606, 20.376106, 1226.0], [15.777344, 19.918785, 1242.0], [15.654297, 19.525463, 1259.0], [15.464313, 18.987825, 1275.0], [15.16783, 18.377892, 1291.0], [14.742278, 17.636734, 1308.0], [14.367657, 16.970741, 1325.0], [14.119444, 16.432251, 1342.0], [13.997101, 15.956233, 1359.0]"}