{"Image number":37602,"Image shape":7,"Path":"[9.783693, 6.518901, 0.0], [10.01927, 6.990377, 69.0], [10.347998, 7.648288, 85.0], [10.808809, 8.337363, 102.0], [11.1830225, 8.945895, 119.0], [11.555627, 9.411351, 135.0], [11.931248, 9.881201, 152.0], [12.348397, 10.297522, 168.0], [12.864726, 10.578301, 185.0], [13.375923, 10.810264, 201.0], [13.840905, 10.9020815, 218.0], [14.405635, 11.04356, 235.0], [14.915438, 11.088405, 251.0], [15.423452, 11.13462, 268.0], [15.937446, 11.040423, 284.0], [16.405048, 10.85238, 301.0], [16.96627, 10.571004, 317.0], [17.522396, 10.198685, 334.0], [18.643688, 9.30943, 367.0], [19.107754, 8.796447, 383.0], [19.575691, 8.471172, 400.0], [19.85192, 8.239715, 416.0], [19.608162, 8.338787, 483.0], [19.14146, 8.715397, 499.0], [18.390106, 9.278971, 516.0], [17.653076, 10.019651, 532.0], [16.764374, 10.908964, 549.0], [16.071566, 11.835904, 565.0], [15.415874, 12.726426, 582.0], [14.853041, 13.571986, 598.0], [14.391793, 14.311376, 615.0], [14.021464, 15.101082, 631.0], [13.741369, 15.990568, 648.0], [13.555754, 16.829605, 664.0], [13.3692875, 17.575155, 681.0], [13.183429, 18.225233, 698.0], [13.043139, 18.834623, 714.0], [12.950899, 19.532555, 731.0], [12.810853, 20.184156, 747.0], [12.718483, 20.83383, 764.0], [12.672063, 21.439608, 780.0], [12.672214, 22.048933, 797.0], [12.672214, 22.609715, 813.0], [12.672214, 23.118073, 830.0], [12.672214, 23.587776, 847.0], [12.625253, 24.052149, 863.0], [12.531391, 24.567078, 880.0], [18.728785, 16.076235, 0.0], [18.21864, 16.26225, 53.0], [17.563679, 16.402664, 70.0], [16.810617, 16.449703, 86.0], [16.34938, 16.49616, 102.0], [15.977335, 16.495823, 119.0], [15.746851, 16.542683, 152.0], [8.805325, 6.1925535, 0.0], [8.992344, 6.6607566, 70.0], [9.225286, 7.3133082, 86.0], [9.603388, 8.116885, 103.0], [9.973091, 8.809044, 119.0], [10.535087, 9.368763, 136.0], [11.135292, 9.829401, 152.0], [11.891096, 10.2547245, 169.0], [12.676079, 10.763927, 185.0], [13.428788, 11.139974, 202.0], [14.26388, 11.369623, 219.0], [15.048992, 11.367499, 235.0], [15.89618, 11.226081, 252.0], [17.613657, 10.433333, 285.0], [18.414183, 9.820185, 301.0], [19.055904, 8.988542, 318.0], [19.615997, 8.24119, 334.0], [19.986757, 7.8242145, 351.0], [20.21954, 7.6379027, 384.0], [19.703306, 7.873321, 417.0], [18.534796, 9.045175, 450.0], [17.79211, 9.928061, 467.0], [16.99561, 10.960059, 483.0], [16.251059, 12.126741, 500.0], [15.599843, 13.339485, 516.0], [14.896481, 14.748245, 533.0], [14.246746, 16.143211, 549.0], [13.742056, 17.526144, 566.0], [13.314669, 18.71423, 582.0], [12.946936, 19.72592, 599.0], [12.669914, 20.605768, 616.0], [12.483085, 21.402836, 632.0], [12.34355, 22.008131, 649.0], [12.298672, 22.471626, 665.0], [12.252106, 22.890162, 682.0], [12.20555, 23.119894, 698.0], [12.159067, 23.352463, 715.0], [12.159871, 22.928436, 798.0], [12.300091, 22.08682, 814.0], [12.53269, 20.923605, 831.0], [12.910332, 19.554054, 847.0], [13.326106, 18.40271, 864.0], [13.698658, 17.51796, 880.0], [14.117084, 16.867842, 897.0], [14.588338, 16.491041, 913.0], [15.145115, 16.261183, 930.0], [15.705094, 16.121704, 947.0], [16.358322, 15.981796, 963.0], [17.007746, 15.889356, 980.0], [17.707808, 15.795978, 996.0], [18.311289, 15.749746, 1013.0], [18.777567, 15.7498865, 1029.0], [19.055485, 15.7498865, 1046.0], [18.394064, 15.844692, 1112.0], [17.698938, 16.077864, 1128.0], [16.571089, 16.454073, 1145.0], [15.220699, 16.873114, 1162.0], [13.733551, 17.197378, 1178.0], [12.427982, 17.524313, 1195.0], [11.263351, 17.756836, 1211.0], [10.325764, 17.849539, 1228.0], [9.404602, 17.94172, 1244.0], [8.706519, 17.988077, 1261.0]"}