{"Image number":30702,"Image shape":4,"Path":"[15.456312, 23.965727, 0.0], [15.495092, 23.616163, 100.0], [15.586507, 22.924654, 118.0], [15.769035, 21.868725, 135.0], [15.923133, 19.984482, 153.0], [16.027376, 18.665665, 171.0], [16.092804, 17.583786, 189.0], [16.116505, 16.739471, 207.0], [16.2421, 16.031145, 224.0], [16.494139, 15.143507, 242.0], [16.717274, 14.390621, 260.0], [17.015495, 13.603715, 278.0], [17.276003, 12.829991, 295.0], [17.453743, 12.129775, 313.0], [17.57814, 11.59446, 331.0], [17.708082, 11.009362, 349.0], [17.838251, 10.429754, 366.0], [17.936203, 9.971081, 384.0], [18.000002, 9.529781, 402.0], [17.941748, 9.200811, 420.0], [17.941748, 8.903013, 437.0], [17.941748, 8.727912, 455.0], [17.941748, 8.496508, 473.0], [17.800682, 8.217728, 508.0], [17.631344, 8.034004, 544.0], [17.370316, 7.94213, 579.0], [17.0822, 7.9171524, 615.0], [16.886864, 7.971078, 633.0], [16.285337, 8.283785, 651.0], [15.398009, 8.733209, 668.0], [14.4937315, 9.415011, 686.0], [13.414524, 10.180206, 704.0], [12.7357, 10.803246, 722.0], [12.165848, 11.200164, 739.0], [11.476895, 11.727969, 757.0], [10.76128, 12.292547, 775.0], [10.097087, 12.871614, 793.0], [9.44158, 13.554253, 810.0], [8.893129, 14.123512, 828.0], [8.4396715, 14.492568, 846.0], [8.159173, 14.743662, 864.0], [8.007677, 14.942865, 881.0], [7.883495, 15.105982, 935.0], [8.100015, 15.322632, 970.0], [8.540807, 15.454885, 988.0], [9.188399, 15.649239, 1006.0], [9.841476, 15.845281, 1024.0], [10.732486, 16.080254, 1041.0], [11.744106, 16.23607, 1059.0], [12.895445, 16.379925, 1077.0], [13.986309, 16.51046, 1095.0], [14.69229, 16.601072, 1112.0], [15.600935, 16.676208, 1130.0], [16.516674, 16.703402, 1148.0], [17.358028, 16.66032, 1166.0], [18.26986, 16.66032, 1183.0], [18.921267, 16.66032, 1201.0], [19.407372, 16.66032, 1219.0], [19.728157, 16.66032, 1234.0], [16.54369, 24.470886, 0.0], [16.427185, 24.311432, 74.0], [16.380407, 24.097315, 92.0], [16.314705, 23.679026, 110.0], [16.249834, 23.145775, 128.0], [16.23301, 22.509293, 145.0], [16.158058, 21.397562, 163.0], [16.15534, 20.555023, 181.0], [16.15534, 19.69991, 199.0], [16.15534, 18.809626, 216.0], [16.15534, 17.809364, 234.0], [16.15534, 16.972544, 252.0], [16.15534, 16.188332, 270.0], [16.15534, 15.408477, 287.0], [16.15534, 14.623098, 305.0], [16.15534, 14.041927, 323.0], [16.15534, 13.455185, 341.0], [16.15534, 12.863592, 358.0], [16.15534, 12.276494, 376.0], [16.185202, 11.689515, 394.0], [16.194174, 11.165066, 412.0], [16.194174, 10.679569, 430.0], [16.194174, 10.3566, 447.0], [16.194174, 10.099155, 465.0], [16.194174, 9.838011, 501.0], [16.194174, 9.670465, 554.0], [16.194174, 9.513128, 607.0], [15.581482, 9.751638, 678.0], [15.044625, 10.181665, 696.0], [14.365177, 10.717701, 714.0], [13.630224, 11.280495, 731.0], [12.8971, 11.846516, 749.0], [12.452335, 12.162512, 767.0], [12.120457, 12.448942, 785.0], [11.748958, 12.721734, 803.0], [11.438936, 13.021528, 821.0], [10.946989, 13.350427, 838.0], [10.482683, 13.73164, 856.0], [10.030482, 14.123444, 874.0], [9.637426, 14.688422, 891.0], [9.365591, 15.266511, 909.0], [9.145575, 15.688972, 927.0], [9.054577, 15.897865, 945.0], [8.932038, 16.125183, 980.0], [9.301337, 16.194021, 1051.0], [9.797081, 16.068842, 1069.0], [10.407618, 15.937583, 1087.0], [11.327295, 15.768362, 1104.0], [12.181297, 15.666402, 1122.0], [13.322876, 15.650002, 1140.0], [14.220132, 15.571778, 1158.0], [15.067361, 15.572283, 1175.0], [15.917396, 15.572283, 1193.0], [16.642294, 15.453615, 1211.0], [17.383305, 15.416848, 1229.0], [18.343111, 15.472121, 1247.0], [19.10323, 15.61467, 1264.0], [19.629286, 15.680279, 1282.0], [19.968443, 15.688859, 1300.0], [20.680204, 15.688859, 1318.0]"}