{"Image number":30193,"Image shape":3,"Path":"[7.417476, 8.616607, 0.0], [7.7269635, 8.32606, 84.0], [8.203289, 7.999459, 102.0], [8.908234, 7.6793303, 120.0], [9.796622, 7.1918836, 138.0], [10.3195, 6.9121323, 156.0], [11.098772, 6.6465425, 173.0], [11.728162, 6.4362082, 191.0], [12.419874, 6.3040876, 209.0], [13.452095, 6.323953, 227.0], [14.155462, 6.323953, 244.0], [14.736156, 6.323953, 262.0], [15.3651085, 6.323953, 280.0], [16.158752, 6.348991, 298.0], [16.826614, 6.4144354, 315.0], [17.41435, 6.703515, 333.0], [17.934494, 7.040427, 351.0], [18.391779, 7.420486, 369.0], [18.689247, 7.8121448, 386.0], [18.863077, 8.163714, 404.0], [18.982872, 8.55547, 422.0], [18.951456, 9.113154, 440.0], [18.882883, 9.700442, 457.0], [18.761868, 10.286308, 475.0], [18.294952, 11.035328, 493.0], [17.624615, 11.863426, 511.0], [17.094103, 12.47546, 529.0], [16.603073, 13.103635, 546.0], [15.80793, 13.639255, 564.0], [14.89945, 14.081355, 582.0], [13.825541, 14.442863, 600.0], [13.133363, 14.630475, 617.0], [12.625586, 14.738996, 635.0], [12.26413, 14.804428, 653.0], [12.049618, 14.8728285, 671.0], [11.784777, 14.8728285, 706.0], [11.599706, 14.8728285, 759.0], [11.93167, 14.636563, 830.0], [12.533188, 14.336163, 848.0], [13.473722, 13.910074, 866.0], [14.323899, 13.536795, 884.0], [14.970409, 13.240957, 902.0], [15.841087, 12.925628, 919.0], [16.713469, 12.637391, 937.0], [17.45211, 12.51935, 955.0], [18.236347, 12.388563, 973.0], [18.88188, 12.347025, 990.0], [19.3628, 12.411064, 1008.0], [19.76699, 12.54132, 1026.0], [20.114, 12.856951, 1044.0], [20.367512, 13.243138, 1061.0], [20.546747, 13.740268, 1079.0], [20.67744, 14.328749, 1097.0], [20.737865, 14.995493, 1115.0], [20.630737, 15.790677, 1132.0], [20.43557, 16.636925, 1150.0], [20.126417, 17.633448, 1168.0], [19.788694, 18.382095, 1186.0], [19.43579, 19.122498, 1203.0], [19.22687, 19.758293, 1221.0], [19.031116, 20.295425, 1239.0], [18.835106, 20.753063, 1257.0], [18.599758, 21.288858, 1274.0], [18.169033, 21.783379, 1292.0], [17.674137, 22.23767, 1310.0], [17.348747, 22.577303, 1328.0], [17.023361, 22.807318, 1345.0], [16.533037, 23.057877, 1363.0], [15.922737, 23.361467, 1381.0], [15.415308, 23.509949, 1399.0], [15.062298, 23.70489, 1417.0], [14.77824, 23.819235, 1434.0], [14.378632, 23.879913, 1452.0], [13.988749, 24.001862, 1470.0], [13.505474, 23.965727, 1488.0], [12.985083, 23.82356, 1505.0], [12.552063, 23.70166, 1523.0], [12.151482, 23.5098, 1541.0], [11.724963, 23.359274, 1559.0], [11.329388, 23.02617, 1576.0], [10.987259, 22.766455, 1594.0], [10.732625, 22.506836, 1612.0], [10.573264, 22.304972, 1630.0], [10.425952, 22.059189, 1647.0], [10.189535, 21.741505, 1683.0]"}