{"Image number":10731,"Image shape":6,"Path":"[18.938889, 3.6166666, 0.0], [18.777664, 3.6166666, 21.0], [18.236446, 3.7387393, 37.0], [17.722828, 4.1666784, 54.0], [17.278772, 4.6979136, 71.0], [16.550226, 5.6473117, 88.0], [15.623732, 7.0604362, 104.0], [14.7068405, 8.771587, 121.0], [13.566794, 10.547258, 138.0], [12.460993, 12.594662, 154.0], [11.696715, 13.991686, 171.0], [10.897811, 15.258202, 188.0], [10.441183, 16.214798, 204.0], [10.229809, 17.100283, 221.0], [10.2798605, 17.944424, 238.0], [10.94948, 18.727259, 254.0], [11.855971, 19.429932, 271.0], [13.007086, 19.997986, 288.0], [14.235384, 20.435966, 305.0], [15.397659, 20.830702, 321.0], [16.29588, 20.984957, 338.0], [17.182625, 20.961502, 355.0], [18.11439, 20.580023, 372.0], [18.910862, 19.911331, 388.0], [19.778376, 19.071625, 405.0], [20.377296, 18.02053, 422.0], [20.665478, 16.944242, 438.0], [20.875328, 16.186352, 455.0], [20.858707, 15.694291, 472.0], [20.724718, 15.474718, 488.0], [20.529114, 15.279113, 505.0], [19.594046, 15.075131, 522.0], [18.725689, 15.007508, 539.0], [17.561451, 14.952928, 555.0], [16.428537, 15.142286, 572.0], [15.271042, 15.459067, 588.0], [14.102381, 16.009922, 605.0], [13.246209, 16.52598, 622.0], [12.423189, 17.174782, 639.0], [11.935713, 17.9059, 655.0], [11.724999, 18.297222, 672.0]"}