{"Image number":15187,"Image shape":2,"Path":"[12.332031, 7.12963, 0.0], [13.437099, 6.6202965, 95.0], [13.794922, 6.546296, 112.0], [14.505859, 6.278935, 129.0], [15.4174, 6.0034423, 145.0], [16.238625, 5.8319235, 161.0], [16.966232, 5.722017, 178.0], [17.651825, 5.6688547, 195.0], [18.252773, 5.671296, 213.0], [18.734056, 5.671296, 229.0], [19.054976, 5.671296, 245.0], [19.266129, 5.8850617, 261.0], [19.386433, 5.9870152, 278.0], [19.453667, 6.2009993, 296.0], [19.496094, 6.4727263, 312.0], [19.496094, 6.871068, 327.0], [19.343811, 7.3689427, 345.0], [19.18345, 7.861534, 362.0], [18.97218, 8.403259, 379.0], [18.753527, 8.840543, 395.0], [18.526432, 9.448036, 411.0], [18.29134, 10.013456, 428.0], [18.135565, 10.557343, 445.0], [17.890814, 11.143016, 462.0], [17.662663, 11.701563, 479.0], [17.442686, 12.141243, 495.0], [17.20383, 12.538347, 512.0], [16.94631, 12.850519, 529.0], [16.610065, 13.192783, 545.0], [16.227272, 13.535248, 561.0], [15.81309, 14.056459, 578.0], [15.415693, 14.509642, 595.0], [14.965965, 14.933056, 611.0], [14.607914, 15.324565, 629.0], [14.295421, 15.694716, 644.0], [14.008396, 16.104008, 661.0], [13.740234, 16.53588, 679.0], [13.541891, 16.79127, 696.0], [13.285923, 17.206316, 712.0], [13.055721, 17.60696, 728.0], [12.803672, 18.006435, 745.0], [12.539837, 18.37339, 761.0], [12.275323, 18.622732, 778.0], [11.998181, 18.868423, 795.0], [11.6783285, 19.076431, 812.0], [11.338512, 19.280106, 829.0], [10.926472, 19.440784, 845.0], [10.466368, 19.525463, 861.0], [10.032576, 19.574074, 878.0], [9.5674925, 19.574074, 895.0], [9.092241, 19.574074, 912.0], [8.658761, 19.37729, 929.0], [8.276193, 19.23114, 945.0], [7.8469086, 19.011194, 962.0], [7.520446, 18.806671, 979.0], [7.209722, 18.53389, 995.0], [6.98198, 18.278149, 1011.0], [6.826958, 18.002556, 1028.0], [6.7158, 17.722456, 1045.0], [6.6992188, 17.441654, 1061.0], [6.882786, 17.011623, 1078.0], [7.404093, 16.516472, 1096.0], [8.324852, 16.05643, 1111.0], [9.404853, 15.767319, 1129.0], [10.354884, 15.666734, 1145.0], [11.027405, 15.636575, 1161.0], [11.600147, 15.636575, 1178.0], [12.041447, 15.802902, 1194.0], [12.497717, 15.928963, 1211.0], [12.990748, 16.135937, 1228.0], [13.489518, 16.488846, 1245.0], [14.076615, 16.837292, 1262.0], [14.525481, 17.129255, 1279.0], [14.987272, 17.437117, 1297.0], [15.43063, 17.694286, 1311.0], [15.924116, 18.00827, 1328.0], [16.430319, 18.372416, 1344.0], [16.957962, 18.59957, 1361.0], [17.470032, 18.85323, 1377.0], [18.020712, 19.088488, 1396.0], [18.416964, 19.234278, 1412.0], [18.836813, 19.398926, 1428.0], [19.217102, 19.55458, 1446.0], [19.564419, 19.667236, 1461.0], [19.957966, 19.816376, 1478.0], [20.449392, 19.97229, 1495.0], [20.969173, 20.117281, 1511.0], [21.565533, 20.374157, 1528.0], [22.073912, 20.570868, 1545.0], [22.488253, 20.823067, 1561.0]"}