{"Image number":35657,"Image shape":1,"Path":"[17.936771, 8.010777, 0.0], [17.703827, 8.383746, 35.0], [16.9485, 9.659237, 52.0], [15.8304825, 11.523676, 69.0], [13.213757, 15.497813, 102.0], [12.05576, 17.35229, 118.0], [11.027688, 19.272411, 135.0], [10.15489, 21.31688, 151.0], [9.614542, 22.676704, 168.0]"}