{"Image number":37329,"Image shape":8,"Path":"[13.930115, 16.169476, 0.0], [13.836939, 15.88975, 101.0], [13.601039, 15.03993, 118.0], [13.321343, 13.966334, 134.0], [12.996149, 12.898806, 151.0], [12.857598, 12.107926, 168.0], [12.764609, 11.361239, 188.0], [12.718663, 10.619357, 201.0], [12.7188015, 9.964952, 217.0], [12.7188015, 9.406617, 234.0], [12.765746, 8.9396515, 250.0], [12.765391, 8.51901, 267.0], [12.8120365, 8.243536, 283.0], [12.905796, 8.009181, 300.0], [12.99912, 7.728695, 317.0], [13.140247, 7.3050222, 333.0], [13.418922, 6.9367747, 350.0], [14.257454, 6.3316875, 383.0], [14.723323, 5.9117527, 399.0], [15.239906, 5.5831037, 416.0], [15.655697, 5.3991985, 432.0], [16.49404, 5.21317, 465.0], [16.917383, 5.1662683, 482.0], [17.288218, 5.1668878, 498.0], [17.66004, 5.2608304, 515.0], [17.936789, 5.4932513, 532.0], [18.123175, 5.7730346, 548.0], [18.26389, 6.1485825, 565.0], [18.403587, 7.129608, 598.0], [18.40266, 7.593282, 614.0], [18.40266, 8.05901, 631.0], [18.35569, 8.621448, 647.0], [18.214754, 9.182514, 664.0], [18.075195, 9.835278, 681.0], [17.888102, 10.253277, 697.0], [17.327442, 11.139117, 730.0], [16.857903, 11.607933, 747.0], [16.445032, 12.114527, 763.0], [16.069378, 12.584443, 780.0], [15.699934, 13.046568, 796.0], [15.279362, 13.560939, 813.0], [14.809513, 14.125105, 829.0], [14.390835, 14.637304, 846.0], [14.067843, 15.193931, 862.0], [13.741218, 15.660278, 879.0], [13.091189, 17.009304, 912.0], [12.761833, 17.809866, 929.0], [12.529723, 18.46154, 945.0], [12.065686, 19.62183, 978.0], [11.879904, 20.133085, 995.0], [11.738861, 20.60373, 1011.0], [11.599988, 21.160648, 1028.0], [11.507487, 22.235256, 1061.0], [11.507487, 22.696453, 1078.0], [11.554173, 23.163628, 1094.0], [11.648109, 23.539042, 1111.0], [11.789, 23.913866, 1127.0], [11.928841, 24.239727, 1144.0], [12.442398, 24.796623, 1177.0], [12.86543, 24.936537, 1196.0], [13.330867, 24.93425, 1210.0], [13.700513, 24.93425, 1226.0], [14.025746, 24.840307, 1243.0], [14.494724, 24.510778, 1259.0], [15.009427, 24.041386, 1276.0], [15.520756, 23.48178, 1293.0], [15.937032, 23.018791, 1309.0], [16.266148, 22.356915, 1326.0], [16.545843, 21.653904, 1342.0], [16.634224, 21.004452, 1359.0], [16.53769, 20.402822, 1375.0], [16.351698, 19.80252, 1392.0], [16.071508, 19.055447, 1408.0], [15.743242, 18.352425, 1425.0], [15.274305, 17.603695, 1442.0], [14.763237, 16.813694, 1458.0], [14.344404, 15.925778, 1475.0]"}