{"Image number":10186,"Image shape":9,"Path":"[18.511112, 8.983334, 0.0], [18.339956, 8.926282, 20.0], [17.879776, 8.70274, 36.0], [17.229465, 8.537996, 53.0], [16.575016, 8.409447, 70.0], [15.646931, 8.322977, 86.0], [14.5449705, 8.376639, 103.0], [13.368419, 8.777816, 120.0], [11.843925, 9.517894, 136.0], [10.537239, 10.397397, 153.0], [9.392297, 11.483841, 170.0], [8.496841, 12.528752, 186.0], [7.8665752, 13.589073, 203.0], [7.5847445, 14.461021, 220.0], [7.631898, 15.195131, 237.0], [8.189217, 15.942812, 253.0], [8.956528, 16.565157, 270.0], [9.9226465, 17.036324, 287.0], [11.058779, 17.067104, 304.0], [11.954104, 16.973099, 320.0], [13.060677, 16.561285, 337.0], [14.030036, 16.122616, 354.0], [15.018069, 15.629854, 370.0], [15.755314, 15.099349, 387.0], [16.50379, 14.502181, 404.0], [17.15, 13.844444, 421.0], [17.811792, 12.923164, 437.0], [18.340136, 11.989976, 454.0], [18.764202, 11.0287285, 471.0], [19.166607, 10.23901, 487.0], [19.436377, 9.7523, 504.0], [19.530905, 9.529164, 521.0], [19.696753, 9.262821, 537.0], [19.738434, 9.051816, 554.0], [19.826733, 8.876569, 571.0], [19.872223, 9.61881, 637.0], [19.463577, 10.79986, 654.0], [18.884321, 12.246062, 671.0], [18.285778, 13.814264, 688.0], [17.81663, 15.303599, 704.0], [17.469383, 16.542677, 721.0], [17.305962, 17.834055, 738.0], [17.226559, 18.964476, 754.0], [17.17044, 19.913654, 771.0], [17.084946, 20.677597, 788.0], [17.02471, 21.336805, 804.0], [17.033333, 21.74075, 821.0], [17.033333, 22.0746, 838.0], [17.033333, 22.526697, 854.0], [16.967089, 22.79747, 871.0], [16.91257, 23.038605, 888.0], [16.567287, 23.429832, 905.0]"}