{"Image number":39679,"Image shape":6,"Path":"[15.281198, 6.4256587, 0.0], [14.812335, 6.848225, 68.0], [14.2501545, 7.5050507, 84.0], [13.597192, 8.440089, 101.0], [13.135337, 9.321427, 118.0], [12.71192, 10.169121, 134.0], [12.438821, 10.949174, 151.0], [12.204646, 11.840086, 167.0], [12.111981, 12.683371, 184.0], [12.065871, 13.524395, 200.0], [12.066555, 14.358985, 217.0], [12.066555, 15.246395, 233.0], [12.066555, 16.084892, 250.0], [12.113274, 16.91774, 266.0], [12.206407, 17.662025, 283.0], [12.347345, 18.272873, 300.0], [12.533468, 18.876825, 316.0], [12.766419, 19.294943, 333.0], [13.093532, 19.668367, 349.0], [13.469276, 19.99683, 366.0], [13.837978, 20.45992, 382.0], [14.403734, 20.836746, 399.0], [15.0055485, 21.113111, 416.0], [15.611038, 21.252039, 432.0], [16.399788, 21.297745, 465.0], [16.823408, 21.062044, 484.0], [17.193245, 20.689827, 498.0], [17.471977, 20.270494, 515.0], [17.704132, 19.851994, 531.0], [17.843615, 19.432896, 548.0], [17.93687, 19.106256, 564.0], [17.936771, 18.776283, 581.0], [17.936771, 18.402573, 597.0], [17.79596, 18.031534, 614.0], [17.515587, 17.799644, 630.0], [16.627218, 17.802135, 663.0], [16.162554, 18.083244, 680.0], [15.696953, 18.550703, 697.0], [15.2805805, 19.15412, 713.0], [14.856635, 19.766907, 730.0], [14.577699, 20.328093, 746.0], [14.483823, 20.811792, 763.0], [14.440001, 21.080276, 779.0]"}