{"Image number":36030,"Image shape":1,"Path":"[14.768718, 6.8918695, 0.0], [14.768718, 8.016212, 53.0], [14.768718, 9.425244, 69.0], [14.768718, 11.093289, 86.0], [14.768718, 12.748967, 103.0], [14.768718, 14.356201, 119.0], [14.815848, 17.53985, 152.0], [14.909859, 18.893452, 169.0], [15.051022, 20.109676, 185.0]"}