{"Image number":35930,"Image shape":2,"Path":"[11.227953, 7.031733, 0.0], [11.554076, 7.031733, 36.0], [12.395767, 6.9849396, 53.0], [13.615176, 6.9851117, 70.0], [15.019659, 7.0795546, 86.0], [16.082088, 7.360398, 103.0], [17.056135, 7.826463, 119.0], [17.750452, 8.523644, 136.0], [18.26772, 9.51187, 152.0], [18.167637, 12.360279, 185.0], [16.480412, 15.909935, 218.0], [15.185633, 17.617887, 235.0], [13.788303, 19.10879, 251.0], [12.483638, 20.27412, 268.0], [11.646039, 21.112534, 284.0], [11.177582, 21.487314, 301.0], [11.884868, 21.530575, 334.0], [13.189332, 21.34376, 351.0], [15.006315, 21.110722, 367.0], [16.876148, 20.783058, 384.0], [18.644567, 20.597542, 401.0], [20.234118, 20.50439, 417.0], [21.547792, 20.55271, 433.0], [22.70581, 20.847488, 450.0], [23.329765, 21.17558, 466.0]"}