{"Image number":36265,"Image shape":1,"Path":"[15.001663, 6.4722795, 0.0], [14.814937, 7.4544888, 52.0], [14.674944, 8.668644, 69.0], [14.116226, 12.068325, 102.0], [13.739651, 14.140771, 118.0], [13.508164, 16.33427, 135.0], [13.227825, 18.527609, 151.0], [12.99629, 20.381752, 168.0], [12.752041, 21.942753, 184.0], [12.569024, 22.741516, 201.0]"}