{"Image number":30645,"Image shape":3,"Path":"[12.310679, 7.956011, 0.0], [12.5295, 7.671671, 150.0], [12.842967, 7.488784, 167.0], [13.171177, 7.292351, 185.0], [13.589444, 7.069411, 203.0], [14.045733, 6.9159594, 221.0], [14.579229, 6.5890484, 238.0], [14.93927, 6.4220905, 256.0], [15.210822, 6.291339, 274.0], [15.386557, 6.1177793, 292.0], [15.555239, 6.060736, 309.0], [15.741707, 5.9956107, 327.0], [15.982206, 5.847124, 345.0], [16.20338, 5.7484856, 363.0], [16.463766, 5.683351, 380.0], [16.870705, 5.6244993, 416.0], [17.183458, 5.6825843, 434.0], [17.395678, 5.7593117, 451.0], [17.644295, 5.8123865, 469.0], [17.901876, 5.876821, 487.0], [18.102379, 6.03516, 505.0], [18.281837, 6.126517, 522.0], [18.476305, 6.291956, 540.0], [18.67573, 6.424986, 558.0], [18.793846, 6.6302776, 576.0], [19.004406, 7.026914, 611.0], [19.106796, 7.345704, 647.0], [19.106796, 7.5712514, 665.0], [19.040758, 8.053249, 700.0], [18.973928, 8.33237, 718.0], [18.869999, 8.837442, 736.0], [18.736162, 9.254021, 753.0], [18.60529, 9.542511, 771.0], [18.391958, 9.88117, 789.0], [18.202824, 10.213562, 807.0], [17.94354, 10.480019, 824.0], [17.588957, 10.743058, 842.0], [17.270123, 11.009381, 860.0], [17.009708, 11.317274, 878.0], [16.829403, 11.431076, 895.0], [16.633516, 11.639462, 913.0], [16.38835, 11.880722, 931.0], [16.140762, 12.018675, 949.0], [15.703592, 12.186831, 967.0], [15.223303, 12.308165, 984.0], [14.692546, 12.554277, 1002.0], [14.219307, 12.810466, 1020.0], [13.736351, 13.006973, 1038.0], [13.214245, 13.307152, 1055.0], [12.811154, 13.477428, 1073.0], [12.473818, 13.606027, 1091.0], [12.212548, 13.73674, 1109.0], [12.0727215, 13.906317, 1126.0], [11.876508, 14.00732, 1144.0], [11.622429, 14.073531, 1162.0], [11.444525, 14.216165, 1180.0], [11.279573, 14.281225, 1197.0], [11.017671, 14.328811, 1233.0], [11.180012, 14.176348, 1411.0], [11.501954, 14.007446, 1428.0], [11.927811, 13.826849, 1446.0], [12.386024, 13.63052, 1464.0], [12.802904, 13.499738, 1482.0], [13.261067, 13.31617, 1499.0], [13.795512, 13.238496, 1517.0], [14.173832, 13.201912, 1535.0], [14.578625, 13.147514, 1553.0], [14.928476, 13.040134, 1570.0], [15.225226, 12.977994, 1588.0], [15.486211, 12.912708, 1606.0], [15.747755, 12.886141, 1624.0], [16.010927, 12.859168, 1642.0], [16.26907, 12.852186, 1659.0], [16.440119, 12.852186, 1677.0], [16.68052, 12.852186, 1695.0], [16.935753, 12.872545, 1712.0], [17.197596, 12.891045, 1730.0], [17.423956, 13.003304, 1748.0], [17.596151, 13.110647, 1766.0], [17.7774, 13.260668, 1784.0], [17.93653, 13.463481, 1801.0], [18.19136, 13.770851, 1837.0], [18.327122, 14.011986, 1855.0], [18.458105, 14.248926, 1872.0], [18.587708, 14.494616, 1890.0], [18.718376, 14.717289, 1908.0], [18.783943, 14.979535, 1926.0], [18.796118, 15.183741, 1943.0], [18.796118, 15.423551, 1961.0], [18.796118, 15.725269, 1979.0], [18.796118, 16.04173, 1997.0], [18.75368, 16.328619, 2014.0], [18.718445, 16.577381, 2032.0], [18.662079, 16.847076, 2050.0], [18.596584, 17.114574, 2068.0], [18.461418, 17.431885, 2085.0], [18.332664, 17.818367, 2103.0], [18.021774, 18.265766, 2121.0], [17.769836, 18.68084, 2139.0], [17.508827, 19.018438, 2157.0], [17.251532, 19.34025, 2174.0], [17.02494, 19.632109, 2192.0], [16.865097, 19.936031, 2210.0], [16.71827, 20.1968, 2228.0], [16.587133, 20.459234, 2245.0], [16.442009, 20.618254, 2263.0], [16.275654, 20.864912, 2281.0], [16.083735, 21.007927, 2299.0], [15.795906, 21.243813, 2316.0], [15.468694, 21.388336, 2334.0], [15.0638895, 21.596712, 2352.0], [14.815915, 21.721455, 2370.0], [14.537974, 21.915369, 2387.0], [14.326705, 21.985073, 2405.0], [14.0605, 22.079964, 2423.0], [13.452709, 22.298649, 2458.0], [13.059544, 22.433619, 2476.0], [12.726864, 22.506847, 2494.0], [12.480994, 22.611645, 2512.0], [12.292337, 22.637697, 2529.0], [12.038834, 22.644533, 2547.0], [11.729925, 22.690811, 2565.0], [11.364334, 22.683395, 2583.0], [10.940671, 22.683395, 2600.0], [10.549685, 22.683395, 2618.0], [10.119458, 22.609407, 2636.0], [9.665006, 22.498104, 2654.0], [9.161558, 22.401232, 2672.0], [8.637171, 22.259464, 2689.0], [8.15534, 22.081089, 2707.0], [7.6878085, 21.957531, 2725.0], [7.3411245, 21.751846, 2743.0], [7.042733, 21.595852, 2760.0], [6.732132, 21.349846, 2778.0], [6.5216913, 21.085892, 2796.0], [6.2588105, 20.852118, 2814.0], [5.996751, 20.601212, 2831.0], [5.8548794, 20.37847, 2849.0], [5.653057, 20.123877, 2885.0]"}