{"Image number":37370,"Image shape":6,"Path":"[13.836939, 6.099311, 0.0], [13.413123, 6.6196713, 54.0], [12.9490795, 7.456126, 70.0], [12.384002, 8.587598, 87.0], [11.782883, 9.743724, 104.0], [11.272305, 10.953199, 120.0], [10.901175, 12.255595, 136.0], [10.668215, 13.375427, 153.0], [10.575473, 14.447185, 170.0], [10.5757065, 15.480573, 186.0], [10.62315, 16.514633, 203.0], [10.996501, 18.413267, 236.0], [11.2776375, 19.208626, 252.0], [11.603963, 19.95333, 269.0], [11.88155, 20.695333, 285.0], [12.258103, 21.353514, 302.0], [12.675186, 21.954796, 318.0], [13.096369, 22.327784, 335.0], [13.514758, 22.605824, 352.0], [14.449231, 22.743608, 385.0], [15.0970745, 22.649496, 401.0], [15.798284, 22.555958, 418.0], [16.49803, 22.180658, 434.0], [17.101671, 21.714697, 451.0], [18.129202, 20.21612, 484.0], [18.592047, 19.193182, 501.0], [18.916529, 18.169817, 517.0], [19.103186, 17.092178, 534.0], [19.101498, 16.022772, 550.0], [19.054462, 14.758822, 567.0], [19.007696, 13.400779, 583.0], [18.867603, 12.339272, 600.0], [18.728178, 11.456888, 616.0], [18.540869, 10.943614, 633.0], [18.401266, 10.618301, 649.0], [18.169022, 10.52797, 683.0], [17.935825, 10.668892, 732.0], [17.319468, 11.285912, 749.0], [16.762184, 12.223127, 765.0], [16.159182, 13.291723, 782.0], [15.696434, 14.26655, 798.0], [15.278105, 15.244272, 815.0], [14.953011, 16.409954, 831.0], [14.76777, 17.620905, 848.0], [14.628469, 19.064978, 865.0], [14.628951, 20.366695, 881.0], [14.723541, 21.690544, 898.0]"}