{"Image number":37522,"Image shape":8,"Path":"[15.7005, 7.031733, 0.0], [15.418811, 7.218937, 52.0], [14.9042225, 7.406253, 69.0], [14.200935, 7.7351193, 85.0], [13.649667, 8.057932, 102.0], [13.181651, 8.479726, 118.0], [12.764017, 8.851179, 135.0], [12.342506, 9.367174, 151.0], [12.015583, 9.882515, 168.0], [11.642607, 10.394849, 185.0], [11.318806, 10.811038, 201.0], [10.987175, 11.237715, 218.0], [10.663681, 11.606556, 234.0], [10.432476, 11.931807, 251.0], [10.295006, 12.256027, 267.0], [10.201737, 12.584054, 284.0], [10.060867, 12.958917, 300.0], [9.969194, 13.376057, 317.0], [9.9229965, 13.748886, 333.0], [9.876158, 14.123861, 350.0], [9.876871, 14.451421, 367.0], [9.876871, 14.826544, 383.0], [9.9244175, 15.102936, 400.0], [9.971074, 15.335424, 416.0], [10.112267, 15.56749, 433.0], [10.3464575, 15.847566, 449.0], [10.719899, 16.126175, 466.0], [11.240356, 16.50485, 482.0], [11.843649, 16.922369, 499.0], [12.403906, 17.295874, 515.0], [13.011002, 17.526363, 532.0], [13.516267, 17.662842, 548.0], [13.888936, 17.755949, 565.0], [14.215935, 17.802114, 582.0], [14.541396, 17.801216, 598.0], [14.865799, 17.801216, 615.0], [15.189034, 17.847984, 631.0], [15.561808, 17.988106, 648.0], [15.8890915, 18.081581, 664.0], [16.263319, 18.269304, 681.0], [16.5887, 18.549736, 697.0], [16.91395, 18.92257, 714.0], [17.14568, 19.341373, 730.0], [17.38142, 19.718632, 747.0], [17.519703, 20.091614, 764.0], [17.707588, 20.418587, 780.0], [17.937815, 21.209269, 813.0], [17.936771, 21.533808, 830.0], [17.889776, 21.954153, 846.0], [17.843252, 22.326206, 863.0], [17.702219, 22.700726, 879.0], [17.468374, 23.026295, 896.0], [17.282858, 23.305017, 912.0], [17.142614, 23.539192, 929.0], [16.629795, 23.86303, 962.0], [16.210123, 24.002779, 979.0], [15.690753, 24.096846, 995.0], [15.226154, 24.142536, 1012.0], [14.855602, 24.094284, 1028.0], [14.486215, 24.001085, 1045.0], [14.159353, 23.907526, 1061.0], [13.927256, 23.814198, 1078.0], [13.787831, 23.6255, 1094.0], [13.743037, 23.297443, 1111.0], [13.743761, 21.98742, 1144.0], [13.884978, 21.102118, 1161.0], [14.070876, 20.314537, 1177.0], [14.304034, 19.66268, 1194.0], [14.722678, 18.778889, 1227.0], [14.91027, 18.356651, 1243.0], [15.142694, 17.938805, 1260.0], [15.423357, 17.470879, 1276.0], [15.8443775, 16.909927, 1293.0], [16.26232, 16.399216, 1310.0], [16.542374, 15.93091, 1326.0], [16.727325, 15.653838, 1343.0], [16.818779, 15.329792, 1359.0], [16.95848, 15.050413, 1376.0], [17.146463, 14.674186, 1392.0], [17.60878, 13.794913, 1425.0], [17.893274, 13.414703, 1442.0], [18.12492, 13.042989, 1458.0], [18.311209, 12.71649, 1475.0], [18.40308, 12.298037, 1491.0], [18.496157, 11.878911, 1508.0], [18.495838, 11.411342, 1524.0], [18.543137, 11.035496, 1541.0], [18.542429, 10.663851, 1558.0], [18.58955, 10.290939, 1574.0], [18.589016, 9.967175, 1591.0], [18.589016, 9.593167, 1607.0], [18.589016, 9.269167, 1624.0], [18.635635, 8.896368, 1640.0], [18.635607, 8.521425, 1657.0], [18.588684, 8.05606, 1690.0], [18.49553, 7.776746, 1723.0], [18.216116, 7.5910926, 1773.0], [17.51323, 7.3101864, 1806.0], [16.957693, 7.1246915, 1839.0], [16.724802, 7.124975, 1872.0], [16.491909, 7.0781536, 1922.0], [16.164532, 7.078354, 1955.0], [15.791386, 7.1255493, 1988.0], [15.466769, 7.124975, 2021.0]"}