{"Image number":39528,"Image shape":6,"Path":"[20.685524, 4.1412225, 0.0], [20.403603, 4.423337, 152.0], [19.655272, 5.172184, 168.0], [18.809467, 5.971258, 185.0], [17.973831, 6.761011, 201.0], [17.32027, 7.415551, 218.0], [16.67404, 7.9682975, 234.0], [15.975307, 8.527392, 251.0], [15.319895, 8.948278, 267.0], [14.71697, 9.4133835, 284.0], [14.162355, 9.829533, 300.0], [13.602969, 10.24936, 317.0], [13.135752, 10.576587, 334.0], [12.717514, 10.902288, 350.0], [12.434896, 11.138038, 367.0], [12.158679, 11.508768, 400.0], [12.019878, 11.92748, 433.0], [11.926596, 12.300694, 449.0], [11.879692, 12.676948, 466.0], [11.833542, 13.093094, 482.0], [11.786902, 13.466395, 499.0], [11.693122, 13.9352665, 516.0], [11.553628, 15.100103, 549.0], [11.5072155, 15.659903, 565.0], [11.413445, 16.268337, 582.0], [11.319895, 16.876837, 598.0], [11.2272005, 17.901237, 631.0], [11.180835, 18.365965, 648.0], [11.181364, 18.689772, 664.0], [11.181364, 19.107952, 681.0], [11.228267, 19.388214, 697.0], [11.274677, 19.666872, 714.0], [11.368006, 19.899878, 731.0], [11.461574, 20.133965, 747.0], [11.741934, 20.507248, 780.0], [11.834749, 20.69401, 797.0], [11.975662, 20.881262, 813.0], [12.207741, 21.158884, 846.0], [12.579693, 21.20456, 879.0], [12.860561, 21.20456, 896.0], [13.189049, 21.20456, 913.0], [13.560968, 21.251629, 929.0], [13.794716, 21.25118, 946.0], [14.026256, 21.25118, 962.0], [14.490543, 21.20456, 995.0], [14.771962, 21.157396, 1012.0], [15.097315, 21.110964, 1028.0], [15.378532, 21.016687, 1045.0], [15.655088, 20.78379, 1078.0], [15.747881, 20.502863, 1111.0], [15.794571, 20.315186, 1128.0], [15.888559, 20.081387, 1144.0], [15.980913, 19.803278, 1161.0], [16.027039, 19.523687, 1177.0], [16.120377, 19.19783, 1194.0], [16.166872, 18.870106, 1210.0], [16.213324, 18.450811, 1227.0], [16.26025, 18.075466, 1244.0], [16.306772, 17.79752, 1260.0], [16.306156, 17.520115, 1293.0], [16.306156, 17.24021, 1326.0], [16.259108, 17.00774, 1409.0], [15.979126, 16.86834, 1459.0], [15.136446, 16.869148, 1494.0], [14.579103, 16.868792, 1508.0], [13.596265, 17.009516, 1541.0], [13.086628, 17.19692, 1558.0], [12.570388, 17.384775, 1574.0], [12.156017, 17.52273, 1591.0], [11.786761, 17.708105, 1607.0], [11.411783, 17.942661, 1624.0], [10.993087, 18.268923, 1640.0], [10.711194, 18.598772, 1657.0]"}