{"Image number":38421,"Image shape":6,"Path":"[15.001663, 3.8148746, 0.0], [14.205607, 4.2371616, 69.0], [12.282643, 6.0237412, 102.0], [11.411183, 7.1757126, 119.0], [10.664108, 8.391512, 135.0], [10.015767, 9.737563, 152.0], [9.688861, 11.000917, 168.0], [9.45707, 12.442885, 185.0], [9.410768, 13.938518, 202.0], [9.410981, 15.537914, 218.0], [9.504356, 17.058533, 235.0], [9.693303, 18.522152, 251.0], [9.878641, 19.77126, 268.0], [10.017184, 20.882576, 284.0], [10.204457, 21.770966, 301.0], [10.389561, 22.464115, 317.0], [10.719, 22.887457, 334.0], [11.139076, 23.165516, 350.0], [11.796229, 23.257206, 367.0], [12.634478, 23.303005, 384.0], [13.527285, 23.255022, 400.0], [14.543444, 23.161951, 417.0], [15.483512, 22.83071, 433.0], [16.504543, 22.317446, 450.0], [17.436468, 21.567781, 466.0], [18.3194, 20.77609, 483.0], [19.012766, 19.846613, 499.0], [19.99021, 18.073896, 532.0], [20.269085, 17.186066, 549.0], [20.407488, 16.441208, 565.0], [20.499828, 15.791875, 582.0], [20.405838, 15.189444, 599.0], [20.21757, 14.671916, 615.0], [19.890863, 14.207606, 632.0], [19.330784, 13.83598, 648.0], [17.744108, 13.136997, 681.0], [16.11709, 12.672382, 714.0], [15.274847, 12.531968, 731.0], [14.57437, 12.580181, 747.0], [13.829102, 12.6267605, 764.0], [12.337328, 13.189815, 797.0], [11.222609, 13.935406, 830.0], [10.806101, 14.213091, 847.0], [10.430954, 14.589346, 863.0], [10.20156, 14.959625, 880.0], [10.0158205, 15.331931, 896.0], [9.828806, 15.61224, 913.0], [9.595481, 16.032957, 929.0], [9.359144, 16.458656, 946.0], [9.080932, 16.921965, 962.0], [8.849688, 17.197815, 979.0]"}