{"Image number":35045,"Image shape":3,"Path":"[10.482529, 7.8709145, 0.0], [10.812122, 7.4472723, 69.0], [11.376153, 6.930756, 86.0], [12.169579, 6.466485, 103.0], [12.958111, 6.096313, 119.0], [13.799495, 5.8636622, 136.0], [14.591914, 5.7246547, 152.0], [15.473832, 5.7263412, 168.0], [16.22183, 5.773516, 185.0], [16.869085, 5.9605517, 202.0], [17.286583, 6.287398, 218.0], [17.66096, 6.7095737, 235.0], [17.891087, 7.2670107, 251.0], [17.937004, 7.9676566, 268.0], [17.749554, 8.760385, 284.0], [17.422712, 9.646808, 301.0], [17.049854, 10.532418, 317.0], [16.535606, 11.514034, 334.0], [15.931337, 12.396245, 351.0], [15.273237, 13.242585, 367.0], [14.572231, 13.894505, 384.0], [13.923803, 14.402835, 400.0], [13.269046, 14.7758875, 417.0], [12.665299, 15.100916, 433.0], [12.109892, 15.28476, 450.0], [11.645576, 15.424043, 466.0], [11.413536, 15.423539, 483.0], [11.929795, 15.189066, 582.0], [12.489638, 14.908815, 599.0], [13.189945, 14.628875, 615.0], [13.747959, 14.443094, 632.0], [14.35305, 14.303792, 648.0], [15.37725, 14.25801, 681.0], [15.842644, 14.304869, 698.0], [16.312008, 14.44625, 715.0], [16.637384, 14.681249, 731.0], [16.8674, 15.006994, 748.0], [17.146557, 15.473163, 764.0], [17.425688, 15.844991, 781.0], [17.751598, 16.311028, 797.0], [18.077738, 16.777267, 814.0], [18.310404, 17.243607, 830.0], [18.450905, 17.807835, 847.0], [18.54246, 18.267576, 863.0], [18.589626, 18.834175, 880.0], [18.635931, 19.34328, 897.0], [18.635607, 19.856377, 913.0], [18.635607, 20.274794, 930.0], [18.354746, 21.067354, 963.0], [17.983278, 21.48438, 980.0], [17.516697, 21.857874, 996.0], [17.046898, 22.233973, 1012.0], [16.628, 22.5599, 1029.0], [16.021973, 22.932402, 1046.0], [15.414603, 23.259321, 1062.0], [14.718472, 23.583948, 1079.0], [14.013986, 23.818449, 1095.0], [13.22547, 24.097122, 1112.0], [12.430988, 24.283503, 1128.0], [11.598498, 24.42178, 1145.0], [10.615373, 24.468369, 1161.0], [9.687361, 24.418798, 1178.0], [9.098958, 24.42142, 1194.0]"}