{"Image number":10624,"Image shape":1,"Path":"[16.955555, 6.5333333, 0.0], [16.851084, 6.976766, 31.0], [16.650593, 8.168663, 48.0], [16.345972, 9.174379, 65.0], [15.730556, 10.908333, 82.0], [15.245776, 12.681029, 98.0], [14.759781, 14.75838, 115.0], [14.349999, 16.663889, 132.0], [14.12705, 18.360647, 148.0], [13.96065, 19.83748, 165.0], [13.932866, 20.808395, 182.0], [13.878117, 21.617489, 199.0], [13.769933, 22.168148, 215.0], [13.7277775, 22.329262, 249.0]"}