{"Image number":37664,"Image shape":9,"Path":"[18.682196, 8.1506405, 0.0], [18.493864, 8.010283, 104.0], [17.928596, 7.8215656, 121.0], [17.323376, 7.729859, 137.0], [16.813961, 7.636958, 154.0], [16.252645, 7.590611, 170.0], [15.649393, 7.6381564, 187.0], [14.903523, 7.68474, 203.0], [14.297621, 7.9195404, 220.0], [13.691817, 8.199734, 236.0], [13.085504, 8.573932, 253.0], [11.737868, 9.738154, 286.0], [11.039731, 10.48369, 302.0], [10.435786, 11.181193, 319.0], [9.922836, 11.834505, 335.0], [9.223719, 13.140918, 369.0], [8.758321, 14.30615, 402.0], [8.711807, 14.774232, 418.0], [8.75901, 15.146019, 435.0], [8.898673, 15.610594, 451.0], [9.275544, 16.081648, 468.0], [9.690911, 16.542887, 485.0], [10.254592, 16.918755, 501.0], [10.909785, 17.151363, 518.0], [11.751057, 17.242947, 534.0], [12.67853, 17.194826, 551.0], [13.765217, 17.004921, 567.0], [14.826551, 16.537556, 584.0], [15.893254, 15.885849, 600.0], [16.820204, 15.189257, 617.0], [17.612709, 14.489295, 633.0], [18.22375, 13.641621, 650.0], [18.63956, 12.710721, 666.0], [18.77657, 11.685066, 683.0], [18.869215, 10.660872, 699.0], [18.915396, 9.871271, 716.0], [18.91514, 9.311097, 733.0], [18.91514, 8.892527, 749.0], [18.86808, 8.614023, 766.0], [18.821428, 8.382677, 799.0], [18.821962, 9.230121, 881.0], [18.728304, 10.39447, 898.0], [18.588665, 11.930836, 915.0], [18.259735, 13.4803505, 931.0], [17.792316, 15.254882, 948.0], [17.001787, 19.07968, 981.0], [16.722296, 20.945925, 997.0], [16.44144, 22.535362, 1014.0], [16.257757, 23.828014, 1030.0], [16.112558, 24.992224, 1047.0], [16.022207, 25.666704, 1063.0]"}