{"Image number":38685,"Image shape":8,"Path":"[21.477537, 5.353372, 0.0], [20.821142, 5.5882077, 68.0], [20.073195, 5.9157476, 85.0], [18.899227, 6.3854065, 104.0], [17.831955, 6.8031845, 118.0], [16.666758, 7.2696867, 135.0], [15.4545765, 7.7831664, 151.0], [14.47648, 8.249937, 168.0], [13.315402, 8.760703, 184.0], [12.477788, 9.274483, 201.0], [11.538526, 9.743539, 217.0], [10.942727, 10.206351, 234.0], [10.4308605, 10.578637, 250.0], [10.294259, 10.953018, 267.0], [10.249048, 11.325171, 283.0], [10.249584, 11.695581, 300.0], [10.391364, 12.024898, 316.0], [10.855976, 12.673921, 333.0], [11.466312, 13.425499, 350.0], [12.164426, 14.310577, 366.0], [12.817663, 15.104097, 383.0], [13.376457, 15.850346, 399.0], [13.790588, 16.682787, 416.0], [14.025214, 17.481403, 432.0], [14.165731, 18.23506, 449.0], [14.257424, 18.881802, 465.0], [14.161219, 19.491564, 482.0], [14.068937, 20.138897, 499.0], [13.929668, 20.693514, 515.0], [13.603712, 21.205002, 532.0], [13.041821, 21.62648, 548.0], [12.435211, 22.046547, 565.0], [11.925435, 22.324203, 581.0], [10.898377, 22.463617, 614.0], [10.389183, 22.416695, 631.0], [10.108095, 22.275986, 647.0], [9.876238, 22.043104, 664.0], [9.736622, 21.6227, 681.0], [9.690077, 21.20061, 697.0], [9.783718, 20.644958, 714.0], [10.20553, 19.660141, 730.0], [10.907389, 18.538254, 747.0], [11.980926, 17.326466, 763.0], [13.144688, 16.39731, 780.0], [15.665913, 14.5292845, 813.0], [16.869217, 13.649015, 829.0], [17.938211, 12.85831, 846.0], [18.870401, 12.065243, 862.0], [19.61898, 11.362803, 879.0], [20.12769, 10.759965, 896.0], [20.500034, 10.200671, 912.0], [20.780895, 9.591138, 929.0], [20.96649, 8.985163, 945.0], [21.05825, 8.430275, 962.0], [21.151445, 7.6842046, 995.0], [21.104567, 7.3562746, 1011.0], [21.058022, 6.983404, 1028.0], [20.964626, 6.6572576, 1044.0], [20.638142, 6.2853994, 1077.0], [19.748186, 6.1449213, 1111.0]"}