{"Image number":30243,"Image shape":4,"Path":"[9.359222, 5.779934, 0.0], [9.359222, 5.994894, 97.0], [9.47134, 6.181362, 115.0], [9.519665, 6.4609437, 133.0], [9.584883, 6.8941984, 151.0], [9.649993, 7.408051, 169.0], [9.80557, 8.511271, 186.0], [9.8909645, 9.381816, 204.0], [9.9620075, 10.378724, 222.0], [10.073535, 11.466681, 240.0], [10.3499775, 12.474934, 257.0], [10.609326, 13.262937, 275.0], [10.871389, 14.001631, 293.0], [11.021921, 14.607235, 311.0], [11.199593, 15.17511, 328.0], [11.46188, 15.650034, 346.0], [11.948794, 16.0293, 364.0], [12.545221, 16.293488, 382.0], [13.366712, 16.452236, 399.0], [14.176697, 16.543964, 417.0], [15.14279, 16.543747, 435.0], [16.188644, 16.543747, 453.0], [16.99762, 16.543747, 470.0], [17.823723, 16.543747, 488.0], [18.432722, 16.543747, 506.0], [18.773506, 16.543747, 524.0], [19.001198, 16.543747, 541.0], [19.271461, 16.543747, 577.0], [19.158186, 16.29058, 648.0], [18.927628, 15.876087, 666.0], [18.553633, 15.305481, 684.0], [18.161663, 14.648041, 701.0], [17.837164, 13.910216, 719.0], [17.641079, 13.173882, 737.0], [17.592234, 12.308765, 755.0], [17.592234, 11.308058, 772.0], [17.592234, 10.317129, 790.0], [17.629618, 9.414116, 808.0], [17.631067, 8.652611, 826.0], [17.631067, 8.088467, 843.0], [17.631067, 7.5653315, 861.0], [17.592234, 7.1093984, 879.0], [17.539497, 6.8123283, 897.0], [17.512566, 6.4693923, 914.0], [17.475729, 6.214216, 950.0], [17.154371, 6.6722136, 1021.0], [16.891184, 7.7939253, 1039.0], [16.800701, 9.137413, 1057.0], [16.7767, 11.111375, 1074.0], [16.80992, 12.744984, 1092.0], [16.85437, 14.255217, 1110.0], [16.901527, 15.583434, 1128.0], [17.001562, 17.036943, 1145.0], [17.17641, 18.5492, 1163.0], [17.437468, 19.985874, 1181.0], [17.72619, 20.937592, 1199.0], [17.997375, 21.801191, 1216.0], [18.158571, 22.485838, 1234.0], [18.289139, 23.023563, 1252.0], [18.393951, 23.505417, 1270.0], [18.459541, 23.926828, 1287.0], [18.485435, 24.357883, 1305.0]"}