{"Image number":38731,"Image shape":1,"Path":"[17.004992, 6.612143, 0.0], [16.911814, 6.938491, 36.0], [16.58214, 7.8810625, 53.0], [16.07129, 9.3215885, 70.0], [15.4604435, 11.0613985, 86.0], [14.85775, 12.590183, 103.0], [13.595921, 15.864257, 136.0], [12.948749, 17.388697, 152.0], [11.780423, 20.052742, 185.0], [11.175928, 21.026863, 202.0]"}