{"Image number":37899,"Image shape":4,"Path":"[10.808652, 9.922244, 0.0], [10.3865795, 10.532479, 51.0], [9.41306, 12.295952, 85.0], [9.22454, 13.0462055, 101.0], [9.177826, 13.6546755, 120.0], [9.365084, 14.30705, 134.0], [9.834808, 14.728296, 151.0], [10.534114, 15.146811, 167.0], [11.422661, 15.332055, 184.0], [12.394591, 15.470432, 200.0], [13.428314, 15.517266, 217.0], [14.4502735, 15.516781, 234.0], [15.474048, 15.516781, 250.0], [16.357607, 15.563658, 267.0], [17.243738, 15.610329, 283.0], [17.943457, 15.657091, 300.0], [18.45083, 15.703407, 316.0], [18.823236, 15.750045, 333.0], [19.055817, 15.796507, 366.0], [18.867516, 15.608986, 449.0], [18.727747, 14.481249, 482.0], [18.869234, 13.366751, 498.0], [19.241352, 11.83335, 515.0], [19.80372, 10.285889, 531.0], [20.408848, 8.796293, 548.0], [21.478395, 6.937115, 581.0], [21.759398, 6.562416, 597.0], [21.476044, 6.7998724, 647.0], [21.05752, 7.2656345, 664.0], [20.543436, 8.060986, 680.0], [19.100418, 10.436969, 713.0], [17.331236, 13.465213, 746.0], [16.398577, 15.005199, 763.0], [15.696094, 16.692888, 779.0], [15.044677, 18.276117, 796.0], [14.435025, 19.87236, 814.0], [13.972595, 21.31055, 829.0], [13.601255, 22.518852, 846.0], [13.274992, 23.591703, 862.0], [12.81074, 24.376905, 879.0]"}