{"Image number":167,"Image shape":9,"Path":"[18.751625, 14.382332, 0.0], [18.456419, 14.309486, 70.0], [18.296118, 14.332344, 80.0], [18.115482, 14.345909, 93.0], [17.93278, 14.386785, 107.0], [17.702482, 14.481605, 121.0], [17.417755, 14.513659, 136.0], [17.085693, 14.558771, 149.0], [16.764662, 14.5644455, 164.0], [16.397945, 14.612898, 181.0], [15.983148, 14.637291, 193.0], [15.572147, 14.666923, 206.0], [15.166874, 14.673714, 220.0], [14.754401, 14.769068, 233.0], [14.347426, 14.782982, 247.0], [13.912292, 14.811788, 262.0], [13.466075, 14.856423, 276.0], [13.019505, 14.855827, 292.0], [12.596153, 14.855827, 309.0], [12.172803, 14.882873, 323.0], [11.761308, 14.89225, 333.0], [11.354753, 14.89225, 345.0], [11.000104, 14.838117, 359.0], [10.663698, 14.792717, 373.0], [10.346716, 14.711854, 387.0], [10.075171, 14.621598, 401.0], [9.820532, 14.514484, 415.0], [9.620291, 14.35372, 430.0], [9.473431, 14.104136, 443.0], [9.380615, 13.832191, 459.0], [9.372594, 13.548944, 477.0], [9.441982, 13.183008, 488.0], [9.566154, 12.8061905, 499.0], [9.744403, 12.442961, 513.0], [9.97392, 12.084692, 526.0], [10.286851, 11.680969, 541.0], [10.634228, 11.288432, 556.0], [11.0389185, 10.838153, 573.0], [11.492944, 10.43844, 584.0], [12.030583, 10.050176, 597.0], [12.572161, 9.689006, 611.0], [13.118638, 9.32457, 624.0], [13.705977, 9.014251, 638.0], [14.352972, 8.775906, 654.0], [14.986543, 8.57972, 667.0], [15.659882, 8.476563, 681.0], [16.28669, 8.386613, 696.0], [16.865454, 8.315988, 710.0], [17.426676, 8.270559, 722.0], [17.932194, 8.263308, 736.0], [18.429993, 8.310216, 751.0], [18.85144, 8.37453, 765.0], [19.230608, 8.465044, 780.0], [19.518436, 8.628992, 793.0], [19.78821, 8.763558, 806.0], [19.934776, 8.955069, 821.0], [20.043575, 9.163174, 834.0], [20.09829, 9.389714, 848.0], [20.09883, 9.707078, 861.0], [20.045292, 10.02226, 876.0], [19.97435, 10.363983, 891.0], [19.883942, 10.760374, 905.0], [19.749577, 11.168967, 918.0], [19.579008, 11.638986, 934.0], [19.393454, 12.139417, 947.0], [19.20094, 12.603079, 961.0], [19.015795, 13.125367, 983.0], [18.78939, 13.606921, 993.0], [18.538263, 14.1301565, 1003.0], [18.265232, 14.630874, 1016.0], [17.953232, 15.16869, 1030.0], [17.685854, 15.71327, 1045.0], [17.319025, 16.256252, 1059.0], [17.033388, 16.800089, 1073.0], [16.760931, 17.264162, 1086.0], [16.480324, 17.808968, 1102.0], [16.16133, 18.35599, 1117.0], [15.875, 18.868702, 1127.0], [15.563572, 19.407066, 1142.0], [15.2958555, 19.900461, 1157.0], [14.9664135, 20.457117, 1172.0], [14.62027, 20.94138, 1184.0], [14.259909, 21.430042, 1198.0], [13.850247, 21.907743, 1214.0], [13.426286, 22.33184, 1227.0], [12.756065, 22.965858, 1257.0], [12.09931, 23.506594, 1266.0], [11.578673, 23.925095, 1281.0], [11.188937, 24.351385, 1295.0], [10.818006, 24.722435, 1309.0], [10.499887, 25.17534, 1323.0]"}