{"Image number":15227,"Image shape":3,"Path":"[7.1914062, 7.0810184, 0.0], [8.421432, 7.948236, 134.0], [9.23493, 8.324259, 152.0], [10.097443, 8.583282, 168.0], [11.087665, 8.685185, 185.0], [12.18821, 8.733796, 202.0], [13.321623, 8.531596, 218.0], [14.576645, 8.3135805, 235.0], [15.503822, 8.296296, 252.0], [16.314972, 8.296296, 269.0], [17.042837, 8.296296, 285.0], [17.68359, 8.355638, 302.0], [18.359318, 8.4307575, 318.0], [18.970837, 8.44213, 335.0], [19.603626, 8.44213, 351.0], [20.079872, 8.490741, 367.0], [20.457087, 8.547303, 384.0], [20.76834, 8.587963, 403.0], [21.035389, 8.636574, 417.0], [21.243004, 8.685185, 434.0], [21.447775, 8.685185, 451.0], [21.634579, 8.685185, 468.0], [21.806921, 8.685185, 485.0], [21.951576, 8.685185, 501.0], [22.097498, 8.685185, 534.0], [21.926445, 8.759543, 601.0], [21.633812, 8.889602, 617.0], [21.07734, 9.161229, 634.0], [20.270506, 9.60359, 651.0], [19.411264, 10.096567, 668.0], [18.445576, 10.621322, 684.0], [17.605734, 11.084343, 702.0], [16.846249, 11.540314, 718.0], [16.110508, 12.01347, 734.0], [15.493332, 12.45071, 751.0], [14.863411, 12.913005, 767.0], [14.25087, 13.326667, 784.0], [13.671697, 13.731146, 802.0], [13.074166, 14.098409, 818.0], [12.534614, 14.449365, 834.0], [12.061105, 14.759662, 851.0], [11.692357, 14.962399, 868.0], [11.399819, 15.112473, 884.0], [11.206736, 15.217768, 901.0], [11.074776, 15.320108, 919.0], [10.950392, 15.370599, 934.0], [10.804534, 15.49074, 968.0], [10.983136, 15.318891, 1034.0], [11.636779, 14.877984, 1051.0], [12.45583, 14.294373, 1067.0], [13.410261, 13.71753, 1084.0], [14.214157, 13.291684, 1101.0], [14.966809, 12.9100065, 1117.0], [15.603712, 12.692067, 1134.0], [16.17175, 12.528574, 1151.0], [16.62283, 12.476851, 1168.0], [16.967928, 12.428241, 1184.0], [17.329004, 12.428241, 1201.0], [17.58519, 12.428241, 1217.0], [17.849897, 12.48063, 1234.0], [18.169603, 12.663006, 1250.0], [18.49949, 12.841948, 1268.0], [18.783482, 13.068716, 1284.0], [19.031944, 13.279553, 1301.0], [19.235226, 13.480174, 1318.0], [19.374899, 13.633013, 1334.0], [19.516586, 13.868307, 1352.0], [19.637419, 14.089206, 1368.0], [19.719591, 14.349399, 1384.0], [19.81191, 14.545248, 1402.0], [19.871353, 14.730553, 1417.0], [19.919464, 14.905784, 1433.0], [19.975662, 15.056989, 1450.0], [20.015625, 15.272339, 1468.0], [20.042969, 15.475771, 1485.0], [20.042969, 15.6309, 1503.0], [20.042969, 15.834132, 1518.0], [20.042969, 16.06004, 1535.0], [19.945091, 16.238688, 1551.0], [19.896505, 16.49761, 1568.0], [19.839237, 16.723143, 1585.0], [19.796875, 16.928234, 1601.0], [19.752775, 17.154482, 1618.0], [19.695599, 17.357784, 1634.0], [19.641317, 17.55078, 1650.0], [19.584044, 17.841122, 1667.0], [19.50241, 18.141893, 1683.0], [19.417812, 18.446018, 1700.0], [19.299469, 18.7616, 1717.0], [19.127735, 19.056536, 1734.0], [18.954472, 19.431993, 1751.0], [18.646976, 19.799765, 1767.0], [18.353134, 20.199524, 1783.0], [18.024263, 20.555378, 1800.0], [17.730677, 20.815517, 1817.0], [17.416851, 21.067982, 1834.0], [17.017841, 21.344212, 1851.0], [16.645422, 21.597588, 1867.0], [16.279509, 21.804274, 1884.0], [15.910703, 22.055231, 1901.0], [15.530432, 22.369942, 1917.0], [15.158327, 22.610718, 1934.0], [14.85167, 22.851755, 1952.0], [14.433955, 23.047195, 1969.0], [14.08654, 23.217237, 1984.0], [13.772066, 23.345518, 2000.0], [13.435771, 23.500513, 2017.0], [13.093896, 23.643433, 2034.0], [12.744659, 23.785572, 2051.0], [12.376234, 23.903572, 2068.0], [12.006837, 24.004921, 2085.0], [11.694006, 24.094908, 2102.0], [11.407961, 24.160965, 2118.0], [11.09388, 24.19213, 2135.0], [10.716524, 24.24074, 2151.0], [10.315493, 24.24074, 2167.0], [9.911793, 24.24074, 2184.0], [9.481255, 24.167727, 2201.0], [8.987398, 24.055382, 2217.0], [8.461554, 23.997684, 2234.0], [7.9986334, 23.900463, 2251.0], [7.61997, 23.79249, 2268.0], [7.168925, 23.75463, 2284.0], [6.7344894, 23.634865, 2301.0], [6.3684964, 23.538692, 2318.0], [5.968078, 23.388388, 2335.0], [5.565977, 23.206793, 2351.0], [5.140676, 23.004654, 2368.0], [4.755219, 22.755798, 2384.0], [4.4648476, 22.546299, 2401.0], [4.2323494, 22.388247, 2418.0]"}