{"Image number":10368,"Image shape":2,"Path":"[9.955556, 6.688889, 0.0], [10.185837, 6.515415, 32.0], [10.953207, 6.2741976, 49.0], [11.64057, 6.1023574, 66.0], [12.602478, 5.9431057, 83.0], [14.12681, 5.9182, 99.0], [15.453024, 5.9111114, 116.0], [16.539238, 6.244262, 133.0], [17.375727, 6.5737557, 149.0], [18.103243, 7.0062704, 166.0], [18.46109, 7.5369983, 183.0], [18.665323, 8.084417, 200.0], [18.77635, 8.8018265, 216.0], [18.501747, 9.750521, 233.0], [17.842808, 10.870591, 250.0], [17.052778, 11.958334, 266.0], [16.2156, 13.031613, 283.0], [15.465164, 14.180932, 300.0], [14.64914, 15.42522, 317.0], [13.890612, 16.748114, 333.0], [13.16154, 18.101583, 350.0], [12.518911, 19.305817, 367.0], [11.869728, 20.325964, 383.0], [11.425254, 21.044037, 400.0], [10.959539, 21.641745, 417.0], [10.749577, 21.924639, 434.0], [10.480556, 22.186111, 451.0], [10.205812, 22.499743, 467.0], [9.977748, 22.675024, 484.0], [9.763845, 22.739594, 500.0], [9.536621, 22.788889, 534.0], [9.527779, 22.536112, 584.0], [9.71273, 22.149925, 600.0], [10.08252, 21.71601, 617.0], [10.694445, 21.291668, 634.0], [11.789027, 20.818832, 651.0], [12.921496, 20.43913, 667.0], [14.195926, 20.098406, 684.0], [15.485635, 19.773037, 701.0], [16.739403, 19.445036, 718.0], [17.94755, 19.131477, 734.0], [18.96391, 18.94768, 751.0], [19.700237, 18.863163, 768.0], [20.572945, 18.540007, 784.0], [21.489967, 17.868782, 801.0], [22.372925, 17.074947, 818.0], [22.847221, 16.663889, 834.0]"}