{"Image number":38276,"Image shape":1,"Path":"[15.141432, 4.9337826, 0.0], [15.281588, 5.262481, 66.0], [15.376081, 5.782356, 83.0], [15.327431, 6.665528, 100.0], [15.187344, 7.6893816, 116.0], [15.000363, 8.858082, 132.0], [14.673627, 10.022325, 149.0], [14.3911085, 11.29631, 166.0], [14.112604, 12.4559145, 182.0], [13.882606, 13.703538, 199.0], [13.64827, 14.781488, 215.0], [13.509678, 15.804844, 232.0], [13.417144, 16.686998, 248.0], [13.417637, 17.439041, 265.0], [13.46475, 18.08829, 281.0], [13.6047, 18.596375, 298.0], [13.793577, 19.020634, 314.0], [14.025882, 19.343342, 331.0], [14.305773, 19.763723, 348.0], [14.633617, 20.232187, 364.0], [14.961716, 20.701223, 381.0], [15.285951, 21.070133, 397.0], [15.562327, 21.439793, 414.0], [15.794202, 21.8582, 430.0], [15.982679, 22.235523, 447.0], [16.121748, 22.608387, 463.0], [16.214788, 22.888351, 480.0], [16.262094, 23.177824, 496.0]"}