{"Image number":10293,"Image shape":1,"Path":"[15.400001, 6.922222, 0.0], [15.400001, 7.169097, 17.0], [15.400001, 7.973789, 33.0], [15.428998, 9.319393, 50.0], [15.438889, 10.583268, 67.0], [15.322222, 12.036111, 84.0], [14.84309, 13.819835, 100.0], [14.350444, 15.579905, 117.0], [14.138374, 17.716106, 134.0], [13.948605, 19.505606, 150.0], [13.611901, 21.035198, 167.0], [13.1993885, 22.215364, 184.0], [13.228265, 23.298653, 201.0], [13.477657, 23.943241, 218.0], [13.513889, 24.305557, 234.0]"}