{"Image number":35604,"Image shape":8,"Path":"[12.765391, 6.518901, 0.0], [12.485857, 6.6587644, 36.0], [11.878206, 7.2200584, 53.0], [11.221373, 8.1600485, 69.0], [10.944946, 9.283449, 86.0], [11.37268, 10.354515, 102.0], [12.163428, 11.231769, 119.0], [13.518677, 11.790344, 135.0], [15.108528, 12.304355, 152.0], [16.782127, 12.768936, 169.0], [18.21928, 13.420175, 185.0], [19.428741, 14.258787, 202.0], [20.272205, 15.384901, 218.0], [20.690441, 16.650446, 235.0], [20.825975, 17.900635, 251.0], [20.684898, 19.112024, 268.0], [20.170137, 20.419407, 284.0], [19.329668, 21.63105, 301.0], [18.116308, 22.608707, 317.0], [16.768839, 23.25744, 334.0], [15.220993, 23.538095, 351.0], [13.967526, 23.582577, 367.0], [13.041621, 23.254734, 384.0], [12.578141, 22.461805, 400.0], [12.532085, 20.725014, 417.0], [13.045798, 18.356611, 433.0], [14.0265875, 15.460425, 450.0], [15.288596, 12.750229, 466.0], [16.31485, 10.415307, 483.0], [17.052979, 7.485336, 516.0], [16.911016, 6.5601997, 533.0], [16.345644, 5.9517503, 549.0], [15.409393, 5.6762447, 566.0], [14.250891, 5.726555, 582.0], [12.939959, 6.2629733, 599.0], [12.066053, 6.7792892, 615.0]"}