{"Image number":10070,"Image shape":9,"Path":"[18.044445, 11.161111, 0.0], [17.90203, 10.940921, 35.0], [17.572262, 10.571474, 52.0], [17.181606, 10.181606, 69.0], [16.13649, 9.555046, 85.0], [14.968135, 8.961845, 102.0], [13.901234, 8.455905, 119.0], [12.399471, 8.144789, 135.0], [11.031994, 8.127778, 152.0], [9.982538, 8.8167095, 169.0], [9.096942, 10.106041, 186.0], [8.739449, 11.574028, 202.0], [8.917788, 13.314512, 219.0], [9.416687, 14.567721, 237.0], [10.5004015, 15.458571, 255.0], [11.799554, 15.990079, 269.0], [13.405467, 16.072403, 286.0], [14.829946, 15.392624, 302.0], [16.287886, 14.2504425, 319.0], [17.409912, 12.833761, 336.0], [18.145245, 11.329465, 352.0], [18.887447, 10.038187, 369.0], [19.460592, 9.163429, 386.0], [19.657986, 9.003126, 403.0], [19.592896, 9.677604, 453.0], [19.31684, 10.946984, 470.0], [19.098621, 13.024899, 486.0], [18.969734, 15.257828, 503.0], [18.977777, 17.330114, 520.0], [19.125044, 19.008987, 536.0], [19.23209, 20.466534, 553.0], [19.417479, 21.611294, 570.0], [19.609123, 22.6355, 586.0], [19.74891, 23.438274, 603.0], [19.91418, 24.15034, 620.0], [19.992401, 24.475153, 637.0], [19.872572, 24.810062, 653.0], [19.242193, 24.811111, 670.0], [18.977777, 24.811111, 687.0]"}