{"Image number":37290,"Image shape":1,"Path":"[16.026623, 6.099311, 0.0], [16.07321, 5.912827, 0.0], [16.167065, 6.4324193, 54.0], [16.166388, 7.3213716, 71.0], [16.119268, 8.537439, 87.0], [16.072588, 9.704714, 104.0], [15.932643, 10.908232, 120.0], [15.51166, 13.573601, 153.0], [15.23149, 15.067216, 170.0], [14.903567, 16.564938, 187.0], [14.625495, 18.052769, 203.0], [14.344965, 19.360508, 219.0], [14.159658, 20.621477, 236.0], [14.022253, 21.725718, 252.0], [13.929547, 22.702406, 269.0], [13.741712, 23.544847, 286.0]"}