{"Image number":30505,"Image shape":9,"Path":"[19.14563, 8.5000305, 0.0], [18.92928, 8.5000305, 124.0], [18.786211, 8.334683, 160.0], [18.602356, 8.254065, 178.0], [18.330822, 8.189342, 196.0], [17.976631, 8.123738, 213.0], [17.690804, 8.111444, 231.0], [17.27331, 8.03373, 249.0], [16.948338, 7.9948683, 267.0], [16.520327, 7.9948683, 285.0], [15.973356, 7.9948683, 302.0], [15.42036, 8.03373, 320.0], [14.946894, 8.146057, 338.0], [14.2801, 8.155307, 356.0], [13.524679, 8.393033, 373.0], [12.915518, 8.596209, 391.0], [12.234602, 8.877438, 409.0], [11.479984, 9.209911, 427.0], [10.763577, 9.575933, 444.0], [10.222133, 9.855805, 462.0], [9.847225, 10.156283, 480.0], [9.53398, 10.404098, 498.0], [9.189156, 10.690846, 516.0], [8.789771, 11.012754, 533.0], [8.310679, 11.492136, 551.0], [7.878619, 12.16005, 569.0], [7.5753627, 12.652796, 586.0], [7.3659453, 13.045732, 604.0], [7.2357244, 13.384557, 622.0], [7.1059403, 13.709214, 640.0], [6.9804487, 14.110701, 657.0], [6.896678, 14.650734, 675.0], [6.9126215, 15.128212, 693.0], [6.9126215, 15.58406, 711.0], [6.9676023, 16.035099, 728.0], [7.159791, 16.46023, 746.0], [7.422598, 16.82088, 764.0], [7.686682, 17.142754, 782.0], [7.9868417, 17.340187, 799.0], [8.428298, 17.465569, 817.0], [8.998247, 17.57438, 835.0], [9.519466, 17.548597, 853.0], [10.13801, 17.518887, 871.0], [10.99035, 17.354218, 889.0], [11.855776, 17.07751, 906.0], [12.593832, 16.788376, 924.0], [13.372258, 16.47894, 941.0], [14.106895, 16.086222, 959.0], [14.711502, 15.809296, 977.0], [15.175806, 15.51078, 995.0], [15.777847, 15.151755, 1013.0], [16.398743, 14.710464, 1031.0], [16.877197, 14.426251, 1048.0], [17.333313, 14.097835, 1069.0], [17.725004, 13.812799, 1084.0], [18.145222, 13.377128, 1101.0], [18.655636, 12.931469, 1119.0], [19.09394, 12.55418, 1137.0], [19.455957, 12.269661, 1155.0], [19.723629, 12.058985, 1173.0], [19.98723, 11.861161, 1190.0], [20.176527, 11.659344, 1208.0], [20.3122, 11.4704275, 1226.0], [20.461817, 11.263191, 1261.0], [20.582523, 11.103552, 1332.0], [20.71191, 10.883479, 1403.0], [20.777697, 10.712971, 1421.0], [20.87003, 10.395944, 1457.0], [20.93204, 10.141956, 1492.0], [20.970875, 9.945824, 1545.0], [20.75728, 10.034943, 1670.0], [20.461823, 10.429828, 1688.0], [19.946384, 10.9599, 1705.0], [19.433187, 11.804639, 1723.0], [18.750896, 12.986864, 1741.0], [17.992104, 14.078889, 1759.0], [17.416817, 14.979435, 1777.0], [17.063807, 15.709663, 1794.0], [16.813408, 16.27599, 1812.0], [16.625174, 16.843166, 1830.0], [16.366102, 17.566713, 1847.0], [15.986525, 18.278246, 1865.0], [15.566444, 18.986109, 1883.0], [15.164537, 19.714893, 1901.0], [14.902199, 20.266594, 1919.0], [14.626387, 20.86138, 1936.0], [14.491645, 21.321037, 1954.0], [14.312254, 21.798405, 1972.0], [14.18721, 22.29006, 1989.0], [14.116505, 22.74168, 2008.0], [14.097088, 23.170555, 2025.0], [14.058252, 23.622965, 2043.0], [14.058252, 23.998512, 2061.0], [14.058252, 24.373528, 2078.0], [14.133221, 24.723967, 2096.0], [14.260756, 25.180077, 2114.0]"}