{"Image number":527,"Image shape":0,"Path":"[18.09623, 10.740055, 0.0], [18.023407, 10.553122, 46.0], [17.985607, 10.373049, 74.0], [17.986996, 10.102657, 101.0], [17.986996, 9.9005375, 115.0], [17.986996, 9.68613, 129.0], [17.986996, 9.504179, 143.0], [17.986996, 9.216712, 157.0], [17.986996, 8.971511, 171.0], [17.986996, 8.710706, 185.0], [17.986996, 8.483867, 199.0], [18.038845, 8.258928, 214.0], [18.120644, 8.056352, 228.0], [18.231955, 7.909003, 243.0], [18.325798, 7.731174, 256.0], [18.564632, 7.489583, 284.0], [18.836468, 7.312308, 312.0], [19.1078, 7.1854115, 340.0], [19.377167, 7.0977793, 368.0], [19.628796, 7.0613565, 396.0], [19.881943, 7.0613565, 424.0], [20.097641, 7.1518183, 452.0], [20.251091, 7.197113, 465.0], [20.44257, 7.3687825, 496.0], [20.785208, 7.708819, 539.0], [20.966293, 7.9291043, 563.0], [21.144749, 8.175465, 591.0], [21.290073, 8.4612055, 618.0], [21.331123, 8.7505045, 646.0], [21.336802, 8.932117, 660.0], [21.316164, 9.256451, 688.0], [21.300388, 9.465199, 702.0], [21.262688, 9.652538, 716.0], [21.17091, 9.880123, 730.0], [21.02731, 10.157291, 745.0], [20.917648, 10.459277, 758.0], [20.827686, 10.738142, 772.0], [20.692083, 11.055076, 786.0], [20.556887, 11.370633, 800.0], [20.459286, 11.672516, 814.0], [20.322737, 12.002148, 828.0], [20.185703, 12.321995, 842.0], [20.052729, 12.632372, 856.0], [19.855112, 12.98784, 870.0], [19.675299, 13.335685, 884.0], [19.494131, 13.656183, 898.0], [19.263792, 13.971021, 912.0], [19.072205, 14.253891, 926.0], [18.879244, 14.568685, 940.0], [18.617756, 14.88458, 954.0], [18.396797, 15.150639, 968.0], [18.134335, 15.458413, 982.0], [17.878714, 15.729025, 996.0], [17.607126, 16.039747, 1010.0], [17.289063, 16.355288, 1023.0], [17.007698, 16.596203, 1038.0], [16.721968, 16.878515, 1051.0], [16.451263, 17.194439, 1065.0], [16.136927, 17.461956, 1079.0], [15.821101, 17.678196, 1094.0], [15.538767, 17.996887, 1107.0], [15.262636, 18.273108, 1121.0], [14.988238, 18.547594, 1138.0], [14.663638, 18.801807, 1152.0], [14.349472, 19.026289, 1165.0], [14.06811, 19.251734, 1179.0], [13.795105, 19.479311, 1192.0], [13.47859, 19.649483, 1205.0], [13.182649, 19.868767, 1220.0], [12.879658, 20.049076, 1234.0], [12.60335, 20.230808, 1248.0], [12.334425, 20.360107, 1264.0], [12.064795, 20.472813, 1277.0], [11.792182, 20.594893, 1294.0], [11.520017, 20.690887, 1304.0], [11.20604, 20.731518, 1317.0], [10.924539, 20.776949, 1332.0], [10.638186, 20.82206, 1350.0], [10.326628, 20.829163, 1360.0], [10.061502, 20.782614, 1375.0], [9.789326, 20.773659, 1388.0], [9.517431, 20.728327, 1403.0], [9.2491665, 20.647314, 1416.0], [9.020431, 20.55584, 1431.0], [8.797038, 20.412582, 1444.0], [8.596377, 20.186909, 1457.0], [8.416993, 19.997513, 1472.0], [8.281352, 19.732212, 1485.0], [8.144495, 19.458405, 1500.0], [8.095278, 19.128841, 1513.0], [8.083225, 18.844349, 1528.0], [8.083225, 18.530884, 1543.0], [8.184656, 18.165094, 1556.0], [8.274865, 17.721712, 1569.0], [8.427922, 17.271852, 1584.0], [8.64983, 16.858696, 1597.0], [8.875245, 16.403631, 1613.0], [9.100968, 15.930536, 1626.0], [9.356529, 15.494845, 1639.0], [9.626191, 15.051515, 1653.0], [9.899368, 14.643898, 1667.0], [10.158648, 14.254852, 1684.0], [10.377113, 13.927048, 1703.0], [10.7807045, 13.467814, 1719.0], [11.111472, 13.101394, 1732.0], [11.455735, 12.738163, 1747.0], [11.8258505, 12.405307, 1761.0], [12.197906, 12.051029, 1775.0], [12.519046, 11.7381, 1791.0], [13.207012, 11.140489, 1809.0], [13.531157, 10.826612, 1827.0], [13.848858, 10.515827, 1841.0], [14.164612, 10.245094, 1856.0], [14.505121, 9.998561, 1874.0], [14.8374, 9.735871, 1886.0], [15.157959, 9.550806, 1901.0], [15.503564, 9.370678, 1915.0], [15.840812, 9.21408, 1931.0], [16.604216, 8.90236, 1947.0], [17.01284, 8.770245, 1962.0], [17.419928, 8.656464, 1979.0], [17.713913, 8.591114, 1995.0]"}