{"Image number":38631,"Image shape":4,"Path":"[13.044924, 10.062107, 0.0], [12.527956, 10.720794, 52.0], [11.869006, 11.568385, 69.0], [11.030594, 12.640339, 85.0], [10.474074, 13.525468, 102.0], [10.154391, 14.450254, 118.0], [9.92193, 15.195333, 135.0], [9.782672, 15.707013, 152.0], [9.736936, 15.937216, 168.0], [9.831156, 16.17166, 185.0], [9.971829, 16.358335, 201.0], [10.250827, 16.496445, 218.0], [10.722875, 16.732632, 234.0], [11.981753, 17.057514, 267.0], [13.664844, 17.290638, 300.0], [14.5862465, 17.382015, 317.0], [15.47286, 17.428528, 333.0], [16.314466, 17.475332, 350.0], [17.010166, 17.521835, 367.0], [17.614449, 17.52149, 383.0], [18.171879, 17.52149, 416.0], [17.982384, 17.52149, 516.0], [17.702625, 17.474466, 549.0], [17.423454, 17.42783, 582.0], [17.14327, 17.428247, 615.0], [16.390076, 17.428247, 648.0], [15.930553, 17.522068, 664.0], [15.466574, 17.568209, 681.0], [15.089609, 17.615389, 698.0], [14.7157755, 17.662148, 714.0], [14.485814, 17.614058, 731.0], [14.585459, 17.093632, 764.0], [15.005314, 16.396496, 780.0], [15.610828, 15.277197, 797.0], [16.454842, 13.917285, 813.0], [17.341047, 12.61162, 830.0], [18.271965, 11.355246, 846.0], [19.158775, 10.376631, 863.0], [19.802536, 9.593219, 880.0], [20.363787, 9.032053, 896.0], [20.965282, 8.383429, 929.0], [21.152155, 8.1497135, 946.0], [20.962301, 8.20002, 1012.0], [20.68022, 8.672319, 1028.0], [20.075018, 9.368389, 1045.0], [19.378914, 10.438327, 1061.0], [18.398323, 11.605773, 1078.0], [17.423206, 12.8141, 1095.0], [16.334908, 14.139878, 1111.0], [15.31954, 15.528034, 1128.0], [14.387143, 17.022846, 1144.0], [13.505058, 18.275614, 1161.0], [12.804228, 19.351608, 1177.0], [12.199851, 20.2821, 1194.0], [11.824966, 21.083076, 1210.0], [11.502385, 21.727604, 1227.0]"}