{"Image number":40027,"Image shape":2,"Path":"[10.827012, 8.233702, 0.0], [11.321824, 7.663276, 109.0], [11.931969, 7.216231, 126.0], [12.63103, 6.7991896, 142.0], [13.335651, 6.398509, 159.0], [14.060943, 6.0460086, 176.0], [14.771166, 5.761029, 192.0], [15.457434, 5.554301, 209.0], [16.21724, 5.489878, 226.0], [16.83508, 5.486984, 242.0], [17.485775, 5.513027, 259.0], [17.809174, 5.596452, 276.0], [18.211824, 5.7575765, 292.0], [18.56196, 5.992669, 309.0], [18.820904, 6.2944584, 326.0], [19.018562, 6.593227, 342.0], [19.181372, 6.9500074, 359.0], [19.243454, 7.3701377, 376.0], [19.271046, 7.8470964, 392.0], [19.271046, 8.443299, 409.0], [19.180202, 9.063644, 425.0], [18.990263, 9.793443, 442.0], [18.653255, 10.551914, 459.0], [18.26497, 11.334983, 476.0], [17.818071, 12.087134, 492.0], [17.350975, 12.818278, 509.0], [16.918962, 13.434833, 525.0], [16.425867, 14.05106, 542.0], [16.012447, 14.581371, 559.0], [15.493323, 15.218895, 575.0], [14.933762, 15.876389, 592.0], [14.400143, 16.469732, 609.0], [13.879759, 17.106833, 625.0], [13.470879, 17.663445, 642.0], [12.985075, 18.267828, 658.0], [12.476532, 18.84578, 676.0], [11.992695, 19.36001, 692.0], [11.439905, 19.812332, 709.0], [10.903611, 20.228245, 726.0], [10.409981, 20.539717, 742.0], [9.910596, 20.918747, 758.0], [9.467159, 21.241743, 775.0], [8.996958, 21.430822, 792.0], [8.594082, 21.571754, 809.0], [8.221083, 21.635056, 825.0], [7.9930043, 21.630428, 842.0], [7.8510227, 21.59679, 858.0], [7.796485, 21.298367, 909.0], [7.796485, 21.060404, 926.0], [7.908603, 20.59643, 943.0], [8.094413, 19.946009, 959.0], [8.34478, 19.414112, 976.0], [8.640854, 18.873405, 992.0], [8.95475, 18.458832, 1009.0], [9.282022, 18.071295, 1025.0], [9.610964, 17.80767, 1042.0], [9.986334, 17.551216, 1058.0], [10.460255, 17.437555, 1076.0], [10.919552, 17.377083, 1092.0], [11.382872, 17.42497, 1109.0], [11.911568, 17.60076, 1126.0], [12.481148, 17.895111, 1142.0], [13.042984, 18.250652, 1159.0], [13.592899, 18.646374, 1176.0], [14.142462, 19.03918, 1192.0], [14.747545, 19.471563, 1209.0], [15.286211, 19.77388, 1225.0], [15.900963, 19.977625, 1242.0], [16.4883, 20.114895, 1259.0], [17.087017, 20.163233, 1276.0], [17.585321, 20.230736, 1292.0], [18.056238, 20.20285, 1308.0], [18.547167, 20.151144, 1325.0], [19.12725, 20.058195, 1342.0], [19.586594, 19.98766, 1359.0], [20.060085, 19.838472, 1375.0], [20.500715, 19.748365, 1392.0], [20.929544, 19.663595, 1409.0], [21.295696, 19.623177, 1425.0], [21.524406, 19.60928, 1442.0], [21.803562, 19.609257, 1459.0], [22.121925, 19.609257, 1475.0], [22.434786, 19.557434, 1492.0], [22.772884, 19.525196, 1509.0]"}