{"Image number":36751,"Image shape":8,"Path":"[18.076538, 7.68443, 0.0], [17.797005, 7.7310505, 37.0], [16.997952, 7.9191933, 53.0], [15.780089, 8.341832, 70.0], [14.386467, 8.947338, 86.0], [13.165581, 9.65355, 103.0], [12.065059, 10.529506, 123.0], [10.808468, 12.90655, 152.0], [10.714367, 14.132555, 169.0], [10.997521, 15.058954, 186.0], [11.564078, 15.952219, 202.0], [12.594646, 16.599007, 219.0], [13.806322, 17.250372, 235.0], [14.975952, 17.716331, 252.0], [16.141628, 18.13543, 268.0], [16.970688, 18.789824, 285.0], [17.526167, 19.490454, 301.0], [17.706903, 20.380005, 318.0], [17.703827, 21.121479, 334.0], [17.703827, 21.820837, 351.0], [17.609423, 22.519142, 368.0], [17.230967, 23.459808, 384.0], [16.629238, 24.285769, 404.0], [15.829032, 24.943506, 417.0], [14.848526, 25.17054, 434.0], [13.596723, 25.214247, 450.0], [12.241865, 25.260979, 470.0], [11.031987, 25.119623, 483.0], [9.735786, 24.140108, 516.0], [9.55025, 23.347015, 533.0], [9.645672, 22.209259, 550.0], [10.020113, 20.912668, 566.0], [10.723769, 19.415245, 583.0], [11.7429, 18.264622, 599.0], [12.967571, 17.181133, 616.0], [14.324155, 16.342712, 632.0], [15.661992, 15.46486, 649.0], [16.918388, 14.626592, 665.0], [18.042343, 13.829634, 682.0], [19.008905, 12.952086, 698.0], [19.665176, 12.248357, 715.0], [20.082924, 11.501924, 731.0], [20.17414, 10.84698, 748.0], [20.079489, 10.012087, 764.0], [19.751059, 9.1693945, 781.0], [19.189993, 8.471132, 798.0], [18.306204, 8.102638, 814.0], [17.188213, 7.9637647, 831.0], [16.014284, 7.964156, 847.0]"}