{"Image number":30216,"Image shape":5,"Path":"[21.126213, 6.906831, 0.0], [20.96047, 6.7608786, 94.0], [20.598343, 6.751396, 112.0], [20.079943, 6.669614, 129.0], [18.85898, 6.604121, 147.0], [17.832561, 6.595963, 165.0], [16.806286, 6.5571036, 183.0], [16.07729, 6.493448, 200.0], [15.592812, 6.4793863, 218.0], [15.243843, 6.4793863, 236.0], [14.985892, 6.4793863, 254.0], [14.701382, 6.4793863, 289.0], [14.440818, 6.601751, 325.0], [14.26099, 6.9285526, 342.0], [14.026741, 7.278322, 360.0], [13.8702345, 7.7343884, 378.0], [13.624363, 8.291691, 396.0], [13.21189, 9.028028, 413.0], [12.782717, 9.9257555, 431.0], [12.391796, 10.86178, 449.0], [12.03792, 11.883654, 467.0], [11.832688, 12.729764, 485.0], [11.700308, 13.524539, 503.0], [11.570021, 14.424705, 520.0], [11.53398, 15.173171, 538.0], [11.478433, 15.744933, 555.0], [11.495146, 16.039486, 573.0], [11.495146, 16.326267, 591.0], [11.495146, 16.49414, 609.0], [11.495146, 16.664997, 627.0], [11.495146, 16.835186, 662.0], [11.87083, 16.718504, 698.0], [12.504855, 16.40774, 715.0], [13.562157, 16.025833, 733.0], [14.355827, 15.6689, 751.0], [15.030602, 15.37039, 769.0], [15.797508, 15.108755, 787.0], [16.509953, 14.996158, 804.0], [17.054474, 14.927494, 822.0], [17.560684, 14.911688, 840.0], [18.083101, 14.985906, 857.0], [18.538298, 15.115541, 875.0], [18.892931, 15.346684, 893.0], [19.144056, 15.72404, 911.0], [19.27433, 16.255022, 928.0], [19.248835, 16.962166, 946.0], [19.066189, 17.915321, 964.0], [18.631018, 19.023233, 982.0], [17.935167, 20.189564, 1000.0], [17.3778, 21.123137, 1017.0], [16.914047, 21.874466, 1035.0], [16.35887, 22.47974, 1053.0], [15.847337, 22.858929, 1071.0], [15.393854, 23.053951, 1088.0], [15.058749, 23.18447, 1106.0]"}