{"Image number":10000,"Image shape":3,"Path":"[6.572222, 8.633333, 0.0], [6.7545466, 8.451009, 28.0], [6.9172897, 8.137642, 45.0], [7.093073, 7.8638535, 61.0], [7.2854896, 7.605638, 78.0], [7.559539, 7.3349066, 95.0], [7.9113083, 7.112585, 112.0], [8.149445, 6.989167, 129.0], [8.711111, 6.8250003, 145.0], [9.069857, 6.6979322, 161.0], [9.456515, 6.536096, 178.0], [9.965341, 6.4015293, 195.0], [10.450999, 6.293606, 211.0], [10.932438, 6.243309, 228.0], [11.4613085, 6.2611113, 246.0], [11.947327, 6.2611113, 262.0], [12.541666, 6.2611113, 278.0], [12.885759, 6.2611113, 295.0], [13.262268, 6.311277, 312.0], [13.6814575, 6.3656044, 329.0], [14.058791, 6.377778, 345.0], [14.342455, 6.377778, 362.0], [14.718154, 6.4067297, 379.0], [14.996952, 6.416667, 395.0], [15.205555, 6.475, 412.0], [15.389627, 6.565308, 429.0], [15.551249, 6.6730547, 445.0], [15.748391, 6.8412294, 479.0], [15.962199, 7.084966, 512.0], [16.070232, 7.247017, 529.0], [16.232172, 7.5184345, 545.0], [16.354738, 7.787526, 562.0], [16.51699, 8.057945, 579.0], [16.663889, 8.302777, 596.0], [16.826008, 8.538381, 612.0], [16.988482, 8.7550125, 629.0], [17.152092, 9.067385, 662.0], [17.188889, 9.319913, 696.0], [17.188889, 9.560975, 729.0], [17.188889, 9.732368, 763.0], [17.148705, 9.958148, 796.0], [16.938599, 10.174268, 829.0], [16.62932, 10.476235, 863.0], [16.467426, 10.677017, 880.0], [16.25651, 10.887932, 897.0], [16.07997, 11.064476, 913.0], [15.864077, 11.24083, 930.0], [15.53895, 11.457366, 946.0], [15.273396, 11.632746, 963.0], [14.957786, 11.831847, 980.0], [14.578591, 12.047155, 996.0], [14.238319, 12.192307, 1013.0], [13.861828, 12.353662, 1030.0], [13.487333, 12.514159, 1047.0], [13.146989, 12.676506, 1063.0], [12.817969, 12.786602, 1080.0], [12.55224, 12.794444, 1097.0], [12.361592, 12.794444, 1113.0], [12.73019, 12.794444, 1214.0], [13.328301, 12.794444, 1230.0], [13.81634, 12.794444, 1247.0], [14.4695835, 12.794444, 1264.0], [14.933501, 12.794444, 1280.0], [15.427852, 12.840749, 1297.0], [15.851219, 12.894596, 1314.0], [16.184244, 12.944595, 1331.0], [16.55142, 13.045644, 1347.0], [16.905151, 13.216464, 1364.0], [17.184416, 13.375093, 1381.0], [17.516819, 13.541742, 1397.0], [17.668736, 13.702069, 1415.0], [17.784966, 13.863564, 1431.0], [17.88889, 14.019444, 1447.0], [18.099426, 14.296362, 1481.0], [18.268454, 14.519049, 1498.0], [18.392002, 14.734004, 1515.0], [18.499245, 14.948488, 1531.0], [18.57921, 15.16684, 1548.0], [18.676777, 15.381331, 1564.0], [18.773067, 15.573915, 1581.0], [18.914455, 15.795199, 1598.0], [19.030323, 16.010647, 1615.0], [19.133333, 16.216667, 1631.0], [19.245773, 16.478327, 1648.0], [19.351942, 16.743744, 1665.0], [19.460608, 16.948994, 1682.0], [19.521759, 17.10972, 1699.0], [19.574354, 17.31964, 1715.0], [19.561111, 17.497448, 1732.0], [19.561111, 17.672314, 1748.0], [19.561111, 17.830555, 1765.0], [19.561111, 17.99101, 1782.0], [19.510096, 18.158602, 1799.0], [19.371748, 18.500948, 1832.0], [19.261543, 18.668795, 1849.0], [19.124895, 18.898289, 1865.0], [18.963652, 19.11328, 1882.0], [18.802778, 19.386112, 1899.0], [18.603811, 19.694284, 1916.0], [18.387089, 19.918467, 1932.0], [18.204876, 20.100681, 1949.0], [18.012022, 20.293531, 1966.0], [17.849724, 20.455833, 1982.0], [17.599302, 20.640558, 1999.0], [17.369564, 20.858215, 2016.0], [17.092714, 21.018816, 2032.0], [16.824615, 21.25253, 2049.0], [16.625454, 21.490406, 2066.0], [16.294445, 21.758333, 2083.0], [16.00296, 21.959137, 2099.0], [15.628203, 22.124422, 2116.0], [15.317075, 22.259123, 2133.0], [14.951059, 22.40907, 2149.0], [14.573227, 22.571, 2166.0], [14.261398, 22.691982, 2183.0], [13.933988, 22.79793, 2199.0], [13.612089, 22.905231, 2216.0], [13.249019, 22.978867, 2233.0], [12.923593, 23.033106, 2250.0], [12.56165, 23.061111, 2266.0], [12.207553, 23.061111, 2283.0], [11.820515, 23.116913, 2300.0], [11.476426, 23.127178, 2316.0], [11.146891, 23.180147, 2333.0], [10.758734, 23.235262, 2350.0], [10.457022, 23.288643, 2366.0], [10.181278, 23.390823, 2383.0], [9.8882065, 23.498377, 2400.0], [9.563921, 23.606472, 2417.0], [9.274814, 23.702839, 2433.0], [8.754431, 23.850868, 2450.0], [8.351078, 23.958422, 2467.0], [7.9708, 24.011314, 2483.0], [7.4894705, 24.134577, 2500.0], [7.0060325, 24.243721, 2517.0], [6.6203566, 24.289816, 2534.0], [6.3388886, 24.324999, 2550.0]"}