{"Image number":10840,"Image shape":0,"Path":"[11.744444, 11.122222, 0.0], [11.173669, 12.288231, 30.0], [11.019048, 13.507336, 46.0], [10.750979, 14.689547, 63.0], [10.733334, 16.122046, 80.0], [10.781549, 17.941685, 96.0], [11.080177, 19.47026, 113.0], [11.734143, 20.947653, 130.0], [12.540651, 22.00383, 147.0], [13.609092, 22.814537, 163.0], [14.999602, 23.447681, 180.0], [16.506376, 23.96963, 197.0], [17.765022, 24.315514, 214.0], [18.635056, 24.253477, 231.0], [19.243622, 23.806381, 247.0], [19.676908, 22.892818, 264.0], [19.807802, 21.721388, 280.0], [19.872894, 20.122267, 297.0], [19.872223, 18.13039, 314.0], [19.486343, 15.136862, 331.0], [18.992002, 12.36359, 347.0], [18.76389, 10.325, 364.0], [18.409616, 8.771804, 381.0], [17.791256, 7.6052675, 398.0], [16.843021, 7.319509, 414.0], [15.685644, 7.425338, 431.0], [14.549736, 8.091065, 448.0], [13.533333, 8.866667, 464.0]"}