{"Image number":37050,"Image shape":6,"Path":"[24.13311, 7.824293, 0.0], [23.294508, 7.6378083, 35.0], [22.069221, 7.3076954, 52.0], [20.53382, 7.029561, 68.0], [19.37682, 6.891364, 85.0], [18.163977, 7.0792375, 101.0], [16.71755, 7.5002427, 118.0], [15.131797, 8.248421, 134.0], [13.499778, 9.182618, 151.0], [12.100576, 10.258235, 167.0], [10.749487, 11.613188, 184.0], [9.76387, 13.217841, 201.0], [9.174599, 15.154928, 217.0], [8.990021, 16.978228, 234.0], [9.086254, 18.5709, 250.0], [9.508316, 19.818403, 267.0], [10.406403, 20.803831, 283.0], [11.569383, 21.635178, 300.0], [13.020643, 22.286926, 316.0], [14.557481, 22.749638, 333.0], [16.30629, 22.886711, 349.0], [17.974762, 22.441565, 366.0], [19.019758, 22.021019, 383.0], [19.487463, 21.708952, 399.0], [19.615923, 20.913797, 416.0], [19.709002, 19.973934, 432.0], [19.754517, 18.712732, 449.0], [19.139267, 18.16604, 465.0], [18.061617, 17.701483, 482.0], [16.611748, 17.613409, 498.0], [15.318617, 17.70863, 515.0], [14.103856, 18.131933, 531.0], [13.137066, 18.68761, 548.0], [12.525769, 19.441177, 564.0], [12.188785, 20.169884, 581.0], [12.157337, 20.720499, 598.0]"}