{"Image number":37903,"Image shape":3,"Path":"[11.088186, 4.9804034, 0.0], [11.789036, 5.0272083, 69.0], [12.538482, 5.1210213, 86.0], [14.077071, 5.4485326, 119.0], [14.865492, 5.680778, 136.0], [15.613333, 6.0087004, 152.0], [16.26638, 6.382934, 169.0], [16.77752, 6.897344, 185.0], [17.148125, 7.456379, 202.0], [17.332972, 8.204697, 218.0], [17.426086, 9.005088, 235.0], [17.329948, 9.839508, 251.0], [16.956573, 10.766001, 268.0], [16.393238, 11.562624, 284.0], [15.357922, 12.169787, 301.0], [14.289375, 12.584917, 318.0], [12.976763, 12.864001, 334.0], [11.815371, 13.04878, 350.0], [10.89007, 13.140278, 367.0], [10.333721, 13.139102, 384.0], [10.814093, 13.139102, 433.0], [11.417067, 13.092269, 450.0], [13.376789, 13.045599, 483.0], [14.63028, 12.999188, 499.0], [15.899509, 13.046329, 516.0], [17.985544, 13.419485, 549.0], [18.593357, 13.794472, 566.0], [18.916975, 14.307515, 582.0], [19.101963, 15.664092, 615.0], [19.054674, 16.546902, 632.0], [18.771622, 17.392893, 648.0], [18.258566, 18.227896, 665.0], [17.508219, 18.928802, 681.0], [16.668552, 19.533655, 698.0], [15.506458, 19.948555, 715.0], [14.426321, 20.419083, 731.0], [13.167132, 20.790176, 748.0], [11.956147, 21.115961, 764.0], [10.844526, 21.252522, 781.0], [9.631858, 21.392437, 798.0], [8.789312, 21.533579, 814.0], [7.6761103, 21.38966, 830.0], [7.0245633, 21.248957, 847.0], [6.1335983, 20.776463, 863.0]"}