{"Image number":30097,"Image shape":0,"Path":"[21.00971, 7.9171524, 0.0], [20.821838, 7.8425884, 64.0], [20.555025, 7.8005757, 100.0], [20.212923, 7.8005757, 117.0], [19.698517, 7.8237114, 135.0], [18.785595, 7.839434, 153.0], [18.122292, 7.876194, 171.0], [17.290726, 8.140818, 188.0], [16.534227, 8.529923, 206.0], [15.583319, 9.114761, 224.0], [14.503265, 9.663036, 242.0], [13.671546, 10.247431, 259.0], [12.769958, 10.757976, 277.0], [11.871594, 11.318736, 295.0], [11.193595, 11.900679, 313.0], [10.421797, 12.566139, 330.0], [9.590576, 13.465133, 348.0], [8.87316, 14.303055, 366.0], [8.443493, 15.144621, 384.0], [8.159454, 15.831942, 401.0], [7.9487143, 16.576477, 419.0], [7.834868, 17.253332, 437.0], [7.76699, 17.926693, 455.0], [7.709045, 18.716135, 473.0], [7.728156, 19.589876, 490.0], [7.7611623, 20.21585, 508.0], [7.965008, 20.807407, 526.0], [8.17971, 21.255543, 544.0], [8.407772, 21.609934, 561.0], [8.669343, 21.89824, 579.0], [8.928499, 22.079313, 597.0], [9.22661, 22.210646, 615.0], [9.658895, 22.139376, 632.0], [10.228279, 21.991993, 650.0], [10.975082, 21.682203, 668.0], [11.81467, 21.17972, 686.0], [12.817279, 20.59134, 703.0], [13.629314, 20.003506, 722.0], [14.369882, 19.509396, 739.0], [15.202893, 18.844711, 757.0], [15.973118, 18.124985, 774.0], [16.793999, 17.198544, 792.0], [17.484282, 16.345625, 810.0], [17.9959, 15.587057, 828.0], [18.386213, 14.97354, 846.0], [18.666128, 14.3786, 863.0], [18.885166, 13.704177, 881.0], [19.042398, 13.054023, 899.0], [19.124178, 12.462507, 917.0], [19.27253, 11.78987, 934.0], [19.371578, 11.057644, 952.0], [19.378641, 10.407377, 970.0], [19.378641, 9.66684, 988.0], [19.345385, 8.95001, 1005.0], [19.300972, 8.351377, 1023.0], [19.253841, 7.8119054, 1041.0], [19.227335, 7.3973413, 1059.0], [19.223303, 7.1280313, 1076.0], [19.223303, 6.9645805, 1094.0], [19.184465, 6.7974, 1112.0]"}