{"Image number":37478,"Image shape":3,"Path":"[11.274542, 4.654056, 0.0], [12.3025255, 5.2617593, 86.0], [13.095321, 5.6348915, 102.0], [13.746848, 6.101517, 119.0], [14.495701, 6.663655, 135.0], [15.145397, 7.268524, 152.0], [15.750658, 7.874488, 168.0], [16.399893, 8.89792, 202.0], [16.493034, 9.412286, 218.0], [16.445621, 9.972474, 235.0], [16.303995, 10.536974, 251.0], [16.071648, 11.091525, 268.0], [15.746602, 11.60137, 284.0], [15.18523, 12.162849, 301.0], [14.527178, 12.632414, 317.0], [13.78442, 12.908221, 334.0], [13.043315, 12.999439, 350.0], [12.341416, 13.046171, 367.0], [11.73587, 13.092833, 384.0], [11.223006, 13.186623, 400.0], [10.8045025, 13.232805, 417.0], [10.52729, 13.326197, 433.0], [10.7624855, 13.558905, 549.0], [11.41628, 13.886028, 566.0], [12.021181, 14.305472, 582.0], [12.677829, 14.774855, 599.0], [13.144836, 15.196498, 615.0], [13.561696, 15.520122, 632.0], [13.83861, 15.985777, 648.0], [14.213184, 16.40656, 665.0], [14.635733, 16.97108, 681.0], [15.146233, 17.432617, 698.0], [15.562315, 17.849422, 715.0], [15.843275, 18.224823, 731.0], [16.073444, 18.687487, 747.0], [16.402298, 19.063375, 764.0], [16.822794, 19.389572, 781.0], [17.194366, 19.621328, 797.0], [17.474705, 19.95025, 814.0], [17.56517, 20.276026, 830.0], [17.611513, 20.652027, 847.0], [17.65758, 21.020803, 863.0], [17.657238, 21.348455, 880.0], [17.657238, 21.580244, 896.0], [17.657238, 21.911156, 913.0], [17.372875, 22.705132, 946.0], [16.906359, 23.026602, 963.0], [16.346024, 23.211512, 979.0], [15.880092, 23.256569, 996.0], [15.183714, 23.208982, 1012.0], [13.405108, 22.645039, 1045.0], [12.718347, 22.089996, 1062.0], [12.109579, 21.527615, 1078.0], [11.878644, 20.920786, 1095.0]"}