{"Image number":30438,"Image shape":0,"Path":"[13.553398, 4.886187, 0.0], [13.140308, 5.0796165, 118.0], [12.845943, 5.264288, 136.0], [12.501515, 5.5494547, 154.0], [12.254219, 5.8841057, 171.0], [11.974597, 6.248863, 189.0], [11.523286, 6.9210973, 207.0], [11.278084, 7.346212, 224.0], [10.950254, 7.958415, 242.0], [10.507642, 8.727603, 260.0], [10.182881, 9.514158, 278.0], [9.915524, 10.233389, 296.0], [9.734451, 11.000633, 313.0], [9.609299, 11.808586, 331.0], [9.592233, 12.675247, 349.0], [9.592233, 13.558413, 367.0], [9.631068, 14.434487, 384.0], [9.689321, 15.222555, 402.0], [9.669903, 16.099842, 420.0], [9.708737, 16.946232, 437.0], [9.747573, 17.82062, 455.0], [9.747573, 18.686642, 473.0], [9.786408, 19.57967, 491.0], [9.848938, 20.355827, 508.0], [9.962306, 20.998753, 526.0], [10.169818, 21.430035, 544.0], [10.364397, 21.858288, 562.0], [10.561594, 22.15031, 580.0], [10.756966, 22.372314, 597.0], [11.04538, 22.47681, 615.0], [11.531682, 22.595387, 633.0], [12.013249, 22.566818, 651.0], [12.537807, 22.510002, 668.0], [13.060004, 22.489103, 686.0], [13.707533, 22.326138, 704.0], [14.28235, 22.066116, 722.0], [14.765106, 21.796274, 740.0], [15.167513, 21.374786, 757.0], [15.472345, 21.019249, 775.0], [15.782309, 20.628813, 793.0], [16.114517, 20.192291, 811.0], [16.435257, 19.623964, 828.0], [16.821022, 19.080742, 846.0], [17.166172, 18.539278, 864.0], [17.457897, 18.051594, 882.0], [17.718575, 17.55627, 899.0], [17.92908, 17.104393, 918.0], [18.088394, 16.641762, 935.0], [18.219212, 16.193771, 953.0], [18.35136, 15.730972, 971.0], [18.443932, 15.309628, 988.0], [18.573883, 14.829702, 1006.0], [18.704683, 14.306182, 1024.0], [18.718445, 13.920347, 1041.0], [18.743753, 13.452097, 1060.0], [18.757282, 13.096271, 1077.0], [18.757282, 12.646873, 1095.0], [18.8224, 12.214358, 1113.0], [18.889671, 11.675858, 1130.0], [18.873787, 11.186736, 1148.0], [18.873787, 10.702928, 1166.0], [18.873787, 10.301547, 1183.0], [18.873787, 9.952966, 1201.0], [18.834951, 9.525331, 1219.0], [18.77742, 9.068517, 1237.0], [18.750702, 8.732531, 1255.0], [18.685616, 8.302927, 1273.0], [18.620657, 7.9906535, 1290.0], [18.462673, 7.5995874, 1308.0], [18.270761, 7.1332273, 1326.0], [17.989151, 6.7167654, 1344.0], [17.664162, 6.2615075, 1361.0], [17.33234, 5.947324, 1379.0], [17.118238, 5.7330956, 1397.0], [16.856272, 5.4700165, 1432.0]"}