{"Image number":10562,"Image shape":1,"Path":"[16.216667, 6.8055553, 0.0], [16.216667, 7.077778, 33.0], [16.121864, 8.075621, 50.0], [16.013084, 8.978658, 67.0], [15.614465, 10.594837, 83.0], [14.746659, 12.958771, 100.0], [13.66127, 15.582952, 117.0], [13.154724, 18.189795, 133.0], [12.946867, 20.14315, 150.0], [12.95, 21.563305, 167.0], [13.03529, 22.763699, 184.0], [13.149695, 23.606049, 200.0], [13.261111, 24.208332, 217.0], [13.222221, 24.443726, 234.0]"}