{"Image number":38362,"Image shape":5,"Path":"[20.126455, 6.05269, 0.0], [19.56127, 6.0054564, 53.0], [18.669378, 6.006069, 69.0], [17.323748, 6.146694, 86.0], [15.91344, 6.4296618, 102.0], [14.7108555, 6.755044, 119.0], [13.465779, 7.3572335, 152.0], [13.185606, 7.5439568, 168.0], [13.044438, 7.7784824, 185.0], [12.998336, 8.293737, 218.0], [12.951495, 8.759222, 235.0], [12.762851, 9.371052, 251.0], [12.109263, 10.910027, 284.0], [11.594762, 12.033084, 301.0], [10.98652, 13.154783, 317.0], [10.47664, 14.270867, 334.0], [10.246971, 15.059459, 350.0], [10.202279, 15.665964, 367.0], [10.202994, 16.033083, 383.0], [10.203734, 16.310818, 417.0], [10.7697, 16.2144, 450.0], [11.328653, 16.121603, 466.0], [12.030738, 15.980835, 483.0], [12.819225, 15.888899, 499.0], [13.753999, 15.795482, 516.0], [14.819051, 15.70294, 532.0], [15.903602, 15.703265, 549.0], [16.876032, 15.703265, 565.0], [17.800732, 15.890495, 582.0], [18.45544, 16.17213, 598.0], [19.01098, 16.544222, 615.0], [19.382559, 17.010567, 632.0], [19.615543, 17.524937, 648.0], [19.754446, 18.271175, 665.0], [19.800913, 18.975443, 681.0], [19.800333, 19.906937, 698.0], [19.705837, 20.797503, 714.0], [19.612896, 21.869694, 731.0], [19.3776, 22.61418, 747.0], [18.77181, 23.16594, 764.0], [18.113216, 23.493956, 780.0], [17.084835, 23.63068, 797.0], [15.913752, 23.67627, 814.0], [14.026459, 23.430828, 830.0], [12.8405, 23.147718, 847.0]"}