{"Image number":36685,"Image shape":2,"Path":"[12.206323, 7.404701, 0.0], [12.768227, 7.030185, 53.0], [13.700001, 6.7511563, 70.0], [14.967468, 6.6578455, 86.0], [17.542885, 7.3212404, 119.0], [18.60866, 8.2135, 136.0], [19.205368, 9.288481, 153.0], [19.476873, 10.446189, 169.0], [19.42713, 11.56574, 186.0], [18.956385, 12.732883, 202.0], [18.01756, 13.758817, 219.0], [16.673128, 14.728379, 235.0], [15.123837, 15.620159, 252.0], [13.490105, 16.459862, 268.0], [11.819038, 17.013517, 285.0], [10.4226465, 17.385172, 301.0], [9.30952, 17.522528, 318.0], [8.611759, 17.568592, 335.0], [8.245407, 17.381203, 351.0], [8.292974, 17.101122, 368.0], [8.713442, 16.681013, 384.0], [9.513258, 16.399368, 401.0], [10.64079, 16.355188, 417.0], [12.090328, 16.592903, 434.0], [13.815208, 17.01471, 450.0], [15.728542, 17.43441, 467.0], [17.655062, 17.9053, 483.0], [19.415075, 18.322119, 500.0], [20.753153, 19.000582, 517.0], [21.422375, 19.36, 533.0]"}