{"Image number":37644,"Image shape":8,"Path":"[18.682196, 6.2391744, 0.0], [18.026236, 6.3329873, 53.0], [16.949635, 6.426422, 70.0], [15.462961, 6.612717, 86.0], [14.154007, 6.893811, 103.0], [13.033606, 7.2215195, 120.0], [12.053097, 7.6908426, 136.0], [11.221427, 8.107285, 152.0], [10.568097, 8.717165, 169.0], [10.059605, 9.367405, 185.0], [9.780565, 9.975646, 202.0], [9.642759, 10.58, 219.0], [9.550328, 11.183747, 235.0], [9.597665, 11.885255, 252.0], [9.691757, 12.58897, 268.0], [9.830775, 13.234639, 285.0], [10.111089, 13.888011, 301.0], [10.440066, 14.404362, 318.0], [10.910915, 14.920707, 334.0], [11.419067, 15.428301, 351.0], [11.976162, 15.845219, 367.0], [12.634432, 16.126633, 384.0], [13.286162, 16.453352, 401.0], [13.890567, 16.732182, 417.0], [14.4036255, 17.012814, 434.0], [14.867428, 17.33888, 450.0], [15.238455, 17.711826, 467.0], [15.470488, 18.18006, 483.0], [15.561538, 18.64443, 500.0], [15.560732, 19.203068, 516.0], [15.560732, 19.764572, 533.0], [15.513658, 20.418804, 549.0], [15.327463, 21.019129, 566.0], [15.042772, 21.636028, 582.0], [14.625486, 22.235233, 599.0], [14.063099, 22.89084, 616.0], [13.322339, 23.303705, 632.0], [12.575598, 23.489857, 649.0], [11.636453, 23.488995, 665.0], [10.002121, 22.638514, 698.0], [9.492224, 21.552557, 715.0], [9.130504, 20.035133, 731.0], [9.31919, 18.62999, 748.0], [9.693629, 17.324102, 764.0], [10.439082, 16.398651, 781.0], [11.283021, 15.649101, 798.0], [12.2538395, 15.189991, 814.0], [13.185166, 14.770628, 831.0], [14.080551, 14.393378, 847.0], [14.909912, 14.07097, 864.0], [15.704413, 13.790416, 880.0], [16.457697, 13.555012, 897.0], [17.239782, 13.091394, 913.0], [18.030695, 12.5791645, 930.0], [18.918236, 11.877887, 946.0], [19.709217, 11.179193, 963.0], [20.316174, 10.290295, 980.0], [20.9176, 8.852738, 1013.0], [21.058128, 8.10459, 1029.0], [21.105104, 7.494307, 1046.0], [20.963675, 6.932954, 1062.0], [20.778044, 6.470632, 1079.0], [20.172085, 6.052025, 1095.0], [19.474009, 5.7262483, 1112.0], [18.632952, 5.632804, 1128.0], [17.886444, 5.6330986, 1145.0], [17.096844, 5.819895, 1162.0], [16.298367, 6.007903, 1178.0], [15.601597, 6.4290953, 1195.0]"}