{"Image number":30748,"Image shape":0,"Path":"[13.048545, 6.7902555, 0.0], [12.723607, 6.7902555, 103.0], [12.519048, 6.8585033, 121.0], [12.330097, 6.9262595, 138.0], [12.076209, 7.0435658, 156.0], [11.819378, 7.2872806, 174.0], [11.355779, 7.675911, 191.0], [10.753478, 8.040159, 209.0], [10.186824, 8.453627, 227.0], [9.795275, 8.792031, 245.0], [9.504475, 9.105241, 263.0], [9.244915, 9.39103, 280.0], [9.009169, 9.757357, 298.0], [8.758207, 10.140413, 316.0], [8.422925, 10.606915, 334.0], [8.120517, 11.039242, 351.0], [7.8603067, 11.484171, 369.0], [7.6788163, 11.8628845, 387.0], [7.483364, 12.185334, 404.0], [7.3439155, 12.567841, 422.0], [7.212665, 12.922972, 440.0], [7.082702, 13.203897, 459.0], [6.9531474, 13.585424, 476.0], [6.8230247, 13.898311, 493.0], [6.691494, 14.326057, 511.0], [6.626373, 14.7938385, 529.0], [6.554264, 15.2844925, 547.0], [6.5242724, 15.704769, 564.0], [6.5242724, 16.13573, 582.0], [6.5242724, 16.498676, 600.0], [6.5242724, 16.807293, 618.0], [6.5242724, 17.165482, 636.0], [6.5242724, 17.614056, 653.0], [6.5242724, 18.060652, 671.0], [6.5242724, 18.464304, 689.0], [6.5242724, 19.048853, 706.0], [6.605322, 19.549381, 724.0], [6.8300405, 19.936495, 742.0], [7.0921016, 20.275215, 760.0], [7.3527417, 20.52026, 778.0], [7.583447, 20.643936, 795.0], [7.810884, 20.828308, 831.0], [8.064666, 20.928253, 902.0], [8.500025, 21.19343, 937.0], [8.724259, 21.279947, 955.0], [8.918293, 21.383526, 974.0], [9.236365, 21.553318, 1008.0], [9.451475, 21.65729, 1026.0], [9.714878, 21.773293, 1044.0], [9.977327, 21.903778, 1062.0], [10.1719055, 21.970036, 1080.0], [10.447355, 22.062035, 1115.0], [10.604903, 22.12741, 1133.0], [13.436893, 6.751396, 0.0], [13.114001, 6.751396, 136.0], [12.837356, 6.8764834, 154.0], [12.6064, 6.937725, 171.0], [12.34997, 7.0038643, 189.0], [12.13089, 7.2421637, 207.0], [11.580021, 7.588524, 225.0], [10.911781, 8.014887, 243.0], [10.265557, 8.46752, 261.0], [9.858881, 8.78285, 278.0], [9.466264, 9.229961, 296.0], [9.071057, 9.691316, 314.0], [8.789425, 10.109806, 331.0], [8.532386, 10.49878, 349.0], [8.268036, 10.7964945, 367.0], [8.044682, 11.095752, 385.0], [7.809396, 11.460276, 402.0], [7.6128025, 11.890987, 421.0], [7.3775754, 12.271439, 439.0], [7.180847, 12.703994, 456.0], [7.038382, 13.042752, 474.0], [6.9075522, 13.408888, 491.0], [6.8086333, 13.761026, 509.0], [6.6843367, 14.10327, 527.0], [6.636419, 14.467189, 545.0], [6.601942, 14.8956375, 562.0], [6.601942, 15.35601, 580.0], [6.601942, 15.781117, 598.0], [6.601942, 16.161524, 615.0], [6.601942, 16.588959, 633.0], [6.601942, 17.031141, 651.0], [6.601942, 17.447083, 669.0], [6.601942, 17.892887, 687.0], [6.601942, 18.314793, 704.0], [6.601942, 18.744175, 722.0], [6.601942, 19.156242, 740.0], [6.601942, 19.563992, 758.0], [6.601942, 19.955011, 776.0], [6.6450806, 20.30436, 794.0], [6.785347, 20.655241, 811.0], [6.912499, 20.934452, 829.0], [7.0440054, 21.170815, 846.0], [7.174657, 21.366909, 864.0], [7.3465943, 21.52443, 882.0], [7.5032134, 21.681145, 900.0], [7.698416, 21.821623, 918.0], [7.9312353, 22.070566, 936.0], [8.196026, 22.305912, 953.0], [8.46028, 22.447369, 971.0], [8.721071, 22.66659, 988.0], [9.092085, 22.825169, 1006.0], [9.474752, 23.071327, 1024.0], [9.867253, 23.163708, 1042.0], [10.260061, 23.333584, 1060.0], [10.614775, 23.464844, 1077.0], [11.00941, 23.547945, 1095.0], [11.477002, 23.652264, 1113.0], [11.930443, 23.654858, 1131.0], [12.339534, 23.654858, 1148.0], [12.7656555, 23.693714, 1166.0], [13.285878, 23.693714, 1184.0], [13.807797, 23.642467, 1202.0], [14.283943, 23.540112, 1219.0], [14.675238, 23.476982, 1237.0], [15.053373, 23.411186, 1255.0], [15.387085, 23.342299, 1273.0], [15.783065, 23.219374, 1290.0], [16.171795, 23.133999, 1308.0], [16.524242, 22.986502, 1326.0], [16.878466, 22.82677, 1344.0], [17.212723, 22.68763, 1361.0], [17.541044, 22.556221, 1379.0], [17.849228, 22.286644, 1397.0], [18.192492, 22.024149, 1415.0], [18.596542, 21.767345, 1433.0], [18.96056, 21.469671, 1451.0], [19.384039, 21.18284, 1468.0], [19.7773, 20.901978, 1486.0], [20.063154, 20.634789, 1504.0], [20.297945, 20.403486, 1521.0], [20.495878, 20.20543, 1539.0], [20.653723, 19.894215, 1557.0], [20.884272, 19.599583, 1575.0], [21.135818, 19.280975, 1592.0], [21.32085, 18.991066, 1610.0], [21.58078, 18.705008, 1628.0], [21.840803, 18.432243, 1646.0], [22.101334, 18.132694, 1664.0], [22.335106, 17.882486, 1681.0], [22.53529, 17.715107, 1699.0], [22.691486, 17.42165, 1717.0], [22.848166, 17.121948, 1735.0], [22.930065, 16.806196, 1752.0], [23.083992, 16.503645, 1770.0], [23.215363, 16.163961, 1788.0], [23.339134, 15.884498, 1806.0], [23.385443, 15.538244, 1823.0], [23.412533, 15.174522, 1841.0], [23.417477, 14.911686, 1859.0], [23.45631, 14.562932, 1877.0], [23.45631, 14.268771, 1894.0], [23.45631, 13.989248, 1912.0], [23.45631, 13.790479, 1930.0], [23.45631, 13.5166, 1948.0], [23.45631, 13.283438, 1965.0], [23.45631, 13.088528, 1984.0], [23.41766, 12.813875, 2001.0], [23.391369, 12.553402, 2019.0], [23.326036, 12.239279, 2036.0], [23.22172, 12.029831, 2054.0], [23.128649, 11.835807, 2072.0], [22.997072, 11.583423, 2090.0], [22.866161, 11.321438, 2107.0], [22.73726, 11.141204, 2125.0], [22.5464, 10.9314, 2143.0], [22.35034, 10.690163, 2161.0], [22.1954, 10.502468, 2178.0], [21.998951, 10.305902, 2196.0], [21.849236, 10.10981, 2214.0], [21.718712, 9.9527645, 2232.0], [21.588766, 9.7788925, 2249.0], [21.410067, 9.647888, 2267.0], [21.213436, 9.403336, 2285.0], [20.93159, 9.222437, 2303.0], [20.555649, 9.011176, 2321.0], [20.176142, 8.821305, 2339.0], [19.805315, 8.624069, 2356.0], [19.518143, 8.420144, 2374.0], [19.179043, 8.263623, 2392.0], [18.782574, 8.1328335, 2410.0], [18.290577, 7.8973804, 2427.0], [17.848328, 7.796074, 2445.0], [17.48918, 7.6272116, 2463.0], [17.220835, 7.498191, 2481.0], [16.953053, 7.3597603, 2498.0], [16.663391, 7.3342752, 2516.0], [16.318306, 7.2772593, 2535.0], [15.932648, 7.2565565, 2552.0], [15.534369, 7.2176986, 2569.0], [15.203884, 7.2176986, 2587.0], [14.959853, 7.2176986, 2605.0], [14.590022, 7.2176986, 2623.0], [14.097088, 7.2759867, 2640.0], [13.686269, 7.344498, 2659.0], [13.334421, 7.3703246, 2677.0], [13.119101, 7.3731327, 2694.0], [12.89411, 7.3731327, 2730.0]"}