{"Image number":10057,"Image shape":8,"Path":"[18.822222, 7.7388887, 0.0], [18.27644, 7.574394, 30.0], [17.791668, 7.5250006, 47.0], [17.181301, 7.544444, 63.0], [16.428354, 7.5959916, 80.0], [15.672223, 7.8166666, 97.0], [14.69191, 8.306822, 113.0], [13.593526, 8.909393, 130.0], [12.730253, 9.548019, 147.0], [12.077508, 10.254865, 163.0], [11.491667, 11.063889, 180.0], [11.041003, 11.872426, 197.0], [10.761157, 12.769847, 214.0], [10.461111, 13.650001, 231.0], [10.426475, 14.523806, 247.0], [10.422222, 15.644702, 264.0], [10.626608, 16.374466, 280.0], [11.000641, 17.310286, 297.0], [11.358801, 18.236124, 314.0], [11.713142, 19.099182, 331.0], [11.96817, 19.843401, 347.0], [12.288889, 20.630556, 364.0], [12.475886, 21.091843, 381.0], [12.638575, 21.737629, 397.0], [12.772904, 22.320415, 414.0], [12.836735, 22.819504, 431.0], [12.833334, 23.372223, 447.0], [12.771484, 23.790165, 464.0], [12.620434, 24.2381, 481.0], [12.288889, 24.655556, 498.0], [11.726707, 25.106358, 514.0], [11.087205, 25.379868, 531.0], [10.289529, 25.422182, 548.0], [9.600208, 25.475908, 564.0], [8.603447, 25.41439, 581.0], [8.209118, 25.278965, 598.0], [7.609992, 24.8906, 615.0], [7.1361113, 24.286112, 631.0], [7.048607, 23.66872, 648.0], [7.0388885, 22.802353, 665.0], [7.317248, 21.891045, 681.0], [7.7711926, 20.935394, 698.0], [8.3768635, 20.214802, 715.0], [9.435559, 19.204666, 731.0], [10.484375, 18.265148, 748.0], [11.459895, 17.505638, 765.0], [12.5189905, 16.78073, 781.0], [13.561272, 16.165695, 798.0], [14.544313, 15.60748, 815.0], [15.444679, 15.144327, 832.0], [16.411764, 14.660783, 848.0], [17.190084, 14.204871, 865.0], [17.820608, 13.640503, 882.0], [18.289373, 13.28666, 899.0], [18.865602, 12.59551, 915.0], [19.342215, 12.069761, 932.0], [19.716667, 11.530556, 949.0], [19.978313, 10.8817215, 965.0], [20.090567, 10.239931, 982.0], [19.959757, 9.437984, 999.0], [19.698553, 8.745417, 1015.0], [19.309422, 8.148933, 1032.0], [18.86111, 7.661111, 1049.0]"}