{"Image number":10808,"Image shape":9,"Path":"[18.238888, 8.594444, 0.0], [17.822107, 8.177661, 19.0], [16.280773, 7.412684, 36.0], [14.717602, 6.9512157, 53.0], [13.796659, 6.884444, 69.0], [12.009456, 6.9927025, 86.0], [10.524042, 7.5605755, 103.0], [9.508333, 8.4777775, 119.0], [8.585415, 10.056662, 136.0], [8.033964, 11.675885, 153.0], [8.1727085, 13.354379, 170.0], [8.6658745, 14.779875, 186.0], [9.625, 15.866667, 203.0], [10.940996, 16.441475, 220.0], [12.425006, 16.726917, 237.0], [13.900127, 16.683334, 253.0], [15.646453, 15.547922, 270.0], [17.28086, 13.848152, 287.0], [18.264666, 12.003977, 303.0], [18.93335, 10.283289, 320.0], [19.237854, 8.919306, 337.0], [19.211111, 8.114269, 354.0], [19.16838, 7.6692696, 370.0], [18.880556, 7.5250006, 387.0], [18.458416, 8.243709, 421.0], [18.293705, 9.725175, 437.0], [18.161617, 11.849979, 454.0], [18.216043, 14.497837, 471.0], [18.730724, 18.332712, 487.0], [19.235313, 21.243057, 504.0], [19.378918, 22.794737, 521.0], [19.77071, 24.16315, 538.0], [20.0332, 25.212822, 554.0], [20.280556, 25.86111, 571.0]"}