{"Image number":37014,"Image shape":1,"Path":"[16.306156, 7.218218, 0.0], [16.306156, 7.5911875, 33.0], [15.976309, 8.864334, 50.0], [15.601979, 10.97798, 67.0], [15.089473, 13.350495, 83.0], [14.762392, 15.844437, 100.0], [14.483231, 18.081985, 116.0], [14.252432, 20.166555, 133.0], [14.066519, 21.840935, 149.0], [13.971149, 23.39147, 166.0], [13.87834, 24.385267, 182.0]"}