{"Image number":38541,"Image shape":9,"Path":"[17.377705, 6.845248, 0.0], [17.095411, 6.938951, 52.0], [16.437687, 7.0329103, 68.0], [15.498514, 7.1739416, 85.0], [14.519251, 7.503457, 101.0], [13.591342, 8.064994, 118.0], [12.711035, 8.76285, 134.0], [11.957206, 9.518837, 151.0], [11.548362, 10.2115, 167.0], [11.3183775, 10.673694, 184.0], [11.227953, 11.73823, 217.0], [11.227953, 12.5367, 234.0], [11.321733, 13.283786, 250.0], [11.978892, 14.404619, 283.0], [12.676692, 14.867073, 300.0], [13.469248, 15.286336, 316.0], [14.353764, 15.471075, 333.0], [15.24237, 15.470159, 349.0], [16.125298, 15.282517, 366.0], [16.967216, 14.812562, 382.0], [17.754791, 13.926768, 399.0], [18.544535, 12.669547, 416.0], [19.336187, 11.131006, 432.0], [19.943567, 9.774639, 449.0], [20.315731, 8.79567, 465.0], [20.500061, 8.241204, 482.0], [20.592701, 7.9634476, 515.0], [20.545172, 8.246814, 548.0], [20.545755, 8.665142, 565.0], [20.451464, 9.418327, 581.0], [20.218893, 10.344801, 598.0], [19.844692, 11.608129, 614.0], [19.374071, 13.020133, 631.0], [18.957006, 14.602219, 647.0], [18.488369, 16.052786, 664.0], [17.927666, 17.451023, 680.0], [17.227663, 18.658218, 697.0], [16.345734, 19.815155, 714.0], [15.503815, 20.749832, 730.0], [14.667931, 21.585146, 746.0], [14.055944, 22.340633, 763.0], [13.133985, 23.01355, 780.0], [12.5955715, 23.36918, 796.0]"}