{"Image number":38455,"Image shape":1,"Path":"[17.09817, 8.1506405, 0.0], [16.582348, 9.042017, 52.0], [15.926537, 10.261427, 69.0], [15.1289, 12.000866, 85.0], [14.478335, 13.916837, 102.0], [13.969833, 15.869384, 118.0], [13.553497, 17.63124, 135.0], [13.134307, 19.261242, 151.0], [12.711585, 20.764027, 168.0], [12.391416, 22.142399, 184.0], [12.111494, 23.54388, 201.0], [11.830666, 24.80765, 217.0], [11.293667, 26.022377, 234.0], [10.831356, 26.597065, 251.0]"}