{"Image number":37670,"Image shape":1,"Path":"[14.768718, 5.5864778, 0.0], [14.815308, 6.2417006, 53.0], [14.909585, 7.1826153, 69.0], [14.955551, 8.490351, 86.0], [15.049023, 9.981202, 103.0], [15.048253, 11.619532, 119.0], [15.048253, 13.293275, 136.0], [15.048253, 14.972397, 152.0], [15.0012665, 16.555965, 169.0], [14.95451, 18.052412, 185.0], [14.862139, 20.034681, 218.0], [14.8155575, 20.641874, 235.0], [14.768983, 21.015959, 252.0], [14.768718, 21.206696, 268.0]"}