{"Image number":30366,"Image shape":1,"Path":"[12.504855, 6.8679714, 0.0], [12.504782, 7.2172637, 111.0], [12.66139, 7.752755, 129.0], [12.857679, 8.566196, 147.0], [13.213137, 10.0927305, 164.0], [13.469965, 11.546404, 182.0], [13.73116, 12.778282, 200.0], [13.953808, 14.362351, 218.0], [14.312714, 15.871186, 235.0], [14.704582, 17.364882, 253.0], [15.173979, 18.615349, 271.0], [15.565862, 19.716908, 289.0], [15.841274, 20.650894, 306.0], [16.186691, 21.482626, 324.0], [16.518202, 22.224678, 342.0], [16.875893, 22.724783, 360.0], [17.11004, 23.024494, 378.0], [17.237894, 23.183727, 395.0]"}