{"Image number":37773,"Image shape":9,"Path":"[21.011648, 11.460741, 0.0], [20.91844, 10.854306, 51.0], [20.77758, 10.008747, 68.0], [20.591932, 8.940812, 84.0], [20.309526, 8.094155, 101.0], [19.890291, 7.352357, 118.0], [18.725, 6.2362604, 151.0], [17.975597, 5.862319, 167.0], [17.279364, 5.6313767, 184.0], [16.537195, 5.5396185, 200.0], [15.883376, 5.6335955, 217.0], [15.280196, 5.86659, 233.0], [13.972598, 6.8951583, 266.0], [12.577131, 8.15241, 299.0], [12.063558, 8.807153, 316.0], [11.690532, 9.414797, 333.0], [11.600492, 9.876489, 349.0], [11.506092, 10.348812, 366.0], [11.554501, 10.859338, 382.0], [12.068024, 12.022401, 415.0], [12.587423, 12.588806, 432.0], [13.279058, 13.046653, 448.0], [14.081853, 13.424467, 465.0], [14.963783, 13.46591, 481.0], [15.894115, 13.465451, 498.0], [16.826267, 13.277438, 515.0], [17.71494, 12.901314, 531.0], [18.449608, 12.39292, 548.0], [19.05913, 11.688973, 564.0], [19.988073, 10.15273, 597.0], [20.26704, 9.641016, 614.0], [20.406776, 9.314329, 630.0], [20.21696, 9.505327, 713.0], [19.558811, 10.494569, 730.0], [18.723562, 11.607573, 746.0], [17.746101, 12.771275, 763.0], [16.857874, 13.612284, 779.0], [15.185192, 15.239883, 812.0], [14.341745, 16.036863, 829.0], [13.134849, 17.618992, 862.0], [12.484423, 18.502481, 879.0], [11.827591, 19.347458, 895.0], [11.177103, 20.231304, 912.0], [10.105023, 21.770988, 945.0], [9.781654, 22.373878, 961.0], [9.548279, 22.888355, 978.0], [9.409683, 23.165249, 994.0], [9.317255, 23.397125, 1011.0], [8.989528, 23.723717, 1044.0], [8.709736, 23.86317, 1061.0], [8.478977, 24.001963, 1077.0], [8.338126, 24.190058, 1094.0]"}