{"Image number":224,"Image shape":1,"Path":"[6.772432, 13.143958, 0.0], [6.978588, 12.907469, 63.0], [7.149337, 12.770131, 74.0], [7.3791943, 12.536999, 88.0], [7.6257396, 12.368506, 104.0], [7.9265175, 12.187681, 119.0], [8.241705, 11.931001, 130.0], [8.562403, 11.70369, 143.0], [8.920384, 11.476768, 157.0], [9.32907, 11.220441, 171.0], [9.73366, 11.02613, 186.0], [10.231974, 10.753024, 200.0], [10.730423, 10.49994, 215.0], [11.255728, 10.245972, 229.0], [11.800934, 9.973282, 244.0], [12.299822, 9.741965, 262.0], [12.810991, 9.451007, 273.0], [13.293865, 9.131674, 284.0], [13.791441, 8.814932, 300.0], [14.279329, 8.460745, 311.0], [14.771738, 8.090075, 325.0], [15.2520895, 7.75268, 339.0], [15.712716, 7.506835, 353.0], [16.123419, 7.235743, 367.0], [16.525833, 7.0194654, 382.0], [16.91026, 6.853233, 396.0], [17.239733, 6.6715927, 409.0], [17.514675, 6.5753794, 425.0], [17.785936, 6.4849296, 437.0], [18.034536, 6.4180894, 450.0], [18.258915, 6.340651, 466.0], [18.485619, 6.2499394, 479.0], [18.661541, 6.2097397, 494.0], [18.84262, 6.1644535, 509.0], [18.992758, 6.150787, 522.0], [19.214664, 6.150787, 548.0], [19.396553, 6.286005, 576.0], [19.552666, 6.5424943, 618.0], [19.589079, 6.81331, 646.0], [19.589079, 7.042959, 661.0], [19.569267, 7.269716, 676.0], [19.552666, 7.4973702, 689.0], [19.514748, 7.7624297, 707.0], [19.516254, 7.962668, 717.0], [19.424412, 8.306255, 730.0], [19.351196, 8.668804, 743.0], [19.297556, 9.066713, 758.0], [19.16024, 9.47739, 772.0], [19.062214, 9.898674, 788.0], [18.926443, 10.324699, 801.0], [18.755714, 10.801655, 815.0], [18.619202, 11.254459, 829.0], [18.393219, 11.745632, 843.0], [18.212292, 12.198099, 856.0], [17.996948, 12.719411, 870.0], [17.770021, 13.2642145, 884.0], [17.597979, 13.801475, 898.0], [17.354628, 14.3489, 912.0], [17.129316, 14.85664, 926.0], [16.860783, 15.43919, 941.0], [16.642832, 15.919964, 955.0], [16.41553, 16.45662, 968.0], [16.22032, 16.956743, 982.0], [16.039192, 17.414078, 996.0], [15.86058, 17.90993, 1012.0], [15.714567, 18.389807, 1026.0], [15.563892, 18.813028, 1038.0], [15.429641, 19.215916, 1052.0], [15.341061, 19.627544, 1067.0], [15.214638, 20.01196, 1080.0], [15.153796, 20.373676, 1094.0], [15.069677, 20.737679, 1108.0], [14.980392, 21.048052, 1122.0], [14.889371, 21.327612, 1137.0], [14.827106, 21.554718, 1150.0], [14.745255, 21.742065, 1163.0], [14.609129, 21.968628, 1178.0], [14.509354, 22.12257, 1192.0], [14.346595, 22.285383, 1206.0], [14.128716, 22.467163, 1220.0], [13.906826, 22.600597, 1234.0], [13.607098, 22.738092, 1248.0], [13.2632675, 22.900412, 1262.0], [12.900421, 23.011787, 1275.0], [12.496151, 23.145676, 1289.0], [12.036264, 23.228931, 1305.0], [11.561616, 23.318945, 1317.0], [11.061237, 23.409954, 1332.0], [10.610496, 23.457394, 1347.0], [10.10339, 23.502981, 1360.0], [9.667918, 23.46443, 1373.0], [9.213069, 23.418932, 1387.0], [8.804965, 23.373987, 1401.0], [8.448379, 23.328804, 1416.0], [8.143642, 23.224316, 1429.0], [7.8895473, 23.102251, 1443.0], [7.6634374, 22.966541, 1457.0], [7.487213, 22.88033, 1471.0], [7.288357, 22.69907, 1498.0], [7.6419997, 22.59368, 1540.0], [8.01593, 22.577454, 1555.0], [8.500551, 22.577454, 1569.0], [9.134948, 22.577454, 1585.0], [9.860393, 22.577454, 1597.0], [10.630067, 22.549715, 1610.0], [11.440792, 22.54103, 1626.0], [12.289678, 22.49593, 1639.0], [13.099994, 22.432644, 1654.0], [13.916513, 22.341892, 1668.0], [14.699846, 22.215023, 1680.0], [15.419113, 22.12456, 1695.0], [16.071936, 22.017551, 1709.0], [16.678978, 21.90741, 1723.0], [17.058517, 21.848999, 1736.0]"}