{"Image number":37779,"Image shape":9,"Path":"[18.635607, 7.6378083, 0.0], [18.118483, 7.1678777, 52.0], [17.375761, 6.7976565, 69.0], [16.251223, 6.6107516, 86.0], [15.186518, 6.798888, 102.0], [14.017374, 7.173492, 119.0], [12.9492445, 7.6856275, 135.0], [12.152372, 8.154973, 152.0], [11.502338, 8.66752, 168.0], [10.43074, 9.929338, 201.0], [9.968151, 10.764844, 218.0], [9.643509, 11.554999, 234.0], [9.503125, 12.305438, 251.0], [9.457043, 12.912858, 268.0], [9.5988035, 13.471319, 284.0], [9.830405, 13.931907, 301.0], [10.2062235, 14.307862, 317.0], [10.629756, 14.541883, 334.0], [11.229438, 14.724678, 350.0], [11.9346485, 14.677074, 367.0], [13.802209, 14.113831, 400.0], [14.868236, 13.555384, 416.0], [16.875742, 12.010724, 450.0], [17.612116, 11.13265, 466.0], [18.218613, 10.198417, 483.0], [18.639286, 9.214335, 499.0], [18.917032, 8.425005, 516.0], [19.102922, 7.772679, 532.0], [19.196012, 7.4466414, 549.0], [19.241264, 7.21788, 582.0], [19.007193, 7.4993525, 615.0], [18.72656, 8.061854, 631.0], [18.356064, 8.849974, 648.0], [17.88975, 9.923242, 665.0], [17.327614, 11.141984, 681.0], [16.163666, 13.751045, 714.0], [15.508844, 15.061176, 731.0], [14.948963, 16.275969, 747.0], [14.346303, 17.481104, 764.0], [13.833414, 18.601473, 780.0], [13.364542, 19.633764, 797.0], [12.99707, 20.508255, 813.0], [12.669807, 21.209715, 830.0], [12.387989, 21.820803, 847.0], [12.204947, 22.327255, 863.0], [12.01862, 22.886965, 880.0], [11.833245, 23.303331, 896.0], [11.50741, 23.86206, 929.0], [11.413009, 24.098324, 946.0], [11.179653, 24.657948, 995.0]"}