{"Image number":37781,"Image shape":9,"Path":"[18.961731, 7.824293, 0.0], [18.446623, 7.543252, 70.0], [17.693552, 7.21372, 87.0], [15.6436405, 6.9846444, 120.0], [14.532986, 7.1253242, 136.0], [13.59467, 7.3604136, 153.0], [12.764259, 7.68487, 169.0], [12.06634, 8.057514, 186.0], [11.505721, 8.618618, 202.0], [10.991288, 9.368205, 219.0], [10.527332, 10.345585, 235.0], [10.245471, 11.335286, 252.0], [10.155084, 12.26653, 268.0], [10.156405, 13.140613, 285.0], [10.249967, 13.981724, 302.0], [10.762922, 15.378423, 335.0], [11.232583, 15.847759, 351.0], [11.788768, 16.123728, 368.0], [12.493849, 16.170008, 384.0], [13.236987, 15.981564, 401.0], [14.167193, 15.608368, 417.0], [15.050409, 15.049205, 434.0], [15.983252, 14.348837, 451.0], [16.775564, 13.555173, 467.0], [17.564705, 12.67217, 484.0], [18.87065, 10.898441, 517.0], [19.386362, 9.959165, 533.0], [19.803444, 9.217391, 550.0], [20.129045, 8.800002, 569.0], [19.286875, 9.923587, 666.0], [18.257446, 11.375179, 682.0], [17.051208, 12.999741, 699.0], [16.018976, 14.408307, 715.0], [15.091267, 15.708272, 732.0], [14.252133, 17.061895, 748.0], [13.41469, 18.412043, 765.0], [12.670954, 19.714888, 781.0], [11.920751, 20.793655, 798.0], [11.175082, 21.86629, 815.0], [10.574159, 22.79206, 831.0], [9.780518, 24.428228, 864.0], [9.408054, 24.844303, 881.0], [9.079983, 25.0776, 897.0], [8.80329, 25.214993, 914.0]"}