{"Image number":38880,"Image shape":9,"Path":"[18.635607, 9.875623, 0.0], [18.023731, 9.2160845, 68.0], [17.085611, 8.466935, 85.0], [15.919061, 7.8162336, 102.0], [14.762774, 7.543139, 118.0], [13.735464, 7.450569, 135.0], [12.054376, 8.064254, 168.0], [11.3580675, 8.908171, 184.0], [10.803984, 9.930807, 201.0], [10.338758, 11.285875, 217.0], [10.201324, 12.689602, 234.0], [10.156098, 14.08077, 250.0], [10.156405, 15.2926, 267.0], [10.57682, 17.011444, 300.0], [11.043534, 17.33636, 316.0], [11.556589, 17.428707, 333.0], [12.25995, 17.334066, 352.0], [14.174009, 15.880225, 383.0], [15.235641, 14.6297655, 399.0], [16.178513, 13.450284, 416.0], [17.521444, 11.875691, 449.0], [17.891777, 11.271665, 465.0], [18.07711, 10.853382, 482.0], [18.170004, 10.574083, 498.0], [17.84175, 11.561743, 598.0], [17.416155, 12.88471, 614.0], [16.854353, 14.522847, 631.0], [16.34663, 16.04797, 647.0], [15.839957, 17.662338, 664.0], [15.321983, 19.358717, 680.0], [14.759964, 20.902302, 697.0], [14.247135, 22.396595, 714.0], [13.873527, 23.854124, 730.0], [13.5546665, 25.03767, 747.0], [13.1292095, 26.027296, 763.0]"}