{"Image number":36696,"Image shape":8,"Path":"[17.05158, 2.835831, 0.0], [16.30298, 3.023293, 51.0], [15.271042, 3.5873127, 68.0], [14.062039, 4.4263835, 85.0], [13.039543, 5.5457296, 101.0], [12.201942, 6.7114735, 118.0], [11.733923, 7.934472, 134.0], [11.50394, 9.05348, 151.0], [11.694243, 10.017593, 167.0], [12.166264, 10.913707, 184.0], [13.014476, 11.946693, 200.0], [14.235515, 12.879287, 217.0], [15.631929, 13.808216, 233.0], [16.844984, 14.601596, 250.0], [17.52829, 15.389187, 267.0], [17.89569, 16.086569, 283.0], [18.031586, 16.736572, 300.0], [18.124718, 17.535027, 316.0], [17.981745, 18.464697, 333.0], [17.702398, 19.43796, 349.0], [17.041834, 20.37931, 366.0], [16.11732, 21.253538, 382.0], [14.93825, 21.9606, 399.0], [13.694866, 22.417562, 415.0], [12.145484, 22.604921, 432.0], [9.585672, 22.60222, 465.0], [8.935584, 22.31939, 482.0], [8.614673, 21.851114, 498.0], [8.806192, 20.362919, 531.0], [9.463125, 19.566069, 548.0], [10.487132, 18.589378, 564.0], [11.809916, 17.407791, 581.0], [13.296277, 16.05954, 597.0], [14.882462, 14.564989, 614.0], [16.369001, 13.076213, 631.0], [17.580555, 11.485778, 647.0], [18.553072, 9.952129, 664.0], [19.29731, 8.458061, 680.0], [19.804214, 7.2556567, 697.0], [20.174011, 5.2975597, 730.0], [19.561993, 4.182987, 763.0], [18.819794, 3.860546, 779.0], [17.832325, 3.7200217, 796.0], [16.809425, 3.6745925, 813.0], [15.791174, 3.6750116, 829.0]"}