{"Image number":10282,"Image shape":3,"Path":"[7.077778, 9.955556, 0.0], [7.225151, 9.727676, 38.0], [7.462328, 9.493228, 55.0], [7.967366, 9.093919, 72.0], [8.851656, 8.487785, 88.0], [10.064484, 7.7699785, 105.0], [11.610773, 7.174061, 122.0], [12.951219, 6.6689873, 138.0], [13.8057785, 6.4287777, 155.0], [14.590474, 6.3457346, 172.0], [15.418165, 6.2910113, 188.0], [16.259394, 6.3873434, 205.0], [16.922424, 6.574141, 222.0], [17.511501, 6.842602, 239.0], [18.102718, 7.1413817, 255.0], [18.522549, 7.424837, 272.0], [18.997223, 7.972222, 289.0], [19.17753, 8.365008, 305.0], [19.356823, 8.778884, 322.0], [19.493496, 9.330891, 339.0], [19.561134, 9.916911, 355.0], [19.505611, 10.471659, 372.0], [19.175358, 11.0840645, 389.0], [18.814058, 11.662827, 405.0], [18.260357, 12.298872, 422.0], [17.568697, 12.890464, 439.0], [16.956127, 13.394986, 456.0], [16.317434, 13.901546, 472.0], [15.6088, 14.487426, 489.0], [15.012505, 15.031056, 506.0], [14.538577, 15.617627, 522.0], [14.1687, 16.09421, 539.0], [13.7277775, 16.644445, 556.0], [13.099857, 17.344597, 572.0], [12.481655, 18.06764, 589.0], [11.878459, 18.846102, 606.0], [11.492859, 19.352114, 622.0], [11.000473, 19.951893, 639.0], [10.546382, 20.56572, 656.0], [10.194603, 21.133068, 672.0], [9.996735, 21.539865, 690.0], [9.738488, 22.056356, 706.0], [9.569206, 22.394924, 723.0], [9.407619, 22.691006, 739.0], [9.287234, 22.919975, 756.0], [9.179463, 23.078028, 773.0], [9.3527775, 23.002777, 1307.0], [7.1944447, 8.944445, 0.0], [7.1944447, 8.444218, 36.0], [7.5531335, 8.071571, 52.0], [7.8949327, 7.842268, 69.0], [8.795742, 7.5050216, 86.0], [9.901192, 7.1218243, 103.0], [11.072423, 6.7506933, 119.0], [12.251985, 6.5541854, 135.0], [13.217605, 6.405692, 152.0], [14.077777, 6.241667, 169.0], [14.811491, 6.186481, 185.0], [15.563681, 6.1833334, 202.0], [16.494047, 6.23745, 219.0], [17.154707, 6.3468156, 236.0], [17.576054, 6.455125, 253.0], [18.036186, 6.684761, 269.0], [18.519258, 6.9924684, 286.0], [18.822222, 7.311111, 303.0], [18.968472, 8.009672, 319.0], [19.082573, 8.678774, 336.0], [18.970404, 9.178888, 353.0], [18.718678, 9.911034, 369.0], [18.459267, 10.466284, 386.0], [18.195946, 11.013666, 402.0], [17.83641, 11.639961, 419.0], [17.415352, 12.057642, 436.0], [16.903496, 12.463328, 453.0], [16.338673, 12.914618, 469.0], [15.9731245, 13.203196, 486.0], [15.472649, 13.564147, 503.0], [15.137728, 13.858137, 520.0], [14.686508, 14.190475, 536.0], [14.353431, 14.457327, 553.0], [14.079987, 14.736681, 569.0], [13.845774, 14.970894, 586.0], [13.627416, 15.189251, 603.0], [13.444359, 15.333418, 619.0], [13.186941, 15.551949, 653.0], [13.144444, 15.730556, 703.0], [13.066667, 15.906036, 853.0], [13.209041, 16.130102, 937.0], [13.462674, 16.186981, 953.0], [13.900408, 16.30564, 970.0], [14.40909, 16.4156, 987.0], [15.026577, 16.55827, 1003.0], [15.637848, 16.660095, 1020.0], [16.266996, 16.726799, 1037.0], [17.033333, 16.722221, 1053.0], [17.616362, 16.794422, 1070.0], [18.29904, 16.850384, 1087.0], [18.79185, 16.838888, 1103.0], [19.18979, 16.838888, 1120.0], [19.682251, 16.838888, 1137.0], [19.968443, 16.838888, 1154.0], [20.239885, 16.923733, 1170.0], [20.512714, 17.032864, 1187.0], [20.675861, 17.17912, 1204.0], [20.842297, 17.342297, 1220.0], [20.980555, 17.597221, 1238.0], [21.113365, 18.147902, 1254.0], [21.169397, 18.635696, 1271.0], [21.155556, 19.152761, 1287.0], [21.11105, 19.606049, 1304.0], [21.058334, 20.086111, 1320.0], [20.81513, 20.591959, 1337.0], [20.654673, 20.96317, 1354.0], [20.395819, 21.315989, 1371.0], [20.106651, 21.659796, 1387.0], [19.73927, 22.079723, 1404.0], [19.52526, 22.319183, 1421.0], [19.294825, 22.596746, 1438.0], [19.036112, 22.905556, 1454.0], [18.792107, 23.169004, 1471.0], [18.546432, 23.367298, 1488.0], [18.273876, 23.522339, 1504.0], [17.848988, 23.761673, 1521.0], [17.518398, 23.92691, 1538.0], [17.184834, 24.129099, 1554.0], [16.774378, 24.290857, 1571.0], [16.40386, 24.405746, 1588.0], [16.049541, 24.456558, 1604.0], [15.681297, 24.509815, 1621.0], [15.228742, 24.563793, 1638.0], [14.845075, 24.577778, 1654.0], [14.518946, 24.577778, 1672.0], [14.0525875, 24.577778, 1688.0], [13.579818, 24.531092, 1705.0], [13.3, 24.480555, 1721.0], [12.94762, 24.354877, 1738.0], [12.667997, 24.198576, 1755.0], [12.457552, 24.05933, 1771.0], [12.239341, 23.950224, 1788.0], [11.848336, 23.66403, 1821.0], [11.630924, 23.453146, 1838.0], [11.493453, 23.257935, 1855.0], [11.28607, 23.0694, 1872.0], [11.065433, 22.877161, 1905.0], [10.849999, 22.769445, 1938.0], [10.646317, 22.667603, 1972.0], [10.480556, 22.613888, 1989.0], [10.276848, 22.580091, 2022.0], [10.111111, 22.536112, 2055.0]"}