{"Image number":37518,"Image shape":1,"Path":"[14.4425955, 6.379038, 0.0], [14.395256, 6.945244, 69.0], [14.3013735, 7.601371, 85.0], [14.256079, 8.480053, 102.0], [14.256239, 9.325829, 118.0], [14.209108, 10.259415, 135.0], [14.115303, 11.098284, 151.0], [14.021918, 11.892036, 168.0], [13.929158, 12.539731, 185.0], [13.930115, 13.099215, 201.0], [13.882856, 13.612704, 218.0], [13.883527, 14.080111, 234.0], [13.836662, 14.6811905, 251.0], [13.74309, 15.241076, 267.0], [13.650055, 15.846558, 284.0], [13.556261, 16.362255, 300.0], [13.463488, 16.919847, 317.0], [13.417059, 17.43462, 334.0], [13.32374, 17.85107, 350.0], [13.324458, 18.271715, 367.0], [13.277577, 18.736565, 383.0], [13.27787, 19.246546, 400.0], [13.27787, 19.713383, 416.0], [13.27787, 20.277231, 433.0], [13.27787, 20.743134, 449.0], [13.27787, 21.209549, 466.0], [13.27787, 21.579096, 482.0], [13.325094, 21.908337, 499.0], [13.324458, 22.234266, 515.0], [13.371412, 22.559126, 532.0], [13.418078, 22.79189, 549.0], [13.417637, 23.024889, 565.0], [13.417637, 23.350296, 598.0], [13.417637, 23.682682, 615.0], [13.36844, 23.970871, 631.0]"}