{"Image number":38619,"Image shape":4,"Path":"[11.600665, 7.544566, 0.0], [11.600665, 8.296924, 53.0], [11.553514, 9.281365, 70.0], [11.3203945, 11.840349, 103.0], [11.04027, 13.051615, 119.0], [10.804817, 14.1357975, 136.0], [10.618448, 15.022236, 152.0], [10.575226, 15.616289, 169.0], [10.622969, 16.035675, 185.0], [10.763215, 16.358652, 202.0], [11.04416, 16.685299, 219.0], [11.422505, 16.872894, 235.0], [12.357061, 17.244757, 268.0], [12.910829, 17.43014, 285.0], [13.565909, 17.569935, 301.0], [14.266615, 17.710052, 318.0], [14.957512, 17.801542, 334.0], [15.714996, 17.801216, 351.0], [16.455915, 17.801216, 367.0], [17.85796, 17.801216, 400.0], [18.4618, 17.801216, 417.0], [18.967411, 17.75408, 434.0], [19.385378, 17.754595, 450.0], [19.758068, 17.754595, 467.0], [20.081833, 17.614079, 500.0], [19.800283, 17.5681, 582.0], [19.139307, 17.473612, 599.0], [18.534353, 17.333141, 615.0], [18.072277, 17.099764, 632.0], [17.935307, 16.86635, 649.0], [18.031305, 16.490393, 665.0], [18.312607, 15.741552, 682.0], [18.780636, 14.712638, 698.0], [19.4817, 13.499076, 715.0], [20.135214, 12.425386, 731.0], [20.785557, 11.497562, 748.0], [21.297523, 10.752192, 764.0], [21.710997, 10.154606, 781.0], [22.036861, 9.642003, 814.0], [21.75579, 9.643029, 930.0], [21.145433, 10.207493, 946.0], [20.489899, 10.911227, 963.0], [19.697983, 12.080315, 980.0], [19.00127, 13.291187, 996.0], [18.299944, 14.885726, 1013.0], [17.646318, 16.523138, 1029.0], [16.903263, 18.051968, 1046.0], [15.647269, 20.705019, 1079.0], [15.136844, 21.914726, 1095.0], [14.574699, 22.89634, 1112.0], [14.156563, 23.829792, 1128.0], [13.87968, 24.571548, 1145.0], [13.741543, 25.319054, 1162.0], [13.414246, 25.778276, 1178.0], [12.896952, 26.294477, 1195.0]"}