{"Image number":37456,"Image shape":8,"Path":"[13.976706, 12.812754, 0.0], [13.268906, 12.482266, 85.0], [11.879158, 11.693195, 118.0], [11.459088, 11.319268, 135.0], [11.037119, 10.849687, 151.0], [10.712983, 10.196985, 168.0], [10.481598, 9.499863, 184.0], [10.34129, 8.843083, 201.0], [10.248875, 8.33322, 217.0], [10.249584, 7.4494305, 250.0], [10.296275, 7.0308084, 267.0], [10.669201, 6.2387, 300.0], [11.042086, 5.8190336, 317.0], [11.465733, 5.3951554, 333.0], [11.92829, 5.072593, 350.0], [12.396102, 4.7918625, 369.0], [12.910196, 4.65268, 383.0], [13.4656315, 4.560579, 402.0], [14.632135, 4.60768, 432.0], [15.744377, 5.118787, 465.0], [16.21235, 5.399616, 482.0], [16.633142, 5.6335783, 499.0], [16.960436, 5.867658, 515.0], [17.239494, 6.194372, 532.0], [17.378029, 6.426203, 548.0], [17.424305, 6.7521076, 565.0], [17.424292, 7.080012, 581.0], [17.424177, 7.6851215, 614.0], [17.330044, 8.014527, 631.0], [17.096838, 8.432766, 647.0], [16.818338, 8.943745, 664.0], [16.442799, 9.460329, 681.0], [16.1193, 9.829573, 697.0], [15.791885, 10.20402, 714.0], [15.370808, 10.672149, 730.0], [14.904899, 11.231943, 747.0], [14.488018, 11.788645, 763.0], [14.068608, 12.30148, 780.0], [13.650148, 12.813286, 796.0], [13.180848, 13.329818, 813.0], [12.668151, 13.842484, 829.0], [12.203242, 14.448502, 848.0], [11.785761, 15.052391, 863.0], [11.412554, 15.706341, 879.0], [10.991121, 16.362011, 896.0], [10.714312, 17.058184, 912.0], [10.528394, 17.757315, 929.0], [10.388822, 18.316166, 945.0], [10.296164, 18.87356, 962.0], [10.202566, 19.43553, 978.0], [10.202994, 19.949265, 995.0], [10.249905, 20.415216, 1012.0], [10.436889, 20.833729, 1028.0], [10.764193, 21.300846, 1045.0], [11.183331, 21.625679, 1061.0], [11.648236, 21.951187, 1078.0], [12.679038, 22.607178, 1111.0], [13.234911, 22.790888, 1127.0], [14.358909, 22.836298, 1160.0], [15.004431, 22.78948, 1177.0], [15.616121, 22.69508, 1194.0], [16.317745, 22.459465, 1210.0], [16.964973, 22.180782, 1227.0], [17.524698, 21.900259, 1243.0], [17.986822, 21.528137, 1260.0], [18.361023, 21.247467, 1276.0], [18.82485, 20.92281, 1293.0], [19.199244, 20.641678, 1309.0], [19.430685, 20.219997, 1326.0], [19.474607, 19.849354, 1342.0], [19.521364, 19.380657, 1359.0], [19.5208, 18.913712, 1375.0], [19.331554, 18.399342, 1392.0], [18.819357, 17.844994, 1409.0], [18.21087, 17.236326, 1425.0], [17.321165, 16.534586, 1442.0], [16.626007, 15.836853, 1458.0], [15.132754, 14.622916, 1491.0], [14.578458, 13.973722, 1508.0], [14.160513, 13.415432, 1526.0]"}