{"Image number":36617,"Image shape":0,"Path":"[14.908485, 7.078354, 0.0], [14.535773, 7.171596, 36.0], [13.639018, 7.454979, 52.0], [12.328743, 8.207181, 69.0], [10.929338, 9.378702, 85.0], [9.773988, 10.867099, 102.0], [8.709042, 12.444379, 118.0], [8.050859, 14.235943, 135.0], [7.6842914, 16.04374, 151.0], [7.6871877, 17.773848, 168.0], [8.112076, 19.36083, 184.0], [8.947744, 20.228321, 201.0], [10.220487, 20.65094, 217.0], [11.651095, 20.645107, 234.0], [13.101463, 20.316511, 251.0], [14.610001, 19.701447, 267.0], [16.089264, 18.675972, 284.0], [17.61584, 17.564333, 300.0], [18.984844, 16.524899, 317.0], [20.233171, 15.411496, 333.0], [20.975384, 14.572732, 350.0], [21.342936, 13.733548, 366.0], [21.33777, 12.992474, 383.0], [20.86689, 12.198189, 400.0], [20.02807, 11.174645, 416.0], [18.711306, 10.188852, 433.0], [17.509914, 9.076084, 449.0], [16.254255, 8.287159, 466.0], [14.948978, 7.8689528, 482.0], [13.694715, 7.9176264, 499.0], [12.473068, 8.435782, 515.0]"}