{"Image number":30669,"Image shape":2,"Path":"[12.466019, 8.111444, 0.0], [12.596412, 7.9032574, 113.0], [12.837332, 7.706732, 131.0], [13.087379, 7.509137, 148.0], [13.403516, 7.2688255, 166.0], [13.689556, 7.1126385, 184.0], [14.058112, 6.8902974, 202.0], [14.369991, 6.6925783, 219.0], [14.742438, 6.563045, 237.0], [15.007538, 6.393041, 255.0], [15.219263, 6.261883, 273.0], [15.41515, 6.1304364, 290.0], [15.769897, 5.960304, 326.0], [16.001472, 5.7791977, 344.0], [16.223083, 5.648895, 361.0], [16.483074, 5.4659815, 379.0], [16.786503, 5.3485656, 397.0], [17.045479, 5.228499, 415.0], [17.305908, 5.14239, 432.0], [17.60519, 5.050253, 468.0], [17.91886, 5.0027623, 503.0], [18.18602, 4.925045, 521.0], [18.446602, 4.925045, 539.0], [18.80131, 5.0174465, 557.0], [19.043081, 5.075501, 575.0], [19.3862, 5.200837, 592.0], [19.695866, 5.379734, 610.0], [19.950354, 5.461852, 628.0], [20.190617, 5.583861, 646.0], [20.333368, 5.7637744, 663.0], [20.461557, 5.9652944, 681.0], [20.59054, 6.2234154, 699.0], [20.72329, 6.4890814, 717.0], [20.776228, 6.865134, 734.0], [20.841408, 7.217613, 752.0], [20.85437, 7.58852, 770.0], [20.893206, 7.963188, 788.0], [20.893206, 8.390821, 805.0], [20.893206, 8.7809725, 823.0], [20.85437, 9.170904, 841.0], [20.815535, 9.637894, 859.0], [20.759905, 10.094304, 876.0], [20.530153, 10.595649, 894.0], [20.265583, 11.007653, 912.0], [20.004847, 11.464224, 930.0], [19.788124, 11.922052, 948.0], [19.51551, 12.274206, 965.0], [19.321999, 12.654673, 983.0], [19.209538, 12.957449, 1001.0], [19.044765, 13.258766, 1019.0], [18.912622, 13.6293545, 1036.0], [18.608536, 14.058268, 1054.0], [18.345608, 14.534801, 1072.0], [18.08458, 14.869045, 1090.0], [17.821556, 15.198025, 1107.0], [17.561974, 15.561556, 1125.0], [17.268064, 15.903399, 1143.0], [17.048214, 16.15549, 1161.0], [16.854584, 16.465744, 1178.0], [16.69831, 16.764904, 1196.0], [16.555298, 17.13063, 1214.0], [16.42604, 17.444366, 1232.0], [16.228722, 17.80732, 1249.0], [16.03259, 18.188303, 1267.0], [15.839321, 18.495579, 1285.0], [15.64798, 18.775814, 1303.0], [15.441792, 19.006363, 1321.0], [15.248929, 19.238201, 1338.0], [15.083933, 19.42617, 1356.0], [14.897117, 19.686068, 1374.0], [14.58272, 19.943674, 1392.0], [14.420308, 20.138767, 1409.0], [14.233009, 20.274164, 1427.0], [13.989685, 20.575924, 1463.0], [13.592667, 20.934328, 1498.0], [13.331369, 21.045843, 1516.0], [13.003799, 21.214012, 1534.0], [12.6925125, 21.346035, 1551.0], [12.43384, 21.512644, 1569.0], [12.171828, 21.645393, 1587.0], [11.910835, 21.72452, 1605.0], [11.571444, 21.907045, 1623.0], [11.25723, 22.037388, 1640.0], [10.874695, 22.164978, 1658.0], [10.473266, 22.337727, 1676.0], [10.177695, 22.400934, 1693.0], [9.915824, 22.521502, 1711.0], [9.572563, 22.648468, 1729.0], [9.245087, 22.714006, 1747.0], [8.923041, 22.778456, 1765.0], [8.594572, 22.84419, 1782.0], [8.260847, 22.948439, 1800.0], [7.9695883, 22.955404, 1818.0], [7.675149, 22.99426, 1836.0], [7.505499, 22.99426, 1853.0], [7.1506, 22.946932, 1889.0], [6.8881445, 22.846012, 1907.0], [6.5878716, 22.715214, 1925.0], [6.277279, 22.584534, 1942.0], [5.914798, 22.378471, 1960.0], [5.5705523, 22.12943, 1978.0], [5.2139516, 21.852108, 1996.0], [4.898922, 21.410599, 2013.0], [4.789415, 21.19336, 2031.0], [4.776699, 20.95727, 2049.0], [4.776699, 20.732264, 2067.0], [4.871235, 20.445694, 2084.0], [5.002595, 20.171827, 2102.0], [5.2567306, 19.790339, 2120.0], [5.4784713, 19.45539, 2138.0], [5.738928, 19.082527, 2155.0], [5.9605956, 18.773968, 2173.0], [6.3986263, 18.340385, 2191.0], [6.9054666, 18.005415, 2209.0], [7.3871193, 17.685831, 2227.0], [7.900922, 17.283386, 2244.0], [8.452817, 16.948303, 2262.0], [9.040629, 16.66816, 2280.0], [9.554754, 16.368204, 2297.0], [10.012716, 16.111214, 2315.0], [10.339364, 15.980476, 2333.0], [10.552488, 15.849606, 2351.0], [10.837004, 15.766574, 2368.0], [11.163271, 15.716416, 2386.0], [11.5269985, 15.727716, 2404.0], [11.883493, 15.727716, 2422.0], [12.361009, 15.835174, 2440.0], [12.859129, 16.001844, 2457.0], [13.405166, 16.24978, 2475.0], [14.040023, 16.520905, 2493.0], [14.543417, 16.863129, 2511.0], [15.073876, 17.337091, 2528.0], [15.472828, 17.780596, 2546.0], [15.866167, 18.200909, 2564.0], [16.256447, 18.596886, 2582.0], [16.592976, 18.924572, 2599.0], [16.96502, 19.213627, 2617.0], [17.246256, 19.42988, 2635.0], [17.514345, 19.574606, 2653.0], [17.868893, 19.83698, 2670.0], [18.259264, 19.952625, 2688.0]"}