{"Image number":37098,"Image shape":7,"Path":"[9.131447, 9.409411, 0.0], [9.364392, 9.409411, 53.0], [9.976731, 9.409411, 70.0], [10.9564705, 9.409411, 86.0], [12.078636, 9.456536, 103.0], [13.249689, 9.50339, 119.0], [14.409824, 9.549828, 136.0], [15.662212, 9.690061, 152.0], [16.78072, 9.830087, 169.0], [17.761797, 10.017655, 185.0], [18.505102, 10.109888, 202.0], [18.968027, 10.203231, 218.0], [19.241892, 10.248695, 235.0], [19.333958, 10.483158, 318.0], [19.287184, 10.670862, 334.0], [18.958193, 11.422213, 351.0], [18.538467, 12.355352, 367.0], [18.070951, 13.478872, 384.0], [17.605883, 14.595804, 400.0], [17.141691, 15.851418, 417.0], [16.719296, 17.167702, 434.0], [16.350445, 18.415062, 450.0], [15.88189, 19.632357, 467.0], [15.46274, 20.656878, 483.0], [15.185975, 21.584345, 500.0], [15.000343, 22.469599, 516.0], [14.90837, 23.536926, 533.0], [14.86153, 24.71029, 549.0], [14.767272, 25.979437, 566.0]"}