{"Image number":35336,"Image shape":3,"Path":"[9.6905155, 6.518901, 0.0], [10.299318, 6.190836, 52.0], [11.279636, 5.7707777, 69.0], [12.541577, 5.350326, 86.0], [13.701208, 5.213025, 102.0], [14.675766, 5.353405, 119.0], [15.426686, 5.8231606, 135.0], [15.891775, 6.5262866, 152.0], [16.123743, 7.561928, 168.0], [16.026045, 8.670405, 185.0], [15.556475, 9.933745, 201.0], [14.721588, 11.135176, 218.0], [13.83098, 12.166962, 234.0], [12.897955, 12.864781, 251.0], [12.389671, 13.187638, 268.0], [12.062937, 13.28, 284.0], [12.678723, 13.326237, 317.0], [13.476878, 13.372952, 334.0], [14.497897, 13.513262, 350.0], [15.525435, 13.700611, 367.0], [16.549297, 14.122321, 383.0], [17.388018, 14.637286, 400.0], [18.218489, 16.364708, 433.0], [18.310284, 17.34342, 449.0], [18.169283, 18.410618, 466.0], [17.793982, 19.535269, 483.0], [17.092913, 20.559578, 499.0], [16.158834, 21.35085, 516.0], [14.936732, 22.054329, 532.0], [13.502212, 22.465828, 549.0], [12.154154, 22.74421, 565.0], [10.891495, 22.649048, 582.0]"}