{"Image number":37313,"Image shape":5,"Path":"[20.173044, 9.176307, 0.0], [19.605257, 9.317914, 53.0], [18.810085, 9.45813, 70.0], [17.933508, 9.549618, 86.0], [17.136206, 9.737773, 103.0], [16.5364, 9.923075, 119.0], [15.975388, 10.06327, 136.0], [15.508471, 10.156485, 152.0], [15.1878395, 10.201996, 171.0], [14.953863, 10.295696, 186.0], [14.768718, 10.576681, 235.0], [14.768718, 10.949293, 252.0], [14.768718, 11.415251, 269.0], [14.768718, 11.883642, 285.0], [14.721338, 12.307047, 301.0], [14.674904, 12.725245, 318.0], [14.628622, 13.189018, 334.0], [14.535055, 13.561569, 351.0], [14.442358, 13.838897, 384.0], [14.867426, 13.931663, 434.0], [15.192998, 13.978994, 450.0], [15.56341, 14.025239, 467.0], [15.88974, 14.118971, 483.0], [16.077276, 14.165785, 500.0], [16.311337, 14.307739, 516.0], [16.632675, 14.678262, 549.0], [16.67923, 14.865536, 566.0], [16.678867, 15.100991, 583.0], [16.678867, 15.332202, 599.0], [16.584324, 15.566823, 616.0], [16.256945, 15.986271, 649.0], [16.070482, 16.314114, 665.0], [15.885248, 16.685524, 682.0], [15.83986, 17.058527, 698.0], [15.650667, 17.339874, 715.0], [15.373253, 17.662664, 731.0], [14.949661, 17.94469, 748.0], [14.531307, 18.223787, 764.0], [14.208273, 18.40808, 781.0], [13.601644, 18.735317, 814.0], [13.082602, 18.828503, 831.0], [12.570806, 18.968988, 847.0], [11.780388, 18.966743, 880.0], [11.268477, 18.966743, 897.0], [10.709926, 18.966743, 913.0], [10.197687, 18.91964, 930.0], [9.637794, 18.87299, 946.0], [9.033275, 18.732485, 963.0], [8.427839, 18.451708, 980.0], [7.865318, 18.122763, 996.0], [7.2641764, 17.752312, 1013.0], [6.6576805, 17.331856, 1029.0], [6.1919217, 16.817308, 1046.0], [5.726042, 16.398611, 1062.0], [5.4000907, 16.213676, 1079.0]"}