{"Image number":10493,"Image shape":3,"Path":"[7.777778, 9.177777, 0.0], [8.729901, 8.372785, 31.0], [10.203842, 7.5867248, 47.0], [12.135484, 6.80573, 64.0], [14.738889, 6.008333, 81.0], [16.474474, 5.726537, 98.0], [17.74408, 5.6265697, 114.0], [18.358143, 5.9651756, 131.0], [18.549212, 6.9528356, 148.0], [18.387386, 8.20781, 165.0], [17.797058, 9.605675, 181.0], [17.0626, 10.967184, 198.0], [16.26349, 12.25975, 215.0], [15.569504, 13.317968, 231.0], [14.959508, 14.256517, 248.0], [14.412401, 14.746528, 265.0], [14.160547, 14.930006, 281.0], [13.838091, 14.986242, 298.0], [13.5702, 14.82386, 315.0], [13.443108, 14.642441, 332.0], [13.513889, 14.019444, 348.0], [14.505375, 13.701912, 365.0], [15.920387, 13.510078, 382.0], [17.402779, 13.533333, 398.0], [18.439548, 13.870628, 415.0], [19.11003, 14.680592, 432.0], [19.293972, 16.084303, 448.0], [19.37155, 17.505432, 465.0], [19.31416, 18.696032, 482.0], [19.061136, 19.811008, 499.0], [18.608322, 20.805574, 515.0], [17.914402, 21.717752, 532.0], [17.022858, 22.60659, 549.0], [15.973946, 23.39871, 565.0], [14.848546, 23.718002, 582.0], [13.687121, 23.800074, 598.0], [12.355336, 23.693316, 615.0], [11.198333, 23.47754, 632.0], [10.058102, 23.269533, 649.0], [9.0222225, 23.061111, 665.0], [8.202542, 22.688965, 683.0], [7.438052, 22.09974, 699.0], [6.7007957, 21.42593, 716.0], [6.202778, 20.961111, 732.0]"}