{"Image number":10638,"Image shape":1,"Path":"[16.722221, 6.65, 0.0], [16.490042, 7.1143584, 22.0], [16.049734, 8.281631, 39.0], [15.385944, 10.110876, 56.0], [14.685565, 11.797015, 72.0], [13.986163, 13.620565, 89.0], [13.313192, 15.848618, 105.0], [13.019909, 17.491524, 122.0], [12.769689, 19.073288, 139.0], [12.619444, 20.416668, 156.0], [12.638889, 21.386782, 172.0], [12.685349, 22.124691, 189.0], [12.7008705, 22.623632, 206.0], [12.716667, 22.827393, 222.0]"}