{"Image number":30104,"Image shape":1,"Path":"[10.446603, 6.0908012, 0.0], [10.690169, 6.327442, 110.0], [10.95113, 6.653842, 127.0], [11.253642, 7.1618414, 145.0], [11.557328, 7.8266363, 163.0], [12.084681, 8.982702, 181.0], [12.523013, 9.990428, 198.0], [12.868434, 11.0374565, 216.0], [13.19762, 11.917577, 234.0], [13.417112, 12.695292, 252.0], [13.698255, 13.636745, 269.0], [13.896328, 14.449327, 287.0], [13.992021, 15.154159, 305.0], [14.17194, 15.910729, 323.0], [14.406037, 16.641602, 341.0], [14.550051, 17.34621, 358.0], [14.7584, 17.90715, 376.0], [14.914596, 18.492594, 394.0], [15.110252, 19.13289, 411.0], [15.346521, 19.828024, 429.0], [15.540192, 20.409382, 447.0], [15.790266, 21.051271, 465.0], [16.050566, 21.621765, 482.0], [16.31324, 22.055145, 500.0], [16.517159, 22.436008, 518.0], [16.757374, 22.668936, 536.0]"}