{"Image number":36523,"Image shape":6,"Path":"[20.126455, 4.001359, 0.0], [19.421871, 4.283004, 54.0], [18.487892, 4.8453126, 71.0], [17.222816, 5.548262, 87.0], [15.965753, 6.671466, 104.0], [14.707256, 7.7909026, 120.0], [13.597979, 9.090086, 137.0], [12.523909, 10.492841, 153.0], [11.679223, 12.09445, 170.0], [10.987111, 13.811291, 187.0], [10.666635, 15.622567, 203.0], [10.526681, 17.365076, 220.0], [10.766881, 19.000494, 236.0], [12.226074, 21.604576, 269.0], [13.2478695, 22.430292, 286.0], [14.465494, 22.891731, 302.0], [15.704343, 22.836155, 319.0], [16.870508, 22.508469, 335.0], [17.905313, 21.94224, 352.0], [18.692356, 21.242212, 369.0], [19.248354, 20.354145, 385.0], [19.430344, 19.513933, 402.0], [19.47486, 18.958937, 418.0], [19.2383, 18.589031, 435.0], [18.724546, 18.358742, 451.0], [17.830101, 18.171345, 468.0], [16.707066, 17.889858, 484.0], [15.499376, 17.705702, 501.0], [14.238373, 17.518843, 517.0], [12.93575, 17.427107, 534.0], [11.820126, 17.47543, 551.0], [10.798286, 17.66324, 567.0], [10.16846, 18.00631, 584.0], [9.859554, 18.233187, 600.0]"}