{"Image number":10689,"Image shape":0,"Path":"[9.372222, 16.722221, 0.0], [9.623565, 16.253206, 37.0], [9.935523, 15.683024, 54.0], [10.293125, 15.095263, 71.0], [10.826933, 14.165967, 88.0], [11.4573765, 13.150478, 104.0], [12.278458, 11.822692, 121.0], [12.998254, 10.570185, 138.0], [13.698806, 9.330746, 155.0], [14.62317, 8.296791, 171.0], [15.504394, 7.3538446, 188.0], [16.225765, 6.7005396, 205.0], [16.771954, 6.3557153, 221.0], [17.104548, 6.237373, 238.0], [17.628782, 6.2222223, 255.0], [18.230652, 6.3055735, 271.0], [18.833702, 6.588047, 289.0], [19.674158, 7.242237, 305.0], [20.285194, 7.8407493, 322.0], [20.824999, 8.322223, 339.0], [21.412872, 9.037933, 355.0], [21.910969, 9.840503, 372.0], [22.168705, 10.675997, 389.0], [22.290272, 11.14997, 405.0], [22.337864, 11.6675205, 422.0], [22.261414, 12.2323265, 438.0], [21.853611, 12.972848, 455.0], [21.332758, 13.870691, 472.0], [20.344437, 15.602954, 489.0], [19.40053, 17.268673, 505.0], [18.791695, 18.28606, 522.0], [18.252518, 19.008091, 539.0], [17.48987, 19.653128, 556.0], [16.208252, 20.714964, 572.0], [14.935021, 21.970535, 589.0], [13.43778, 23.409504, 606.0], [12.545947, 24.32072, 622.0], [11.902531, 24.818933, 639.0], [11.498986, 24.979294, 656.0], [11.056091, 25.04747, 672.0], [10.569469, 25.101542, 689.0], [10.1028805, 25.122223, 706.0], [9.7267275, 25.122223, 722.0], [9.002778, 24.713888, 739.0], [8.629802, 23.701523, 756.0], [8.396592, 22.418442, 773.0], [8.334698, 20.960428, 789.0], [8.362729, 19.436424, 806.0], [8.530754, 17.617262, 823.0], [8.862661, 16.181574, 839.0], [9.384641, 14.805065, 856.0], [9.954733, 13.860006, 873.0], [10.572162, 13.549517, 889.0], [10.830556, 13.455556, 906.0]"}