{"Image number":39164,"Image shape":6,"Path":"[17.09817, 3.6750116, 0.0], [16.583576, 4.049249, 53.0], [15.925079, 4.850704, 69.0], [14.995546, 6.1075716, 86.0], [14.340607, 7.8003473, 103.0], [13.743588, 9.503146, 119.0], [13.082819, 11.581326, 136.0], [12.524936, 13.632871, 152.0], [12.154797, 15.731048, 169.0], [12.113033, 17.47911, 185.0], [12.019146, 18.885807, 202.0], [12.019966, 19.912573, 218.0], [12.019966, 20.696072, 235.0], [12.067306, 21.402306, 251.0], [12.396254, 21.956629, 268.0], [12.953057, 22.230879, 285.0], [13.610654, 22.324417, 301.0], [14.359281, 22.134516, 318.0], [15.101826, 21.71346, 334.0], [15.988982, 20.963913, 351.0], [16.787882, 19.782623, 367.0], [17.477844, 18.39336, 384.0], [17.98807, 17.089901, 400.0], [18.217981, 16.068851, 417.0], [18.263676, 15.175583, 433.0], [18.075556, 14.440564, 450.0], [17.746376, 13.83091, 467.0], [17.326162, 13.413875, 483.0], [16.673344, 13.183749, 500.0], [16.061468, 13.138198, 516.0], [15.227191, 13.3742695, 533.0], [14.530751, 13.794813, 549.0], [13.541389, 14.455177, 566.0], [12.844389, 15.3482685, 582.0], [12.172217, 16.409595, 599.0], [11.912356, 17.14041, 615.0]"}