{"Image number":39131,"Image shape":8,"Path":"[17.703827, 5.912827, 0.0], [17.091003, 5.9601, 52.0], [16.196093, 6.054469, 69.0], [14.993538, 6.287359, 85.0], [13.82044, 6.7113285, 102.0], [12.900863, 7.4547625, 118.0], [12.33709, 8.304012, 135.0], [12.158898, 9.2271, 151.0], [12.206338, 10.10902, 168.0], [12.6747055, 11.139879, 184.0], [13.42497, 12.358468, 201.0], [14.355907, 13.7079735, 218.0], [15.144287, 15.2426, 234.0], [15.657379, 16.739029, 251.0], [15.985083, 18.291254, 267.0], [16.026941, 19.675652, 284.0], [15.793243, 20.927177, 300.0], [15.322969, 21.914, 317.0], [14.624029, 22.702017, 333.0], [13.788759, 23.25695, 350.0], [12.894638, 23.68047, 366.0], [12.008781, 23.911531, 383.0], [11.119062, 23.908587, 399.0], [10.571449, 23.72068, 416.0], [10.292496, 23.155289, 433.0], [10.34313, 22.269836, 449.0], [10.715948, 20.969793, 466.0], [11.466451, 19.562399, 482.0], [12.401596, 18.1608, 499.0], [13.4814825, 16.895142, 515.0], [14.542072, 15.977512, 532.0], [15.562582, 14.955476, 548.0], [16.410349, 13.965425, 565.0], [17.287527, 12.808804, 581.0], [17.985706, 11.690091, 598.0], [18.497702, 10.524087, 615.0], [18.729061, 8.520853, 648.0], [18.681725, 7.8172235, 664.0], [18.494576, 7.307982, 681.0], [17.004627, 6.891813, 714.0], [15.787068, 7.126247, 730.0], [14.473789, 7.643862, 747.0]"}