{"Image number":30315,"Image shape":5,"Path":"[18.873787, 5.4690647, 0.0], [18.429626, 5.6580048, 61.0], [18.026598, 5.815199, 79.0], [17.610657, 6.0107355, 97.0], [16.94894, 6.3092003, 115.0], [15.645932, 6.75282, 132.0], [14.253312, 7.0641704, 150.0], [13.342371, 7.257458, 168.0], [12.642164, 7.3359146, 186.0], [12.049439, 7.362091, 203.0], [11.577452, 7.3731327, 221.0], [11.369063, 7.3731327, 239.0], [11.104176, 7.3731327, 257.0], [10.899047, 7.3731327, 274.0], [10.708228, 7.3342752, 292.0], [10.448166, 7.2767706, 328.0], [10.289167, 7.315894, 381.0], [9.962617, 7.8806086, 416.0], [9.699903, 8.608693, 434.0], [9.534805, 9.524009, 452.0], [9.403825, 10.405455, 470.0], [9.297192, 11.288704, 487.0], [9.281553, 12.034981, 505.0], [9.359222, 12.643026, 523.0], [9.445395, 13.173397, 541.0], [9.680728, 13.638595, 559.0], [9.8243065, 13.899023, 576.0], [9.993233, 14.0306, 594.0], [10.123627, 14.213211, 612.0], [10.332326, 14.3302965, 630.0], [10.593857, 14.421912, 665.0], [10.914299, 14.376965, 701.0], [11.28661, 14.25588, 718.0], [11.935119, 13.948092, 736.0], [12.548184, 13.665967, 754.0], [13.373756, 13.397709, 772.0], [14.215163, 13.013441, 789.0], [14.790581, 12.793495, 807.0], [15.423824, 12.558842, 825.0], [16.16475, 12.317982, 843.0], [16.765295, 12.201645, 860.0], [17.248625, 12.152733, 878.0], [17.784164, 12.152733, 896.0], [18.416306, 12.263245, 914.0], [19.045233, 12.44054, 932.0], [19.681936, 12.701569, 949.0], [20.03271, 13.193331, 967.0], [20.343302, 13.539206, 985.0], [20.592873, 13.936326, 1003.0], [20.738188, 14.407389, 1020.0], [20.867802, 15.070055, 1038.0], [20.942486, 15.567735, 1056.0], [20.93204, 16.365414, 1074.0], [20.84889, 17.270603, 1091.0], [20.436987, 18.303268, 1109.0], [19.897034, 19.1884, 1127.0], [19.443787, 19.909035, 1145.0], [18.877409, 20.67087, 1163.0], [18.125174, 21.368826, 1180.0], [17.544308, 21.91532, 1198.0], [16.843966, 22.443684, 1216.0], [15.966391, 22.830172, 1234.0], [15.320391, 23.123789, 1251.0], [14.6937275, 23.384775, 1269.0], [13.881723, 23.692904, 1287.0], [13.17464, 23.980356, 1305.0], [12.524429, 24.202732, 1322.0], [11.876432, 24.379747, 1340.0], [11.330502, 24.428335, 1358.0], [10.8305855, 24.37034, 1376.0], [10.420047, 24.20502, 1393.0], [10.0661955, 23.897943, 1411.0], [9.741068, 23.535639, 1429.0], [9.4142475, 23.012407, 1447.0], [9.04908, 22.412348, 1464.0], [8.788169, 21.825186, 1482.0], [8.581836, 21.451725, 1500.0], [8.463846, 21.084757, 1518.0], [8.38835, 20.88032, 1553.0]"}