{"Image number":38834,"Image shape":4,"Path":"[5.497504, 8.290504, 0.0], [5.919731, 8.760479, 67.0], [6.389444, 9.466162, 83.0], [6.992487, 10.394819, 100.0], [7.505212, 11.281829, 116.0], [8.015862, 12.351881, 133.0], [8.624756, 13.334943, 149.0], [9.275422, 14.3109455, 166.0], [10.721282, 15.755336, 199.0], [11.375313, 16.127195, 216.0], [12.115749, 16.309992, 232.0], [12.867472, 16.309338, 249.0], [13.563945, 15.932881, 265.0], [14.258537, 15.375078, 282.0], [14.826501, 14.473382, 298.0], [16.030638, 12.105091, 332.0], [16.494823, 10.848422, 348.0], [16.918028, 9.67186, 365.0], [17.146526, 8.608715, 381.0], [17.334047, 7.5750465, 398.0], [17.377724, 6.844927, 414.0], [17.377705, 6.23832, 431.0], [17.377705, 5.864777, 449.0], [17.330952, 5.5854936, 464.0], [17.237936, 6.530276, 563.0], [17.332193, 7.9809046, 580.0], [17.565357, 9.980029, 596.0], [17.798454, 11.892224, 613.0], [18.30911, 16.119339, 646.0], [18.544786, 18.24204, 662.0], [18.636541, 20.151445, 679.0], [18.68259, 21.683807, 695.0], [18.634996, 23.040493, 712.0], [18.439493, 24.151218, 728.0], [18.252796, 24.783136, 745.0]"}