{"Image number":10285,"Image shape":1,"Path":"[17.655556, 4.4722223, 0.0], [17.372242, 4.636097, 30.0], [17.036692, 5.0899653, 47.0], [16.679022, 5.9139724, 63.0], [16.25124, 7.0210505, 80.0], [15.776327, 8.515316, 97.0], [15.355986, 9.9734955, 113.0], [14.846889, 12.069581, 130.0], [14.271025, 14.083173, 147.0], [14.0275135, 15.679751, 163.0], [13.925597, 17.407108, 180.0], [13.783451, 18.47139, 196.0], [13.667946, 19.625458, 213.0], [13.7136135, 20.511703, 230.0], [13.845416, 21.276434, 247.0], [14.129219, 22.012634, 263.0], [14.286659, 22.287758, 280.0], [14.349999, 22.477777, 297.0]"}