{"Image number":30787,"Image shape":0,"Path":"[13.398059, 6.246236, 0.0], [13.163864, 6.285094, 90.0], [12.918131, 6.4086285, 108.0], [12.628977, 6.6660585, 125.0], [12.339581, 6.999459, 143.0], [12.0424, 7.358958, 161.0], [11.722934, 7.744671, 178.0], [11.122374, 8.449466, 196.0], [10.69431, 8.814047, 214.0], [10.304698, 9.186041, 232.0], [10.034309, 9.500241, 250.0], [9.736169, 9.8257675, 267.0], [9.478523, 10.205613, 285.0], [9.213022, 10.472673, 303.0], [9.025314, 10.771861, 320.0], [8.776699, 11.142412, 338.0], [8.503131, 11.55301, 356.0], [8.21365, 11.9700165, 374.0], [7.8632865, 12.451703, 391.0], [7.5704594, 12.973477, 409.0], [7.31766, 13.371158, 427.0], [7.0969734, 13.838619, 445.0], [6.914853, 14.246628, 462.0], [6.7592154, 14.671764, 480.0], [6.627198, 15.160329, 498.0], [6.549424, 15.576712, 516.0], [6.4052353, 16.085041, 534.0], [6.407767, 16.544014, 551.0], [6.407767, 16.893658, 569.0], [6.407767, 17.383379, 587.0], [6.407767, 17.731533, 604.0], [6.407767, 18.179466, 622.0], [6.407767, 18.47444, 640.0], [6.407767, 18.83271, 658.0], [6.407767, 19.16421, 676.0], [6.407767, 19.495445, 693.0], [6.407767, 19.777977, 711.0], [6.407767, 20.090117, 729.0], [6.5511627, 20.435585, 747.0], [6.7825375, 20.836664, 764.0], [7.0652385, 21.12633, 782.0], [7.439672, 21.353878, 800.0], [7.7214084, 21.549747, 818.0], [8.006509, 21.683449, 835.0], [8.281511, 21.813913, 853.0], [8.660847, 21.945192, 871.0], [9.052101, 22.010439, 889.0], [9.497096, 22.022799, 906.0], [9.875717, 22.022799, 924.0], [10.208983, 22.022799, 942.0], [10.636055, 22.022799, 960.0], [11.137437, 22.022799, 978.0], [11.665705, 22.022799, 995.0], [12.173839, 22.022799, 1013.0], [12.745895, 22.022799, 1031.0], [13.428202, 21.98394, 1049.0], [14.093643, 21.925999, 1066.0], [14.487194, 21.945084, 1084.0], [14.921583, 21.873343, 1102.0], [15.428649, 21.768822, 1120.0], [15.995418, 21.703802, 1137.0], [16.481722, 21.60307, 1155.0], [16.951012, 21.533905, 1173.0], [17.344357, 21.36964, 1191.0], [17.583046, 21.289082, 1208.0], [18.041767, 21.034563, 1226.0], [18.533566, 20.678312, 1244.0], [18.908077, 20.395285, 1262.0], [19.299404, 20.107084, 1279.0], [19.691761, 19.832142, 1297.0], [20.002678, 19.53371, 1315.0], [20.275497, 19.233068, 1333.0], [20.525774, 18.863293, 1351.0], [20.666458, 18.548721, 1368.0], [20.86462, 18.19415, 1386.0], [21.058096, 17.806965, 1404.0], [21.25635, 17.48793, 1422.0], [21.443005, 17.13688, 1439.0], [21.70449, 16.687187, 1457.0], [21.88219, 16.319248, 1475.0], [22.149094, 15.882813, 1493.0], [22.312063, 15.530654, 1510.0], [22.463419, 15.180486, 1528.0], [22.591934, 14.752454, 1546.0], [22.700338, 14.377937, 1564.0], [22.766808, 13.91236, 1581.0], [22.83212, 13.565804, 1599.0], [22.897264, 13.224525, 1617.0], [22.912622, 12.9133215, 1635.0], [22.912622, 12.625725, 1652.0], [22.912622, 12.2835245, 1670.0], [22.860674, 11.879702, 1688.0], [22.718256, 11.413747, 1706.0], [22.551926, 11.003455, 1724.0], [22.306885, 10.621841, 1741.0], [22.088455, 10.317743, 1759.0], [21.927158, 10.025173, 1777.0], [21.79185, 9.8099575, 1795.0], [21.53171, 9.449791, 1830.0], [21.27131, 9.067536, 1866.0], [20.864315, 8.799933, 1883.0], [20.293684, 8.481943, 1901.0], [19.747002, 8.279576, 1919.0], [19.050285, 8.123451, 1937.0], [18.46602, 7.93658, 1954.0], [17.9604, 7.8225603, 1972.0], [17.609694, 7.729848, 1990.0], [17.391426, 7.700114, 2008.0], [17.211271, 7.684002, 2025.0], [16.963238, 7.684002, 2061.0], [16.776169, 7.684002, 2097.0]"}