{"Image number":10139,"Image shape":1,"Path":"[19.016666, 6.727778, 0.0], [18.558647, 6.9619713, 39.0], [18.28618, 7.3149023, 55.0], [18.141666, 7.6805553, 72.0], [17.723564, 8.714014, 89.0], [17.122704, 10.088304, 106.0], [16.302887, 11.67774, 122.0], [15.614014, 13.29136, 139.0], [14.677208, 15.497092, 156.0], [13.804079, 17.200905, 172.0], [12.960301, 18.706972, 189.0], [12.094444, 19.988888, 206.0], [11.278021, 20.953041, 223.0], [10.669946, 21.672388, 239.0], [10.344444, 22.088888, 256.0], [10.325, 22.244444, 273.0]"}