{"Image number":37526,"Image shape":2,"Path":"[10.5757065, 6.145932, 0.0], [10.856612, 5.6769753, 70.0], [11.183341, 5.2575865, 87.0], [11.463549, 4.883625, 103.0], [11.788263, 4.5595703, 120.0], [12.211031, 4.2308, 136.0], [12.582779, 3.9990177, 153.0], [12.910789, 3.9539332, 170.0], [13.186187, 4.0016084, 186.0], [13.514717, 4.0957165, 203.0], [13.8859, 4.1415186, 219.0], [14.350395, 4.2813787, 236.0], [14.77034, 4.42149, 252.0], [15.09624, 4.6550555, 269.0], [15.331851, 4.9386625, 285.0], [15.608014, 5.35441, 302.0], [15.938621, 5.8269844, 318.0], [16.30859, 6.2888403, 335.0], [16.636854, 6.7112727, 351.0], [16.960241, 7.1273437, 368.0], [17.288925, 7.5502286, 385.0], [17.658474, 7.918771, 401.0], [18.033478, 8.388159, 418.0], [18.451185, 8.898945, 434.0], [18.780695, 9.323017, 451.0], [19.103573, 9.691512, 467.0], [19.335217, 9.969795, 484.0], [19.52139, 10.296249, 500.0], [19.801239, 10.998157, 533.0], [19.800333, 11.507397, 550.0], [19.75365, 12.161344, 567.0], [19.659122, 12.91755, 583.0], [19.379725, 14.173264, 616.0], [19.240671, 14.679782, 633.0], [19.006834, 15.84907, 666.0], [18.867878, 16.498968, 682.0], [18.587883, 17.104355, 699.0], [18.12305, 17.708073, 715.0], [17.60511, 18.320599, 732.0], [17.14164, 18.736446, 749.0], [16.862795, 19.062822, 765.0], [16.585024, 19.387112, 782.0], [16.118475, 19.760363, 798.0], [15.648082, 20.13694, 815.0], [15.228154, 20.510984, 831.0], [14.810112, 20.835636, 848.0], [14.296537, 21.067558, 864.0], [13.832683, 21.15879, 881.0], [13.4632845, 21.251417, 897.0], [13.230512, 21.297956, 914.0], [13.043404, 21.344805, 931.0], [12.81117, 21.43799, 947.0], [12.530104, 21.484676, 964.0], [12.20498, 21.5311, 980.0], [11.924351, 21.577936, 997.0], [11.646541, 21.62427, 1013.0], [11.458451, 21.671383, 1030.0], [11.041135, 21.67077, 1063.0], [10.711547, 21.67077, 1079.0], [10.388025, 21.623959, 1096.0], [10.061122, 21.577227, 1112.0], [9.828944, 21.483751, 1129.0], [9.549033, 21.202843, 1162.0], [9.457029, 20.9701, 1179.0], [9.363495, 20.736103, 1195.0], [9.270149, 20.40827, 1212.0], [9.177802, 19.944616, 1228.0], [9.084474, 18.915503, 1261.0], [9.038269, 17.889654, 1294.0], [9.085295, 17.47094, 1311.0], [9.131603, 17.007092, 1328.0], [9.2248125, 16.681656, 1344.0], [9.41236, 16.494444, 1361.0], [9.787567, 16.21377, 1394.0], [10.064991, 16.075352, 1410.0], [10.438306, 15.935482, 1427.0], [10.855488, 15.843075, 1443.0], [11.278236, 15.843128, 1460.0], [11.699022, 15.843128, 1477.0], [12.022235, 15.843128, 1493.0], [12.392791, 15.843128, 1510.0], [12.766708, 15.843128, 1526.0], [13.188669, 15.89019, 1543.0], [13.604632, 15.983134, 1559.0], [14.586947, 16.217346, 1592.0], [15.098737, 16.404, 1609.0], [15.985088, 16.824196, 1642.0], [16.402563, 17.057072, 1659.0], [17.287106, 17.476305, 1692.0], [17.611511, 17.708593, 1708.0], [17.937801, 17.941816, 1725.0], [18.171772, 18.035145, 1741.0], [18.403688, 18.127975, 1758.0], [18.637629, 18.26864, 1774.0], [18.918215, 18.503098, 1791.0], [19.150362, 18.68884, 1807.0], [19.382683, 18.78092, 1824.0], [19.755735, 19.014862, 1857.0], [19.987864, 19.20079, 1874.0], [20.22062, 19.340305, 1890.0], [20.40752, 19.433722, 1907.0], [20.639923, 19.526594, 1923.0]"}