{"Image number":36823,"Image shape":7,"Path":"[12.765391, 9.502654, 0.0], [13.282791, 9.502654, 53.0], [14.128885, 9.502654, 69.0], [15.349522, 9.502654, 86.0], [16.462433, 9.502654, 102.0], [17.391077, 9.549944, 119.0], [18.084188, 9.643538, 136.0], [18.402681, 9.829013, 152.0], [18.544043, 10.489234, 169.0], [18.447943, 11.7581415, 185.0], [18.120409, 13.526831, 202.0], [17.557093, 15.683367, 218.0], [16.761393, 17.782818, 235.0], [15.316223, 21.700861, 268.0], [14.807882, 23.278858, 284.0], [14.420484, 24.441181, 301.0], [14.245818, 25.01476, 318.0]"}