{"Image number":10356,"Image shape":6,"Path":"[14.466666, 4.2000003, 0.0], [14.415028, 4.4199452, 36.0], [14.348122, 4.676053, 53.0], [14.291667, 4.9, 70.0], [14.166721, 5.427508, 87.0], [13.971162, 5.990416, 103.0], [13.775589, 6.662121, 119.0], [13.535935, 7.419449, 136.0], [13.277193, 8.247429, 153.0], [12.982307, 9.056207, 169.0], [12.711352, 9.894784, 186.0], [12.499748, 10.745445, 203.0], [12.361488, 11.501366, 220.0], [12.1406555, 12.376268, 236.0], [11.997222, 13.183333, 253.0], [11.905752, 14.106655, 270.0], [11.804792, 14.964824, 286.0], [11.7211075, 15.75005, 303.0], [11.667307, 16.480564, 320.0], [11.612282, 17.250273, 337.0], [11.627778, 17.834051, 353.0], [11.627778, 18.414879, 370.0], [11.686111, 18.880556, 387.0], [11.843895, 19.287607, 403.0], [12.191803, 19.70571, 420.0], [12.598892, 19.949448, 437.0], [13.185732, 20.1451, 454.0], [13.832155, 20.252579, 470.0], [14.307001, 20.328655, 487.0], [14.933107, 20.429592, 504.0], [15.438889, 20.475, 520.0], [15.895706, 20.494444, 537.0], [16.450577, 20.400995, 554.0], [17.028938, 20.061966, 571.0], [17.559834, 19.579058, 587.0], [17.884905, 19.151608, 604.0], [18.450874, 18.474504, 621.0], [19.042334, 17.818466, 637.0], [19.438673, 17.376783, 654.0], [19.921753, 16.936523, 671.0], [20.452562, 16.367737, 688.0], [20.844444, 15.925001, 704.0], [21.181068, 15.456722, 721.0], [21.459194, 14.909391, 738.0], [21.669085, 14.297499, 754.0], [21.738382, 13.81062, 771.0], [21.792883, 13.265604, 788.0], [21.717545, 12.894737, 805.0], [21.568762, 12.570854, 821.0], [21.291668, 12.308333, 838.0], [20.67412, 12.176609, 855.0], [20.083897, 12.120758, 873.0], [19.406448, 12.094444, 888.0], [18.790403, 12.171044, 905.0], [18.150097, 12.383301, 922.0], [17.54915, 12.667757, 938.0], [17.018698, 12.982115, 955.0], [16.547222, 13.3, 972.0], [15.977772, 13.66667, 988.0], [15.642057, 13.940879, 1005.0], [15.196029, 14.2753105, 1022.0], [14.795959, 14.642929, 1038.0], [14.469844, 14.969046, 1055.0], [14.069864, 15.369025, 1072.0], [13.735098, 15.703791, 1089.0], [13.427161, 16.124897, 1105.0], [13.091155, 16.46032, 1122.0], [12.795821, 16.759735, 1139.0], [12.483341, 17.130547, 1156.0], [12.181885, 17.48792, 1172.0], [11.965172, 17.810577, 1189.0]"}