{"Image number":30434,"Image shape":0,"Path":"[17.864077, 8.228022, 0.0], [17.694546, 8.228022, 63.0], [17.418922, 8.189161, 98.0], [17.2233, 8.189161, 116.0], [16.981731, 8.228022, 134.0], [16.439873, 8.482845, 152.0], [15.45779, 8.956569, 169.0], [14.4709835, 9.553391, 187.0], [13.466424, 10.203061, 205.0], [12.7526655, 10.734204, 223.0], [12.195822, 11.160604, 240.0], [11.567265, 11.886278, 258.0], [11.012873, 12.612302, 276.0], [10.475676, 13.361063, 294.0], [9.915883, 14.153911, 311.0], [9.546943, 14.84689, 329.0], [9.272071, 15.39697, 347.0], [9.088234, 15.957446, 365.0], [8.996471, 16.506207, 382.0], [8.865908, 16.989069, 400.0], [8.815534, 17.659119, 418.0], [8.909524, 18.401619, 436.0], [9.039058, 19.114496, 454.0], [9.376583, 19.678482, 471.0], [9.76674, 20.205872, 489.0], [10.156177, 20.66049, 507.0], [10.421778, 20.994644, 525.0], [10.68293, 21.287807, 542.0], [10.943678, 21.605053, 560.0], [11.295252, 21.806215, 578.0], [11.748325, 21.969557, 596.0], [12.154393, 22.04207, 613.0], [12.979599, 21.891815, 631.0], [13.983143, 21.54448, 649.0], [14.811584, 20.999582, 667.0], [15.875976, 20.2062, 684.0], [16.944296, 19.217085, 702.0], [17.97602, 18.283947, 720.0], [18.929302, 17.381945, 738.0], [19.57824, 16.658237, 755.0], [20.024158, 15.982896, 773.0], [20.365036, 15.346933, 791.0], [20.61576, 14.655085, 809.0], [20.787596, 13.977415, 826.0], [20.966677, 13.269122, 844.0], [21.12615, 12.541555, 862.0], [21.295126, 11.942981, 880.0], [21.37285, 11.421919, 898.0], [21.359224, 10.980453, 915.0], [21.331968, 10.644737, 933.0], [21.320389, 10.3335705, 951.0], [21.077248, 9.925126, 969.0], [20.55328, 9.5199995, 986.0], [20.025122, 9.25091, 1004.0], [19.503412, 9.07526, 1022.0], [19.04891, 8.9137535, 1040.0], [18.59456, 8.888616, 1057.0], [18.17744, 8.888616, 1075.0], [17.852112, 8.9207535, 1093.0]"}