{"Image number":38004,"Image shape":7,"Path":"[10.90183, 10.062107, 0.0], [11.744378, 10.249156, 53.0], [12.872937, 10.390252, 69.0], [14.313387, 10.435417, 86.0], [15.714136, 10.435077, 102.0], [17.105066, 10.435077, 119.0], [18.361006, 10.435077, 135.0], [19.441906, 10.435077, 152.0], [20.081703, 10.435077, 168.0], [20.407465, 10.528741, 185.0], [20.452812, 10.715742, 201.0], [19.793003, 11.843712, 235.0], [18.907246, 12.633339, 251.0], [17.880648, 13.426203, 268.0], [16.113838, 15.432312, 301.0], [15.409887, 16.8917, 317.0], [14.716095, 18.4676, 334.0], [14.107241, 19.921196, 350.0], [13.55421, 21.212019, 367.0], [13.135292, 22.28403, 383.0], [12.85552, 22.98379, 400.0], [12.764803, 23.539148, 417.0], [12.765391, 23.769482, 433.0], [12.765391, 23.957373, 450.0], [12.81296, 23.719652, 532.0], [13.753354, 21.461246, 549.0], [14.500702, 19.732647, 565.0], [15.292691, 17.914694, 582.0], [16.126667, 16.436987, 599.0], [16.96783, 15.3177185, 615.0], [17.76275, 14.714783, 632.0], [18.453802, 14.442672, 648.0], [19.059433, 14.350555, 665.0], [19.618717, 14.351252, 681.0], [20.408363, 14.445172, 714.0], [20.639494, 14.725061, 747.0], [20.168945, 14.911732, 781.0], [19.517515, 15.191841, 797.0], [18.34924, 15.518696, 814.0], [17.033167, 15.895014, 833.0], [15.5861, 16.126282, 847.0], [14.285803, 16.311771, 863.0], [13.133221, 16.356157, 880.0], [12.335966, 16.403177, 896.0], [11.593913, 16.449623, 913.0], [10.960285, 16.449203, 929.0], [10.454569, 16.449203, 946.0]"}