{"Image number":36804,"Image shape":5,"Path":"[17.517471, 6.3324165, 0.0], [17.237936, 6.4722795, 36.0], [14.940453, 7.364135, 69.0], [13.504727, 7.7794404, 85.0], [12.334661, 8.0601425, 102.0], [11.499548, 8.151524, 119.0], [10.755551, 8.244698, 135.0], [10.294836, 8.290638, 152.0], [9.967981, 8.431254, 168.0], [9.829588, 8.805191, 185.0], [9.78344, 9.506459, 201.0], [9.689963, 10.534391, 218.0], [9.596534, 11.891984, 234.0], [9.503159, 13.341106, 251.0], [9.409747, 14.601033, 267.0], [9.363852, 15.48045, 284.0], [9.317379, 15.89357, 300.0], [9.599495, 15.795428, 334.0], [10.117922, 15.464998, 350.0], [11.050316, 14.905472, 367.0], [12.082783, 14.389753, 383.0], [13.290929, 13.973761, 400.0], [14.610559, 13.883025, 416.0], [15.996636, 13.837866, 433.0], [17.204609, 14.121208, 450.0], [18.370926, 14.543087, 466.0], [19.163141, 15.1553335, 482.0], [19.857777, 15.85399, 499.0], [20.220818, 16.731743, 516.0], [20.457241, 17.91779, 532.0], [20.263666, 19.217747, 549.0], [19.934788, 20.479124, 565.0], [19.183899, 21.688293, 582.0], [18.343948, 22.569376, 598.0], [17.131191, 23.358007, 615.0], [15.733507, 23.819872, 631.0], [14.158099, 24.095947, 648.0], [12.808253, 24.001572, 664.0], [11.786121, 23.768518, 681.0]"}