{"Image number":10146,"Image shape":5,"Path":"[22.283333, 5.7944446, 0.0], [21.97751, 5.686356, 23.0], [21.482275, 5.451539, 39.0], [20.755627, 5.170968, 57.0], [20.124714, 5.108292, 73.0], [19.518644, 5.0018744, 90.0], [18.958332, 4.958333, 106.0], [18.417337, 4.938889, 123.0], [18.024994, 4.938889, 140.0], [17.465174, 4.938889, 156.0], [17.07618, 5.015536, 173.0], [16.625933, 5.184025, 190.0], [16.269352, 5.409321, 207.0], [15.939691, 5.767585, 223.0], [15.759373, 6.301399, 240.0], [15.633699, 6.920214, 257.0], [15.581799, 7.695227, 273.0], [15.555556, 8.416847, 290.0], [15.514794, 9.000191, 307.0], [15.405219, 9.707739, 323.0], [15.258373, 10.299757, 340.0], [15.148134, 10.816732, 357.0], [14.977245, 11.262711, 374.0], [14.817927, 11.702189, 390.0], [14.717537, 12.002948, 407.0], [14.67356, 12.330864, 424.0], [14.619473, 12.613746, 440.0], [14.622222, 12.83086, 457.0], [14.622222, 12.998934, 490.0], [14.848998, 13.031055, 741.0], [15.042437, 12.926594, 775.0], [15.241817, 12.87288, 791.0], [15.520222, 12.817067, 808.0], [15.828283, 12.794444, 825.0], [16.094303, 12.794444, 841.0], [16.328259, 12.794444, 858.0], [16.556496, 12.830791, 875.0], [16.846195, 13.081278, 908.0], [16.955563, 13.300012, 925.0], [17.01012, 13.681958, 941.0], [17.033333, 14.040869, 958.0], [16.988205, 14.522833, 975.0], [16.936111, 14.991667, 992.0], [16.813229, 15.677238, 1008.0], [16.659502, 16.311996, 1025.0], [16.620518, 16.84482, 1041.0], [16.529892, 17.448433, 1058.0], [16.42085, 18.156132, 1075.0], [16.311274, 18.690773, 1091.0], [16.20185, 19.338898, 1108.0], [16.1, 19.775, 1125.0], [15.931404, 20.202951, 1142.0], [15.807874, 20.65184, 1158.0], [15.639519, 21.05038, 1175.0], [15.514901, 21.433958, 1192.0], [15.407705, 21.809141, 1208.0], [15.266861, 22.160723, 1225.0], [15.153478, 22.478455, 1242.0], [14.999853, 22.71691, 1259.0], [14.720532, 22.9628, 1275.0], [14.509281, 23.126373, 1292.0], [14.148446, 23.290932, 1309.0], [13.833562, 23.414738, 1325.0], [13.508998, 23.467018, 1342.0], [13.193522, 23.488888, 1359.0], [12.888184, 23.488888, 1375.0], [12.505236, 23.488888, 1392.0], [12.2008095, 23.488888, 1409.0], [11.872515, 23.488888, 1425.0], [11.549816, 23.488888, 1442.0], [11.275869, 23.449617, 1459.0], [10.991701, 23.33557, 1476.0], [10.743673, 23.207315, 1492.0], [10.488206, 23.054031, 1509.0], [10.21177, 22.830526, 1526.0], [9.938384, 22.65071, 1542.0], [9.665709, 22.482758, 1559.0], [9.349316, 22.29802, 1576.0], [9.047756, 22.119766, 1592.0], [8.776243, 21.956858, 1609.0], [8.508589, 21.746466, 1626.0], [8.218851, 21.567978, 1643.0], [7.777778, 21.35, 1659.0], [7.5255437, 21.204437, 1676.0], [7.2554607, 21.044388, 1693.0], [6.945381, 20.881674, 1709.0], [6.6279306, 20.674175, 1726.0], [6.3510613, 20.53942, 1743.0], [5.9844856, 20.370335, 1759.0], [5.510107, 20.160666, 1776.0], [5.1527777, 19.833332, 1793.0], [4.9158425, 19.576956, 1809.0], [4.6446342, 19.40789, 1826.0], [4.3721123, 19.244379, 1843.0], [4.1271257, 19.135294, 1860.0], [3.9630759, 19.027237, 1876.0]"}