{"Image number":38727,"Image shape":9,"Path":"[18.589016, 9.502654, 0.0], [17.979433, 8.658232, 102.0], [17.276802, 7.67361, 118.0], [16.435776, 6.740724, 135.0], [15.927274, 6.374547, 152.0], [15.325119, 6.238559, 168.0], [14.58103, 6.285878, 185.0], [13.693961, 6.566536, 201.0], [12.750857, 7.0863523, 218.0], [11.681824, 7.879804, 234.0], [10.843169, 8.769465, 251.0], [9.732742, 10.489942, 284.0], [9.270487, 12.303383, 317.0], [9.176448, 13.153415, 333.0], [9.178594, 14.451183, 366.0], [9.319089, 15.009095, 383.0], [9.5529, 15.380363, 400.0], [9.971202, 15.657413, 416.0], [10.629166, 15.79798, 433.0], [11.473549, 15.843832, 449.0], [12.548103, 15.7012205, 466.0], [13.613092, 15.280111, 482.0], [14.687035, 14.4354925, 499.0], [15.70878, 13.410543, 515.0], [16.639803, 12.24389, 532.0], [17.425034, 11.133348, 549.0], [18.129787, 10.004822, 565.0], [18.589025, 8.943179, 582.0], [18.868927, 8.102898, 598.0], [18.961948, 7.543252, 615.0], [19.00832, 7.217625, 648.0], [18.961386, 7.405736, 697.0], [18.584549, 10.0393305, 730.0], [18.118473, 11.993138, 747.0], [17.651571, 13.672352, 764.0], [17.23735, 15.426014, 780.0], [16.771832, 17.102678, 797.0], [16.25825, 18.831316, 813.0], [15.274824, 21.923645, 846.0], [14.8108, 23.268978, 863.0], [14.43932, 24.525726, 879.0], [14.114006, 25.59505, 896.0]"}