{"Image number":35286,"Image shape":1,"Path":"[14.861896, 7.124975, 0.0], [14.721468, 8.06269, 52.0], [14.628755, 9.318842, 69.0], [14.535061, 11.054364, 85.0], [14.535773, 12.740802, 102.0], [14.535773, 14.448063, 118.0], [14.441557, 16.141546, 135.0], [14.302452, 17.758993, 151.0], [13.974271, 19.398512, 168.0], [13.650583, 20.878212, 195.0]"}