{"Image number":36194,"Image shape":9,"Path":"[13.697171, 7.358081, 0.0], [12.990547, 7.8763103, 53.0], [12.153113, 8.857684, 69.0], [11.3156395, 10.304676, 86.0], [10.99318, 12.02986, 102.0], [10.854297, 13.616024, 119.0], [10.902155, 15.013726, 136.0], [11.233924, 16.048388, 152.0], [11.9387865, 16.693512, 169.0], [12.959837, 16.964241, 185.0], [14.080973, 16.914951, 202.0], [15.1507225, 16.633259, 218.0], [15.98583, 16.119308, 235.0], [16.497822, 15.180775, 251.0], [16.679588, 14.020392, 268.0], [16.63151, 12.603243, 284.0], [16.398882, 11.224918, 301.0], [15.929001, 9.862726, 317.0], [15.418944, 8.799107, 334.0], [14.998543, 8.23972, 351.0], [14.767893, 8.151466, 384.0], [14.768718, 8.573571, 400.0], [14.862632, 9.463013, 417.0], [15.799877, 12.2690525, 450.0], [16.402527, 13.799906, 466.0], [17.660221, 17.204346, 500.0], [18.127827, 18.937523, 516.0], [18.264122, 20.331038, 533.0], [18.262894, 21.58444, 549.0], [17.980265, 22.708828, 566.0], [17.508636, 23.836555, 582.0], [16.78176, 24.747885, 599.0], [16.326962, 25.193155, 615.0]"}