{"Image number":36732,"Image shape":3,"Path":"[10.016639, 8.290504, 0.0], [10.623434, 7.870189, 54.0], [11.512307, 7.4021635, 70.0], [12.535457, 7.077396, 87.0], [13.513627, 6.984844, 103.0], [14.30698, 7.2194395, 120.0], [14.867056, 7.688732, 136.0], [15.144543, 8.485809, 153.0], [15.235551, 9.418839, 169.0], [15.0931225, 10.542081, 186.0], [14.672452, 11.796363, 202.0], [13.922592, 12.964381, 219.0], [13.087437, 13.936421, 235.0], [11.838067, 14.861653, 269.0], [11.597552, 14.958573, 285.0], [12.02752, 14.86314, 318.0], [12.829208, 14.721178, 335.0], [13.951106, 14.629229, 351.0], [15.261166, 14.583409, 368.0], [16.607994, 14.916094, 384.0], [18.005573, 15.384326, 401.0], [19.208279, 16.131231, 417.0], [20.239235, 16.835545, 434.0], [20.790642, 17.631657, 451.0], [21.154293, 18.413416, 467.0], [21.056976, 19.210548, 484.0], [20.6307, 20.198128, 500.0], [20.122759, 21.024128, 517.0], [18.028011, 22.837648, 550.0], [16.709415, 23.59141, 566.0], [15.461337, 24.003902, 583.0], [14.294555, 24.283543, 599.0], [13.173184, 24.328655, 616.0]"}