{"Image number":35568,"Image shape":3,"Path":"[11.740433, 5.8195834, 0.0], [11.973376, 5.8195834, 36.0], [12.53614, 5.9134436, 53.0], [13.378553, 6.2420955, 70.0], [14.120116, 6.801362, 86.0], [14.539148, 7.691558, 103.0], [14.72351, 8.764659, 122.0], [14.675267, 9.9759655, 136.0], [14.249084, 11.29653, 152.0], [13.599753, 12.541208, 169.0], [12.663797, 13.520914, 185.0], [11.962209, 13.985734, 202.0], [11.319241, 14.164766, 235.0], [11.70027, 14.164766, 252.0], [12.491477, 14.164766, 268.0], [13.754452, 14.211784, 285.0], [14.971281, 14.447614, 301.0], [16.034866, 14.867314, 318.0], [16.778118, 15.475096, 334.0], [17.100569, 16.17462, 351.0], [17.23956, 17.159887, 367.0], [17.002623, 18.278805, 384.0], [16.347656, 19.67697, 400.0], [15.267873, 21.223688, 417.0], [12.715441, 23.351414, 450.0], [11.504478, 23.723028, 467.0]"}