{"Image number":10355,"Image shape":6,"Path":"[17.927778, 4.4722223, 0.0], [17.927778, 4.144068, 37.0], [17.733334, 4.2388887, 120.0], [17.480095, 4.4921284, 137.0], [17.10232, 4.8699026, 154.0], [16.546515, 5.5598154, 170.0], [15.985197, 6.2693443, 187.0], [15.438889, 7.097222, 204.0], [14.9080515, 8.002172, 221.0], [14.473905, 8.766501, 237.0], [14.038889, 9.644444, 254.0], [13.633039, 10.417254, 271.0], [13.3007965, 11.133459, 287.0], [13.025515, 11.710082, 304.0], [12.6525955, 12.498407, 321.0], [12.31691, 13.217731, 338.0], [12.110295, 13.924507, 354.0], [11.83478, 14.6959505, 371.0], [11.569445, 15.438889, 388.0], [11.3013735, 16.253109, 404.0], [11.128141, 16.981752, 421.0], [11.030322, 17.519342, 438.0], [10.934046, 18.08462, 454.0], [10.824153, 18.74397, 471.0], [10.811111, 19.219671, 488.0], [10.811111, 19.803942, 505.0], [10.811111, 20.39136, 521.0], [10.844352, 20.72713, 538.0], [11.000656, 21.218632, 555.0], [11.2, 21.583332, 572.0], [11.528863, 21.912197, 588.0], [11.96255, 22.242744, 605.0], [12.407338, 22.465607, 621.0], [12.978264, 22.641043, 638.0], [13.576549, 22.747252, 655.0], [14.109016, 22.788889, 672.0], [14.669884, 22.835646, 688.0], [15.422691, 22.659906, 705.0], [15.980174, 22.31009, 722.0], [16.557375, 21.845482, 739.0], [17.11113, 21.349981, 755.0], [17.517073, 20.944038, 772.0], [17.84127, 20.506084, 789.0], [18.274809, 20.00581, 805.0], [18.655128, 19.569231, 822.0], [19.152779, 18.958332, 839.0], [19.380772, 18.5847, 855.0], [19.697018, 18.112806, 872.0], [19.871662, 17.527983, 889.0], [19.950932, 17.024963, 905.0], [20.005829, 16.530869, 922.0], [19.988888, 16.14566, 939.0], [19.988888, 15.764359, 956.0], [19.878624, 15.513227, 972.0], [19.659933, 15.338005, 989.0], [19.442284, 15.174768, 1006.0], [19.143436, 15.016165, 1022.0], [18.77829, 14.893004, 1039.0], [18.393944, 14.783189, 1056.0], [18.08096, 14.712568, 1072.0], [17.718662, 14.659016, 1089.0], [17.33545, 14.604271, 1106.0], [16.958202, 14.583333, 1123.0], [16.497066, 14.583333, 1139.0], [16.076845, 14.583333, 1156.0], [15.6686945, 14.583333, 1173.0], [15.294767, 14.583333, 1189.0], [14.859823, 14.686326, 1206.0], [14.449303, 14.823178, 1223.0], [14.07873, 15.038345, 1240.0], [13.702553, 15.253304, 1256.0], [13.271876, 15.566925, 1273.0], [12.857965, 15.9355135, 1290.0], [12.516155, 16.228205, 1306.0], [11.903194, 16.642315, 1323.0]"}