{"Image number":35798,"Image shape":1,"Path":"[17.284527, 7.404701, 0.0], [17.002434, 8.441883, 52.0], [16.770094, 9.840723, 69.0], [16.347252, 11.718275, 85.0], [15.790117, 13.523644, 102.0], [15.230505, 15.296677, 118.0], [14.768086, 16.964306, 135.0], [14.205317, 18.606422, 151.0], [13.602457, 20.136177, 168.0], [13.017482, 21.69738, 184.0], [12.800202, 22.652693, 204.0]"}