{"Image number":10397,"Image shape":5,"Path":"[22.166668, 6.4944444, 0.0], [21.597233, 6.6842556, 30.0], [20.740137, 6.564818, 46.0], [20.145164, 6.455686, 63.0], [19.00526, 6.2484317, 80.0], [17.647429, 6.0548024, 97.0], [16.323647, 5.982004, 113.0], [15.133826, 6.176338, 130.0], [14.087599, 6.5153875, 147.0], [13.198388, 7.006116, 163.0], [12.657233, 7.4229336, 180.0], [12.366216, 7.6614504, 197.0], [12.04219, 7.877428, 214.0], [11.786114, 8.094443, 230.0], [11.569469, 8.259009, 247.0], [11.39669, 8.361111, 280.0], [11.356269, 8.591594, 331.0], [11.3011675, 8.975163, 347.0], [11.121547, 9.627361, 364.0], [10.904434, 10.387257, 381.0], [10.752778, 11.063889, 398.0], [10.661623, 11.48381, 414.0], [10.563694, 11.878557, 431.0], [10.515594, 12.210924, 448.0], [10.5, 12.403255, 464.0], [10.655556, 12.386111, 531.0], [11.034361, 12.090535, 548.0], [11.649523, 11.77246, 564.0], [12.526529, 11.558391, 581.0], [13.3090515, 11.474354, 598.0], [14.304075, 11.525844, 614.0], [15.214803, 11.815389, 631.0], [16.141712, 12.164677, 648.0], [16.819443, 12.541666, 665.0], [17.794767, 13.140938, 681.0], [18.47072, 13.584183, 698.0], [19.341164, 14.179432, 715.0], [19.978453, 14.729321, 731.0], [20.36332, 15.220304, 748.0], [20.540703, 15.970784, 765.0], [20.572222, 16.892685, 781.0], [20.358421, 17.975906, 798.0], [19.971111, 19.178099, 815.0], [19.498909, 20.328468, 832.0], [18.861237, 21.43082, 849.0], [18.196781, 22.3895, 865.0], [17.698034, 23.210686, 882.0], [17.107306, 23.736288, 898.0], [16.42062, 24.144928, 915.0], [15.595408, 24.421902, 932.0], [14.784388, 24.491783, 949.0], [13.969915, 24.546082, 965.0], [13.319445, 24.538889, 982.0], [12.360465, 24.42835, 999.0], [11.498904, 24.1632, 1015.0], [10.823128, 23.819975, 1032.0], [10.003443, 23.223547, 1049.0], [9.182606, 22.350704, 1065.0]"}