{"Image number":15127,"Image shape":7,"Path":"[8.722656, 14.518518, 0.0], [9.555034, 13.262557, 129.0], [10.406305, 12.580972, 146.0], [11.455464, 11.677513, 162.0], [12.490643, 10.676176, 179.0], [13.372061, 9.87038, 195.0], [13.985018, 9.25753, 213.0], [14.364463, 8.920247, 230.0], [14.661789, 8.704568, 246.0], [14.899284, 8.557369, 265.0], [15.051617, 8.539351, 279.0], [15.23489, 8.539351, 296.0], [15.444319, 8.632219, 312.0], [15.677199, 8.790613, 329.0], [15.999245, 8.888664, 345.0], [16.419271, 8.994047, 362.0], [16.862503, 9.074074, 381.0], [17.32297, 9.074074, 395.0], [17.776112, 9.074074, 412.0], [18.16604, 9.074074, 429.0], [18.463404, 9.115229, 445.0], [18.65619, 9.122685, 463.0], [18.849043, 9.122685, 479.0], [18.954388, 9.17589, 495.0], [19.09615, 9.268518, 529.0], [19.17633, 9.492695, 562.0], [19.195312, 9.835709, 579.0], [19.01231, 10.405303, 595.0], [18.801731, 11.154035, 612.0], [18.564016, 12.097521, 629.0], [18.367157, 12.902921, 645.0], [18.13501, 13.777093, 662.0], [17.929462, 14.595708, 679.0], [17.706255, 15.232393, 695.0], [17.340908, 16.159513, 712.0], [17.055775, 16.945692, 730.0], [16.763512, 17.76064, 745.0], [16.470833, 18.641764, 762.0], [16.169641, 19.498484, 779.0], [15.936141, 20.376818, 796.0], [15.665295, 21.263626, 812.0], [15.38195, 22.132385, 829.0], [15.028546, 23.03419, 845.0], [14.713548, 23.770157, 862.0], [14.351185, 24.565598, 879.0], [13.956133, 25.242338, 895.0], [13.549399, 25.840708, 912.0], [13.220703, 26.331018, 929.0]"}