{"Image number":30660,"Image shape":9,"Path":"[15.6893215, 8.189161, 0.0], [15.528891, 7.9216146, 157.0], [15.254446, 7.715165, 192.0], [15.057583, 7.5734544, 210.0], [14.823008, 7.361182, 228.0], [14.588396, 7.234567, 246.0], [14.337694, 7.048537, 263.0], [13.9476595, 6.762019, 281.0], [13.669868, 6.611492, 299.0], [13.401183, 6.4234424, 317.0], [13.099983, 6.3108296, 334.0], [12.839366, 6.2521973, 352.0], [12.582524, 6.246236, 370.0], [12.361657, 6.246236, 388.0], [12.129098, 6.315553, 405.0], [11.813816, 6.4451013, 423.0], [11.436599, 6.722499, 441.0], [10.897676, 7.0127816, 459.0], [10.46602, 7.3731327, 476.0], [9.982762, 7.73436, 494.0], [9.67359, 8.030964, 512.0], [9.375057, 8.37912, 530.0], [9.011431, 8.770317, 548.0], [8.700189, 9.198132, 565.0], [8.3981905, 9.658271, 583.0], [8.139175, 10.111818, 601.0], [7.958056, 10.410321, 619.0], [7.827427, 10.710594, 636.0], [7.805825, 11.026896, 654.0], [7.805825, 11.357424, 672.0], [7.8652177, 11.81671, 690.0], [8.051427, 12.2728, 707.0], [8.24916, 12.81756, 725.0], [8.57585, 13.265362, 743.0], [8.908634, 13.720919, 761.0], [9.276366, 14.044878, 778.0], [9.601106, 14.310823, 796.0], [9.928839, 14.50758, 814.0], [10.255905, 14.656614, 832.0], [10.542307, 14.786789, 849.0], [10.951729, 14.9173155, 867.0], [11.45695, 14.999199, 885.0], [11.865921, 15.064612, 903.0], [12.174757, 15.067123, 920.0], [12.743157, 15.067123, 938.0], [13.314714, 14.912951, 956.0], [13.849848, 14.614509, 974.0], [14.3055525, 14.301945, 992.0], [14.683443, 13.93639, 1009.0], [15.008701, 13.479218, 1027.0], [15.229292, 13.073346, 1045.0], [15.463718, 12.601742, 1063.0], [15.591621, 12.145164, 1080.0], [15.721955, 11.688713, 1098.0], [15.80975, 11.192651, 1116.0], [15.874752, 10.737352, 1134.0], [15.939263, 10.397098, 1151.0], [15.922331, 10.147533, 1169.0], [15.922331, 9.990464, 1187.0], [15.922331, 9.80179, 1205.0], [15.922331, 9.643756, 1222.0], [15.883496, 9.4828005, 1240.0], [15.844662, 9.220248, 1276.0], [15.948785, 9.499656, 1418.0], [16.014019, 9.813646, 1436.0], [16.079428, 10.140878, 1453.0], [16.170326, 10.487945, 1471.0], [16.303194, 10.832241, 1489.0], [16.432772, 11.236897, 1507.0], [16.621437, 11.589399, 1524.0], [16.882912, 11.981849, 1542.0], [17.18239, 12.329859, 1560.0], [17.44346, 12.664465, 1578.0], [17.69588, 12.97211, 1595.0], [17.882244, 13.271069, 1613.0], [18.00672, 13.526227, 1631.0], [18.12906, 13.716205, 1649.0], [18.2684, 13.964195, 1666.0], [18.397884, 14.192456, 1684.0], [18.488785, 14.452084, 1702.0], [18.572279, 14.667208, 1720.0], [18.563107, 14.931341, 1737.0], [18.601942, 15.220575, 1755.0], [18.601942, 15.546106, 1773.0], [18.601942, 15.836662, 1791.0], [18.601942, 16.13785, 1809.0], [18.601942, 16.44949, 1826.0], [18.601942, 16.731892, 1844.0], [18.601942, 17.015068, 1862.0], [18.601942, 17.302448, 1880.0], [18.563107, 17.599453, 1897.0], [18.524273, 17.953178, 1915.0], [18.4699, 18.292397, 1933.0], [18.404585, 18.742113, 1951.0], [18.271511, 19.15815, 1968.0], [18.197914, 19.606806, 1986.0], [18.049091, 20.029657, 2004.0], [17.949722, 20.459433, 2022.0], [17.827293, 20.793625, 2039.0], [17.741554, 21.069407, 2057.0], [17.60584, 21.373833, 2075.0], [17.533981, 21.692503, 2093.0], [17.345207, 21.980148, 2111.0], [17.21448, 22.34072, 2128.0], [17.063524, 22.731134, 2146.0], [16.914543, 23.029274, 2164.0], [16.821793, 23.253744, 2182.0], [16.691427, 23.452545, 2199.0], [16.56069, 23.698553, 2217.0], [16.430092, 23.883642, 2235.0], [16.314768, 24.092525, 2253.0], [16.120056, 24.222414, 2270.0], [15.847853, 24.353516, 2288.0], [15.586748, 24.39317, 2306.0], [15.328096, 24.39317, 2324.0], [15.063059, 24.39317, 2341.0], [14.87698, 24.39317, 2359.0], [14.556695, 24.39317, 2395.0], [14.330097, 24.315453, 2428.0], [14.912621, 8.383453, 0.0], [14.718885, 8.1896, 142.0], [14.494429, 7.9799366, 178.0], [14.241564, 7.673131, 213.0], [14.047166, 7.5341244, 231.0], [13.855218, 7.3642673, 248.0], [13.496785, 7.2028117, 266.0], [12.916209, 6.91834, 284.0], [12.685358, 6.7799954, 302.0], [12.4834, 6.7212334, 320.0], [12.297981, 6.7125382, 337.0], [12.09388, 6.6736794, 355.0], [11.706879, 6.7054853, 373.0], [11.242719, 6.829113, 391.0], [10.698025, 7.0844994, 408.0], [10.139236, 7.2796016, 426.0], [9.758172, 7.6345363, 444.0], [9.479302, 8.008934, 462.0], [9.179253, 8.475157, 479.0], [8.990292, 8.908048, 497.0], [8.644563, 9.530735, 515.0], [8.395944, 10.0780325, 533.0], [8.223307, 10.598369, 550.0], [8.0934725, 11.118023, 568.0], [8.000636, 11.604262, 586.0], [8.0, 12.033282, 604.0], [8.0, 12.4281025, 621.0], [8.039844, 12.898109, 639.0], [8.160421, 13.328659, 657.0], [8.356625, 13.775482, 675.0], [8.754696, 14.351268, 693.0], [9.145651, 14.843709, 710.0], [9.592752, 15.245207, 728.0], [9.92907, 15.598456, 746.0], [10.289556, 15.881441, 764.0], [10.559105, 16.036585, 781.0], [10.982121, 16.077444, 799.0], [11.63345, 15.940643, 817.0], [12.213592, 15.688857, 835.0], [12.67574, 15.37798, 852.0], [13.165815, 14.940257, 870.0], [13.603667, 14.352415, 888.0], [13.993765, 13.831966, 906.0], [14.275438, 13.266106, 923.0], [14.539289, 12.744416, 941.0], [14.798561, 12.225559, 959.0], [15.024091, 11.699868, 977.0], [15.154873, 11.19794, 994.0], [15.287401, 10.652704, 1012.0], [15.4177265, 10.170069, 1030.0], [15.482784, 9.778861, 1048.0], [15.548323, 9.3853855, 1065.0], [15.613713, 9.074653, 1083.0], [15.639859, 8.775713, 1101.0], [15.650487, 8.5172, 1119.0], [15.6893215, 8.251544, 1154.0], [15.902912, 8.247452, 1279.0], [16.07007, 8.566339, 1314.0], [16.200031, 8.800261, 1332.0], [16.33134, 9.046537, 1350.0], [16.537188, 9.344076, 1367.0], [16.732922, 9.694753, 1385.0], [16.980072, 10.03673, 1403.0], [17.16466, 10.403318, 1421.0], [17.384403, 10.727029, 1438.0], [17.593287, 11.105661, 1456.0], [17.788319, 11.416969, 1474.0], [17.945042, 11.743735, 1492.0], [18.087803, 12.017575, 1510.0], [18.218103, 12.278334, 1527.0], [18.345348, 12.610695, 1545.0], [18.424938, 12.938089, 1563.0], [18.489475, 13.222117, 1581.0], [18.58201, 13.530665, 1598.0], [18.659101, 13.933665, 1616.0], [18.762978, 14.285292, 1634.0], [18.828154, 14.669771, 1652.0], [18.834951, 15.04954, 1670.0], [18.834951, 15.46977, 1687.0], [18.834951, 15.925661, 1705.0], [18.834951, 16.344486, 1723.0], [18.787231, 16.80028, 1740.0], [18.757282, 17.296654, 1758.0], [18.696203, 17.709864, 1776.0], [18.629774, 18.175154, 1794.0], [18.565134, 18.55019, 1811.0], [18.460884, 18.92038, 1829.0], [18.39532, 19.299702, 1847.0], [18.33004, 19.574951, 1865.0], [18.264963, 19.874268, 1883.0], [18.199545, 20.189007, 1900.0], [18.093891, 20.47646, 1918.0], [18.003084, 20.761896, 1936.0], [17.87284, 21.08771, 1954.0], [17.742737, 21.37189, 1971.0], [17.610426, 21.705278, 1989.0], [17.481014, 22.084644, 2007.0], [17.348888, 22.40355, 2025.0], [17.181904, 22.688522, 2042.0], [17.04977, 23.010628, 2060.0], [16.880644, 23.162264, 2078.0], [16.750042, 23.370663, 2096.0], [16.489151, 23.725143, 2131.0], [16.145716, 23.987564, 2167.0], [15.883419, 24.053177, 2184.0], [15.622527, 24.0823, 2202.0], [15.367254, 24.121159, 2220.0], [15.100419, 24.121159, 2238.0], [14.839842, 24.121159, 2255.0], [14.6459875, 24.09699, 2273.0], [14.393754, 23.978146, 2291.0], [14.13426, 23.809462, 2309.0], [13.927092, 23.49429, 2344.0]"}