{"Image number":40059,"Image shape":5,"Path":"[23.259945, 6.7307796, 0.0], [22.664232, 6.8085084, 43.0], [22.110565, 6.9362516, 60.0], [21.470415, 7.146145, 75.0], [20.651031, 7.5822983, 91.0], [19.866417, 8.019798, 108.0], [19.057953, 8.466535, 125.0], [18.26174, 8.881076, 142.0], [17.450174, 9.287024, 159.0], [16.758509, 9.627809, 175.0], [16.231369, 9.907694, 192.0], [15.700916, 10.162005, 208.0], [15.379931, 10.353766, 225.0], [14.844714, 10.781735, 241.0], [14.1606865, 11.454525, 259.0], [13.61725, 12.147272, 275.0], [13.209978, 12.8150425, 292.0], [12.949123, 13.631251, 309.0], [12.842313, 14.327208, 325.0], [12.791702, 14.921323, 342.0], [12.79556, 15.385977, 359.0], [12.79556, 15.739895, 375.0], [12.821462, 16.028486, 392.0], [12.821462, 16.202927, 409.0], [12.873266, 16.331337, 441.0], [12.944322, 15.97626, 508.0], [13.018326, 15.693861, 525.0], [13.096634, 15.382378, 541.0], [13.36987, 14.945397, 558.0], [13.850094, 14.510809, 575.0], [14.315272, 14.16491, 592.0], [14.84553, 13.90693, 608.0], [15.398675, 13.88261, 624.0], [15.784518, 13.913043, 641.0], [16.289438, 14.130439, 657.0], [16.710299, 14.474012, 674.0], [16.977083, 14.868863, 691.0], [17.179276, 15.268554, 707.0], [17.19889, 15.776012, 724.0], [16.963102, 16.622648, 741.0], [16.475403, 17.715837, 758.0], [15.803282, 18.75617, 775.0], [15.170988, 19.534012, 792.0], [14.505028, 20.185863, 808.0], [13.854372, 20.605627, 825.0], [13.277297, 20.804699, 841.0], [12.653908, 20.988525, 858.0], [12.199529, 21.063265, 874.0], [11.601313, 21.237814, 891.0], [10.829643, 21.396687, 908.0], [10.158605, 21.516117, 924.0], [9.525812, 21.562788, 941.0], [9.173912, 21.527441, 958.0], [8.741061, 21.420364, 975.0], [8.384242, 21.263212, 991.0], [8.107805, 21.078045, 1008.0], [7.897654, 20.90811, 1024.0], [7.900093, 20.705618, 1041.0], [7.970071, 20.531652, 1058.0]"}