{"Image number":439,"Image shape":8,"Path":"[17.950586, 7.24347, 0.0], [18.203226, 7.315677, 62.0], [18.385317, 7.406272, 75.0], [18.656725, 7.5337462, 90.0], [18.999786, 7.650707, 103.0], [19.360855, 7.786153, 117.0], [19.722889, 7.9219594, 131.0], [20.135937, 8.057144, 146.0], [20.542854, 8.242969, 159.0], [20.880833, 8.501944, 173.0], [21.19692, 8.772965, 187.0], [21.409203, 9.042247, 202.0], [21.589384, 9.434862, 215.0], [21.6925, 9.828045, 229.0], [21.741804, 10.193153, 243.0], [21.687733, 10.603742, 256.0], [21.48263, 11.009252, 271.0], [21.225912, 11.355106, 285.0], [20.917469, 11.669443, 299.0], [20.5046, 11.986486, 313.0], [20.020279, 12.303258, 327.0], [19.524704, 12.560665, 341.0], [18.99025, 12.824282, 356.0], [18.45176, 13.010948, 372.0], [17.912363, 13.217409, 383.0], [17.366533, 13.399409, 397.0], [16.82522, 13.616049, 411.0], [16.24013, 13.796501, 424.0], [15.636933, 13.976925, 439.0], [15.003272, 14.15803, 452.0], [14.407184, 14.338254, 468.0], [13.778919, 14.561477, 481.0], [13.220155, 14.748348, 496.0], [12.671759, 15.00114, 509.0], [12.129534, 15.239346, 522.0], [11.629038, 15.507137, 536.0], [11.183464, 15.828239, 551.0], [10.770212, 16.165703, 565.0], [10.349702, 16.558695, 581.0], [9.983295, 16.96536, 594.0], [9.628208, 17.364958, 606.0], [9.341686, 17.796194, 620.0], [9.069453, 18.250063, 634.0], [8.798004, 18.66396, 648.0], [8.62233, 19.116734, 662.0], [8.517507, 19.60404, 676.0], [8.483745, 20.054417, 690.0], [8.557664, 20.469873, 704.0], [8.694446, 20.878702, 718.0], [8.935506, 21.208221, 733.0], [9.279391, 21.498936, 745.0], [9.675583, 21.769669, 759.0], [10.127619, 21.997381, 774.0], [10.6264715, 22.1157, 788.0], [11.12398, 22.201677, 802.0], [11.657283, 22.179358, 817.0], [12.1953335, 22.134506, 830.0], [12.685603, 22.089386, 845.0], [13.099289, 21.937826, 858.0], [13.503176, 21.758263, 872.0], [13.873623, 21.49308, 886.0], [14.132091, 21.225157, 901.0], [14.402938, 20.89615, 914.0], [14.675351, 20.516945, 929.0], [14.9447365, 20.151869, 942.0], [15.214859, 19.79159, 956.0], [15.445829, 19.466318, 970.0], [15.626045, 19.10577, 984.0], [15.807725, 18.780064, 998.0], [15.939969, 18.422356, 1012.0], [16.075535, 18.060734, 1025.0], [16.211376, 17.69837, 1039.0], [16.275007, 17.337988, 1053.0], [16.365093, 17.01954, 1068.0], [16.331648, 16.614914, 1082.0], [16.260496, 16.277782, 1095.0], [16.170328, 15.893121, 1109.0], [16.03607, 15.484398, 1123.0], [15.851139, 15.084035, 1138.0], [15.60843, 14.649995, 1151.0], [15.382185, 14.197354, 1165.0], [15.156507, 13.704059, 1180.0], [14.982943, 13.211834, 1194.0], [14.74342, 12.787688, 1207.0], [14.582575, 12.433715, 1223.0], [14.413599, 12.111301, 1234.0], [14.178166, 11.564474, 1250.0], [14.028048, 10.997975, 1263.0], [13.892581, 10.485678, 1277.0], [13.833896, 9.909422, 1292.0], [13.742989, 9.379597, 1305.0], [13.763329, 8.846073, 1320.0]"}