{"Image number":281,"Image shape":3,"Path":"[10.9960985, 5.7865596, 0.0], [11.208979, 5.608171, 40.0], [11.388082, 5.5610533, 54.0], [11.686338, 5.464406, 70.0], [12.026303, 5.350027, 81.0], [12.463659, 5.2113843, 96.0], [12.955627, 5.0764766, 110.0], [13.502559, 4.9412045, 123.0], [14.135662, 4.864409, 137.0], [14.767663, 4.741357, 151.0], [15.441176, 4.688824, 165.0], [16.067263, 4.59358, 179.0], [16.726786, 4.584609, 193.0], [17.364801, 4.584609, 209.0], [17.951021, 4.584609, 225.0], [18.470764, 4.631913, 241.0], [18.983253, 4.699582, 250.0], [19.454952, 4.8514614, 264.0], [19.83124, 5.033533, 277.0], [20.143827, 5.2139077, 291.0], [20.382187, 5.4710913, 306.0], [20.578814, 5.741892, 321.0], [20.684597, 6.090717, 335.0], [20.717815, 6.4200454, 355.0], [20.717815, 6.8298807, 366.0], [20.66211, 7.23927, 376.0], [20.571337, 7.6847143, 390.0], [20.481136, 8.135871, 403.0], [20.335794, 8.5720215, 417.0], [20.17284, 8.979981, 431.0], [19.992788, 9.42085, 445.0], [19.764965, 9.833305, 458.0], [19.5414, 10.235848, 472.0], [19.28818, 10.645206, 488.0], [19.050724, 11.053794, 501.0], [18.824892, 11.416807, 515.0], [18.498112, 11.773945, 541.0], [17.862047, 12.433812, 557.0], [17.454731, 12.666786, 571.0], [17.049831, 12.891803, 586.0], [16.621151, 13.116859, 600.0], [16.165869, 13.311736, 614.0], [15.752708, 13.45189, 627.0], [15.349272, 13.63677, 643.0], [15.045649, 13.699796, 657.0], [14.773896, 13.758565, 670.0], [14.585572, 13.80337, 684.0], [14.374557, 13.799568, 710.0], [14.528054, 13.678127, 753.0], [14.70401, 13.596803, 768.0], [14.9617405, 13.521377, 781.0], [15.270161, 13.508186, 795.0], [15.636139, 13.508186, 809.0], [16.016994, 13.600842, 822.0], [16.423494, 13.674595, 836.0], [16.794075, 13.802809, 850.0], [17.154325, 13.937946, 865.0], [17.45801, 14.090363, 880.0], [17.74968, 14.245424, 899.0], [17.981892, 14.379268, 908.0], [18.168964, 14.609865, 920.0], [18.401443, 14.833337, 935.0], [18.503256, 15.06093, 948.0], [18.639004, 15.251958, 962.0], [18.686691, 15.478046, 976.0], [18.767601, 15.737029, 992.0], [18.788034, 15.989897, 1005.0], [18.788034, 16.263481, 1022.0], [18.788034, 16.532093, 1037.0], [18.77294, 16.803995, 1047.0], [18.703098, 17.101828, 1060.0], [18.645609, 17.41933, 1075.0], [18.558437, 17.73578, 1088.0], [18.41838, 18.049698, 1103.0], [18.282228, 18.367489, 1117.0], [18.146399, 18.684528, 1131.0], [17.9692, 19.002752, 1144.0], [17.790524, 19.315536, 1159.0], [17.56477, 19.670752, 1172.0], [17.323004, 19.988909, 1186.0], [17.098145, 20.30381, 1200.0], [16.82282, 20.573227, 1216.0], [16.551573, 20.938189, 1229.0], [16.251173, 21.22481, 1243.0], [15.932302, 21.498215, 1257.0], [15.617487, 21.815378, 1270.0], [15.304955, 22.053495, 1286.0], [14.958108, 22.30937, 1302.0], [14.59345, 22.545616, 1314.0], [14.187915, 22.724586, 1326.0], [13.778826, 22.887953, 1341.0], [13.370142, 22.99671, 1353.0], [12.927503, 23.08705, 1368.0], [12.478684, 23.17684, 1381.0], [12.024411, 23.250393, 1396.0], [11.571489, 23.269485, 1410.0], [11.118042, 23.269485, 1423.0], [10.667337, 23.269485, 1439.0], [10.216589, 23.18489, 1454.0], [9.7399025, 23.074125, 1467.0], [9.275667, 22.949873, 1479.0], [8.778362, 22.72797, 1493.0], [8.319313, 22.50269, 1509.0], [7.844927, 22.276152, 1522.0], [7.423273, 22.0817, 1535.0], [7.0181756, 21.860111, 1549.0], [6.56352, 21.685276, 1563.0], [6.191103, 21.467182, 1577.0], [5.858142, 21.316544, 1590.0], [5.584611, 21.182049, 1604.0], [5.360431, 21.045229, 1619.0]"}