{"Image number":96,"Image shape":7,"Path":"[10.267881, 9.829487, 0.0], [10.69418, 9.790719, 106.0], [10.952744, 9.793064, 120.0], [11.3017845, 9.793064, 134.0], [11.721434, 9.7642145, 147.0], [12.637695, 9.652498, 176.0], [13.182566, 9.608009, 190.0], [13.997089, 9.456778, 204.0], [14.601796, 9.319333, 219.0], [15.22913, 9.184877, 232.0], [15.807741, 8.942055, 246.0], [16.284481, 8.813414, 259.0], [16.735647, 8.667973, 273.0], [17.185162, 8.533075, 289.0], [17.5188, 8.45324, 302.0], [17.847305, 8.420147, 316.0], [18.119318, 8.374797, 330.0], [18.303041, 8.372576, 344.0], [18.484612, 8.396858, 372.0], [18.53316, 8.568406, 400.0], [18.44637, 8.792701, 415.0], [18.378325, 8.996538, 428.0], [18.255764, 9.255353, 441.0], [18.12033, 9.5668335, 455.0], [17.985764, 9.880924, 469.0], [17.827362, 10.243416, 483.0], [17.676971, 10.650595, 498.0], [17.50185, 11.097381, 511.0], [17.32212, 11.54685, 525.0], [17.067272, 12.002064, 539.0], [16.85723, 12.483326, 553.0], [16.631273, 12.942463, 568.0], [16.45278, 13.439873, 581.0], [16.215921, 13.882705, 595.0], [15.989603, 14.39168, 609.0], [15.800286, 14.8979025, 623.0], [15.573877, 15.486449, 637.0], [15.402517, 15.964809, 651.0], [15.257924, 16.562454, 665.0], [15.077143, 17.140644, 679.0], [14.939804, 17.68791, 693.0], [14.753016, 18.276346, 708.0], [14.57145, 18.90305, 721.0], [14.389281, 19.495295, 736.0], [14.164942, 20.126787, 750.0], [13.940863, 20.70251, 763.0], [13.773812, 21.393435, 778.0], [13.592327, 21.995178, 791.0], [13.410167, 22.630184, 804.0], [13.283224, 23.252495, 818.0], [13.146149, 23.832281, 833.0], [13.043038, 24.419899, 847.0], [12.993694, 25.010025, 860.0]"}