{"Image number":39620,"Image shape":0,"Path":"[19.846922, 8.523609, 0.0], [20.27172, 8.902082, 69.0], [20.644053, 9.321932, 86.0], [21.017124, 9.978454, 102.0], [21.152473, 10.532563, 119.0], [21.245872, 11.284504, 136.0], [21.24459, 12.034035, 152.0], [21.29187, 12.919067, 168.0], [21.291182, 13.664176, 185.0], [21.291182, 14.494489, 202.0], [21.291182, 15.3354645, 218.0], [21.197102, 16.224665, 235.0], [21.057583, 16.965515, 252.0], [20.684479, 18.36433, 284.0], [20.49777, 18.971287, 301.0], [20.17058, 19.530424, 317.0], [19.938158, 20.090317, 334.0], [19.752518, 20.601858, 350.0], [19.519007, 21.068283, 367.0], [19.193396, 21.485931, 384.0], [18.771515, 21.907738, 400.0], [18.258848, 22.232801, 417.0], [17.790443, 22.561165, 433.0], [17.23104, 22.886944, 450.0], [15.829721, 23.258001, 483.0], [15.045822, 23.349419, 499.0], [14.29625, 23.4432, 516.0], [13.548673, 23.489544, 533.0], [12.111405, 23.348804, 566.0], [11.360033, 23.207829, 582.0], [10.759975, 22.975357, 599.0], [10.155941, 22.83619, 615.0], [9.641491, 22.648928, 632.0], [9.123877, 22.413265, 648.0], [8.6607485, 22.134092, 665.0], [8.288546, 21.759708, 681.0], [7.913804, 21.432125, 698.0], [7.494562, 21.153757, 715.0], [7.125844, 20.829597, 731.0], [6.798087, 20.501331, 748.0], [6.518678, 20.174479, 764.0], [6.2874126, 19.89664, 781.0], [6.009697, 19.339142, 814.0], [5.9160976, 19.010887, 830.0], [5.8230424, 18.68497, 847.0], [5.7303123, 18.220123, 864.0], [5.683673, 17.00622, 897.0], [5.68386, 16.54164, 913.0], [5.730877, 16.16605, 930.0], [5.7772813, 15.747694, 946.0], [5.9194207, 15.274949, 963.0], [6.1513815, 14.720304, 979.0], [6.3844223, 14.16062, 996.0], [6.709769, 13.650442, 1012.0], [6.9895644, 13.183701, 1029.0], [7.3634577, 12.716518, 1045.0], [7.922305, 12.204688, 1062.0], [8.629945, 11.591084, 1078.0], [9.371164, 10.94198, 1095.0], [10.065124, 10.433686, 1112.0], [10.767078, 9.918562, 1128.0], [11.416788, 9.407463, 1145.0], [12.169835, 8.795121, 1161.0], [13.048654, 8.288343, 1178.0], [13.844122, 7.8671083, 1194.0], [15.4299965, 7.3558216, 1227.0], [16.213858, 7.2180624, 1244.0], [17.054123, 7.1246934, 1260.0], [17.852026, 6.9836235, 1277.0], [18.636002, 6.891823, 1294.0], [19.290485, 6.7514424, 1310.0], [19.944933, 6.705039, 1327.0], [20.546328, 6.705385, 1343.0]"}