{"Image number":555,"Image shape":2,"Path":"[14.382315, 7.389161, 0.0], [14.422947, 7.2265797, 53.0], [14.650998, 7.0544505, 81.0], [14.802143, 6.963494, 94.0], [15.015546, 6.8735433, 108.0], [15.241612, 6.735009, 125.0], [15.538631, 6.621605, 139.0], [15.856206, 6.50233, 154.0], [16.17441, 6.4034724, 164.0], [16.536566, 6.266909, 178.0], [16.894667, 6.187209, 192.0], [17.262712, 6.1594014, 206.0], [17.585972, 6.114437, 220.0], [17.944506, 6.159133, 234.0], [18.249811, 6.2039537, 249.0], [18.531818, 6.275282, 263.0], [18.809872, 6.398456, 279.0], [19.08007, 6.490983, 294.0], [19.301636, 6.6338754, 307.0], [19.50486, 6.746064, 319.0], [19.653013, 6.870354, 332.0], [19.788256, 7.0477715, 346.0], [19.92243, 7.226732, 359.0], [19.997828, 7.4279594, 375.0], [20.088999, 7.655964, 389.0], [20.139235, 7.882638, 403.0], [20.183273, 8.102896, 418.0], [20.208061, 8.407839, 436.0], [20.208061, 8.726067, 445.0], [20.16958, 9.042697, 458.0], [20.171652, 9.351835, 472.0], [20.09883, 9.7335615, 486.0], [20.041393, 10.095735, 500.0], [19.988668, 10.456098, 515.0], [19.898333, 10.813849, 528.0], [19.808872, 11.208237, 546.0], [19.69288, 11.5940695, 561.0], [19.556952, 12.001993, 576.0], [19.421982, 12.40703, 585.0], [19.284885, 12.76559, 598.0], [19.086723, 13.154617, 612.0], [18.90586, 13.561689, 626.0], [18.72191, 13.92592, 646.0], [18.481363, 14.317866, 659.0], [18.25494, 14.683992, 668.0], [18.008358, 15.0458765, 681.0], [17.77871, 15.449401, 695.0], [17.503628, 15.804053, 709.0], [17.245356, 16.144049, 725.0], [16.96012, 16.42938, 738.0], [16.65773, 16.731867, 753.0], [16.336473, 17.053228, 770.0], [16.016333, 17.35202, 779.0], [15.668712, 17.624054, 793.0], [15.347643, 17.85519, 807.0], [15.032505, 18.080362, 820.0], [14.695977, 18.362944, 835.0], [14.333534, 18.605999, 849.0], [14.012492, 18.865599, 871.0], [13.694587, 19.05714, 884.0], [13.360283, 19.264244, 893.0], [13.028824, 19.4704, 906.0], [12.674399, 19.69793, 919.0], [12.401213, 19.834995, 933.0], [12.130995, 20.023756, 947.0], [11.831312, 20.143293, 961.0], [11.549936, 20.314125, 975.0], [11.279202, 20.450815, 989.0], [11.065096, 20.532024, 1004.0], [10.835745, 20.685015, 1018.0], [10.575228, 20.787384, 1031.0], [10.349947, 20.91831, 1045.0], [10.1223955, 21.054888, 1060.0], [9.8960085, 21.15434, 1073.0], [9.669811, 21.290102, 1087.0], [9.443176, 21.38497, 1102.0], [9.256295, 21.474316, 1118.0], [9.028709, 21.587475, 1131.0], [8.834807, 21.69162, 1143.0], [8.654402, 21.781853, 1157.0], [8.472995, 21.872585, 1171.0], [8.291579, 21.963326, 1186.0], [8.110592, 22.053848, 1199.0], [7.9314175, 22.143463, 1213.0], [7.661516, 22.341702, 1241.0], [7.4970083, 22.387146, 1254.0], [7.210282, 22.477062, 1281.0], [7.0290995, 22.522373, 1295.0], [6.774951, 22.433445, 1323.0], [6.5577307, 22.253414, 1352.0], [6.4665184, 22.100225, 1365.0], [6.3765125, 21.931047, 1379.0], [6.328797, 21.706203, 1394.0], [6.2841244, 21.482769, 1408.0], [6.2990894, 21.219002, 1422.0], [6.2990894, 20.92873, 1436.0], [6.382327, 20.527317, 1450.0], [6.4718003, 20.17452, 1464.0], [6.5855474, 19.810066, 1477.0], [6.7523723, 19.448805, 1492.0], [6.8939977, 19.084394, 1506.0], [7.1236987, 18.778334, 1520.0], [7.3368025, 18.47382, 1534.0], [7.578123, 18.172003, 1547.0], [7.8426676, 17.862206, 1561.0], [8.159961, 17.641977, 1575.0], [8.476927, 17.359236, 1590.0], [8.822066, 17.145147, 1603.0], [9.223747, 16.887644, 1617.0], [9.578864, 16.62024, 1632.0], [9.994799, 16.45843, 1645.0], [10.404823, 16.267076, 1660.0], [10.847631, 16.095333, 1673.0], [11.296457, 15.915743, 1687.0], [11.696235, 15.787903, 1703.0], [12.188726, 15.652944, 1715.0], [12.619557, 15.516452, 1729.0], [13.064232, 15.425482, 1744.0], [13.516278, 15.335044, 1757.0], [13.945849, 15.280659, 1771.0], [14.319029, 15.223417, 1785.0], [14.677294, 15.220057, 1800.0], [15.088715, 15.220057, 1813.0], [15.43904, 15.256479, 1827.0], [15.799743, 15.31957, 1842.0], [16.156963, 15.369115, 1855.0], [16.473118, 15.463803, 1868.0], [16.802763, 15.57474, 1883.0], [17.106571, 15.711553, 1897.0], [17.345274, 15.88661, 1911.0], [17.614643, 16.064425, 1925.0], [17.847183, 16.28215, 1939.0], [18.058613, 16.493649, 1953.0], [18.245056, 16.680153, 1966.0], [18.472816, 16.861782, 1981.0], [18.642574, 17.059631, 1996.0], [18.824884, 17.315022, 2009.0], [19.006344, 17.514534, 2022.0]"}