{"Image number":36789,"Image shape":0,"Path":"[19.567387, 9.922244, 0.0], [19.287853, 9.875623, 36.0], [18.39952, 9.735264, 53.0], [16.996067, 9.548084, 69.0], [15.311854, 9.408083, 86.0], [13.968565, 9.315608, 102.0], [12.564862, 9.551639, 119.0], [11.223224, 10.157472, 135.0], [10.054709, 11.329403, 152.0], [9.125858, 12.821702, 168.0], [8.709972, 14.593542, 185.0], [8.569762, 16.341637, 201.0], [8.992961, 17.899305, 218.0], [9.890637, 19.030766, 234.0], [11.229233, 19.573349, 251.0], [12.859129, 19.71273, 268.0], [14.752821, 19.570515, 284.0], [16.74367, 19.10237, 301.0], [18.573408, 18.300537, 317.0], [20.158506, 17.267632, 334.0], [21.4558, 16.053143, 350.0], [22.330683, 14.938944, 367.0], [22.738806, 13.688455, 383.0], [22.453453, 12.5227995, 400.0], [21.88942, 11.210315, 417.0], [21.049568, 10.002956, 433.0], [20.069958, 8.979437, 450.0], [18.909256, 8.42754, 466.0], [17.583536, 8.183604, 483.0], [16.723183, 8.246456, 499.0]"}