{"Image number":36630,"Image shape":4,"Path":"[11.088186, 9.689137, 0.0], [10.806568, 10.16091, 70.0], [10.619512, 10.770479, 87.0], [10.481693, 11.605622, 104.0], [10.293216, 12.358382, 120.0], [10.154669, 13.05455, 137.0], [10.062241, 13.564124, 153.0], [9.921987, 14.171159, 170.0], [9.828913, 14.73244, 186.0], [9.735809, 15.244177, 203.0], [9.737104, 15.520098, 219.0], [10.159669, 15.7037325, 252.0], [10.625675, 15.703265, 269.0], [11.369156, 15.703265, 286.0], [12.1687975, 15.703265, 302.0], [13.153328, 15.655917, 319.0], [14.273776, 15.561938, 335.0], [15.247732, 15.468908, 352.0], [16.227531, 15.280901, 368.0], [16.969473, 15.094421, 385.0], [17.524208, 14.814093, 401.0], [17.75411, 14.580661, 418.0], [17.79794, 14.251465, 434.0], [17.891052, 13.928616, 451.0], [17.937508, 13.410729, 468.0], [18.031265, 12.709636, 484.0], [18.171745, 11.726253, 501.0], [18.312069, 10.743313, 517.0], [18.451822, 9.811854, 534.0], [18.544018, 9.117772, 550.0], [18.542429, 8.751457, 567.0], [18.58949, 8.521242, 583.0], [18.54194, 8.807242, 616.0], [18.400864, 9.558878, 633.0], [18.260576, 10.781528, 649.0], [18.120512, 12.186219, 666.0], [18.07582, 13.911606, 683.0], [18.076538, 15.929811, 699.0], [18.076538, 17.932276, 716.0], [18.076538, 19.751333, 732.0], [18.076538, 20.937801, 749.0], [18.076538, 21.660622, 765.0], [18.027517, 21.967522, 782.0]"}