{"Image number":38797,"Image shape":3,"Path":"[9.224626, 4.700677, 0.0], [9.507618, 4.700677, 53.0], [9.88149, 4.6534777, 69.0], [10.391497, 4.654056, 86.0], [10.951404, 4.654056, 103.0], [12.442792, 4.7943335, 135.0], [13.324774, 4.98047, 152.0], [14.257868, 5.3540244, 169.0], [15.190902, 5.8210244, 185.0], [15.98224, 6.2870946, 202.0], [16.545362, 6.804371, 218.0], [16.865816, 7.2189794, 235.0], [16.864311, 8.530459, 268.0], [16.491095, 9.319181, 284.0], [15.930124, 10.019638, 301.0], [15.186325, 10.669665, 317.0], [14.437558, 11.278353, 334.0], [13.784491, 11.744655, 351.0], [13.1314, 12.16437, 367.0], [12.574658, 12.441977, 384.0], [12.200798, 12.629034, 400.0], [12.861955, 12.766133, 499.0], [13.6986, 12.812834, 516.0], [14.6801, 12.812754, 533.0], [16.122192, 13.09312, 566.0], [16.776869, 13.280344, 582.0], [17.379803, 13.606446, 599.0], [17.988564, 13.8874445, 615.0], [19.149607, 14.725466, 648.0], [19.57127, 15.1476965, 665.0], [19.847574, 15.564382, 681.0], [20.080936, 16.267008, 715.0], [19.939276, 16.637882, 731.0], [19.707031, 17.148792, 748.0], [19.28694, 17.70919, 764.0], [18.770376, 18.272882, 781.0], [18.119152, 18.877193, 797.0], [17.513744, 19.4364, 814.0], [16.814022, 19.902243, 830.0], [16.206627, 20.276049, 847.0], [15.550935, 20.69803, 863.0], [14.765353, 21.1131, 880.0], [13.968764, 21.440937, 897.0], [13.040429, 21.671896, 913.0], [12.2041, 21.85775, 930.0], [11.320902, 21.950521, 946.0], [10.617816, 22.044338, 963.0], [9.921277, 22.04374, 979.0], [9.222805, 22.04374, 996.0], [8.618738, 22.04374, 1012.0], [7.9585843, 21.996536, 1029.0], [7.3123055, 21.903564, 1045.0], [6.7535076, 21.810318, 1062.0], [6.1870575, 21.66845, 1079.0], [5.674964, 21.52848, 1095.0], [5.166398, 21.295534, 1112.0], [4.7502985, 21.063705, 1128.0], [4.472734, 20.785158, 1161.0], [4.2385387, 20.644577, 1229.0]"}