{"Image number":37828,"Image shape":1,"Path":"[12.998336, 6.612143, 0.0], [13.280233, 7.601242, 53.0], [13.606067, 8.904881, 70.0], [13.979244, 10.680251, 86.0], [14.353067, 12.410054, 103.0], [14.725559, 14.322217, 119.0], [15.051756, 16.236637, 136.0], [15.331568, 18.153421, 152.0], [15.518896, 19.848738, 169.0], [15.561384, 21.365952, 185.0], [15.560732, 22.78035, 202.0], [15.560732, 23.582668, 218.0]"}