{"Image number":30182,"Image shape":6,"Path":"[13.747574, 3.5261378, 0.0], [13.424657, 3.9221783, 104.0], [13.103794, 4.3347154, 122.0], [12.739901, 4.920972, 140.0], [12.356504, 5.631105, 157.0], [11.849803, 6.7467227, 175.0], [11.463057, 7.749074, 193.0], [10.953152, 9.097882, 211.0], [10.476358, 10.255371, 228.0], [10.160927, 11.392059, 246.0], [9.978718, 12.262006, 264.0], [9.988581, 13.064787, 282.0], [9.980583, 13.958756, 299.0], [10.002638, 14.848854, 317.0], [10.019419, 15.743469, 335.0], [10.094093, 16.657223, 353.0], [10.346073, 17.648874, 370.0], [10.607457, 18.514326, 388.0], [10.868689, 19.09693, 406.0], [11.099758, 19.680725, 424.0], [11.538332, 20.212524, 441.0], [12.115995, 20.623552, 459.0], [12.688074, 21.026426, 477.0], [13.341783, 21.353477, 495.0], [13.99531, 21.561409, 513.0], [14.554102, 21.606195, 530.0], [15.346942, 21.541002, 548.0], [16.277851, 21.19395, 566.0], [17.053272, 20.864786, 583.0], [17.777985, 20.53941, 601.0], [18.499266, 20.13124, 619.0], [19.178734, 19.671986, 637.0], [19.829325, 19.2163, 655.0], [20.144857, 18.796682, 672.0], [20.407135, 18.339191, 690.0], [20.594345, 17.902105, 708.0], [20.75276, 17.253849, 726.0], [20.8833, 16.699965, 743.0], [20.914484, 16.23927, 761.0], [20.97988, 15.876949, 779.0], [20.970875, 15.476327, 797.0], [20.970875, 15.146931, 814.0], [20.970875, 14.820488, 832.0], [20.895199, 14.531085, 850.0], [20.703953, 14.256021, 868.0], [20.406866, 14.009446, 885.0], [20.04108, 13.902265, 903.0], [19.689047, 13.862508, 921.0], [19.1949, 13.966759, 939.0], [18.554256, 14.177312, 957.0], [17.928028, 14.465967, 974.0], [17.449173, 14.684372, 992.0], [17.154907, 14.963231, 1010.0], [16.854465, 15.523497, 1028.0], [16.594856, 16.10797, 1045.0], [16.418816, 16.822956, 1063.0], [16.249449, 17.510683, 1081.0], [16.176104, 18.105392, 1099.0], [16.110647, 18.52184, 1116.0]"}