{"Image number":38865,"Image shape":0,"Path":"[17.05158, 5.8195834, 0.0], [16.490656, 6.099986, 52.0], [15.512216, 6.426301, 69.0], [14.06647, 6.84624, 85.0], [12.716628, 7.498995, 102.0], [11.363571, 8.292937, 119.0], [10.046938, 9.2817745, 135.0], [8.9858055, 10.441467, 152.0], [8.238328, 11.707234, 168.0], [7.7748566, 13.014676, 185.0], [7.4541993, 14.398056, 201.0], [7.313324, 15.855042, 218.0], [7.641879, 18.69321, 251.0], [8.111689, 19.81841, 267.0], [8.759446, 20.786037, 284.0], [9.553662, 21.533653, 300.0], [10.532395, 22.139013, 317.0], [11.555632, 22.417131, 334.0], [12.866825, 22.463625, 350.0], [14.307341, 22.18273, 367.0], [15.85893, 21.522984, 383.0], [17.33947, 20.499496, 400.0], [18.551683, 19.236855, 416.0], [19.577026, 17.928804, 433.0], [20.277168, 16.615238, 449.0], [20.594587, 15.274386, 466.0], [20.73283, 13.924702, 482.0], [20.685284, 12.619532, 499.0], [20.544289, 11.354291, 516.0], [20.26506, 10.103493, 532.0], [19.609547, 9.029159, 549.0], [18.727547, 8.102714, 565.0], [16.306358, 7.2648883, 598.0], [14.70551, 7.311948, 615.0], [12.663138, 7.752977, 631.0], [11.293566, 8.221996, 648.0]"}