{"Image number":39167,"Image shape":8,"Path":"[18.02995, 6.9851117, 0.0], [17.797005, 7.031733, 52.0], [16.992971, 7.2210474, 68.0], [15.5873995, 7.805212, 85.0], [14.559367, 8.30151, 101.0], [13.3953495, 9.573361, 118.0], [12.757002, 10.777015, 134.0], [12.101093, 12.470794, 151.0], [12.113144, 13.522322, 167.0], [12.350307, 14.698703, 184.0], [12.955391, 15.897044, 201.0], [13.706523, 17.0699, 217.0], [14.454973, 18.05058, 234.0], [15.056128, 18.789957, 250.0], [15.5227585, 19.682442, 267.0], [15.704534, 20.618668, 283.0], [15.749573, 21.8262, 300.0], [15.7470875, 22.613394, 316.0], [15.10959, 23.829998, 333.0], [14.529837, 24.427818, 349.0], [13.215319, 25.318056, 366.0], [11.998991, 25.496933, 383.0], [10.697442, 25.738783, 399.0], [10.222295, 25.726809, 416.0], [10.249584, 24.701145, 449.0], [10.344015, 23.047455, 465.0], [10.906685, 21.094313, 482.0], [11.706083, 19.927774, 498.0], [12.822723, 18.910267, 515.0], [13.803617, 18.022312, 532.0], [14.972267, 16.85159, 548.0], [16.234194, 15.683608, 565.0], [17.389229, 14.196625, 581.0], [18.496225, 12.952183, 598.0], [19.296635, 11.774163, 614.0], [19.902212, 10.88856, 631.0], [20.22089, 10.0120735, 647.0], [20.31371, 9.215298, 664.0], [20.31281, 8.7074795, 680.0], [20.171585, 8.333234, 697.0], [19.8894, 8.100594, 713.0], [19.610523, 7.915232, 730.0], [19.37841, 7.8703904, 747.0], [19.051779, 8.012865, 796.0], [18.627945, 8.20067, 813.0], [18.11678, 8.338857, 829.0], [17.69646, 8.526887, 846.0], [17.281395, 8.758282, 879.0], [16.906883, 8.89843, 895.0]"}