{"Image number":10838,"Image shape":1,"Path":"[15.711111, 7.233333, 0.0], [15.482477, 7.909835, 36.0], [15.360287, 8.874499, 52.0], [15.197815, 9.519853, 69.0], [15.0275955, 10.701005, 86.0], [14.736759, 11.9474125, 102.0], [14.4018345, 13.287102, 119.0], [14.082514, 14.289635, 136.0], [13.860146, 15.187439, 153.0], [13.722378, 16.209631, 169.0], [13.651474, 17.276072, 186.0], [13.7409, 18.214554, 203.0], [13.913629, 19.253155, 220.0], [14.11558, 19.947012, 236.0], [14.277007, 20.377575, 253.0], [14.481396, 20.62584, 286.0], [14.816666, 20.786112, 303.0], [15.4681225, 21.041348, 320.0], [15.788889, 21.175001, 337.0]"}