{"Image number":36116,"Image shape":0,"Path":"[14.302828, 8.10402, 0.0], [13.976706, 8.430367, 36.0], [12.994819, 9.600087, 52.0], [11.503332, 11.55944, 69.0], [10.150591, 14.08236, 85.0], [9.455202, 16.45726, 102.0], [9.131383, 20.181095, 135.0], [9.3646965, 21.252575, 152.0], [9.973992, 21.767351, 168.0], [11.053537, 21.952578, 185.0], [12.310929, 21.809364, 201.0], [13.661835, 21.48157, 218.0], [15.146063, 20.87633, 234.0], [16.7391, 19.984781, 251.0], [18.226782, 18.724792, 267.0], [19.382866, 17.28611, 284.0], [20.132576, 15.643242, 301.0], [20.452578, 12.18921, 334.0], [20.452578, 10.28655, 350.0], [20.311596, 8.555246, 367.0], [19.23456, 6.370413, 400.0], [16.867218, 6.192411, 433.0], [15.326416, 6.752505, 449.0], [14.0067425, 7.69626, 466.0], [13.2278185, 8.433627, 483.0]"}