{"Image number":35092,"Image shape":2,"Path":"[10.948419, 8.803335, 0.0], [11.325238, 8.050721, 69.0], [11.881719, 7.2626853, 85.0], [12.627059, 6.4240437, 102.0], [13.186875, 5.8640194, 118.0], [13.791303, 5.445954, 135.0], [14.401565, 5.16432, 151.0], [15.051568, 5.0731716, 168.0], [15.658117, 5.0736456, 184.0], [16.265781, 5.167845, 201.0], [16.877548, 5.3095965, 217.0], [17.988314, 6.0093746, 250.0], [18.453064, 6.5230994, 267.0], [18.683235, 7.22134, 284.0], [18.823313, 7.9713564, 300.0], [18.915699, 8.855262, 317.0], [18.91514, 9.87888, 333.0], [18.86824, 11.001971, 350.0], [18.728714, 12.114021, 366.0], [18.493206, 13.197853, 383.0], [17.982525, 14.259761, 400.0], [16.963175, 16.114603, 432.0], [16.44428, 16.871181, 452.0], [15.089239, 18.179045, 482.0], [14.293351, 18.787512, 499.0], [13.555041, 19.29472, 515.0], [12.669392, 19.80756, 532.0], [11.969146, 20.321863, 548.0], [10.708895, 21.068243, 581.0], [10.150851, 21.158863, 598.0], [9.686302, 21.252024, 614.0], [9.364042, 21.157839, 631.0], [9.084097, 21.017694, 647.0], [8.757187, 20.737022, 664.0], [8.430562, 20.409948, 681.0], [8.149509, 20.08149, 697.0], [7.9661818, 19.711603, 714.0], [7.920043, 19.385698, 730.0], [7.967018, 18.823326, 747.0], [8.15481, 18.262226, 763.0], [8.529124, 17.608894, 780.0], [9.038584, 17.101582, 796.0], [9.605427, 16.581646, 813.0], [10.300412, 16.213837, 829.0], [11.000696, 15.981095, 846.0], [11.788982, 15.889519, 863.0], [12.488304, 15.842966, 879.0], [14.07576, 16.171312, 912.0], [15.469702, 17.05671, 946.0], [16.073479, 17.56834, 966.0], [17.241013, 18.690353, 995.0], [17.844908, 19.247684, 1011.0], [18.360989, 19.952494, 1028.0], [18.82296, 20.599878, 1045.0], [19.290161, 21.394972, 1061.0], [19.727993, 22.076176, 1078.0], [20.001213, 22.534178, 1094.0]"}