{"Image number":562,"Image shape":7,"Path":"[4.915475, 7.3163157, 0.0], [5.0604115, 7.5520043, 100.0], [5.1247272, 7.716526, 114.0], [5.2419057, 7.8973904, 128.0], [5.376994, 8.077568, 141.0], [5.5455146, 8.274364, 157.0], [5.746206, 8.4751215, 171.0], [5.994785, 8.68953, 184.0], [6.2654757, 8.87222, 200.0], [6.5859356, 9.000266, 214.0], [6.9551096, 9.11331, 226.0], [7.3308487, 9.23766, 240.0], [7.7770214, 9.373368, 254.0], [8.226013, 9.457403, 268.0], [8.703549, 9.584704, 281.0], [9.23182, 9.642958, 295.0], [9.773525, 9.769597, 310.0], [10.402508, 9.8539295, 324.0], [10.980971, 9.887159, 341.0], [11.601264, 9.932565, 353.0], [12.194622, 9.938755, 365.0], [12.791157, 9.987226, 379.0], [13.380423, 10.0116005, 393.0], [13.96615, 10.041217, 407.0], [14.55329, 10.086395, 421.0], [15.091963, 10.084446, 435.0], [15.604231, 10.120869, 452.0], [16.10697, 10.120869, 467.0], [16.57124, 10.157719, 478.0], [17.02458, 10.157291, 492.0], [17.42222, 10.21188, 506.0], [17.768875, 10.257498, 519.0], [18.093275, 10.26656, 534.0], [18.407866, 10.26656, 548.0], [18.654127, 10.302982, 563.0], [18.880018, 10.3286705, 577.0], [19.103554, 10.339405, 595.0], [19.4186, 10.375828, 618.0], [19.655544, 10.4122505, 644.0], [19.923374, 10.499438, 674.0], [20.102861, 10.561975, 715.0], [20.208061, 10.799427, 786.0], [20.208061, 10.97225, 813.0], [20.208061, 11.290787, 840.0], [20.208061, 11.468511, 854.0], [20.179935, 11.625761, 868.0], [20.171652, 11.797827, 882.0], [20.126657, 12.021358, 899.0], [20.09883, 12.247604, 914.0], [20.072357, 12.475066, 925.0], [20.06242, 12.702383, 939.0], [19.97435, 12.883075, 952.0], [19.936974, 13.11577, 965.0], [19.891615, 13.367819, 980.0], [19.846455, 13.638869, 994.0], [19.75891, 13.909094, 1008.0], [19.706131, 14.140319, 1024.0], [19.614721, 14.414642, 1036.0], [19.523952, 14.654459, 1050.0], [19.433544, 14.921924, 1064.0], [19.394117, 15.138913, 1078.0], [19.311975, 15.345411, 1093.0], [19.235672, 15.557517, 1107.0], [19.146488, 15.780546, 1121.0], [19.056116, 16.054586, 1134.0], [18.928537, 16.307384, 1148.0], [18.808434, 16.533691, 1161.0], [18.673477, 16.75869, 1175.0], [18.537746, 17.032013, 1191.0], [18.403006, 17.265163, 1205.0], [18.23901, 17.509161, 1220.0], [18.095112, 17.735086, 1233.0], [17.917639, 17.95654, 1246.0], [17.734331, 18.239828, 1260.0], [17.552546, 18.512592, 1274.0], [17.372461, 18.818115, 1287.0], [17.191193, 19.047003, 1301.0], [16.962112, 19.372498, 1315.0], [16.795143, 19.655748, 1331.0], [16.581108, 19.938046, 1344.0], [16.398605, 20.207645, 1359.0], [16.166962, 20.493355, 1377.0], [15.917125, 20.810541, 1386.0], [15.681968, 21.121572, 1400.0], [15.457762, 21.395765, 1414.0], [15.226503, 21.673365, 1428.0], [15.002097, 22.022552, 1442.0], [14.775703, 22.3849, 1456.0], [14.588629, 22.707996, 1470.0], [14.363084, 23.019606, 1484.0], [14.171951, 23.374695, 1498.0], [14.00338, 23.663378, 1511.0], [13.869017, 23.932188, 1525.0], [13.735305, 24.199697, 1539.0], [13.653115, 24.47438, 1554.0], [13.562376, 24.774351, 1568.0], [13.508157, 25.055973, 1581.0], [13.419142, 25.366894, 1595.0], [13.381779, 25.686255, 1610.0]"}