{"Image number":37483,"Image shape":8,"Path":"[17.331114, 5.67972, 0.0], [16.76918, 5.72666, 70.0], [16.161142, 5.8203907, 86.0], [15.509075, 5.9605346, 103.0], [14.947558, 6.195688, 119.0], [14.393204, 6.426828, 136.0], [13.831604, 6.6139216, 152.0], [13.362993, 6.9915605, 169.0], [12.901856, 7.4076753, 185.0], [12.530905, 8.013283, 202.0], [12.298148, 8.667264, 218.0], [12.206106, 9.317689, 235.0], [12.206323, 9.924028, 252.0], [12.300187, 10.485817, 268.0], [12.533052, 11.089352, 284.0], [13.377184, 12.214048, 318.0], [13.74421, 12.813485, 334.0], [14.070514, 13.326579, 351.0], [14.678614, 14.262403, 384.0], [14.9576235, 14.775518, 400.0], [15.236973, 15.288012, 417.0], [15.422778, 15.801495, 433.0], [15.515182, 16.31505, 452.0], [15.608395, 16.78092, 467.0], [15.701237, 17.198463, 483.0], [15.794008, 17.569433, 500.0], [15.840633, 17.991005, 516.0], [15.934555, 18.553827, 533.0], [15.980439, 19.01744, 549.0], [16.027216, 19.579954, 566.0], [16.026623, 20.135637, 582.0], [16.026623, 20.70007, 599.0], [16.026623, 21.16281, 615.0], [15.979364, 21.536255, 632.0], [15.932686, 21.862564, 649.0], [15.933444, 22.235474, 665.0], [15.83905, 22.655285, 682.0], [15.603331, 22.934332, 698.0], [15.180272, 23.309402, 715.0], [14.668355, 23.491611, 731.0], [14.252047, 23.677345, 748.0], [13.880728, 23.67548, 764.0], [13.36628, 23.534315, 781.0], [12.757999, 23.158096, 797.0], [12.252893, 22.603176, 814.0], [11.92463, 21.85232, 830.0], [11.459747, 20.220623, 864.0], [11.367291, 19.288794, 880.0], [11.461526, 18.401323, 897.0], [11.695926, 17.513573, 913.0], [11.975241, 16.817507, 930.0], [12.350224, 16.256512, 946.0], [12.81609, 15.792395, 963.0], [13.279264, 15.375661, 983.0], [13.701042, 14.906403, 996.0], [14.539547, 13.833386, 1029.0], [15.007126, 13.225236, 1046.0], [15.375919, 12.717389, 1062.0], [15.655085, 12.204525, 1079.0], [15.982826, 11.689451, 1096.0]"}