{"Image number":36049,"Image shape":6,"Path":"[19.707155, 4.747298, 0.0], [19.42762, 4.9337826, 36.0], [18.49165, 5.6830735, 53.0], [17.047985, 7.128571, 69.0], [15.600313, 8.9520235, 86.0], [14.334492, 11.160393, 103.0], [13.312903, 13.350291, 119.0], [12.481256, 15.528802, 136.0], [12.013421, 17.313274, 152.0], [11.879883, 18.643452, 169.0], [12.162224, 19.675201, 185.0], [12.629407, 20.37106, 202.0], [13.381396, 20.9326, 218.0], [14.26652, 21.160648, 235.0], [15.290367, 21.299053, 252.0], [16.323023, 21.10825, 268.0], [17.063778, 20.874397, 285.0], [17.66665, 20.404755, 301.0], [17.939058, 19.894968, 318.0], [18.079447, 19.042515, 334.0], [18.029432, 18.211517, 351.0], [17.699741, 17.323906, 367.0], [17.044775, 16.58128, 384.0], [16.10168, 15.971205, 400.0], [14.982344, 15.651004, 417.0], [13.876224, 15.656643, 434.0], [11.823965, 16.36155, 467.0], [10.993018, 17.09817, 483.0], [10.712868, 17.619205, 500.0]"}