{"Image number":10698,"Image shape":6,"Path":"[13.883333, 3.5777779, 0.0], [13.908155, 3.8533134, 176.0], [13.6829195, 4.2263017, 193.0], [13.373419, 4.751709, 210.0], [12.992142, 5.5157175, 227.0], [12.681563, 6.2075367, 243.0], [12.322201, 7.1595798, 260.0], [11.9960785, 8.082024, 277.0], [11.624348, 9.031043, 293.0], [11.2551155, 9.860711, 310.0], [10.824453, 10.913785, 327.0], [10.567493, 11.907392, 344.0], [10.520363, 12.894574, 360.0], [10.5, 13.95922, 377.0], [10.5, 14.945996, 394.0], [10.43573, 15.93465, 410.0], [10.422222, 16.819641, 427.0], [10.626108, 17.795261, 444.0], [10.914514, 18.678898, 460.0], [11.244724, 19.45806, 477.0], [11.519665, 20.005995, 493.0], [11.825119, 20.407566, 510.0], [12.203341, 20.895565, 527.0], [12.95, 21.505556, 544.0], [13.701997, 21.78895, 560.0], [14.278396, 22.021358, 577.0], [14.839636, 22.16578, 594.0], [15.427714, 22.246964, 610.0], [16.09622, 22.186428, 627.0], [16.629175, 21.817165, 644.0], [17.161509, 21.156149, 660.0], [17.476051, 20.349186, 677.0], [17.645546, 18.81201, 694.0], [17.804089, 17.407639, 711.0], [17.811111, 16.133099, 727.0], [17.811111, 15.079793, 744.0], [17.811111, 14.233334, 761.0], [17.456347, 13.812166, 777.0], [17.059305, 13.49448, 794.0], [16.294445, 13.416666, 811.0], [15.129984, 13.4536, 827.0], [14.006613, 13.71324, 844.0], [13.045979, 14.243815, 861.0], [12.1397705, 14.91011, 878.0], [11.336111, 15.905556, 894.0], [11.00903, 17.54628, 911.0], [11.013733, 19.937313, 928.0], [11.653913, 21.778402, 944.0], [12.016666, 22.866667, 961.0]"}