{"Image number":36997,"Image shape":1,"Path":"[19.613977, 3.8614957, 0.0], [19.474209, 4.0946016, 34.0], [18.863228, 4.988189, 50.0], [17.878426, 6.631751, 67.0], [16.667326, 8.824216, 83.0], [15.589322, 11.126143, 100.0], [14.527702, 13.483364, 117.0], [13.641446, 15.820567, 133.0], [12.888243, 17.989744, 150.0], [12.479186, 19.835594, 166.0], [12.239512, 21.285006, 183.0], [12.154361, 22.092117, 199.0]"}