{"Image number":39337,"Image shape":6,"Path":"[18.02995, 4.3743277, 0.0], [17.467379, 5.1248226, 52.0], [16.667393, 6.208091, 68.0], [15.392805, 7.717826, 85.0], [14.247652, 9.234271, 102.0], [13.080786, 11.0578985, 118.0], [11.904617, 12.846478, 135.0], [10.933972, 14.563206, 151.0], [10.337002, 15.902609, 168.0], [10.249329, 17.05847, 184.0], [10.390849, 17.950577, 201.0], [10.720039, 18.602913, 217.0], [11.2787895, 19.204454, 234.0], [11.976127, 19.574286, 250.0], [12.682757, 19.762117, 267.0], [13.372422, 19.806015, 284.0], [14.166326, 19.712297, 300.0], [15.0067215, 19.431269, 317.0], [15.987475, 18.728317, 333.0], [17.066525, 17.646397, 350.0], [18.031702, 16.540438, 366.0], [18.825119, 15.465888, 383.0], [19.200481, 14.665253, 399.0], [19.381868, 14.02197, 416.0], [19.239851, 13.648165, 432.0], [18.914621, 13.465155, 449.0], [18.215382, 13.512134, 466.0], [16.440578, 14.354461, 499.0], [15.599594, 15.151114, 516.0], [14.810423, 16.128895, 532.0], [14.208815, 16.96319, 548.0], [13.785292, 17.764154, 565.0], [13.399048, 18.341951, 581.0], [13.123744, 18.706177, 598.0]"}