{"Image number":30693,"Image shape":9,"Path":"[12.54369, 15.572283, 0.0], [12.3875, 15.573984, 80.0], [12.124207, 15.75887, 115.0], [11.912318, 15.847632, 133.0], [11.68859, 15.990196, 151.0], [11.425451, 16.05602, 169.0], [11.119942, 16.121445, 186.0], [10.678492, 16.155159, 204.0], [10.295153, 16.155159, 222.0], [10.032303, 15.986744, 239.0], [9.771109, 15.790126, 257.0], [9.511032, 15.627921, 275.0], [9.295969, 15.290265, 293.0], [9.173983, 14.753151, 310.0], [9.087379, 14.274603, 328.0], [9.039734, 13.839654, 346.0], [9.048544, 13.41322, 364.0], [9.106796, 13.104763, 382.0], [9.176815, 12.626112, 399.0], [9.316872, 12.203907, 417.0], [9.598515, 11.786433, 435.0], [9.978293, 11.274994, 453.0], [10.333124, 10.866768, 470.0], [10.656828, 10.439227, 488.0], [10.984792, 10.045432, 506.0], [11.431096, 9.731823, 524.0], [11.916223, 9.368453, 541.0], [12.38488, 8.985961, 559.0], [12.757558, 8.678557, 577.0], [13.190144, 8.310718, 595.0], [13.580441, 8.097916, 612.0], [13.972643, 7.906849, 630.0], [14.2457, 7.7456536, 648.0], [14.638823, 7.606934, 666.0], [14.981916, 7.4775186, 683.0], [15.277775, 7.307021, 701.0], [15.53398, 7.2371264, 719.0], [15.799202, 7.2565565, 737.0], [16.022905, 7.2565565, 754.0], [16.38457, 7.279115, 772.0], [16.760143, 7.344467, 790.0], [17.11323, 7.4819145, 808.0], [17.359224, 7.606284, 826.0], [17.631706, 7.7491927, 843.0], [17.822123, 7.9528875, 861.0], [17.952446, 8.132853, 879.0], [18.215141, 8.462722, 914.0], [18.279451, 8.658871, 932.0], [18.344774, 8.854953, 950.0], [18.371067, 9.132449, 968.0], [18.36893, 9.428923, 985.0], [18.423103, 9.688309, 1003.0], [18.407768, 9.993462, 1021.0], [18.347878, 10.380687, 1039.0], [18.218801, 10.8884115, 1056.0], [18.08621, 11.457962, 1074.0], [17.87967, 11.942692, 1092.0], [17.689322, 12.347023, 1110.0], [17.493477, 12.731916, 1127.0], [17.259064, 13.169201, 1145.0], [17.063972, 13.598478, 1163.0], [16.818214, 14.138199, 1181.0], [16.632133, 14.911022, 1198.0], [16.476778, 15.623484, 1216.0], [16.329498, 16.294159, 1234.0], [16.08666, 16.95095, 1252.0], [15.826135, 17.561552, 1270.0], [15.514552, 18.164165, 1287.0], [15.188253, 18.828821, 1305.0], [14.893203, 19.419277, 1323.0], [14.541303, 20.045795, 1341.0], [14.287514, 20.632334, 1358.0], [14.132235, 21.085854, 1376.0], [13.989319, 21.4375, 1394.0], [13.939132, 21.722397, 1412.0], [13.777129, 22.022224, 1429.0], [13.637598, 22.336763, 1447.0], [13.385261, 22.752134, 1465.0], [13.11973, 23.139997, 1483.0], [12.917103, 23.529316, 1500.0], [12.641987, 23.879515, 1518.0], [12.408477, 24.172026, 1536.0], [12.214902, 24.488132, 1554.0], [12.1016, 24.733868, 1572.0], [11.918259, 24.968525, 1589.0], [11.743481, 25.315899, 1607.0], [11.495146, 25.71436, 1625.0]"}