{"Image number":35548,"Image shape":3,"Path":"[9.410981, 7.7310505, 0.0], [9.643927, 7.5911875, 41.0], [10.492143, 7.2139416, 59.0], [11.835268, 6.5647216, 69.0], [13.523915, 6.048684, 85.0], [15.06883, 5.816463, 102.0], [17.664757, 5.960351, 135.0], [18.689568, 6.2411866, 151.0], [19.248363, 6.664092, 168.0], [19.523342, 7.2703543, 184.0], [19.238289, 8.11295, 201.0], [18.346395, 9.235161, 218.0], [16.942379, 10.637595, 234.0], [15.309269, 11.98893, 251.0], [13.81784, 13.106815, 267.0], [12.567553, 13.751137, 284.0], [11.823836, 14.028572, 300.0], [11.503571, 14.072084, 317.0], [12.073596, 13.882692, 333.0], [13.195566, 13.649668, 350.0], [14.933529, 13.368143, 366.0], [16.661592, 13.27738, 383.0], [18.216848, 13.372238, 400.0], [19.532816, 13.654511, 416.0], [20.317942, 14.261935, 433.0], [20.645983, 15.067699, 449.0], [20.497118, 16.185884, 466.0], [19.889961, 17.388727, 482.0], [18.666723, 18.656475, 499.0], [17.024172, 19.920324, 515.0], [15.162775, 21.17499, 532.0], [13.205854, 22.33861, 548.0], [11.259426, 23.263094, 565.0], [9.62725, 23.821066, 581.0], [8.612115, 24.110348, 598.0], [8.225437, 24.192942, 615.0]"}