{"Image number":37298,"Image shape":7,"Path":"[8.432612, 8.9432, 0.0], [9.178479, 8.849919, 70.0], [10.676012, 8.803335, 103.0], [11.372405, 8.803335, 119.0], [12.167252, 8.8504, 136.0], [12.961348, 8.944331, 153.0], [13.897677, 9.037859, 169.0], [14.828215, 9.08371, 186.0], [15.708303, 9.130096, 202.0], [16.455738, 9.129684, 219.0], [17.05498, 9.129684, 235.0], [17.619116, 9.129684, 252.0], [18.030981, 9.129684, 268.0], [18.497734, 9.129684, 285.0], [18.920504, 9.129684, 301.0], [19.198017, 9.129684, 318.0], [19.43047, 9.176876, 334.0], [19.660564, 9.36279, 434.0], [19.660564, 9.643813, 483.0], [19.56641, 9.878068, 500.0], [19.188686, 10.586174, 516.0], [18.680496, 11.276576, 533.0], [18.021008, 12.172201, 549.0], [17.563705, 12.859908, 566.0], [17.050352, 13.653833, 583.0], [16.53643, 14.495487, 599.0], [16.069454, 15.431057, 616.0], [15.695825, 16.367657, 632.0], [15.32595, 17.29298, 649.0], [14.904558, 18.276596, 665.0], [14.437093, 19.352379, 682.0], [14.065432, 20.377634, 698.0], [13.788384, 21.445202, 715.0], [13.460004, 22.476608, 731.0], [13.039464, 23.59681, 748.0], [12.621698, 24.52339, 765.0], [12.294653, 25.318998, 783.0], [12.112143, 25.916552, 798.0], [11.924419, 26.33822, 814.0], [11.779555, 26.676666, 831.0]"}