{"Image number":4,"Image shape":9,"Path":"[15.401819, 14.673714, 0.0], [15.281716, 14.46795, 69.0], [14.979773, 14.455177, 96.0], [14.754221, 14.504609, 110.0], [14.34304, 14.633813, 124.0], [13.918452, 14.801042, 137.0], [13.381624, 14.983105, 152.0], [12.843378, 15.162581, 166.0], [12.201378, 15.28644, 182.0], [11.612608, 15.391345, 194.0], [10.985698, 15.441937, 208.0], [10.451593, 15.487019, 222.0], [9.907914, 15.511438, 236.0], [9.42361, 15.4517975, 251.0], [9.012112, 15.361792, 265.0], [8.697871, 15.17595, 280.0], [8.4768305, 14.974662, 292.0], [8.32484, 14.691324, 307.0], [8.264156, 14.336924, 320.0], [8.311224, 13.886313, 334.0], [8.46554, 13.380707, 349.0], [8.691626, 12.873753, 363.0], [8.955881, 12.417514, 376.0], [9.363144, 11.919048, 390.0], [9.771907, 11.527573, 404.0], [10.353801, 11.175677, 418.0], [11.011189, 10.824276, 432.0], [11.697014, 10.5027, 446.0], [12.470012, 10.190801, 461.0], [13.159392, 9.907449, 474.0], [13.869983, 9.591591, 488.0], [14.587849, 9.277422, 501.0], [15.211823, 9.010777, 516.0], [15.823758, 8.798609, 529.0], [16.345575, 8.671114, 543.0], [16.845024, 8.538433, 557.0], [17.187408, 8.554689, 571.0], [17.504457, 8.695783, 585.0], [17.775852, 8.89467, 600.0], [17.9263, 9.121247, 614.0], [18.060843, 9.443367, 630.0], [18.059818, 9.874672, 650.0], [17.999876, 10.371372, 660.0], [17.908697, 10.879452, 669.0], [17.77016, 11.473579, 683.0], [17.634361, 12.098661, 698.0], [17.46991, 12.714349, 712.0], [17.326853, 13.386237, 726.0], [17.099112, 14.106696, 744.0], [16.873535, 14.847574, 762.0], [16.47657, 16.214542, 771.0], [16.274746, 16.9721, 781.0], [15.86554, 18.381523, 795.0], [15.730724, 18.749449, 810.0], [15.525013, 19.439625, 823.0], [15.117886, 20.732777, 837.0], [14.932897, 21.333826, 852.0], [14.805457, 21.920908, 866.0], [14.694555, 22.540007, 879.0], [14.604443, 23.170996, 893.0], [14.60078, 23.757753, 907.0], [14.653206, 24.3519, 920.0], [14.870237, 24.927498, 934.0], [15.019505, 25.345585, 949.0]"}