{"Image number":38470,"Image shape":9,"Path":"[18.449251, 9.78238, 0.0], [18.0735, 9.40713, 51.0], [17.557436, 8.937175, 68.0], [16.766302, 8.520566, 84.0], [16.016306, 8.240011, 101.0], [15.094152, 8.150572, 118.0], [14.247295, 8.197759, 134.0], [13.322379, 8.384162, 151.0], [12.617688, 8.760951, 167.0], [11.969996, 9.272207, 184.0], [11.361042, 9.929441, 200.0], [10.850399, 10.816414, 217.0], [10.429731, 11.801587, 233.0], [10.199463, 12.780982, 250.0], [10.155694, 13.760141, 266.0], [10.156405, 14.64522, 283.0], [10.156405, 15.48084, 300.0], [10.34541, 16.132128, 316.0], [10.673114, 16.736788, 333.0], [11.231078, 17.150867, 349.0], [11.747498, 17.47937, 366.0], [12.498156, 17.569649, 382.0], [13.190407, 17.3331, 399.0], [13.942572, 16.7188, 415.0], [14.639925, 15.592455, 432.0], [15.244521, 14.188499, 448.0], [15.801216, 12.746643, 465.0], [16.168657, 11.4997, 482.0], [16.540525, 10.524578, 498.0], [16.819382, 9.73364, 515.0], [16.912338, 9.12627, 531.0], [16.958567, 8.755391, 548.0], [17.004992, 8.52342, 581.0], [17.052124, 8.946475, 630.0], [17.05158, 9.553704, 647.0], [17.05158, 11.612499, 680.0], [17.05158, 12.865855, 697.0], [17.05158, 14.315183, 713.0], [17.098473, 15.946989, 730.0], [17.191767, 17.622297, 746.0], [17.28586, 19.222542, 763.0], [17.37891, 20.52217, 779.0], [17.519775, 21.642597, 796.0], [17.56458, 22.51987, 812.0], [17.611221, 23.217854, 829.0], [17.658234, 23.68546, 845.0], [17.657238, 24.199162, 862.0], [17.657238, 24.679874, 879.0], [17.657238, 25.046633, 895.0]"}