{"Image number":40057,"Image shape":5,"Path":"[20.307123, 5.383334, 0.0], [19.851652, 5.3315086, 75.0], [19.33699, 5.3315086, 92.0], [18.629915, 5.4797983, 107.0], [17.876562, 5.6478815, 124.0], [17.221706, 5.782317, 142.0], [16.684834, 5.883775, 158.0], [16.209415, 5.9948735, 174.0], [15.739866, 6.0915766, 191.0], [15.279272, 6.251269, 208.0], [14.908547, 6.3613687, 225.0], [14.664875, 6.470196, 241.0], [14.469842, 6.582318, 258.0], [14.343795, 6.6330147, 275.0], [14.230621, 6.751463, 308.0], [14.150658, 6.8609977, 324.0], [14.017871, 7.10962, 341.0], [13.90127, 7.4546466, 358.0], [13.717993, 7.972765, 375.0], [13.502407, 8.535794, 391.0], [13.261481, 9.128468, 408.0], [12.966231, 9.732002, 424.0], [12.72963, 10.237983, 441.0], [12.472022, 10.697109, 458.0], [12.279472, 11.044276, 475.0], [12.146687, 11.293576, 491.0], [12.055687, 11.464803, 508.0], [11.966698, 11.614088, 542.0], [12.222012, 11.628228, 608.0], [12.647115, 11.720665, 625.0], [13.28338, 11.930034, 642.0], [14.041626, 12.259999, 658.0], [14.761855, 12.640165, 675.0], [15.584825, 13.171201, 691.0], [16.309551, 13.675285, 707.0], [16.900166, 14.113362, 724.0], [17.384207, 14.512163, 742.0], [17.75543, 14.8048115, 758.0], [18.087608, 15.15145, 775.0], [18.32583, 15.537029, 791.0], [18.477333, 15.967627, 808.0], [18.526262, 16.446718, 826.0], [18.477097, 16.713821, 841.0], [18.253704, 17.330807, 858.0], [17.659721, 18.130821, 875.0], [16.926468, 18.923033, 891.0], [16.094082, 19.699848, 909.0], [15.413187, 20.369, 925.0], [14.74963, 20.927982, 941.0], [14.1785, 21.3368, 958.0], [13.609439, 21.775467, 975.0], [12.913267, 22.166655, 991.0], [12.332115, 22.464314, 1007.0], [11.786209, 22.703588, 1024.0], [11.315729, 22.863693, 1041.0], [10.874666, 22.993141, 1058.0], [10.533024, 22.984741, 1074.0], [10.161541, 22.977875, 1091.0], [9.9348755, 22.83106, 1108.0], [9.767701, 22.745996, 1124.0], [9.765033, 22.640003, 1141.0], [9.73913, 22.412592, 1174.0], [9.667764, 22.238554, 1191.0], [9.626545, 22.02603, 1208.0], [9.586273, 21.824594, 1224.0], [9.531915, 21.685677, 1241.0], [9.506348, 21.528122, 1258.0], [9.506013, 21.392433, 1274.0], [9.544867, 21.20287, 1308.0]"}