{"Image number":36235,"Image shape":4,"Path":"[9.364392, 9.083064, 0.0], [9.271076, 9.829973, 52.0], [9.131051, 11.044594, 69.0], [9.037519, 12.639015, 85.0], [8.99149, 14.171039, 102.0], [8.99168, 15.285602, 118.0], [9.038289, 16.076576, 135.0], [9.131635, 16.449955, 151.0], [9.509431, 16.638325, 168.0], [10.1597, 16.729399, 184.0], [11.237459, 16.775963, 201.0], [12.546473, 16.77555, 218.0], [13.94072, 16.634624, 234.0], [15.302949, 16.351458, 251.0], [16.547415, 15.839739, 267.0], [17.484653, 15.086168, 284.0], [18.128838, 14.062545, 300.0], [18.45188, 12.896608, 317.0], [18.590303, 11.588587, 333.0], [18.589016, 10.6583, 350.0], [18.542301, 10.060456, 366.0], [18.30877, 10.436865, 400.0], [17.842829, 11.462426, 416.0], [17.327322, 13.057586, 433.0], [16.86023, 15.072069, 449.0], [16.583149, 17.214651, 466.0], [16.348324, 19.475407, 482.0], [16.155838, 21.64968, 499.0], [16.117353, 22.855804, 515.0]"}