{"Image number":36411,"Image shape":7,"Path":"[11.740433, 9.456033, 0.0], [12.393702, 9.222649, 52.0], [13.3748665, 9.082519, 69.0], [15.744175, 9.036555, 102.0], [17.00794, 9.036443, 118.0], [18.267313, 9.036443, 135.0], [19.385666, 8.989628, 151.0], [20.230724, 8.989822, 168.0], [20.877762, 8.9427805, 185.0], [21.386953, 8.990058, 201.0], [21.712967, 9.130751, 218.0], [21.8507, 9.410316, 234.0], [21.709852, 9.924552, 251.0], [21.33514, 10.86124, 267.0], [20.583, 12.176424, 284.0], [19.467487, 13.89541, 300.0], [18.161402, 15.808693, 317.0], [16.611294, 17.781324, 333.0], [14.979637, 19.691881, 350.0], [13.593139, 21.40444, 367.0], [12.470485, 22.950691, 383.0], [11.631726, 24.30659, 400.0], [10.956191, 25.664633, 416.0], [10.652064, 26.371357, 433.0]"}