{"Image number":35634,"Image shape":0,"Path":"[9.643927, 8.7100935, 0.0], [9.50416, 8.989822, 36.0], [8.938306, 10.075121, 52.0], [8.237575, 11.808519, 69.0], [7.637726, 13.84815, 85.0], [7.451792, 15.775019, 102.0], [7.5013447, 17.635275, 118.0], [7.926612, 19.271685, 135.0], [8.718422, 20.609201, 151.0], [9.889767, 21.682642, 168.0], [12.914362, 22.93191, 201.0], [14.646532, 23.07083, 218.0], [16.368347, 22.928276, 234.0], [17.955723, 22.363394, 251.0], [19.584593, 21.286488, 267.0], [21.027878, 19.694868, 284.0], [22.34005, 17.76618, 300.0], [23.163744, 15.633624, 317.0], [23.624006, 13.684369, 333.0], [23.761814, 11.814828, 350.0], [23.197414, 8.977633, 383.0], [22.352564, 7.904538, 399.0], [21.087318, 7.1139455, 416.0], [17.317133, 6.6587644, 449.0], [15.229145, 7.12619, 466.0], [13.180721, 7.965781, 482.0], [11.398852, 9.233917, 499.0], [10.088262, 10.795623, 515.0], [9.424171, 11.838336, 532.0]"}