{"Image number":37579,"Image shape":1,"Path":"[14.675539, 5.3999934, 0.0], [14.628951, 5.67972, 35.0], [14.53469, 6.5286636, 52.0], [14.440593, 8.090453, 69.0], [14.348125, 9.995352, 85.0], [14.349417, 12.058037, 102.0], [14.44359, 14.0934, 118.0], [14.631765, 16.106485, 135.0], [14.912106, 17.776335, 151.0], [15.145664, 19.083702, 168.0], [15.378965, 20.058321, 184.0], [15.4690275, 20.796776, 201.0], [15.562514, 21.450161, 217.0], [15.560732, 21.979416, 234.0], [15.609825, 22.245256, 250.0]"}